battery_id,framework_formula,id_charge,id_discharge,charge_file,discharge_file,charge_status,discharge_status
BAT_00015,Al3Cr3(SbO8)2,mp-756662,mp-770625,BAT_00015_mp-756662.cif,BAT_00015_mp-770625.cif,downloaded,downloaded
BAT_00017,Al2FeO6,mp-755069,mp-770727,BAT_00017_mp-755069.cif,BAT_00017_mp-770727.cif,downloaded,downloaded
BAT_00020,AlVO4,mp-769572,mp-755460,BAT_00020_mp-769572.cif,BAT_00020_mp-755460.cif,downloaded,downloaded
BAT_00022,MnBAsO7,mp-772182,mp-771037,BAT_00022_mp-772182.cif,BAT_00022_mp-771037.cif,downloaded,downloaded
BAT_00023,FeBAsO7,mp-1177952,mp-771029,BAT_00023_mp-1177952.cif,BAT_00023_mp-771029.cif,downloaded,downloaded
BAT_00025,CrAsCO7,mp-768612,mp-773176,BAT_00025_mp-768612.cif,BAT_00025_mp-773176.cif,downloaded,downloaded
BAT_00027,FeAsCO7,mp-770902,mp-770939,BAT_00027_mp-770902.cif,BAT_00027_mp-770939.cif,downloaded,downloaded
BAT_00028,MnAsCO7,mp-770905,mp-771034,BAT_00028_mp-770905.cif,BAT_00028_mp-771034.cif,downloaded,downloaded
BAT_00029,VAsCO7,mp-756295,mp-772133,BAT_00029_mp-756295.cif,BAT_00029_mp-772133.cif,downloaded,downloaded
BAT_00030,CoAsO4,mp-1213775,mp-20046,BAT_00030_mp-1213775.cif,BAT_00030_mp-20046.cif,downloaded,downloaded
BAT_00031,FeAs2O7,mp-25260,mp-18878,BAT_00031_mp-25260.cif,BAT_00031_mp-18878.cif,downloaded,downloaded
BAT_00033,Fe2(AsO4)3,mp-543107,mp-542008,BAT_00033_mp-543107.cif,BAT_00033_mp-542008.cif,downloaded,downloaded
BAT_00037,NiAsO4,mp-510749,mp-22243,BAT_00037_mp-510749.cif,BAT_00037_mp-22243.cif,downloaded,downloaded
BAT_00038,MnAsO4,mp-510755,mp-20052,BAT_00038_mp-510755.cif,BAT_00038_mp-20052.cif,downloaded,downloaded
BAT_00039,VAs2O9,mp-1177474,mp-1177164,BAT_00039_mp-1177474.cif,BAT_00039_mp-1177164.cif,downloaded,downloaded
BAT_00040,VAsO5,mp-510763,mp-17387,BAT_00040_mp-510763.cif,BAT_00040_mp-17387.cif,downloaded,downloaded
BAT_00048,CrB3(HO3)3,mp-778931,mp-778018,BAT_00048_mp-778931.cif,BAT_00048_mp-778018.cif,downloaded,downloaded
BAT_00051,CoBO3,mp-765572,mp-1177143,BAT_00051_mp-765572.cif,BAT_00051_mp-1177143.cif,downloaded,downloaded
BAT_00052,Mn2Fe(BO3)4,mp-766489,mp-766508,BAT_00052_mp-766489.cif,BAT_00052_mp-766508.cif,downloaded,downloaded
BAT_00053,Cr(BO3)2,mp-759279,mp-760261,BAT_00053_mp-759279.cif,BAT_00053_mp-760261.cif,downloaded,downloaded
BAT_00055,FeBO3,mp-764518,mp-849710,BAT_00055_mp-764518.cif,BAT_00055_mp-849710.cif,downloaded,downloaded
BAT_00056,FeBO3,mp-774381,mp-777049,BAT_00056_mp-774381.cif,BAT_00056_mp-777049.cif,downloaded,downloaded
BAT_00058,FeBO3,mp-764478,mp-761220,BAT_00058_mp-764478.cif,BAT_00058_mp-761220.cif,downloaded,downloaded
BAT_00059,FeBO3,mp-761206,mp-760195,BAT_00059_mp-761206.cif,BAT_00059_mp-760195.cif,downloaded,downloaded
BAT_00060,FeBO3,mp-849747,mp-1176890,BAT_00060_mp-849747.cif,BAT_00060_mp-1176890.cif,downloaded,downloaded
BAT_00061,FeBO3,mp-775187,mp-764896,BAT_00061_mp-775187.cif,BAT_00061_mp-764896.cif,downloaded,downloaded
BAT_00062,FeBO4,mp-759625,mp-760269,BAT_00062_mp-759625.cif,BAT_00062_mp-760269.cif,downloaded,downloaded
BAT_00063,Fe(BO3)2,mp-766461,mp-770825,BAT_00063_mp-766461.cif,BAT_00063_mp-770825.cif,downloaded,downloaded
BAT_00064,Fe3(BO3)4,mp-766497,mp-766507,BAT_00064_mp-766497.cif,BAT_00064_mp-766507.cif,downloaded,downloaded
BAT_00065,FeBPO7,mp-777716,mp-756319,BAT_00065_mp-777716.cif,BAT_00065_mp-756319.cif,downloaded,downloaded
BAT_00067,MnBO3,mp-759375,mp-753767,BAT_00067_mp-759375.cif,BAT_00067_mp-753767.cif,downloaded,downloaded
BAT_00069,MnBO3,mp-25296,mp-19131,BAT_00069_mp-25296.cif,BAT_00069_mp-19131.cif,downloaded,downloaded
BAT_00070,MnBO3,mp-850898,mp-754552,BAT_00070_mp-850898.cif,BAT_00070_mp-754552.cif,downloaded,downloaded
BAT_00071,MnBO3,mp-849588,mp-831163,BAT_00071_mp-849588.cif,BAT_00071_mp-831163.cif,downloaded,downloaded
BAT_00072,MnBO3,mp-756059,mp-849269,BAT_00072_mp-756059.cif,BAT_00072_mp-849269.cif,downloaded,downloaded
BAT_00073,MnBO3,mp-781682,mp-780308,BAT_00073_mp-781682.cif,BAT_00073_mp-780308.cif,downloaded,downloaded
BAT_00074,MnBO3,mp-780510,mp-849333,BAT_00074_mp-780510.cif,BAT_00074_mp-849333.cif,downloaded,downloaded
BAT_00075,Mn3(BO3)4,mp-766488,mp-766500,BAT_00075_mp-766488.cif,BAT_00075_mp-766500.cif,downloaded,downloaded
BAT_00077,MnBO3,mp-1570353,mp-776517,BAT_00077_mp-1570353.cif,BAT_00077_mp-776517.cif,downloaded,downloaded
BAT_00078,MnBO3,mp-780665,mp-766536,BAT_00078_mp-780665.cif,BAT_00078_mp-766536.cif,downloaded,downloaded
BAT_00079,MnBO3,mp-779023,mp-779296,BAT_00079_mp-779023.cif,BAT_00079_mp-779296.cif,downloaded,downloaded
BAT_00080,MnBO3,mp-778827,mp-779303,BAT_00080_mp-778827.cif,BAT_00080_mp-779303.cif,downloaded,downloaded
BAT_00081,Mn(BO3)2,mp-766466,mp-770910,BAT_00081_mp-766466.cif,BAT_00081_mp-770910.cif,downloaded,downloaded
BAT_00082,MnBO3,mp-776580,mp-781628,BAT_00082_mp-776580.cif,BAT_00082_mp-781628.cif,downloaded,downloaded
BAT_00083,MnBO3,mp-776450,mp-781617,BAT_00083_mp-776450.cif,BAT_00083_mp-781617.cif,downloaded,downloaded
BAT_00085,MnBO3,mp-849746,mp-776634,BAT_00085_mp-849746.cif,BAT_00085_mp-776634.cif,downloaded,downloaded
BAT_00086,MnBO3,mp-849990,mp-779028,BAT_00086_mp-849990.cif,BAT_00086_mp-779028.cif,downloaded,downloaded
BAT_00088,MnBO3,mp-778403,mp-781619,BAT_00088_mp-778403.cif,BAT_00088_mp-781619.cif,downloaded,downloaded
BAT_00089,MnBO3,mp-777375,mp-778867,BAT_00089_mp-777375.cif,BAT_00089_mp-778867.cif,downloaded,downloaded
BAT_00090,MnBO3,mp-1176667,mp-780137,BAT_00090_mp-1176667.cif,BAT_00090_mp-780137.cif,downloaded,downloaded
BAT_00091,MnBO3,mp-849514,mp-782643,BAT_00091_mp-849514.cif,BAT_00091_mp-782643.cif,downloaded,downloaded
BAT_00092,MnBO3,mp-781607,mp-780156,BAT_00092_mp-781607.cif,BAT_00092_mp-780156.cif,downloaded,downloaded
BAT_00093,MnBO3,mp-849243,mp-781670,BAT_00093_mp-849243.cif,BAT_00093_mp-781670.cif,downloaded,downloaded
BAT_00094,MnBO3,mp-1567236,mp-780105,BAT_00094_mp-1567236.cif,BAT_00094_mp-780105.cif,downloaded,downloaded
BAT_00095,MnBO3,mp-780327,mp-850959,BAT_00095_mp-780327.cif,BAT_00095_mp-850959.cif,downloaded,downloaded
BAT_00097,MnBO3,mp-780524,mp-780199,BAT_00097_mp-780524.cif,BAT_00097_mp-780199.cif,downloaded,downloaded
BAT_00099,MnBO3,mp-781608,mp-780529,BAT_00099_mp-781608.cif,BAT_00099_mp-780529.cif,downloaded,downloaded
BAT_00100,MnBO3,mp-850395,mp-780419,BAT_00100_mp-850395.cif,BAT_00100_mp-780419.cif,downloaded,downloaded
BAT_00101,MnBO3,mp-850920,mp-781610,BAT_00101_mp-850920.cif,BAT_00101_mp-781610.cif,downloaded,downloaded
BAT_00102,MnBO3,mp-782642,mp-780433,BAT_00102_mp-782642.cif,BAT_00102_mp-780433.cif,downloaded,downloaded
BAT_00106,MnBPO7,mp-771706,mp-757046,BAT_00106_mp-771706.cif,BAT_00106_mp-757046.cif,downloaded,downloaded
BAT_00108,NiBO3,mp-1177892,mp-755271,BAT_00108_mp-1177892.cif,BAT_00108_mp-755271.cif,downloaded,downloaded
BAT_00109,VBPO7,mp-771701,mp-768575,BAT_00109_mp-771701.cif,BAT_00109_mp-768575.cif,downloaded,downloaded
BAT_00114,VBO4,mp-754594,mp-754909,BAT_00114_mp-754594.cif,BAT_00114_mp-754909.cif,downloaded,downloaded
BAT_00118,BaCaVP2O9,mp-558004,mp-759611,BAT_00118_mp-558004.cif,BAT_00118_mp-759611.cif,downloaded,downloaded
BAT_00149,Co3BiO8,mp-756635,mp-756423,BAT_00149_mp-756635.cif,BAT_00149_mp-756423.cif,downloaded,downloaded
BAT_00180,V3Bi2(PO4)6,mp-772437,mp-1177171,BAT_00180_mp-772437.cif,BAT_00180_mp-1177171.cif,downloaded,downloaded
BAT_00199,CoH8(CO5)2,mp-759255,mp-770598,BAT_00199_mp-759255.cif,BAT_00199_mp-770598.cif,downloaded,downloaded
BAT_00200,CoH8(CO5)2,mp-772431,mp-770604,BAT_00200_mp-772431.cif,BAT_00200_mp-770604.cif,downloaded,downloaded
BAT_00201,NaCoPCO7,mp-1101670,mp-760344,BAT_00201_mp-1101670.cif,BAT_00201_mp-760344.cif,downloaded,downloaded
BAT_00202,Co2(CO3)3,mp-752772,mp-757737,BAT_00202_mp-752772.cif,BAT_00202_mp-757737.cif,downloaded,downloaded
BAT_00203,Co(CO3)2,mp-752886,mp-1178046,BAT_00203_mp-752886.cif,BAT_00203_mp-1178046.cif,downloaded,downloaded
BAT_00204,Co(CO3)2,mp-758717,mp-753950,BAT_00204_mp-758717.cif,BAT_00204_mp-753950.cif,downloaded,downloaded
BAT_00205,CoCO4,mp-758392,mp-757730,BAT_00205_mp-758392.cif,BAT_00205_mp-757730.cif,downloaded,downloaded
BAT_00206,Co(CO)4,mp-510741,mp-18939,BAT_00206_mp-510741.cif,BAT_00206_mp-18939.cif,downloaded,downloaded
BAT_00207,Co2C2O7,mp-753266,mp-758625,BAT_00207_mp-753266.cif,BAT_00207_mp-758625.cif,downloaded,downloaded
BAT_00209,Co(CO3)2,mp-1641018,mp-767071,BAT_00209_mp-1641018.cif,BAT_00209_mp-767071.cif,downloaded,downloaded
BAT_00210,Co2C2O7,mp-1178537,mp-758125,BAT_00210_mp-1178537.cif,BAT_00210_mp-758125.cif,downloaded,downloaded
BAT_00211,CoPCO7,mp-25464,mp-25458,BAT_00211_mp-25464.cif,BAT_00211_mp-25458.cif,downloaded,downloaded
BAT_00212,Co2C4SO16,mp-770944,mp-780426,BAT_00212_mp-770944.cif,BAT_00212_mp-780426.cif,downloaded,downloaded
BAT_00213,CoCSO7,mp-773196,mp-771972,BAT_00213_mp-773196.cif,BAT_00213_mp-771972.cif,downloaded,downloaded
BAT_00214,Cr(CO3)3,mp-780684,mp-765400,BAT_00214_mp-780684.cif,BAT_00214_mp-765400.cif,downloaded,downloaded
BAT_00215,Cr(CO3)2,mp-757965,mp-758282,BAT_00215_mp-757965.cif,BAT_00215_mp-758282.cif,downloaded,downloaded
BAT_00216,Cr(CO3)2,mp-753855,mp-753778,BAT_00216_mp-753855.cif,BAT_00216_mp-753778.cif,downloaded,downloaded
BAT_00217,CrPCO7,mp-763241,mp-1177167,BAT_00217_mp-763241.cif,BAT_00217_mp-1177167.cif,downloaded,downloaded
BAT_00220,CrCSO7,mp-773160,mp-768607,BAT_00220_mp-773160.cif,BAT_00220_mp-768607.cif,downloaded,downloaded
BAT_00241,Fe2C2O7,mp-752896,mp-762511,BAT_00241_mp-752896.cif,BAT_00241_mp-762511.cif,downloaded,downloaded
BAT_00242,Fe(CO3)2,mp-752929,mp-753899,BAT_00242_mp-752929.cif,BAT_00242_mp-753899.cif,downloaded,downloaded
BAT_00243,NaFePCO7,mp-769633,mp-770772,BAT_00243_mp-769633.cif,BAT_00243_mp-770772.cif,downloaded,downloaded
BAT_00245,Fe(CO3)2,mp-763371,mp-1568135,BAT_00245_mp-763371.cif,BAT_00245_mp-1568135.cif,downloaded,downloaded
BAT_00246,Fe2(CO3)3,mp-753178,mp-1302307,BAT_00246_mp-753178.cif,BAT_00246_mp-1302307.cif,downloaded,downloaded
BAT_00247,Fe2C2O7,mp-757949,mp-757644,BAT_00247_mp-757949.cif,BAT_00247_mp-757644.cif,downloaded,downloaded
BAT_00248,Fe(CO3)2,mp-758039,mp-759815,BAT_00248_mp-758039.cif,BAT_00248_mp-759815.cif,downloaded,downloaded
BAT_00249,Fe(CO3)2,mp-763524,mp-759605,BAT_00249_mp-763524.cif,BAT_00249_mp-759605.cif,downloaded,downloaded
BAT_00250,FeCO4,mp-758117,mp-757609,BAT_00250_mp-758117.cif,BAT_00250_mp-757609.cif,downloaded,downloaded
BAT_00251,Fe2(CO3)3,mp-758121,mp-1178002,BAT_00251_mp-758121.cif,BAT_00251_mp-1178002.cif,downloaded,downloaded
BAT_00252,Fe2C2O7,mp-759204,mp-849784,BAT_00252_mp-759204.cif,BAT_00252_mp-849784.cif,downloaded,downloaded
BAT_00253,Fe2C2O7,mp-758060,mp-759155,BAT_00253_mp-758060.cif,BAT_00253_mp-759155.cif,downloaded,downloaded
BAT_00254,Fe(CO3)4,mp-882899,mp-765153,BAT_00254_mp-882899.cif,BAT_00254_mp-765153.cif,downloaded,downloaded
BAT_00255,FePCO7,mp-768562,mp-768471,BAT_00255_mp-768562.cif,BAT_00255_mp-768471.cif,downloaded,downloaded
BAT_00256,FePCO7,mp-768618,mp-768672,BAT_00256_mp-768618.cif,BAT_00256_mp-768672.cif,downloaded,downloaded
BAT_00257,FePCO7,mp-768629,mp-768862,BAT_00257_mp-768629.cif,BAT_00257_mp-768862.cif,downloaded,downloaded
BAT_00258,FePCO7,mp-768557,mp-768689,BAT_00258_mp-768557.cif,BAT_00258_mp-768689.cif,downloaded,downloaded
BAT_00259,FePCO7,mp-1176714,mp-768722,BAT_00259_mp-1176714.cif,BAT_00259_mp-768722.cif,downloaded,downloaded
BAT_00260,FePCO7,mp-25406,mp-25445,BAT_00260_mp-25406.cif,BAT_00260_mp-25445.cif,downloaded,downloaded
BAT_00261,FePCO7,mp-1176697,mp-755726,BAT_00261_mp-1176697.cif,BAT_00261_mp-755726.cif,downloaded,downloaded
BAT_00262,FePCO7,mp-1176696,mp-768645,BAT_00262_mp-1176696.cif,BAT_00262_mp-768645.cif,downloaded,downloaded
BAT_00263,Fe2C4SO16,mp-781611,mp-770599,BAT_00263_mp-781611.cif,BAT_00263_mp-770599.cif,downloaded,downloaded
BAT_00264,FePCO7,mp-768491,mp-1177175,BAT_00264_mp-768491.cif,BAT_00264_mp-1177175.cif,downloaded,downloaded
BAT_00265,FeSiCO7,mp-772072,mp-770822,BAT_00265_mp-772072.cif,BAT_00265_mp-770822.cif,downloaded,downloaded
BAT_00266,FeCSO7,mp-1178258,mp-771011,BAT_00266_mp-1178258.cif,BAT_00266_mp-771011.cif,downloaded,downloaded
BAT_00267,NiH8(CO5)2,mp-772564,mp-771916,BAT_00267_mp-772564.cif,BAT_00267_mp-771916.cif,downloaded,downloaded
BAT_00269,KMnPCO7,mp-773432,mp-761124,BAT_00269_mp-773432.cif,BAT_00269_mp-761124.cif,downloaded,downloaded
BAT_00272,Mn(CO3)2,mp-754012,mp-1295192,BAT_00272_mp-754012.cif,BAT_00272_mp-1295192.cif,downloaded,downloaded
BAT_00273,NaMnPCO7,mp-769584,mp-755754,BAT_00273_mp-769584.cif,BAT_00273_mp-755754.cif,downloaded,downloaded
BAT_00274,Na2MnPCO7,mp-780530,mp-764273,BAT_00274_mp-780530.cif,BAT_00274_mp-764273.cif,downloaded,downloaded
BAT_00275,Na2MnPCO7,mp-768058,mp-772500,BAT_00275_mp-768058.cif,BAT_00275_mp-772500.cif,downloaded,downloaded
BAT_00276,Mn(CO3)2,mp-763560,mp-765973,BAT_00276_mp-763560.cif,BAT_00276_mp-765973.cif,downloaded,downloaded
BAT_00277,Mn(CO3)2,mp-758704,mp-758761,BAT_00277_mp-758704.cif,BAT_00277_mp-758761.cif,downloaded,downloaded
BAT_00278,Mn(CO3)4,mp-758628,mp-765023,BAT_00278_mp-758628.cif,BAT_00278_mp-765023.cif,downloaded,downloaded
BAT_00279,Mn(CO3)2,mp-762239,mp-765989,BAT_00279_mp-762239.cif,BAT_00279_mp-765989.cif,downloaded,downloaded
BAT_00280,MnCO5,mp-758407,mp-764236,BAT_00280_mp-758407.cif,BAT_00280_mp-764236.cif,downloaded,downloaded
BAT_00281,MnPCO7,mp-768836,mp-769300,BAT_00281_mp-768836.cif,BAT_00281_mp-769300.cif,downloaded,downloaded
BAT_00282,MnPCO7,mp-756529,mp-25461,BAT_00282_mp-756529.cif,BAT_00282_mp-25461.cif,downloaded,downloaded
BAT_00283,MnPCO7,mp-768697,mp-768855,BAT_00283_mp-768697.cif,BAT_00283_mp-768855.cif,downloaded,downloaded
BAT_00284,MnPCO7,mp-770237,mp-768948,BAT_00284_mp-770237.cif,BAT_00284_mp-768948.cif,downloaded,downloaded
BAT_00285,MnPCO7,mp-1176660,mp-1177908,BAT_00285_mp-1176660.cif,BAT_00285_mp-1177908.cif,downloaded,downloaded
BAT_00286,MnPCO7,mp-1177646,mp-768935,BAT_00286_mp-1177646.cif,BAT_00286_mp-768935.cif,downloaded,downloaded
BAT_00287,Mn2C4SO16,mp-776358,mp-771387,BAT_00287_mp-776358.cif,BAT_00287_mp-771387.cif,downloaded,downloaded
BAT_00288,MnCSO7,mp-754649,mp-780526,BAT_00288_mp-754649.cif,BAT_00288_mp-780526.cif,downloaded,downloaded
BAT_00289,Ni(CO3)2,mp-765316,mp-766019,BAT_00289_mp-765316.cif,BAT_00289_mp-766019.cif,downloaded,downloaded
BAT_00291,Ni(CO3)2,mp-758769,mp-759758,BAT_00291_mp-758769.cif,BAT_00291_mp-759758.cif,downloaded,downloaded
BAT_00292,MnSiCO7,mp-768606,mp-772668,BAT_00292_mp-768606.cif,BAT_00292_mp-772668.cif,downloaded,downloaded
BAT_00293,Ni(CO3)2,mp-763540,mp-766032,BAT_00293_mp-763540.cif,BAT_00293_mp-766032.cif,downloaded,downloaded
BAT_00294,NiCSO7,mp-770369,mp-771145,BAT_00294_mp-770369.cif,BAT_00294_mp-771145.cif,downloaded,downloaded
BAT_00295,NiPCO7,mp-25412,mp-25446,BAT_00295_mp-25412.cif,BAT_00295_mp-25446.cif,downloaded,downloaded
BAT_00296,Ni2C4SO16,mp-778481,mp-776423,BAT_00296_mp-778481.cif,BAT_00296_mp-776423.cif,downloaded,downloaded
BAT_00298,Mn3CrO8,mp-772951,mp-775679,BAT_00298_mp-772951.cif,BAT_00298_mp-775679.cif,downloaded,downloaded
BAT_00299,VPCO7,mp-753805,mp-25463,BAT_00299_mp-753805.cif,BAT_00299_mp-25463.cif,downloaded,downloaded
BAT_00300,Mn5Cr3O16,mp-771053,mp-769505,BAT_00300_mp-771053.cif,BAT_00300_mp-769505.cif,downloaded,downloaded
BAT_00301,Mn15CrO32,mp-771190,mp-770529,BAT_00301_mp-771190.cif,BAT_00301_mp-770529.cif,downloaded,downloaded
BAT_00302,MnCrO4,mp-780849,mp-770856,BAT_00302_mp-780849.cif,BAT_00302_mp-770856.cif,downloaded,downloaded
BAT_00303,MnCr2O6,mp-850948,mp-774249,BAT_00303_mp-850948.cif,BAT_00303_mp-774249.cif,downloaded,downloaded
BAT_00304,Mn7Cr12O48,mp-773028,mp-851099,BAT_00304_mp-773028.cif,BAT_00304_mp-851099.cif,downloaded,downloaded
BAT_00305,MnCrO4,mp-780798,mp-755443,BAT_00305_mp-780798.cif,BAT_00305_mp-755443.cif,downloaded,downloaded
BAT_00306,Mn3CrO8,mp-756043,mp-768844,BAT_00306_mp-756043.cif,BAT_00306_mp-768844.cif,downloaded,downloaded
BAT_00307,Mn2CrO6,mp-775006,mp-774897,BAT_00307_mp-775006.cif,BAT_00307_mp-774897.cif,downloaded,downloaded
BAT_00308,Mn13Cr3O32,mp-775873,mp-775158,BAT_00308_mp-775873.cif,BAT_00308_mp-775158.cif,downloaded,downloaded
BAT_00309,MnCrO4,mp-850956,mp-1101152,BAT_00309_mp-850956.cif,BAT_00309_mp-1101152.cif,downloaded,downloaded
BAT_00310,Mn5Cr2O12,mp-755906,mp-850947,BAT_00310_mp-755906.cif,BAT_00310_mp-850947.cif,downloaded,downloaded
BAT_00311,MnCr(PO4)2,mp-775016,mp-757355,BAT_00311_mp-775016.cif,BAT_00311_mp-757355.cif,downloaded,downloaded
BAT_00312,Mn5Cr(PO4)6,mp-771695,mp-759645,BAT_00312_mp-771695.cif,BAT_00312_mp-759645.cif,downloaded,downloaded
BAT_00313,Mn3Cr(PO4)4,mp-774508,mp-764909,BAT_00313_mp-774508.cif,BAT_00313_mp-764909.cif,downloaded,downloaded
BAT_00314,MnCr3(PO4)4,mp-775116,mp-768041,BAT_00314_mp-775116.cif,BAT_00314_mp-768041.cif,downloaded,downloaded
BAT_00315,Mn3Cr(PO4)6,mp-771880,mp-771092,BAT_00315_mp-771880.cif,BAT_00315_mp-771092.cif,downloaded,downloaded
BAT_00316,Mn7Cr(PO4)12,mp-778074,mp-776829,BAT_00316_mp-778074.cif,BAT_00316_mp-776829.cif,downloaded,downloaded
BAT_00317,MnCr3(PO4)6,mp-774419,mp-767775,BAT_00317_mp-774419.cif,BAT_00317_mp-767775.cif,downloaded,downloaded
BAT_00318,Mn3Cr2Sn(PO4)6,mp-1176479,mp-1177389,BAT_00318_mp-1176479.cif,BAT_00318_mp-1177389.cif,downloaded,downloaded
BAT_00319,TiMn3Cr2(PO4)6,mp-776109,mp-778261,BAT_00319_mp-776109.cif,BAT_00319_mp-778261.cif,downloaded,downloaded
BAT_00321,Mn3Cr2Sb3O16,mp-754681,mp-761171,BAT_00321_mp-754681.cif,BAT_00321_mp-761171.cif,downloaded,downloaded
BAT_00322,Ti3Mn3Cr2O16,mp-756780,mp-771394,BAT_00322_mp-756780.cif,BAT_00322_mp-771394.cif,downloaded,downloaded
BAT_00323,Mn3Cr3(SbO8)2,mp-756838,mp-774806,BAT_00323_mp-756838.cif,BAT_00323_mp-774806.cif,downloaded,downloaded
BAT_00324,Mn2Cr3Sb3O16,mp-1176495,mp-766080,BAT_00324_mp-1176495.cif,BAT_00324_mp-766080.cif,downloaded,downloaded
BAT_00325,Mn3Cr3(TeO8)2,mp-772061,mp-774791,BAT_00325_mp-772061.cif,BAT_00325_mp-774791.cif,downloaded,downloaded
BAT_00326,Mn3Cr3(SnO8)2,mp-771095,mp-776096,BAT_00326_mp-771095.cif,BAT_00326_mp-776096.cif,downloaded,downloaded
BAT_00327,Ti3Mn2Cr3O16,mp-776119,mp-778223,BAT_00327_mp-776119.cif,BAT_00327_mp-778223.cif,downloaded,downloaded
BAT_00328,Mn3V2Cr3O16,mp-773144,mp-770036,BAT_00328_mp-773144.cif,BAT_00328_mp-770036.cif,downloaded,downloaded
BAT_00329,Mn2V3Cr3O16,mp-773000,mp-760787,BAT_00329_mp-773000.cif,BAT_00329_mp-760787.cif,downloaded,downloaded
BAT_00330,Ti2Mn3Cr3O16,mp-771173,mp-770152,BAT_00330_mp-771173.cif,BAT_00330_mp-770152.cif,downloaded,downloaded
BAT_00331,Mn3Cr3(WO8)2,mp-755961,mp-776267,BAT_00331_mp-755961.cif,BAT_00331_mp-776267.cif,downloaded,downloaded
BAT_00332,NbCr3(PO4)6,mp-780614,mp-758746,BAT_00332_mp-780614.cif,BAT_00332_mp-758746.cif,downloaded,downloaded
BAT_00334,Cr3NiO8,mp-768676,mp-754209,BAT_00334_mp-768676.cif,BAT_00334_mp-754209.cif,downloaded,downloaded
BAT_00335,Cr3NiO8,mp-756615,mp-1290930,BAT_00335_mp-756615.cif,BAT_00335_mp-1290930.cif,downloaded,downloaded
BAT_00336,Ti3Nb2Cr3O16,mp-777531,mp-774924,BAT_00336_mp-777531.cif,BAT_00336_mp-774924.cif,downloaded,downloaded
BAT_00337,Cr3NiO8,mp-772613,mp-759984,BAT_00337_mp-772613.cif,BAT_00337_mp-759984.cif,downloaded,downloaded
BAT_00338,CrNi3O8,mp-755220,mp-757137,BAT_00338_mp-755220.cif,BAT_00338_mp-757137.cif,downloaded,downloaded
BAT_00339,Cr3(NiO6)2,mp-776211,mp-772885,BAT_00339_mp-776211.cif,BAT_00339_mp-772885.cif,downloaded,downloaded
BAT_00341,Cr3NiO8,mp-1178044,mp-759272,BAT_00341_mp-1178044.cif,BAT_00341_mp-759272.cif,downloaded,downloaded
BAT_00342,CrNiO4,mp-768708,mp-762507,BAT_00342_mp-768708.cif,BAT_00342_mp-762507.cif,downloaded,downloaded
BAT_00343,CrNi(PO4)2,mp-775333,mp-757714,BAT_00343_mp-775333.cif,BAT_00343_mp-757714.cif,downloaded,downloaded
BAT_00344,CrNi5(PO4)6,mp-771940,mp-759831,BAT_00344_mp-771940.cif,BAT_00344_mp-759831.cif,downloaded,downloaded
BAT_00345,Cr3Ni(PO4)6,mp-774406,mp-757295,BAT_00345_mp-774406.cif,BAT_00345_mp-757295.cif,downloaded,downloaded
BAT_00346,CrNi3(PO4)4,mp-754644,mp-757068,BAT_00346_mp-754644.cif,BAT_00346_mp-757068.cif,downloaded,downloaded
BAT_00347,Cr3Ni(PO4)4,mp-775135,mp-757193,BAT_00347_mp-775135.cif,BAT_00347_mp-757193.cif,downloaded,downloaded
BAT_00348,Cr3Ni(SO4)6,mp-774914,mp-772134,BAT_00348_mp-774914.cif,BAT_00348_mp-772134.cif,downloaded,downloaded
BAT_00349,VCr2Ni3(PO4)6,mp-780465,mp-1177231,BAT_00349_mp-780465.cif,BAT_00349_mp-1177231.cif,downloaded,downloaded
BAT_00350,TiCr2Ni3(PO4)6,mp-776057,mp-1177293,BAT_00350_mp-776057.cif,BAT_00350_mp-1177293.cif,downloaded,downloaded
BAT_00351,CrO6,mp-758530,mp-754575,BAT_00351_mp-758530.cif,BAT_00351_mp-754575.cif,downloaded,downloaded
BAT_00354,CrO2,mp-762282,mp-753172,BAT_00354_mp-762282.cif,BAT_00354_mp-753172.cif,downloaded,downloaded
BAT_00355,CrO2,mp-1400837,mp-756362,BAT_00355_mp-1400837.cif,BAT_00355_mp-756362.cif,downloaded,downloaded
BAT_00356,CrO2,mp-19177,mp-1235526,BAT_00356_mp-19177.cif,BAT_00356_mp-1235526.cif,downloaded,downloaded
BAT_00357,CrO2,mp-753941,mp-753227,BAT_00357_mp-753941.cif,BAT_00357_mp-753227.cif,downloaded,downloaded
BAT_00358,CrO2,mp-714929,mp-18793,BAT_00358_mp-714929.cif,BAT_00358_mp-18793.cif,downloaded,downloaded
BAT_00359,Cr3O8,mp-545796,mp-554940,BAT_00359_mp-545796.cif,BAT_00359_mp-554940.cif,downloaded,downloaded
BAT_00360,CrO6,mp-753796,mp-780493,BAT_00360_mp-753796.cif,BAT_00360_mp-780493.cif,downloaded,downloaded
BAT_00361,CrO4,mp-756967,mp-770632,BAT_00361_mp-756967.cif,BAT_00361_mp-770632.cif,downloaded,downloaded
BAT_00362,Cr19O48,mp-850874,mp-851096,BAT_00362_mp-850874.cif,BAT_00362_mp-851096.cif,downloaded,downloaded
BAT_00364,Cr5O12,mp-773920,mp-772650,BAT_00364_mp-773920.cif,BAT_00364_mp-772650.cif,downloaded,downloaded
BAT_00365,CrO2,mp-771523,mp-849547,BAT_00365_mp-771523.cif,BAT_00365_mp-849547.cif,downloaded,downloaded
BAT_00366,Cr19O48,mp-780521,mp-851274,BAT_00366_mp-780521.cif,BAT_00366_mp-851274.cif,downloaded,downloaded
BAT_00367,CrO3,mp-1429856,mp-1185311,BAT_00367_mp-1429856.cif,BAT_00367_mp-1185311.cif,downloaded,downloaded
BAT_00368,Cr3O8,mp-2220540,mp-674219,BAT_00368_mp-2220540.cif,BAT_00368_mp-674219.cif,downloaded,downloaded
BAT_00369,CrO2,mp-1389152,mp-1045514,BAT_00369_mp-1389152.cif,BAT_00369_mp-1045514.cif,downloaded,downloaded
BAT_00370,Cr3P3O13,mp-1047904,mp-1012789,BAT_00370_mp-1047904.cif,BAT_00370_mp-1012789.cif,downloaded,downloaded
BAT_00371,CrPO4,mp-689963,mp-583853,BAT_00371_mp-689963.cif,BAT_00371_mp-583853.cif,downloaded,downloaded
BAT_00372,Cr2P3O11,mp-25818,mp-25817,BAT_00372_mp-25818.cif,BAT_00372_mp-25817.cif,downloaded,downloaded
BAT_00374,CrPO4,mp-18906,mp-26317,BAT_00374_mp-18906.cif,BAT_00374_mp-26317.cif,downloaded,downloaded
BAT_00375,CrP2O7,mp-540267,mp-26435,BAT_00375_mp-540267.cif,BAT_00375_mp-26435.cif,downloaded,downloaded
BAT_00376,CrP2O7,mp-26458,mp-1101520,BAT_00376_mp-26458.cif,BAT_00376_mp-1101520.cif,downloaded,downloaded
BAT_00377,Cr2(PO4)3,mp-1101602,mp-25837,BAT_00377_mp-1101602.cif,BAT_00377_mp-25837.cif,downloaded,downloaded
BAT_00378,Cr3(P2O7)2,mp-1172917,mp-697855,BAT_00378_mp-1172917.cif,BAT_00378_mp-697855.cif,downloaded,downloaded
BAT_00379,Cr(PO4)2,mp-697815,mp-697692,BAT_00379_mp-697815.cif,BAT_00379_mp-697692.cif,downloaded,downloaded
BAT_00380,Cr(PO3)4,mp-1178438,mp-697850,BAT_00380_mp-1178438.cif,BAT_00380_mp-697850.cif,downloaded,downloaded
BAT_00381,Cr(PO3)5,mp-705019,mp-704942,BAT_00381_mp-705019.cif,BAT_00381_mp-704942.cif,downloaded,downloaded
BAT_00383,Cr(PO4)2,mp-540287,mp-26481,BAT_00383_mp-540287.cif,BAT_00383_mp-26481.cif,downloaded,downloaded
BAT_00385,CrP2O7,mp-704959,mp-705001,BAT_00385_mp-704959.cif,BAT_00385_mp-705001.cif,downloaded,downloaded
BAT_00386,Cr2(PO4)3,mp-31677,mp-26489,BAT_00386_mp-31677.cif,BAT_00386_mp-26489.cif,downloaded,downloaded
BAT_00387,CrP2O7,mp-26494,mp-26493,BAT_00387_mp-26494.cif,BAT_00387_mp-26493.cif,downloaded,downloaded
BAT_00388,Cr2(PO4)3,mp-26610,mp-780606,BAT_00388_mp-26610.cif,BAT_00388_mp-780606.cif,downloaded,downloaded
BAT_00389,Cr2(PO3)5,mp-881272,mp-25861,BAT_00389_mp-881272.cif,BAT_00389_mp-25861.cif,downloaded,downloaded
BAT_00390,Cr(PO4)2,mp-26618,mp-26617,BAT_00390_mp-26618.cif,BAT_00390_mp-26617.cif,downloaded,downloaded
BAT_00391,Cr2(PO4)3,mp-697813,mp-26605,BAT_00391_mp-697813.cif,BAT_00391_mp-26605.cif,downloaded,downloaded
BAT_00392,CrP2O7,mp-26572,mp-26571,BAT_00392_mp-26572.cif,BAT_00392_mp-26571.cif,downloaded,downloaded
BAT_00393,CrPO4,mp-26580,mp-26579,BAT_00393_mp-26580.cif,BAT_00393_mp-26579.cif,downloaded,downloaded
BAT_00394,Cr(PO3)4,mp-31745,mp-26669,BAT_00394_mp-31745.cif,BAT_00394_mp-26669.cif,downloaded,downloaded
BAT_00395,Cr2P5O18,mp-26684,mp-26683,BAT_00395_mp-26684.cif,BAT_00395_mp-26683.cif,downloaded,downloaded
BAT_00396,Cr2(PO4)3,mp-26740,mp-26739,BAT_00396_mp-26740.cif,BAT_00396_mp-26739.cif,downloaded,downloaded
BAT_00397,CrP2O7,mp-26974,mp-19103,BAT_00397_mp-26974.cif,BAT_00397_mp-19103.cif,downloaded,downloaded
BAT_00398,CrP2O7,mp-31691,mp-26771,BAT_00398_mp-31691.cif,BAT_00398_mp-26771.cif,downloaded,downloaded
BAT_00399,CrP2O7,mp-705361,mp-26751,BAT_00399_mp-705361.cif,BAT_00399_mp-26751.cif,downloaded,downloaded
BAT_00401,Cr(PO3)4,mp-540424,mp-26829,BAT_00401_mp-540424.cif,BAT_00401_mp-26829.cif,downloaded,downloaded
BAT_00402,Cr4(PO4)3,mp-26840,mp-697664,BAT_00402_mp-26840.cif,BAT_00402_mp-697664.cif,downloaded,downloaded
BAT_00403,Cr2(PO4)3,mp-26870,mp-26869,BAT_00403_mp-26870.cif,BAT_00403_mp-26869.cif,downloaded,downloaded
BAT_00404,Cr(PO3)3,mp-584637,mp-540456,BAT_00404_mp-584637.cif,BAT_00404_mp-540456.cif,downloaded,downloaded
BAT_00405,CrPO4,mp-504335,mp-26881,BAT_00405_mp-504335.cif,BAT_00405_mp-26881.cif,downloaded,downloaded
BAT_00406,CrP2O7,mp-26854,mp-26853,BAT_00406_mp-26854.cif,BAT_00406_mp-26853.cif,downloaded,downloaded
BAT_00408,Cr4(PO4)3,mp-504357,mp-26967,BAT_00408_mp-504357.cif,BAT_00408_mp-26967.cif,downloaded,downloaded
BAT_00409,Cr4(PO4)3,mp-26914,mp-26913,BAT_00409_mp-26914.cif,BAT_00409_mp-26913.cif,downloaded,downloaded
BAT_00410,CrP2O9,mp-504343,mp-26911,BAT_00410_mp-504343.cif,BAT_00410_mp-26911.cif,downloaded,downloaded
BAT_00411,CrPO4,mp-25452,mp-25447,BAT_00411_mp-25452.cif,BAT_00411_mp-25447.cif,downloaded,downloaded
BAT_00412,CrPO5,mp-26924,mp-26923,BAT_00412_mp-26924.cif,BAT_00412_mp-26923.cif,downloaded,downloaded
BAT_00413,CrP2O7,mp-540482,mp-26965,BAT_00413_mp-540482.cif,BAT_00413_mp-26965.cif,downloaded,downloaded
BAT_00414,Cr2(PO4)3,mp-504291,mp-760100,BAT_00414_mp-504291.cif,BAT_00414_mp-760100.cif,downloaded,downloaded
BAT_00415,Cr3P8O29,mp-26976,mp-26975,BAT_00415_mp-26976.cif,BAT_00415_mp-26975.cif,downloaded,downloaded
BAT_00416,Cr(PO3)3,mp-31690,mp-26063,BAT_00416_mp-31690.cif,BAT_00416_mp-26063.cif,downloaded,downloaded
BAT_00417,CrP2O7,mp-27036,mp-27035,BAT_00417_mp-27036.cif,BAT_00417_mp-27035.cif,downloaded,downloaded
BAT_00418,CrPO4,mp-27042,mp-27041,BAT_00418_mp-27042.cif,BAT_00418_mp-27041.cif,downloaded,downloaded
BAT_00419,Cr4P9O32,mp-504406,mp-27077,BAT_00419_mp-504406.cif,BAT_00419_mp-27077.cif,downloaded,downloaded
BAT_00420,Cr2P5O16,mp-26134,mp-26425,BAT_00420_mp-26134.cif,BAT_00420_mp-26425.cif,downloaded,downloaded
BAT_00421,Cr2P3O13,mp-27100,mp-705400,BAT_00421_mp-27100.cif,BAT_00421_mp-705400.cif,downloaded,downloaded
BAT_00422,Cr2P3O10,mp-26116,mp-585354,BAT_00422_mp-26116.cif,BAT_00422_mp-585354.cif,downloaded,downloaded
BAT_00423,Cr(PO3)3,mp-26112,mp-26111,BAT_00423_mp-26112.cif,BAT_00423_mp-26111.cif,downloaded,downloaded
BAT_00424,CrPO4,mp-764345,mp-756865,BAT_00424_mp-764345.cif,BAT_00424_mp-756865.cif,downloaded,downloaded
BAT_00425,CrP4O13,mp-1101523,mp-31739,BAT_00425_mp-1101523.cif,BAT_00425_mp-31739.cif,downloaded,downloaded
BAT_00426,CrP2O7,mp-26140,mp-26139,BAT_00426_mp-26140.cif,BAT_00426_mp-26139.cif,downloaded,downloaded
BAT_00427,Cr(PO4)2,mp-697774,mp-31723,BAT_00427_mp-697774.cif,BAT_00427_mp-31723.cif,downloaded,downloaded
BAT_00428,CrPO4,mp-753873,mp-504313,BAT_00428_mp-753873.cif,BAT_00428_mp-504313.cif,downloaded,downloaded
BAT_00429,CrPO4,mp-753999,mp-757040,BAT_00429_mp-753999.cif,BAT_00429_mp-757040.cif,downloaded,downloaded
BAT_00430,CrPO5,mp-1046724,mp-540292,BAT_00430_mp-1046724.cif,BAT_00430_mp-540292.cif,downloaded,downloaded
BAT_00431,Cr3(P2O7)2,mp-26218,mp-540179,BAT_00431_mp-26218.cif,BAT_00431_mp-540179.cif,downloaded,downloaded
BAT_00433,Cr5(PO4)4,mp-504336,mp-1101544,BAT_00433_mp-504336.cif,BAT_00433_mp-1101544.cif,downloaded,downloaded
BAT_00434,Cr3(PO4)4,mp-695952,mp-26205,BAT_00434_mp-695952.cif,BAT_00434_mp-26205.cif,downloaded,downloaded
BAT_00435,Cr2P2O9,mp-1040982,mp-1013922,BAT_00435_mp-1040982.cif,BAT_00435_mp-1013922.cif,downloaded,downloaded
BAT_00436,CrPO4,mp-753886,mp-540462,BAT_00436_mp-753886.cif,BAT_00436_mp-540462.cif,downloaded,downloaded
BAT_00437,Cr3(PO4)4,mp-705409,mp-26289,BAT_00437_mp-705409.cif,BAT_00437_mp-26289.cif,downloaded,downloaded
BAT_00440,CrPO4,mp-766412,mp-757829,BAT_00440_mp-766412.cif,BAT_00440_mp-757829.cif,downloaded,downloaded
BAT_00442,Cr3(PO4)4,mp-31744,mp-26337,BAT_00442_mp-31744.cif,BAT_00442_mp-26337.cif,downloaded,downloaded
BAT_00444,CrPO4,mp-766419,mp-757030,BAT_00444_mp-766419.cif,BAT_00444_mp-757030.cif,downloaded,downloaded
BAT_00445,CrPO5,mp-772173,mp-757132,BAT_00445_mp-772173.cif,BAT_00445_mp-757132.cif,downloaded,downloaded
BAT_00446,Cr3P4O15,mp-759101,mp-772300,BAT_00446_mp-759101.cif,BAT_00446_mp-772300.cif,downloaded,downloaded
BAT_00448,Cr(PO3)3,mp-759495,mp-780193,BAT_00448_mp-759495.cif,BAT_00448_mp-780193.cif,downloaded,downloaded
BAT_00449,CrP2O7,mp-1048383,mp-831055,BAT_00449_mp-1048383.cif,BAT_00449_mp-831055.cif,downloaded,downloaded
BAT_00451,Ti3Cr(PO4)6,mp-774416,mp-758706,BAT_00451_mp-774416.cif,BAT_00451_mp-758706.cif,downloaded,downloaded
BAT_00452,TiCr3(PO4)6,mp-773127,mp-850412,BAT_00452_mp-773127.cif,BAT_00452_mp-850412.cif,downloaded,downloaded
BAT_00453,VCr3(PO4)6,mp-774402,mp-1176888,BAT_00453_mp-774402.cif,BAT_00453_mp-1176888.cif,downloaded,downloaded
BAT_00454,V2Cr(PO4)3,mp-771696,mp-1177840,BAT_00454_mp-771696.cif,BAT_00454_mp-1177840.cif,downloaded,downloaded
BAT_00455,V3Cr(PO4)6,mp-775008,mp-757469,BAT_00455_mp-775008.cif,BAT_00455_mp-757469.cif,downloaded,downloaded
BAT_00456,VCr(P2O7)2,mp-767779,mp-752491,BAT_00456_mp-767779.cif,BAT_00456_mp-752491.cif,downloaded,downloaded
BAT_00457,Cr3P6WO24,mp-775219,mp-758279,BAT_00457_mp-775219.cif,BAT_00457_mp-758279.cif,downloaded,downloaded
BAT_00458,Cr2(SO4)3,mp-768940,mp-770490,BAT_00458_mp-768940.cif,BAT_00458_mp-770490.cif,downloaded,downloaded
BAT_00459,Cr2(SO4)3,mp-19361,mp-770353,BAT_00459_mp-19361.cif,BAT_00459_mp-770353.cif,downloaded,downloaded
BAT_00460,Cr(SO4)2,mp-780604,mp-850862,BAT_00460_mp-780604.cif,BAT_00460_mp-850862.cif,downloaded,downloaded
BAT_00461,Cr(SO4)2,mp-757440,mp-776761,BAT_00461_mp-757440.cif,BAT_00461_mp-776761.cif,downloaded,downloaded
BAT_00462,Cr(SO4)2,mp-773001,mp-861449,BAT_00462_mp-773001.cif,BAT_00462_mp-861449.cif,downloaded,downloaded
BAT_00463,ZnCr3(SO4)6,mp-766220,mp-772839,BAT_00463_mp-766220.cif,BAT_00463_mp-772839.cif,downloaded,downloaded
BAT_00464,Cr3SbO8,mp-773170,mp-771704,BAT_00464_mp-773170.cif,BAT_00464_mp-771704.cif,downloaded,downloaded
BAT_00465,TiCrSO8,mp-1101433,mp-766410,BAT_00465_mp-1101433.cif,BAT_00465_mp-766410.cif,downloaded,downloaded
BAT_00466,Cr3Sn3(SbO8)2,mp-771431,mp-755860,BAT_00466_mp-771431.cif,BAT_00466_mp-755860.cif,downloaded,downloaded
BAT_00467,V2Cr3Sb3O16,mp-772143,mp-774622,BAT_00467_mp-772143.cif,BAT_00467_mp-774622.cif,downloaded,downloaded
BAT_00468,Cr5(Si2O7)2,mp-757245,mp-867580,BAT_00468_mp-757245.cif,BAT_00468_mp-867580.cif,downloaded,downloaded
BAT_00469,V3Cr3(SbO8)2,mp-776536,mp-776595,BAT_00469_mp-776536.cif,BAT_00469_mp-776595.cif,downloaded,downloaded
BAT_00470,Ti3Cr3(SbO8)2,mp-770891,mp-758653,BAT_00470_mp-770891.cif,BAT_00470_mp-758653.cif,downloaded,downloaded
BAT_00471,Cr(SiO3)2,mp-25238,mp-18727,BAT_00471_mp-25238.cif,BAT_00471_mp-18727.cif,downloaded,downloaded
BAT_00473,Cr(Si2O5)3,mp-775302,mp-759348,BAT_00473_mp-775302.cif,BAT_00473_mp-759348.cif,downloaded,downloaded
BAT_00474,Cr(Si2O5)3,mp-850539,mp-778011,BAT_00474_mp-850539.cif,BAT_00474_mp-778011.cif,downloaded,downloaded
BAT_00475,Cr(Si2O5)2,mp-780620,mp-758640,BAT_00475_mp-780620.cif,BAT_00475_mp-758640.cif,downloaded,downloaded
BAT_00479,Cr3TeO8,mp-770187,mp-778197,BAT_00479_mp-770187.cif,BAT_00479_mp-778197.cif,downloaded,downloaded
BAT_00480,CrTe(WO6)2,mp-756075,mp-775973,BAT_00480_mp-756075.cif,BAT_00480_mp-775973.cif,downloaded,downloaded
BAT_00481,V3Cr3(TeO8)2,mp-763835,mp-769563,BAT_00481_mp-763835.cif,BAT_00481_mp-769563.cif,downloaded,downloaded
BAT_00482,TiCr3O8,mp-1177851,mp-765747,BAT_00482_mp-1177851.cif,BAT_00482_mp-765747.cif,downloaded,downloaded
BAT_00483,TiCrO4,mp-755596,mp-1276652,BAT_00483_mp-755596.cif,BAT_00483_mp-1276652.cif,downloaded,downloaded
BAT_00484,V3CrO8,mp-755402,mp-753269,BAT_00484_mp-755402.cif,BAT_00484_mp-753269.cif,downloaded,downloaded
BAT_00486,TiV2CrO10,mp-773510,mp-1236317,BAT_00486_mp-773510.cif,BAT_00486_mp-1236317.cif,downloaded,downloaded
BAT_00488,VCr2O6,mp-849313,mp-754615,BAT_00488_mp-849313.cif,BAT_00488_mp-754615.cif,downloaded,downloaded
BAT_00489,V5Cr2O12,mp-782662,mp-773065,BAT_00489_mp-782662.cif,BAT_00489_mp-773065.cif,downloaded,downloaded
BAT_00490,VCrO4,mp-849340,mp-754054,BAT_00490_mp-849340.cif,BAT_00490_mp-754054.cif,downloaded,downloaded
BAT_00492,V3CrO8,mp-781740,mp-1177371,BAT_00492_mp-781740.cif,BAT_00492_mp-1177371.cif,downloaded,downloaded
BAT_00493,VCrO4,mp-752903,mp-1176540,BAT_00493_mp-752903.cif,BAT_00493_mp-1176540.cif,downloaded,downloaded
BAT_00495,V3Cr2O10,mp-849418,mp-756826,BAT_00495_mp-849418.cif,BAT_00495_mp-756826.cif,downloaded,downloaded
BAT_00496,VCr3O8,mp-1177801,mp-850338,BAT_00496_mp-1177801.cif,BAT_00496_mp-850338.cif,downloaded,downloaded
BAT_00498,V3CrO8,mp-1246656,mp-1302892,BAT_00498_mp-1246656.cif,BAT_00498_mp-1302892.cif,downloaded,downloaded
BAT_00502,VCr3O8,mp-769577,mp-769605,BAT_00502_mp-769577.cif,BAT_00502_mp-769605.cif,downloaded,downloaded
BAT_00503,V2CrO6,mp-780611,mp-757208,BAT_00503_mp-780611.cif,BAT_00503_mp-757208.cif,downloaded,downloaded
BAT_00504,V3CrO8,mp-769589,mp-769614,BAT_00504_mp-769589.cif,BAT_00504_mp-769614.cif,downloaded,downloaded
BAT_00505,VCrO4,mp-776068,mp-769617,BAT_00505_mp-776068.cif,BAT_00505_mp-769617.cif,downloaded,downloaded
BAT_00506,Cr(WO4)3,mp-1178444,mp-778824,BAT_00506_mp-1178444.cif,BAT_00506_mp-778824.cif,downloaded,downloaded
BAT_00507,V3Cr3(WO8)2,mp-775969,mp-756412,BAT_00507_mp-775969.cif,BAT_00507_mp-756412.cif,downloaded,downloaded
BAT_00508,CrWO6,mp-1802603,mp-754450,BAT_00508_mp-1802603.cif,BAT_00508_mp-754450.cif,downloaded,downloaded
BAT_00509,Cr3WO8,mp-773181,mp-775271,BAT_00509_mp-773181.cif,BAT_00509_mp-775271.cif,downloaded,downloaded
BAT_00510,Cr2(PS4)3,mp-778446,mp-778433,BAT_00510_mp-778446.cif,BAT_00510_mp-778433.cif,downloaded,downloaded
BAT_00512,CrS2,mp-1442954,mp-1045358,BAT_00512_mp-1442954.cif,BAT_00512_mp-1045358.cif,downloaded,downloaded
BAT_00513,CrS2,mp-755263,mp-4226,BAT_00513_mp-755263.cif,BAT_00513_mp-4226.cif,downloaded,downloaded
BAT_00515,CsMnP3HO10,mp-23871,mp-752778,BAT_00515_mp-23871.cif,BAT_00515_mp-752778.cif,downloaded,downloaded
BAT_00516,Cs2MnO4,mp-755110,mp-18722,BAT_00516_mp-755110.cif,BAT_00516_mp-18722.cif,downloaded,downloaded
BAT_00525,NbFe3Cu2(PO4)6,mp-776142,mp-777855,BAT_00525_mp-776142.cif,BAT_00525_mp-777855.cif,downloaded,downloaded
BAT_00527,Fe3CuO8,mp-755351,mp-753104,BAT_00527_mp-755351.cif,BAT_00527_mp-753104.cif,downloaded,downloaded
BAT_00528,Fe2Cu3O10,mp-849416,mp-771233,BAT_00528_mp-849416.cif,BAT_00528_mp-771233.cif,downloaded,downloaded
BAT_00529,Fe(CuO3)2,mp-756110,mp-755201,BAT_00529_mp-756110.cif,BAT_00529_mp-755201.cif,downloaded,downloaded
BAT_00530,FeCu3O8,mp-771350,mp-756375,BAT_00530_mp-771350.cif,BAT_00530_mp-756375.cif,downloaded,downloaded
BAT_00531,FeCuO4,mp-775462,mp-781767,BAT_00531_mp-775462.cif,BAT_00531_mp-781767.cif,downloaded,downloaded
BAT_00532,Fe2Cu(PO4)3,mp-775240,mp-761114,BAT_00532_mp-775240.cif,BAT_00532_mp-761114.cif,downloaded,downloaded
BAT_00533,Fe3Cu(PO4)4,mp-775191,mp-1177485,BAT_00533_mp-775191.cif,BAT_00533_mp-1177485.cif,downloaded,downloaded
BAT_00534,FeCu3(PO4)4,mp-775297,mp-1177402,BAT_00534_mp-775297.cif,BAT_00534_mp-1177402.cif,downloaded,downloaded
BAT_00535,TiFe3Cu2(PO4)6,mp-775996,mp-778677,BAT_00535_mp-775996.cif,BAT_00535_mp-778677.cif,downloaded,downloaded
BAT_00536,FeCu(PO4)2,mp-775167,mp-758722,BAT_00536_mp-775167.cif,BAT_00536_mp-758722.cif,downloaded,downloaded
BAT_00537,V3Fe2CuO12,mp-773088,mp-772865,BAT_00537_mp-773088.cif,BAT_00537_mp-772865.cif,downloaded,downloaded
BAT_00553,Mn3CuNi2(PO4)6,mp-772496,mp-775323,BAT_00553_mp-772496.cif,BAT_00553_mp-775323.cif,downloaded,downloaded
BAT_00554,MnCu3O8,mp-756390,mp-756491,BAT_00554_mp-756390.cif,BAT_00554_mp-756491.cif,downloaded,downloaded
BAT_00555,Mn5(CuO6)2,mp-756860,mp-849464,BAT_00555_mp-756860.cif,BAT_00555_mp-849464.cif,downloaded,downloaded
BAT_00556,Mn5CuO12,mp-756191,mp-753851,BAT_00556_mp-756191.cif,BAT_00556_mp-753851.cif,downloaded,downloaded
BAT_00557,Mn3CuO8,mp-756525,mp-773427,BAT_00557_mp-756525.cif,BAT_00557_mp-773427.cif,downloaded,downloaded
BAT_00558,Mn2Cu3O10,mp-849495,mp-755409,BAT_00558_mp-849495.cif,BAT_00558_mp-755409.cif,downloaded,downloaded
BAT_00559,Mn3CuO8,mp-756513,mp-756596,BAT_00559_mp-756513.cif,BAT_00559_mp-756596.cif,downloaded,downloaded
BAT_00560,Mn3Cu(PO4)4,mp-756349,mp-1177150,BAT_00560_mp-756349.cif,BAT_00560_mp-1177150.cif,downloaded,downloaded
BAT_00561,Mn5Cu(PO4)6,mp-773506,mp-1177362,BAT_00561_mp-773506.cif,BAT_00561_mp-1177362.cif,downloaded,downloaded
BAT_00562,Mn7Cu(PO4)12,mp-1176532,mp-1176950,BAT_00562_mp-1176532.cif,BAT_00562_mp-1176950.cif,downloaded,downloaded
BAT_00563,MnCu3(PO4)4,mp-775168,mp-753744,BAT_00563_mp-775168.cif,BAT_00563_mp-753744.cif,downloaded,downloaded
BAT_00564,MnCu(PO4)2,mp-775025,mp-765574,BAT_00564_mp-775025.cif,BAT_00564_mp-765574.cif,downloaded,downloaded
BAT_00566,Mn3Cu3(TeO8)2,mp-758477,mp-757393,BAT_00566_mp-758477.cif,BAT_00566_mp-757393.cif,downloaded,downloaded
BAT_00567,MnV4CuO12,mp-754799,mp-774824,BAT_00567_mp-754799.cif,BAT_00567_mp-774824.cif,downloaded,downloaded
BAT_00573,CuNi3O8,mp-861850,mp-752986,BAT_00573_mp-861850.cif,BAT_00573_mp-752986.cif,downloaded,downloaded
BAT_00574,V4CuNiO12,mp-756167,mp-1177805,BAT_00574_mp-756167.cif,BAT_00574_mp-1177805.cif,downloaded,downloaded
BAT_00617,TiCu3(PO4)4,mp-1101275,mp-1177279,BAT_00617_mp-1101275.cif,BAT_00617_mp-1177279.cif,downloaded,downloaded
BAT_00619,VCu(PO4)2,mp-755025,mp-757133,BAT_00619_mp-755025.cif,BAT_00619_mp-757133.cif,downloaded,downloaded
BAT_00621,V3Cu(PO4)4,mp-775334,mp-1177267,BAT_00621_mp-775334.cif,BAT_00621_mp-1177267.cif,downloaded,downloaded
BAT_00622,V2Cu(PO4)3,mp-757397,mp-759398,BAT_00622_mp-757397.cif,BAT_00622_mp-759398.cif,downloaded,downloaded
BAT_00624,V3Cu(PO4)6,mp-774423,mp-1176990,BAT_00624_mp-774423.cif,BAT_00624_mp-1176990.cif,downloaded,downloaded
BAT_00634,Ti3Cu3(TeO8)2,mp-760579,mp-758259,BAT_00634_mp-760579.cif,BAT_00634_mp-758259.cif,downloaded,downloaded
BAT_00636,V5CuO12,mp-777235,mp-755507,BAT_00636_mp-777235.cif,BAT_00636_mp-755507.cif,downloaded,downloaded
BAT_00637,V4CuO12,mp-756257,mp-756355,BAT_00637_mp-756257.cif,BAT_00637_mp-756355.cif,downloaded,downloaded
BAT_00638,VCuO4,mp-25196,mp-1104607,BAT_00638_mp-25196.cif,,downloaded,missing
BAT_00639,V3CuO8,mp-775644,mp-773650,BAT_00639_mp-775644.cif,BAT_00639_mp-773650.cif,downloaded,downloaded
BAT_00641,Ti16CuS32,mp-767157,mp-774459,BAT_00641_mp-767157.cif,BAT_00641_mp-774459.cif,downloaded,downloaded
BAT_00647,FeF6,mp-777463,mp-755087,BAT_00647_mp-777463.cif,BAT_00647_mp-755087.cif,downloaded,downloaded
BAT_00648,FeF3,mp-22398,mp-761166,BAT_00648_mp-22398.cif,BAT_00648_mp-761166.cif,downloaded,downloaded
BAT_00650,FeF4,mp-776164,mp-849493,BAT_00650_mp-776164.cif,BAT_00650_mp-849493.cif,downloaded,downloaded
BAT_00652,FeF4,mp-756535,mp-777588,BAT_00652_mp-756535.cif,BAT_00652_mp-777588.cif,downloaded,downloaded
BAT_00653,FeF3,mp-1181398,mp-760354,BAT_00653_mp-1181398.cif,BAT_00653_mp-760354.cif,downloaded,downloaded
BAT_00654,FeF4,mp-755299,mp-755356,BAT_00654_mp-755299.cif,BAT_00654_mp-755356.cif,downloaded,downloaded
BAT_00655,FeF4,mp-756100,mp-755741,BAT_00655_mp-756100.cif,BAT_00655_mp-755741.cif,downloaded,downloaded
BAT_00656,FeF4,mp-777477,mp-754579,BAT_00656_mp-777477.cif,BAT_00656_mp-754579.cif,downloaded,downloaded
BAT_00657,Fe4OF8,mp-754705,mp-849951,BAT_00657_mp-754705.cif,BAT_00657_mp-849951.cif,downloaded,downloaded
BAT_00658,FeOF3,mp-755818,mp-752488,BAT_00658_mp-755818.cif,BAT_00658_mp-752488.cif,downloaded,downloaded
BAT_00660,FeOF3,mp-752830,mp-887364,BAT_00660_mp-752830.cif,BAT_00660_mp-887364.cif,downloaded,downloaded
BAT_00661,Fe3(OF3)2,mp-756353,mp-752847,BAT_00661_mp-756353.cif,BAT_00661_mp-752847.cif,downloaded,downloaded
BAT_00663,Fe7O7F,mp-1178254,mp-1176712,BAT_00663_mp-1178254.cif,BAT_00663_mp-1176712.cif,downloaded,downloaded
BAT_00664,Fe5(OF2)4,mp-752802,mp-754972,BAT_00664_mp-752802.cif,BAT_00664_mp-754972.cif,downloaded,downloaded
BAT_00665,Fe7O3F13,mp-754593,mp-780457,BAT_00665_mp-754593.cif,BAT_00665_mp-780457.cif,downloaded,downloaded
BAT_00668,FeO5F,mp-754420,mp-755400,BAT_00668_mp-754420.cif,BAT_00668_mp-755400.cif,downloaded,downloaded
BAT_00669,Fe5(OF2)4,mp-754310,mp-1176720,BAT_00669_mp-754310.cif,BAT_00669_mp-1176720.cif,downloaded,downloaded
BAT_00670,FeOF4,mp-754295,mp-754592,BAT_00670_mp-754295.cif,BAT_00670_mp-754592.cif,downloaded,downloaded
BAT_00672,Fe5OF11,mp-1346391,mp-1342745,BAT_00672_mp-1346391.cif,BAT_00672_mp-1342745.cif,downloaded,downloaded
BAT_00673,FeOF3,mp-764977,mp-777299,BAT_00673_mp-764977.cif,BAT_00673_mp-777299.cif,downloaded,downloaded
BAT_00674,Fe3OF5,mp-779913,mp-753410,BAT_00674_mp-779913.cif,BAT_00674_mp-753410.cif,downloaded,downloaded
BAT_00675,FeOF5,mp-775155,mp-1177101,BAT_00675_mp-775155.cif,BAT_00675_mp-1177101.cif,downloaded,downloaded
BAT_00676,Fe4OF7,mp-881173,mp-776991,BAT_00676_mp-881173.cif,BAT_00676_mp-776991.cif,downloaded,downloaded
BAT_00678,Fe2OF3,mp-777541,mp-776904,BAT_00678_mp-777541.cif,BAT_00678_mp-776904.cif,downloaded,downloaded
BAT_00679,Fe2O2F3,mp-755377,mp-756358,BAT_00679_mp-755377.cif,BAT_00679_mp-756358.cif,downloaded,downloaded
BAT_00680,FeO5F,mp-764903,mp-776549,BAT_00680_mp-764903.cif,BAT_00680_mp-776549.cif,downloaded,downloaded
BAT_00682,Fe5OF11,mp-1178251,mp-778257,BAT_00682_mp-1178251.cif,BAT_00682_mp-778257.cif,downloaded,downloaded
BAT_00683,Fe5OF11,mp-1178250,mp-779353,BAT_00683_mp-1178250.cif,BAT_00683_mp-779353.cif,downloaded,downloaded
BAT_00684,FeOF5,mp-779064,mp-777279,BAT_00684_mp-779064.cif,BAT_00684_mp-777279.cif,downloaded,downloaded
BAT_00685,Fe7(OF7)2,mp-777455,mp-757088,BAT_00685_mp-777455.cif,BAT_00685_mp-757088.cif,downloaded,downloaded
BAT_00689,Fe3OF7,mp-1178324,mp-764593,BAT_00689_mp-1178324.cif,BAT_00689_mp-764593.cif,downloaded,downloaded
BAT_00690,Fe2Si2O7,mp-780866,mp-759016,BAT_00690_mp-780866.cif,BAT_00690_mp-759016.cif,downloaded,downloaded
BAT_00691,FeSiO4,mp-759053,mp-759575,BAT_00691_mp-759053.cif,BAT_00691_mp-759575.cif,downloaded,downloaded
BAT_00692,FeSiO4,mp-758499,mp-758823,BAT_00692_mp-758499.cif,BAT_00692_mp-758823.cif,downloaded,downloaded
BAT_00693,FeSiO4,mp-766542,mp-764340,BAT_00693_mp-766542.cif,BAT_00693_mp-764340.cif,downloaded,downloaded
BAT_00694,FeSiO5,mp-759075,mp-764341,BAT_00694_mp-759075.cif,BAT_00694_mp-764341.cif,downloaded,downloaded
BAT_00695,Fe3(SiO4)2,mp-850744,mp-759106,BAT_00695_mp-850744.cif,BAT_00695_mp-759106.cif,downloaded,downloaded
BAT_00696,Fe2Si3O10,mp-779820,mp-757438,BAT_00696_mp-779820.cif,BAT_00696_mp-757438.cif,downloaded,downloaded
BAT_00697,FeSiO4,mp-759087,mp-758421,BAT_00697_mp-759087.cif,BAT_00697_mp-758421.cif,downloaded,downloaded
BAT_00698,FeSiO4,mp-758574,mp-764346,BAT_00698_mp-758574.cif,BAT_00698_mp-764346.cif,downloaded,downloaded
BAT_00699,FeSiO4,mp-758506,mp-760096,BAT_00699_mp-758506.cif,BAT_00699_mp-760096.cif,downloaded,downloaded
BAT_00700,FeSiO4,mp-850962,mp-758825,BAT_00700_mp-850962.cif,BAT_00700_mp-758825.cif,downloaded,downloaded
BAT_00701,FeSiO4,mp-758113,mp-1176885,BAT_00701_mp-758113.cif,BAT_00701_mp-1176885.cif,downloaded,downloaded
BAT_00703,Fe(SiO3)2,mp-1253019,mp-1266318,BAT_00703_mp-1253019.cif,BAT_00703_mp-1266318.cif,downloaded,downloaded
BAT_00705,FeSiO4,mp-1191756,mp-758209,BAT_00705_mp-1191756.cif,BAT_00705_mp-758209.cif,downloaded,downloaded
BAT_00706,FeSiO4,mp-766529,mp-757833,BAT_00706_mp-766529.cif,BAT_00706_mp-757833.cif,downloaded,downloaded
BAT_00707,FeSiO4,mp-764348,mp-759942,BAT_00707_mp-764348.cif,BAT_00707_mp-759942.cif,downloaded,downloaded
BAT_00708,Fe(Si2O5)3,mp-775750,mp-765285,BAT_00708_mp-775750.cif,BAT_00708_mp-765285.cif,downloaded,downloaded
BAT_00709,FeSiO4,mp-778622,mp-758465,BAT_00709_mp-778622.cif,BAT_00709_mp-758465.cif,downloaded,downloaded
BAT_00710,Fe3(SnO5)2,mp-753126,mp-756675,BAT_00710_mp-753126.cif,BAT_00710_mp-756675.cif,downloaded,downloaded
BAT_00711,FeSnO4,mp-756311,mp-1177968,BAT_00711_mp-756311.cif,BAT_00711_mp-1177968.cif,downloaded,downloaded
BAT_00712,Fe3TeO8,mp-1178313,mp-775742,BAT_00712_mp-1178313.cif,BAT_00712_mp-775742.cif,downloaded,downloaded
BAT_00713,V3Fe3(TeO8)2,mp-774673,mp-767773,BAT_00713_mp-774673.cif,BAT_00713_mp-767773.cif,downloaded,downloaded
BAT_00715,Fe3TeO8,mp-772334,mp-771362,BAT_00715_mp-772334.cif,BAT_00715_mp-771362.cif,downloaded,downloaded
BAT_00716,TiFe2O5,mp-753225,mp-756002,BAT_00716_mp-753225.cif,BAT_00716_mp-756002.cif,downloaded,downloaded
BAT_00717,Ti12Fe5O32,mp-773026,mp-772995,BAT_00717_mp-773026.cif,BAT_00717_mp-772995.cif,downloaded,downloaded
BAT_00718,TiFeO4,mp-754900,mp-1285010,BAT_00718_mp-754900.cif,BAT_00718_mp-1285010.cif,downloaded,downloaded
BAT_00719,TiFe3O8,mp-755163,mp-769962,BAT_00719_mp-755163.cif,BAT_00719_mp-769962.cif,downloaded,downloaded
BAT_00720,TiFeO4,mp-755965,mp-1304342,BAT_00720_mp-755965.cif,BAT_00720_mp-1304342.cif,downloaded,downloaded
BAT_00721,TiFe3O8,mp-771820,mp-760345,BAT_00721_mp-771820.cif,BAT_00721_mp-760345.cif,downloaded,downloaded
BAT_00722,Ti2Fe3O10,mp-762700,mp-759041,BAT_00722_mp-762700.cif,BAT_00722_mp-759041.cif,downloaded,downloaded
BAT_00723,TiFe5O12,mp-755645,mp-867832,BAT_00723_mp-755645.cif,BAT_00723_mp-867832.cif,downloaded,downloaded
BAT_00724,TiFe3O8,mp-758622,mp-1177243,BAT_00724_mp-758622.cif,BAT_00724_mp-1177243.cif,downloaded,downloaded
BAT_00725,Ti(FeO3)2,mp-758964,mp-774498,BAT_00725_mp-758964.cif,BAT_00725_mp-774498.cif,downloaded,downloaded
BAT_00726,V2Fe3O10,mp-753077,mp-754679,BAT_00726_mp-753077.cif,BAT_00726_mp-754679.cif,downloaded,downloaded
BAT_00727,VFeO4,mp-18949,mp-756201,BAT_00727_mp-18949.cif,BAT_00727_mp-756201.cif,downloaded,downloaded
BAT_00728,V4FeO12,mp-763248,mp-1568159,BAT_00728_mp-763248.cif,BAT_00728_mp-1568159.cif,downloaded,downloaded
BAT_00729,VFeO4,mp-775175,mp-881807,BAT_00729_mp-775175.cif,BAT_00729_mp-881807.cif,downloaded,downloaded
BAT_00730,VFe3O8,mp-1177782,mp-1177549,BAT_00730_mp-1177782.cif,BAT_00730_mp-1177549.cif,downloaded,downloaded
BAT_00731,VFeO4,mp-850978,mp-772649,BAT_00731_mp-850978.cif,BAT_00731_mp-772649.cif,downloaded,downloaded
BAT_00732,V3(FeO5)2,mp-753182,mp-755172,BAT_00732_mp-753182.cif,BAT_00732_mp-755172.cif,downloaded,downloaded
BAT_00733,V(FeO3)2,mp-759143,mp-756960,BAT_00733_mp-759143.cif,BAT_00733_mp-756960.cif,downloaded,downloaded
BAT_00735,V3(FeO6)2,mp-775234,mp-760208,BAT_00735_mp-775234.cif,BAT_00735_mp-760208.cif,downloaded,downloaded
BAT_00736,V3FeO8,mp-771199,mp-756697,BAT_00736_mp-771199.cif,BAT_00736_mp-756697.cif,downloaded,downloaded
BAT_00737,V2FeO6,mp-758699,mp-757121,BAT_00737_mp-758699.cif,BAT_00737_mp-757121.cif,downloaded,downloaded
BAT_00738,VFe3O8,mp-757069,mp-760357,BAT_00738_mp-757069.cif,BAT_00738_mp-760357.cif,downloaded,downloaded
BAT_00739,VFeO4,mp-1176543,mp-756969,BAT_00739_mp-1176543.cif,BAT_00739_mp-756969.cif,downloaded,downloaded
BAT_00740,V3FeO8,mp-755957,mp-765701,BAT_00740_mp-755957.cif,BAT_00740_mp-765701.cif,downloaded,downloaded
BAT_00741,Fe3WO8,mp-1177706,mp-756528,BAT_00741_mp-1177706.cif,BAT_00741_mp-756528.cif,downloaded,downloaded
BAT_00745,Fe(PS3)2,mp-753614,mp-867714,BAT_00745_mp-753614.cif,BAT_00745_mp-867714.cif,downloaded,downloaded
BAT_00752,VGa3O8,mp-755571,mp-771646,BAT_00752_mp-755571.cif,BAT_00752_mp-771646.cif,downloaded,downloaded
BAT_00755,NiGe3O8,mp-543103,mp-21650,BAT_00755_mp-543103.cif,BAT_00755_mp-21650.cif,downloaded,downloaded
BAT_00756,V2SiGeO10,mp-756174,mp-772830,BAT_00756_mp-756174.cif,BAT_00756_mp-772830.cif,downloaded,downloaded
BAT_00757,V2SiGeO10,mp-766106,mp-766048,BAT_00757_mp-766106.cif,BAT_00757_mp-766048.cif,downloaded,downloaded
BAT_00758,V(GeO3)2,mp-775220,mp-559680,BAT_00758_mp-775220.cif,BAT_00758_mp-559680.cif,downloaded,downloaded
BAT_00760,VGeO5,mp-850438,mp-18809,BAT_00760_mp-850438.cif,BAT_00760_mp-18809.cif,downloaded,downloaded
BAT_00763,MnPHO5,mp-756230,mp-754995,BAT_00763_mp-756230.cif,BAT_00763_mp-754995.cif,downloaded,downloaded
BAT_00764,MnP2HO8,mp-779443,mp-759656,BAT_00764_mp-779443.cif,BAT_00764_mp-759656.cif,downloaded,downloaded
BAT_00766,MnPH2O5,mp-23895,mp-1235619,BAT_00766_mp-23895.cif,BAT_00766_mp-1235619.cif,downloaded,downloaded
BAT_00767,Mn2P4H3O16,mp-763324,mp-771909,BAT_00767_mp-763324.cif,BAT_00767_mp-771909.cif,downloaded,downloaded
BAT_00768,MnP2HO7,mp-734805,mp-783907,BAT_00768_mp-734805.cif,BAT_00768_mp-783907.cif,downloaded,downloaded
BAT_00769,MnVP2(HO5)2,mp-753350,mp-849445,BAT_00769_mp-753350.cif,BAT_00769_mp-849445.cif,downloaded,downloaded
BAT_00770,MnVP2(HO5)2,mp-1235750,mp-753439,BAT_00770_mp-1235750.cif,BAT_00770_mp-753439.cif,downloaded,downloaded
BAT_00771,MnH4(SO5)2,mp-772662,mp-772240,BAT_00771_mp-772662.cif,BAT_00771_mp-772240.cif,downloaded,downloaded
BAT_00773,MnH4(SO5)2,mp-1176828,mp-772273,BAT_00773_mp-1176828.cif,BAT_00773_mp-772273.cif,downloaded,downloaded
BAT_00774,MnH6(S2O9)2,mp-779879,mp-777769,BAT_00774_mp-779879.cif,BAT_00774_mp-777769.cif,downloaded,downloaded
BAT_00775,MnH8(SO6)2,mp-778207,mp-831237,BAT_00775_mp-778207.cif,BAT_00775_mp-831237.cif,downloaded,downloaded
BAT_00776,NiH12(SO7)2,mp-1101430,mp-771658,BAT_00776_mp-1101430.cif,BAT_00776_mp-771658.cif,downloaded,downloaded
BAT_00782,VP2HO8,mp-776478,mp-754990,BAT_00782_mp-776478.cif,BAT_00782_mp-754990.cif,downloaded,downloaded
BAT_00783,VP2HO8,mp-779002,mp-850257,BAT_00783_mp-779002.cif,BAT_00783_mp-850257.cif,downloaded,downloaded
BAT_00785,V2P4H3O16,mp-755425,mp-752967,BAT_00785_mp-755425.cif,BAT_00785_mp-752967.cif,downloaded,downloaded
BAT_00786,VP2HO8,mp-779208,mp-1177507,BAT_00786_mp-779208.cif,BAT_00786_mp-1177507.cif,downloaded,downloaded
BAT_00787,VP2HO8,mp-780479,mp-753516,BAT_00787_mp-780479.cif,BAT_00787_mp-753516.cif,downloaded,downloaded
BAT_00788,VPHO5,mp-1101197,mp-1275571,BAT_00788_mp-1101197.cif,BAT_00788_mp-1275571.cif,downloaded,downloaded
BAT_00789,VSi4(HO6)2,mp-761158,mp-1266205,BAT_00789_mp-761158.cif,BAT_00789_mp-1266205.cif,downloaded,downloaded
BAT_00790,VP2HO8,mp-780630,mp-781078,BAT_00790_mp-780630.cif,BAT_00790_mp-781078.cif,downloaded,downloaded
BAT_00794,KMnO2,mp-1290836,mp-770699,BAT_00794_mp-1290836.cif,BAT_00794_mp-770699.cif,downloaded,downloaded
BAT_00796,KMnO2,mp-25544,mp-549671,BAT_00796_mp-25544.cif,BAT_00796_mp-549671.cif,downloaded,downloaded
BAT_00803,K2NiO4,mp-773004,mp-774432,BAT_00803_mp-773004.cif,BAT_00803_mp-774432.cif,downloaded,downloaded
BAT_00825,LaTi2O6,mp-1222737,mp-1222315,BAT_00825_mp-1222737.cif,BAT_00825_mp-1222315.cif,downloaded,downloaded
BAT_00829,Mg2Mn3O8,mp-756696,mp-756823,BAT_00829_mp-756696.cif,BAT_00829_mp-756823.cif,downloaded,downloaded
BAT_00831,Mg(NiO2)4,mp-756552,mp-756610,BAT_00831_mp-756552.cif,BAT_00831_mp-756610.cif,downloaded,downloaded
BAT_00832,MgNi3O8,mp-756920,mp-1280637,BAT_00832_mp-756920.cif,BAT_00832_mp-1280637.cif,downloaded,downloaded
BAT_00833,Mg(Ni6O13)2,mp-759215,mp-769522,BAT_00833_mp-759215.cif,BAT_00833_mp-769522.cif,downloaded,downloaded
BAT_00842,Na5Mn2O8,mp-780612,mp-554028,BAT_00842_mp-780612.cif,BAT_00842_mp-554028.cif,downloaded,downloaded
BAT_00843,NaMnP2O7,mp-1192230,mp-775876,BAT_00843_mp-1192230.cif,BAT_00843_mp-775876.cif,downloaded,downloaded
BAT_00844,Na2Mn(PO3)5,mp-553997,mp-760056,BAT_00844_mp-553997.cif,BAT_00844_mp-760056.cif,downloaded,downloaded
BAT_00845,Mn2NbNi3(PO4)6,mp-1176556,mp-776611,BAT_00845_mp-1176556.cif,BAT_00845_mp-776611.cif,downloaded,downloaded
BAT_00847,Mn3NbO8,mp-1176463,mp-756486,BAT_00847_mp-1176463.cif,BAT_00847_mp-756486.cif,downloaded,downloaded
BAT_00848,MnNb4O12,mp-775807,mp-780417,BAT_00848_mp-775807.cif,BAT_00848_mp-780417.cif,downloaded,downloaded
BAT_00849,Mn3Nb(PO4)4,mp-775197,mp-861478,BAT_00849_mp-775197.cif,BAT_00849_mp-861478.cif,downloaded,downloaded
BAT_00850,Mn3Nb(PO4)6,mp-775181,mp-849778,BAT_00850_mp-775181.cif,BAT_00850_mp-849778.cif,downloaded,downloaded
BAT_00851,Mn7Nb(PO4)12,mp-776750,mp-780717,BAT_00851_mp-776750.cif,BAT_00851_mp-780717.cif,downloaded,downloaded
BAT_00852,MnNi3O8,mp-752530,mp-1177345,BAT_00852_mp-752530.cif,BAT_00852_mp-1177345.cif,downloaded,downloaded
BAT_00853,MnNiO4,mp-756366,mp-753347,BAT_00853_mp-756366.cif,BAT_00853_mp-753347.cif,downloaded,downloaded
BAT_00854,Mn2Ni3O10,mp-758690,mp-754927,BAT_00854_mp-758690.cif,BAT_00854_mp-754927.cif,downloaded,downloaded
BAT_00855,Mn3NiO8,mp-1176568,mp-760206,BAT_00855_mp-1176568.cif,BAT_00855_mp-760206.cif,downloaded,downloaded
BAT_00856,Mn5NiO12,mp-755683,mp-753964,BAT_00856_mp-755683.cif,BAT_00856_mp-753964.cif,downloaded,downloaded
BAT_00858,Mn2NiO6,mp-25285,mp-554979,BAT_00858_mp-25285.cif,BAT_00858_mp-554979.cif,downloaded,downloaded
BAT_00859,Mn15NiO32,mp-851082,mp-772976,BAT_00859_mp-851082.cif,BAT_00859_mp-772976.cif,downloaded,downloaded
BAT_00860,Mn3NiO8,mp-775810,mp-771112,BAT_00860_mp-775810.cif,BAT_00860_mp-771112.cif,downloaded,downloaded
BAT_00861,Mn5Ni3O16,mp-756534,mp-760956,BAT_00861_mp-756534.cif,BAT_00861_mp-760956.cif,downloaded,downloaded
BAT_00863,Mn2Ni5O12,mp-758846,mp-771232,BAT_00863_mp-758846.cif,BAT_00863_mp-771232.cif,downloaded,downloaded
BAT_00864,Mn(NiO3)2,mp-762624,mp-756364,BAT_00864_mp-762624.cif,BAT_00864_mp-756364.cif,downloaded,downloaded
BAT_00865,Mn2NiO6,mp-762633,mp-756831,BAT_00865_mp-762633.cif,BAT_00865_mp-756831.cif,downloaded,downloaded
BAT_00866,Mn4NiO8,mp-757060,mp-756351,BAT_00866_mp-757060.cif,BAT_00866_mp-756351.cif,downloaded,downloaded
BAT_00867,Mn3NiO8,mp-757044,mp-769631,BAT_00867_mp-757044.cif,BAT_00867_mp-769631.cif,downloaded,downloaded
BAT_00868,MnNi(PO4)2,mp-773507,mp-771186,BAT_00868_mp-773507.cif,BAT_00868_mp-771186.cif,downloaded,downloaded
BAT_00869,MnNi(PO4)2,mp-771700,mp-775926,BAT_00869_mp-771700.cif,BAT_00869_mp-775926.cif,downloaded,downloaded
BAT_00871,MnNi(PO4)2,mp-775200,mp-778744,BAT_00871_mp-775200.cif,BAT_00871_mp-778744.cif,downloaded,downloaded
BAT_00872,Mn3Ni(PO4)4,mp-756391,mp-757417,BAT_00872_mp-756391.cif,BAT_00872_mp-757417.cif,downloaded,downloaded
BAT_00873,Mn7Ni(PO4)12,mp-776812,mp-776162,BAT_00873_mp-776812.cif,BAT_00873_mp-776162.cif,downloaded,downloaded
BAT_00874,MnNi3(PO4)4,mp-775024,mp-757099,BAT_00874_mp-775024.cif,BAT_00874_mp-757099.cif,downloaded,downloaded
BAT_00875,Mn5Ni(PO4)6,mp-772291,mp-867956,BAT_00875_mp-772291.cif,BAT_00875_mp-867956.cif,downloaded,downloaded
BAT_00876,Mn2Ni(PO4)3,mp-759483,mp-774573,BAT_00876_mp-759483.cif,BAT_00876_mp-774573.cif,downloaded,downloaded
BAT_00877,Mn2VNi3(PO4)6,mp-759208,mp-770417,BAT_00877_mp-759208.cif,BAT_00877_mp-770417.cif,downloaded,downloaded
BAT_00878,TiMn2Ni3(PO4)6,mp-776680,mp-776756,BAT_00878_mp-776680.cif,BAT_00878_mp-776756.cif,downloaded,downloaded
BAT_00879,Ti2Mn3Ni3O16,mp-767719,mp-777402,BAT_00879_mp-767719.cif,BAT_00879_mp-777402.cif,downloaded,downloaded
BAT_00880,Mn3Ni3(TeO8)2,mp-756438,mp-770951,BAT_00880_mp-756438.cif,BAT_00880_mp-770951.cif,downloaded,downloaded
BAT_00881,MnV4NiO12,mp-850419,mp-862462,BAT_00881_mp-850419.cif,BAT_00881_mp-862462.cif,downloaded,downloaded
BAT_00883,Mn17O40,mp-758827,mp-759819,BAT_00883_mp-758827.cif,BAT_00883_mp-759819.cif,downloaded,downloaded
BAT_00884,MnO2,mp-1177617,mp-756516,BAT_00884_mp-1177617.cif,BAT_00884_mp-756516.cif,downloaded,downloaded
BAT_00885,Mn5O12,mp-758752,mp-756600,BAT_00885_mp-758752.cif,BAT_00885_mp-756600.cif,downloaded,downloaded
BAT_00886,MnO2,mp-25424,mp-754656,BAT_00886_mp-25424.cif,BAT_00886_mp-754656.cif,downloaded,downloaded
BAT_00888,MnO2,mp-759136,mp-756475,BAT_00888_mp-759136.cif,BAT_00888_mp-756475.cif,downloaded,downloaded
BAT_00890,Mn15O32,mp-776603,mp-761797,BAT_00890_mp-776603.cif,BAT_00890_mp-761797.cif,downloaded,downloaded
BAT_00891,MnO2,mp-510408,mp-2861076,BAT_00891_mp-510408.cif,BAT_00891_mp-2861076.cif,downloaded,downloaded
BAT_00892,Mn3O8,mp-758809,mp-1174554,BAT_00892_mp-758809.cif,BAT_00892_mp-1174554.cif,downloaded,downloaded
BAT_00893,MnO2,mp-758273,mp-756747,BAT_00893_mp-758273.cif,BAT_00893_mp-756747.cif,downloaded,downloaded
BAT_00895,Mn7O16,mp-757932,mp-1100519,BAT_00895_mp-757932.cif,BAT_00895_mp-1100519.cif,downloaded,downloaded
BAT_00896,Mn5O8,mp-752536,mp-754811,BAT_00896_mp-752536.cif,BAT_00896_mp-754811.cif,downloaded,downloaded
BAT_00898,Mn3O8,mp-770608,mp-779771,BAT_00898_mp-770608.cif,BAT_00898_mp-779771.cif,downloaded,downloaded
BAT_00899,MnO2,mp-1176651,mp-759775,BAT_00899_mp-1176651.cif,BAT_00899_mp-759775.cif,downloaded,downloaded
BAT_00900,MnO2,mp-510732,mp-18767,BAT_00900_mp-510732.cif,BAT_00900_mp-18767.cif,downloaded,downloaded
BAT_00901,MnO2,mp-19395,mp-1003315,BAT_00901_mp-19395.cif,BAT_00901_mp-1003315.cif,downloaded,downloaded
BAT_00902,MnO2,mp-1407587,mp-756371,BAT_00902_mp-1407587.cif,BAT_00902_mp-756371.cif,downloaded,downloaded
BAT_00903,MnO2,mp-766948,mp-690161,BAT_00903_mp-766948.cif,BAT_00903_mp-690161.cif,downloaded,downloaded
BAT_00904,Mn21O40,mp-766493,mp-530725,BAT_00904_mp-766493.cif,BAT_00904_mp-530725.cif,downloaded,downloaded
BAT_00905,Mn5O12,mp-758668,mp-691115,BAT_00905_mp-758668.cif,BAT_00905_mp-691115.cif,downloaded,downloaded
BAT_00909,MnO2,mp-644514,mp-1016095,BAT_00909_mp-644514.cif,BAT_00909_mp-1016095.cif,downloaded,downloaded
BAT_00910,Mn21O40,mp-849596,mp-776365,BAT_00910_mp-849596.cif,BAT_00910_mp-776365.cif,downloaded,downloaded
BAT_00911,MnO2,mp-1271850,mp-2506805,BAT_00911_mp-1271850.cif,BAT_00911_mp-2506805.cif,downloaded,downloaded
BAT_00912,MnO3,mp-758698,mp-18988,BAT_00912_mp-758698.cif,BAT_00912_mp-18988.cif,downloaded,downloaded
BAT_00913,Mn15O32,mp-867971,mp-769450,BAT_00913_mp-867971.cif,BAT_00913_mp-769450.cif,downloaded,downloaded
BAT_00914,Mn7O12,mp-753234,mp-754393,BAT_00914_mp-753234.cif,BAT_00914_mp-754393.cif,downloaded,downloaded
BAT_00916,MnO2,mp-1177832,mp-762412,BAT_00916_mp-1177832.cif,BAT_00916_mp-762412.cif,downloaded,downloaded
BAT_00917,MnPO4,mp-25972,mp-25971,BAT_00917_mp-25972.cif,BAT_00917_mp-25971.cif,downloaded,downloaded
BAT_00918,Mn(PO3)5,mp-849736,mp-705355,BAT_00918_mp-849736.cif,BAT_00918_mp-705355.cif,downloaded,downloaded
BAT_00919,Mn4(PO4)3,mp-25932,mp-585189,BAT_00919_mp-25932.cif,BAT_00919_mp-585189.cif,downloaded,downloaded
BAT_00921,Mn9(P2O7)8,mp-504117,mp-705402,BAT_00921_mp-504117.cif,BAT_00921_mp-705402.cif,downloaded,downloaded
BAT_00923,Mn(PO3)3,mp-25237,mp-19492,BAT_00923_mp-25237.cif,BAT_00923_mp-19492.cif,downloaded,downloaded
BAT_00924,MnPO4,mp-26220,mp-26219,BAT_00924_mp-26220.cif,BAT_00924_mp-26219.cif,downloaded,downloaded
BAT_00925,MnPO4,mp-26980,mp-18997,BAT_00925_mp-26980.cif,BAT_00925_mp-18997.cif,downloaded,downloaded
BAT_00926,Mn(PO3)3,mp-704236,mp-26019,BAT_00926_mp-704236.cif,BAT_00926_mp-26019.cif,downloaded,downloaded
BAT_00927,MnPO4,mp-26284,mp-31940,BAT_00927_mp-26284.cif,BAT_00927_mp-31940.cif,downloaded,downloaded
BAT_00928,Mn(PO3)4,mp-26274,mp-31950,BAT_00928_mp-26274.cif,BAT_00928_mp-31950.cif,downloaded,downloaded
BAT_00929,Mn3P8O29,mp-1177655,mp-26035,BAT_00929_mp-1177655.cif,BAT_00929_mp-26035.cif,downloaded,downloaded
BAT_00930,Mn4(PO4)3,mp-25970,mp-25969,BAT_00930_mp-25970.cif,BAT_00930_mp-25969.cif,downloaded,downloaded
BAT_00931,MnP2O7,mp-540193,mp-26257,BAT_00931_mp-540193.cif,BAT_00931_mp-26257.cif,downloaded,downloaded
BAT_00932,Mn3P3O13,mp-1047928,mp-1013917,BAT_00932_mp-1047928.cif,BAT_00932_mp-1013917.cif,downloaded,downloaded
BAT_00933,Mn2(PO4)3,mp-26118,mp-849398,BAT_00933_mp-26118.cif,BAT_00933_mp-849398.cif,downloaded,downloaded
BAT_00934,MnP2O7,mp-26340,mp-26339,BAT_00934_mp-26340.cif,BAT_00934_mp-26339.cif,downloaded,downloaded
BAT_00935,MnPO4,mp-27066,mp-1172916,BAT_00935_mp-27066.cif,BAT_00935_mp-1172916.cif,downloaded,downloaded
BAT_00936,Mn3(PO4)4,mp-26060,mp-780723,BAT_00936_mp-26060.cif,BAT_00936_mp-780723.cif,downloaded,downloaded
BAT_00937,MnPO4,mp-540118,mp-26057,BAT_00937_mp-540118.cif,BAT_00937_mp-26057.cif,downloaded,downloaded
BAT_00938,MnP2O7,mp-697742,mp-540421,BAT_00938_mp-697742.cif,BAT_00938_mp-540421.cif,downloaded,downloaded
BAT_00940,MnP2O7,mp-697788,mp-26397,BAT_00940_mp-697788.cif,BAT_00940_mp-26397.cif,downloaded,downloaded
BAT_00941,Mn4(PO4)3,mp-26394,mp-26393,BAT_00941_mp-26394.cif,BAT_00941_mp-26393.cif,downloaded,downloaded
BAT_00942,Mn2(PO4)3,mp-26062,mp-768651,BAT_00942_mp-26062.cif,BAT_00942_mp-768651.cif,downloaded,downloaded
BAT_00943,MnP2O7,mp-540416,mp-540223,BAT_00943_mp-540416.cif,BAT_00943_mp-540223.cif,downloaded,downloaded
BAT_00944,MnPO4,mp-540146,mp-1176680,BAT_00944_mp-540146.cif,BAT_00944_mp-1176680.cif,downloaded,downloaded
BAT_00945,MnP2O7,mp-697744,mp-26413,BAT_00945_mp-697744.cif,BAT_00945_mp-26413.cif,downloaded,downloaded
BAT_00948,MnP2O7,mp-27032,mp-27031,BAT_00948_mp-27032.cif,BAT_00948_mp-27031.cif,downloaded,downloaded
BAT_00949,Mn2(PO4)3,mp-32023,mp-26453,BAT_00949_mp-32023.cif,BAT_00949_mp-26453.cif,downloaded,downloaded
BAT_00951,MnPO4,mp-694547,mp-26071,BAT_00951_mp-694547.cif,BAT_00951_mp-26071.cif,downloaded,downloaded
BAT_00952,MnP2O7,mp-585266,mp-31953,BAT_00952_mp-585266.cif,BAT_00952_mp-31953.cif,downloaded,downloaded
BAT_00953,Mn(PO4)2,mp-881278,mp-26081,BAT_00953_mp-881278.cif,BAT_00953_mp-26081.cif,downloaded,downloaded
BAT_00954,Mn4(PO4)3,mp-705354,mp-31931,BAT_00954_mp-705354.cif,BAT_00954_mp-31931.cif,downloaded,downloaded
BAT_00955,Mn(PO3)4,mp-689967,mp-540477,BAT_00955_mp-689967.cif,BAT_00955_mp-540477.cif,downloaded,downloaded
BAT_00956,Mn(PO4)2,mp-753867,mp-753291,BAT_00956_mp-753867.cif,BAT_00956_mp-753291.cif,downloaded,downloaded
BAT_00957,Mn(PO4)2,mp-867825,mp-31972,BAT_00957_mp-867825.cif,BAT_00957_mp-31972.cif,downloaded,downloaded
BAT_00958,MnP2O7,mp-31960,mp-1101535,BAT_00958_mp-31960.cif,BAT_00958_mp-1101535.cif,downloaded,downloaded
BAT_00959,MnPO4,mp-753423,mp-857355,BAT_00959_mp-753423.cif,BAT_00959_mp-857355.cif,downloaded,downloaded
BAT_00960,Mn3(P2O7)2,mp-694554,mp-26083,BAT_00960_mp-694554.cif,BAT_00960_mp-26083.cif,downloaded,downloaded
BAT_00961,Mn2P2O9,mp-1040954,mp-1097049,BAT_00961_mp-1040954.cif,BAT_00961_mp-1097049.cif,downloaded,downloaded
BAT_00962,MnP2O7,mp-849633,mp-1176940,BAT_00962_mp-849633.cif,BAT_00962_mp-1176940.cif,downloaded,downloaded
BAT_00963,Mn(PO4)2,mp-754179,mp-753513,BAT_00963_mp-754179.cif,BAT_00963_mp-753513.cif,downloaded,downloaded
BAT_00964,MnPO4,mp-697761,mp-26607,BAT_00964_mp-697761.cif,BAT_00964_mp-26607.cif,downloaded,downloaded
BAT_00965,MnP2O7,mp-26632,mp-1101530,BAT_00965_mp-26632.cif,BAT_00965_mp-1101530.cif,downloaded,downloaded
BAT_00966,Mn(PO3)4,mp-32018,mp-540331,BAT_00966_mp-32018.cif,BAT_00966_mp-540331.cif,downloaded,downloaded
BAT_00967,Mn(PO3)4,mp-694557,mp-26095,BAT_00967_mp-694557.cif,BAT_00967_mp-26095.cif,downloaded,downloaded
BAT_00968,Mn(PO3)3,mp-557190,mp-775915,BAT_00968_mp-557190.cif,BAT_00968_mp-775915.cif,downloaded,downloaded
BAT_00969,Mn3(P2O7)2,mp-706469,mp-32027,BAT_00969_mp-706469.cif,BAT_00969_mp-32027.cif,downloaded,downloaded
BAT_00970,Mn2P3O11,mp-25830,mp-25829,BAT_00970_mp-25830.cif,BAT_00970_mp-25829.cif,downloaded,downloaded
BAT_00971,Mn(PO3)4,mp-32028,mp-26783,BAT_00971_mp-32028.cif,BAT_00971_mp-26783.cif,downloaded,downloaded
BAT_00972,MnP2O7,mp-26734,mp-695780,BAT_00972_mp-26734.cif,BAT_00972_mp-695780.cif,downloaded,downloaded
BAT_00973,Mn(PO4)2,mp-753895,mp-863426,BAT_00973_mp-753895.cif,BAT_00973_mp-863426.cif,downloaded,downloaded
BAT_00974,MnP2O7,mp-26138,mp-31924,BAT_00974_mp-26138.cif,BAT_00974_mp-31924.cif,downloaded,downloaded
BAT_00975,MnPO4,mp-753476,mp-25831,BAT_00975_mp-753476.cif,BAT_00975_mp-25831.cif,downloaded,downloaded
BAT_00976,MnPO4,mp-705467,mp-585279,BAT_00976_mp-705467.cif,BAT_00976_mp-585279.cif,downloaded,downloaded
BAT_00977,Mn(PO3)4,mp-704184,mp-25887,BAT_00977_mp-704184.cif,BAT_00977_mp-25887.cif,downloaded,downloaded
BAT_00978,MnPO4,mp-26820,mp-861056,BAT_00978_mp-26820.cif,BAT_00978_mp-861056.cif,downloaded,downloaded
BAT_00979,Mn3(PO4)4,mp-26144,mp-26143,BAT_00979_mp-26144.cif,BAT_00979_mp-26143.cif,downloaded,downloaded
BAT_00980,Mn5(P3O11)2,mp-31954,mp-25857,BAT_00980_mp-31954.cif,BAT_00980_mp-25857.cif,downloaded,downloaded
BAT_00981,Mn(PO4)2,mp-758816,mp-1663233,BAT_00981_mp-758816.cif,BAT_00981_mp-1663233.cif,downloaded,downloaded
BAT_00982,Mn3(PO4)4,mp-697730,mp-1101551,BAT_00982_mp-697730.cif,BAT_00982_mp-1101551.cif,downloaded,downloaded
BAT_00983,Mn(PO3)3,mp-504351,mp-26937,BAT_00983_mp-504351.cif,BAT_00983_mp-26937.cif,downloaded,downloaded
BAT_00984,Mn2P3O10,mp-697794,mp-26927,BAT_00984_mp-697794.cif,BAT_00984_mp-26927.cif,downloaded,downloaded
BAT_00985,MnPO4,mp-753420,mp-1663809,BAT_00985_mp-753420.cif,BAT_00985_mp-1663809.cif,downloaded,downloaded
BAT_00986,Mn4(PO4)3,mp-504398,mp-27085,BAT_00986_mp-504398.cif,BAT_00986_mp-27085.cif,downloaded,downloaded
BAT_00987,Mn2P5O16,mp-27026,mp-26187,BAT_00987_mp-27026.cif,BAT_00987_mp-26187.cif,downloaded,downloaded
BAT_00988,Mn9(PO4)8,mp-704227,mp-25923,BAT_00988_mp-704227.cif,BAT_00988_mp-25923.cif,downloaded,downloaded
BAT_00989,Mn3(PO4)4,mp-758525,mp-755112,BAT_00989_mp-758525.cif,BAT_00989_mp-755112.cif,downloaded,downloaded
BAT_00990,MnPO4,mp-689981,mp-26941,BAT_00990_mp-689981.cif,BAT_00990_mp-26941.cif,downloaded,downloaded
BAT_00991,MnP2O7,mp-26982,mp-770967,BAT_00991_mp-26982.cif,BAT_00991_mp-770967.cif,downloaded,downloaded
BAT_00992,Mn(PO3)4,mp-759549,mp-31979,BAT_00992_mp-759549.cif,BAT_00992_mp-31979.cif,downloaded,downloaded
BAT_00993,Mn(PO3)4,mp-26984,mp-780694,BAT_00993_mp-26984.cif,BAT_00993_mp-780694.cif,downloaded,downloaded
BAT_00994,Mn2P3O10,mp-26978,mp-26977,BAT_00994_mp-26978.cif,BAT_00994_mp-26977.cif,downloaded,downloaded
BAT_00995,Mn2(PO4)3,mp-860928,mp-1177120,BAT_00995_mp-860928.cif,BAT_00995_mp-1177120.cif,downloaded,downloaded
BAT_00996,MnPO5,mp-766128,mp-1180529,BAT_00996_mp-766128.cif,BAT_00996_mp-1180529.cif,downloaded,downloaded
BAT_00997,MnPO4,mp-756329,mp-860939,BAT_00997_mp-756329.cif,BAT_00997_mp-860939.cif,downloaded,downloaded
BAT_00998,MnP2O7,mp-770531,mp-776396,BAT_00998_mp-770531.cif,BAT_00998_mp-776396.cif,downloaded,downloaded
BAT_00999,Mn(PO3)3,mp-763790,mp-1663238,BAT_00999_mp-763790.cif,BAT_00999_mp-1663238.cif,downloaded,downloaded
BAT_01000,MnP2O7,mp-771388,mp-775905,BAT_01000_mp-771388.cif,BAT_01000_mp-775905.cif,downloaded,downloaded
BAT_01001,Mn(PO3)3,mp-771905,mp-1176762,BAT_01001_mp-771905.cif,BAT_01001_mp-1176762.cif,downloaded,downloaded
BAT_01002,MnP2O7,mp-771660,mp-775903,BAT_01002_mp-771660.cif,BAT_01002_mp-775903.cif,downloaded,downloaded
BAT_01003,MnP2O9,mp-867845,mp-757635,BAT_01003_mp-867845.cif,BAT_01003_mp-757635.cif,downloaded,downloaded
BAT_01004,MnP2O7,mp-757059,mp-1177902,BAT_01004_mp-757059.cif,BAT_01004_mp-1177902.cif,downloaded,downloaded
BAT_01005,Mn2(PO4)3,mp-766211,mp-863434,BAT_01005_mp-766211.cif,BAT_01005_mp-863434.cif,downloaded,downloaded
BAT_01007,MnPO4,mp-777460,mp-776296,BAT_01007_mp-777460.cif,BAT_01007_mp-776296.cif,downloaded,downloaded
BAT_01008,MnP2O7,mp-755561,mp-1177905,BAT_01008_mp-755561.cif,BAT_01008_mp-1177905.cif,downloaded,downloaded
BAT_01009,MnPO4,mp-849889,mp-859101,BAT_01009_mp-849889.cif,BAT_01009_mp-859101.cif,downloaded,downloaded
BAT_01010,MnPO4,mp-766455,mp-857356,BAT_01010_mp-766455.cif,BAT_01010_mp-857356.cif,downloaded,downloaded
BAT_01011,MnPO5,mp-766439,mp-757358,BAT_01011_mp-766439.cif,BAT_01011_mp-757358.cif,downloaded,downloaded
BAT_01013,MnPO4,mp-768444,mp-778864,BAT_01013_mp-768444.cif,BAT_01013_mp-778864.cif,downloaded,downloaded
BAT_01015,MnP2O7,mp-770558,mp-776393,BAT_01015_mp-770558.cif,BAT_01015_mp-776393.cif,downloaded,downloaded
BAT_01016,MnPO4,mp-772269,mp-772041,BAT_01016_mp-772269.cif,BAT_01016_mp-772041.cif,downloaded,downloaded
BAT_01020,Mn7(PO4)6,mp-770696,mp-849324,BAT_01020_mp-770696.cif,BAT_01020_mp-849324.cif,downloaded,downloaded
BAT_01021,Mn2PO5,mp-770538,mp-776397,BAT_01021_mp-770538.cif,BAT_01021_mp-776397.cif,downloaded,downloaded
BAT_01022,Mn3Sb(PO4)6,mp-775275,mp-1177012,BAT_01022_mp-775275.cif,BAT_01022_mp-1177012.cif,downloaded,downloaded
BAT_01023,Mn3Sb(PO4)4,mp-756463,mp-753896,BAT_01023_mp-756463.cif,BAT_01023_mp-753896.cif,downloaded,downloaded
BAT_01024,Mn7Sb(PO4)12,mp-776832,mp-1176842,BAT_01024_mp-776832.cif,BAT_01024_mp-1176842.cif,downloaded,downloaded
BAT_01025,Mn5Sb(PO4)6,mp-772211,mp-1177350,BAT_01025_mp-772211.cif,BAT_01025_mp-1177350.cif,downloaded,downloaded
BAT_01026,Mn3Sn(PO4)4,mp-756099,mp-757170,BAT_01026_mp-756099.cif,BAT_01026_mp-757170.cif,downloaded,downloaded
BAT_01027,MnSn(PO4)2,mp-775753,mp-860889,BAT_01027_mp-775753.cif,BAT_01027_mp-860889.cif,downloaded,downloaded
BAT_01028,Mn7Sn(PO4)12,mp-778765,mp-1176895,BAT_01028_mp-778765.cif,BAT_01028_mp-1176895.cif,downloaded,downloaded
BAT_01029,Mn3Sn(PO4)6,mp-778517,mp-776373,BAT_01029_mp-778517.cif,BAT_01029_mp-776373.cif,downloaded,downloaded
BAT_01030,Mn5Sn(PO4)6,mp-774344,mp-850367,BAT_01030_mp-774344.cif,BAT_01030_mp-850367.cif,downloaded,downloaded
BAT_01032,TiMn7(PO4)12,mp-778073,mp-776113,BAT_01032_mp-778073.cif,BAT_01032_mp-776113.cif,downloaded,downloaded
BAT_01033,MnV3(PO4)4,mp-775134,mp-757477,BAT_01033_mp-775134.cif,BAT_01033_mp-757477.cif,downloaded,downloaded
BAT_01034,TiMn3(PO4)6,mp-774461,mp-780178,BAT_01034_mp-774461.cif,BAT_01034_mp-780178.cif,downloaded,downloaded
BAT_01036,TiMn3(PO4)4,mp-771949,mp-756813,BAT_01036_mp-771949.cif,BAT_01036_mp-756813.cif,downloaded,downloaded
BAT_01037,MnV(P2O7)2,mp-774043,mp-850951,BAT_01037_mp-774043.cif,BAT_01037_mp-850951.cif,downloaded,downloaded
BAT_01038,MnV(PO4)3,mp-774297,mp-768106,BAT_01038_mp-774297.cif,BAT_01038_mp-768106.cif,downloaded,downloaded
BAT_01039,MnV3(PO4)6,mp-774413,mp-777761,BAT_01039_mp-774413.cif,BAT_01039_mp-777761.cif,downloaded,downloaded
BAT_01040,MnV(PO4)3,mp-768544,mp-768584,BAT_01040_mp-768544.cif,BAT_01040_mp-768584.cif,downloaded,downloaded
BAT_01041,Mn7V(PO4)12,mp-772136,mp-1178090,BAT_01041_mp-772136.cif,BAT_01041_mp-1178090.cif,downloaded,downloaded
BAT_01042,Mn3V(PO4)4,mp-756523,mp-757332,BAT_01042_mp-756523.cif,BAT_01042_mp-757332.cif,downloaded,downloaded
BAT_01043,MnV(PO4)2,mp-1176429,mp-757718,BAT_01043_mp-1176429.cif,BAT_01043_mp-757718.cif,downloaded,downloaded
BAT_01044,Mn5V(PO4)6,mp-772144,mp-775798,BAT_01044_mp-772144.cif,BAT_01044_mp-775798.cif,downloaded,downloaded
BAT_01045,MnV(PO4)3,mp-777816,mp-768721,BAT_01045_mp-777816.cif,BAT_01045_mp-768721.cif,downloaded,downloaded
BAT_01046,Mn5P6WO24,mp-771764,mp-771110,BAT_01046_mp-771764.cif,BAT_01046_mp-771110.cif,downloaded,downloaded
BAT_01047,MnV2(PO4)3,mp-775212,mp-757262,BAT_01047_mp-775212.cif,BAT_01047_mp-757262.cif,downloaded,downloaded
BAT_01048,Mn3V(PO4)6,mp-774638,mp-752805,BAT_01048_mp-774638.cif,BAT_01048_mp-752805.cif,downloaded,downloaded
BAT_01049,MnV(PO4)3,mp-768547,mp-768583,BAT_01049_mp-768547.cif,BAT_01049_mp-768583.cif,downloaded,downloaded
BAT_01050,Mn3P6WO24,mp-1176455,mp-769612,BAT_01050_mp-1176455.cif,BAT_01050_mp-769612.cif,downloaded,downloaded
BAT_01051,MnSO5,mp-2224849,mp-1235338,BAT_01051_mp-2224849.cif,BAT_01051_mp-1235338.cif,downloaded,downloaded
BAT_01052,Mn(SO4)2,mp-780520,mp-758969,BAT_01052_mp-780520.cif,BAT_01052_mp-758969.cif,downloaded,downloaded
BAT_01053,Mn2(SO4)3,mp-778822,mp-768608,BAT_01053_mp-778822.cif,BAT_01053_mp-768608.cif,downloaded,downloaded
BAT_01054,Mn(SO4)2,mp-771239,mp-773112,BAT_01054_mp-771239.cif,BAT_01054_mp-773112.cif,downloaded,downloaded
BAT_01055,Mn2(SO4)3,mp-768543,mp-768742,BAT_01055_mp-768543.cif,BAT_01055_mp-768742.cif,downloaded,downloaded
BAT_01056,Mn2(SO4)3,mp-768472,mp-768898,BAT_01056_mp-768472.cif,BAT_01056_mp-768898.cif,downloaded,downloaded
BAT_01057,Mn3SbO8,mp-754156,mp-1309272,BAT_01057_mp-754156.cif,BAT_01057_mp-1309272.cif,downloaded,downloaded
BAT_01058,Mn(SO4)2,mp-773014,mp-774465,BAT_01058_mp-773014.cif,BAT_01058_mp-774465.cif,downloaded,downloaded
BAT_01059,Mn3SbO8,mp-774654,mp-763186,BAT_01059_mp-774654.cif,BAT_01059_mp-763186.cif,downloaded,downloaded
BAT_01060,Mn5SbO12,mp-1177353,mp-1639020,BAT_01060_mp-1177353.cif,BAT_01060_mp-1639020.cif,downloaded,downloaded
BAT_01061,Mn(SbO3)4,mp-757065,mp-757166,BAT_01061_mp-757065.cif,BAT_01061_mp-757166.cif,downloaded,downloaded
BAT_01062,Mn5Sb3O16,mp-771391,mp-756961,BAT_01062_mp-771391.cif,BAT_01062_mp-756961.cif,downloaded,downloaded
BAT_01063,Mn3SbO8,mp-774390,mp-776741,BAT_01063_mp-774390.cif,BAT_01063_mp-776741.cif,downloaded,downloaded
BAT_01064,Mn5(SeO3)8,mp-776755,mp-774707,BAT_01064_mp-776755.cif,BAT_01064_mp-774707.cif,downloaded,downloaded
BAT_01065,Ti3Mn3(SbO8)2,mp-763292,mp-758701,BAT_01065_mp-763292.cif,BAT_01065_mp-758701.cif,downloaded,downloaded
BAT_01066,MnSi2O7,mp-753370,mp-752722,BAT_01066_mp-753370.cif,BAT_01066_mp-752722.cif,downloaded,downloaded
BAT_01067,Mn3(SeO3)4,mp-773071,mp-773051,BAT_01067_mp-773071.cif,BAT_01067_mp-773051.cif,downloaded,downloaded
BAT_01068,Mn(SiO3)2,mp-1142713,mp-757169,BAT_01068_mp-1142713.cif,BAT_01068_mp-757169.cif,downloaded,downloaded
BAT_01069,Mn2Si2O7,mp-756726,mp-859108,BAT_01069_mp-756726.cif,BAT_01069_mp-859108.cif,downloaded,downloaded
BAT_01070,MnSiO4,mp-754026,mp-831245,BAT_01070_mp-754026.cif,BAT_01070_mp-831245.cif,downloaded,downloaded
BAT_01071,MnSiO4,mp-769543,mp-783909,BAT_01071_mp-769543.cif,BAT_01071_mp-783909.cif,downloaded,downloaded
BAT_01072,MnSiO4,mp-753965,mp-559240,BAT_01072_mp-753965.cif,BAT_01072_mp-559240.cif,downloaded,downloaded
BAT_01073,Mn(Si2O5)2,mp-1043728,mp-849757,BAT_01073_mp-1043728.cif,BAT_01073_mp-849757.cif,downloaded,downloaded
BAT_01074,Mn4Si4O13,mp-766688,mp-860880,BAT_01074_mp-766688.cif,BAT_01074_mp-860880.cif,downloaded,downloaded
BAT_01075,MnSiO4,mp-1312705,mp-755842,BAT_01075_mp-1312705.cif,BAT_01075_mp-755842.cif,downloaded,downloaded
BAT_01076,MnSiO4,mp-774356,mp-774639,BAT_01076_mp-774356.cif,BAT_01076_mp-774639.cif,downloaded,downloaded
BAT_01077,Mn2Si3O10,mp-766544,mp-757670,BAT_01077_mp-766544.cif,BAT_01077_mp-757670.cif,downloaded,downloaded
BAT_01078,MnSiO4,mp-769538,mp-759726,BAT_01078_mp-769538.cif,BAT_01078_mp-759726.cif,downloaded,downloaded
BAT_01079,MnSiO4,mp-774171,mp-780709,BAT_01079_mp-774171.cif,BAT_01079_mp-780709.cif,downloaded,downloaded
BAT_01080,MnSiO4,mp-778489,mp-768020,BAT_01080_mp-778489.cif,BAT_01080_mp-768020.cif,downloaded,downloaded
BAT_01081,Mn3Si3O10,mp-861258,mp-767709,BAT_01081_mp-861258.cif,BAT_01081_mp-767709.cif,downloaded,downloaded
BAT_01082,MnSiO4,mp-780287,mp-780666,BAT_01082_mp-780287.cif,BAT_01082_mp-780666.cif,downloaded,downloaded
BAT_01084,Mn3SnO8,mp-753706,mp-772578,BAT_01084_mp-753706.cif,BAT_01084_mp-772578.cif,downloaded,downloaded
BAT_01086,Mn3SnO8,mp-770865,mp-774798,BAT_01086_mp-770865.cif,BAT_01086_mp-774798.cif,downloaded,downloaded
BAT_01087,Mn3SnO8,mp-849767,mp-1282790,BAT_01087_mp-849767.cif,BAT_01087_mp-1282790.cif,downloaded,downloaded
BAT_01088,Mn5SnO12,mp-757467,mp-756595,BAT_01088_mp-757467.cif,BAT_01088_mp-756595.cif,downloaded,downloaded
BAT_01089,MnSnO4,mp-755934,mp-773184,BAT_01089_mp-755934.cif,BAT_01089_mp-773184.cif,downloaded,downloaded
BAT_01090,Mn3Sn3(TeO8)2,mp-772482,mp-774292,BAT_01090_mp-772482.cif,BAT_01090_mp-774292.cif,downloaded,downloaded
BAT_01091,Ti3Mn3(SnO8)2,mp-776644,mp-1177280,BAT_01091_mp-776644.cif,BAT_01091_mp-1177280.cif,downloaded,downloaded
BAT_01092,Mn3TeO8,mp-770922,mp-753235,BAT_01092_mp-770922.cif,BAT_01092_mp-753235.cif,downloaded,downloaded
BAT_01093,Mn5Te3O16,mp-771044,mp-773469,BAT_01093_mp-771044.cif,BAT_01093_mp-773469.cif,downloaded,downloaded
BAT_01094,Mn3TeO8,mp-756833,mp-1303020,BAT_01094_mp-756833.cif,BAT_01094_mp-1303020.cif,downloaded,downloaded
BAT_01095,Mn3TeO8,mp-772541,mp-1290858,BAT_01095_mp-772541.cif,BAT_01095_mp-1290858.cif,downloaded,downloaded
BAT_01097,Ti2Mn3O10,mp-753655,mp-752796,BAT_01097_mp-753655.cif,BAT_01097_mp-752796.cif,downloaded,downloaded
BAT_01098,Ti3Mn3(TeO8)2,mp-756447,mp-758152,BAT_01098_mp-756447.cif,BAT_01098_mp-758152.cif,downloaded,downloaded
BAT_01099,TiMn5O12,mp-757064,mp-754620,BAT_01099_mp-757064.cif,BAT_01099_mp-754620.cif,downloaded,downloaded
BAT_01100,Mn3V3(TeO8)2,mp-772284,mp-1177458,BAT_01100_mp-772284.cif,BAT_01100_mp-1177458.cif,downloaded,downloaded
BAT_01101,TiMnO4,mp-775296,mp-754547,BAT_01101_mp-775296.cif,BAT_01101_mp-754547.cif,downloaded,downloaded
BAT_01102,TiMn2O6,mp-1101349,mp-776053,BAT_01102_mp-1101349.cif,BAT_01102_mp-776053.cif,downloaded,downloaded
BAT_01103,TiMn2O6,mp-775831,mp-1292456,BAT_01103_mp-775831.cif,BAT_01103_mp-1292456.cif,downloaded,downloaded
BAT_01105,TiMn3O8,mp-756589,mp-756866,BAT_01105_mp-756589.cif,BAT_01105_mp-756866.cif,downloaded,downloaded
BAT_01106,TiMn3O8,mp-756808,mp-755233,BAT_01106_mp-756808.cif,BAT_01106_mp-755233.cif,downloaded,downloaded
BAT_01107,Ti5Mn3O16,mp-776100,mp-777417,BAT_01107_mp-776100.cif,BAT_01107_mp-777417.cif,downloaded,downloaded
BAT_01108,TiMn9O20,mp-771265,mp-778500,BAT_01108_mp-771265.cif,BAT_01108_mp-778500.cif,downloaded,downloaded
BAT_01109,TiMnO4,mp-1301329,mp-755668,BAT_01109_mp-1301329.cif,BAT_01109_mp-755668.cif,downloaded,downloaded
BAT_01110,Ti3MnO8,mp-782664,mp-777480,BAT_01110_mp-782664.cif,BAT_01110_mp-777480.cif,downloaded,downloaded
BAT_01111,TiMn3O8,mp-759309,mp-760999,BAT_01111_mp-759309.cif,BAT_01111_mp-760999.cif,downloaded,downloaded
BAT_01112,TiMn4O10,mp-777945,mp-771355,BAT_01112_mp-777945.cif,BAT_01112_mp-771355.cif,downloaded,downloaded
BAT_01113,TiMn3O8,mp-755307,mp-765565,BAT_01113_mp-755307.cif,BAT_01113_mp-765565.cif,downloaded,downloaded
BAT_01115,MnV4O12,mp-752792,mp-1282819,BAT_01115_mp-752792.cif,BAT_01115_mp-1282819.cif,downloaded,downloaded
BAT_01116,MnVO4,mp-25321,mp-19107,BAT_01116_mp-25321.cif,BAT_01116_mp-19107.cif,downloaded,downloaded
BAT_01117,MnVO4,mp-753949,mp-753760,BAT_01117_mp-753949.cif,BAT_01117_mp-753760.cif,downloaded,downloaded
BAT_01119,Mn2V5O12,mp-757617,mp-774681,BAT_01119_mp-757617.cif,BAT_01119_mp-774681.cif,downloaded,downloaded
BAT_01121,MnV3O8,mp-756087,mp-867644,BAT_01121_mp-756087.cif,BAT_01121_mp-867644.cif,downloaded,downloaded
BAT_01122,Mn3VO8,mp-771315,mp-781772,BAT_01122_mp-771315.cif,BAT_01122_mp-781772.cif,downloaded,downloaded
BAT_01123,Mn2V3O12,mp-849562,mp-760844,BAT_01123_mp-849562.cif,BAT_01123_mp-760844.cif,downloaded,downloaded
BAT_01125,MnV3O8,mp-774945,mp-756896,BAT_01125_mp-774945.cif,BAT_01125_mp-756896.cif,downloaded,downloaded
BAT_01126,Mn3VO8,mp-756398,mp-773098,BAT_01126_mp-756398.cif,BAT_01126_mp-773098.cif,downloaded,downloaded
BAT_01127,MnV5O12,mp-756126,mp-776140,BAT_01127_mp-756126.cif,BAT_01127_mp-776140.cif,downloaded,downloaded
BAT_01129,MnV4O12,mp-758590,mp-756140,BAT_01129_mp-758590.cif,BAT_01129_mp-756140.cif,downloaded,downloaded
BAT_01130,MnV3O8,mp-757175,mp-759213,BAT_01130_mp-757175.cif,BAT_01130_mp-759213.cif,downloaded,downloaded
BAT_01131,MnVO4,mp-756542,mp-861234,BAT_01131_mp-756542.cif,BAT_01131_mp-861234.cif,downloaded,downloaded
BAT_01132,Mn3V2O10,mp-772119,mp-756863,BAT_01132_mp-772119.cif,BAT_01132_mp-756863.cif,downloaded,downloaded
BAT_01133,Mn3WO8,mp-756701,mp-773363,BAT_01133_mp-756701.cif,BAT_01133_mp-773363.cif,downloaded,downloaded
BAT_01149,Ti(SO4)2,mp-780570,mp-1176809,BAT_01149_mp-780570.cif,BAT_01149_mp-1176809.cif,downloaded,downloaded
BAT_01151,V2(SO4)3,mp-25278,mp-558327,BAT_01151_mp-25278.cif,BAT_01151_mp-558327.cif,downloaded,downloaded
BAT_01154,V2(SO4)3,mp-770389,mp-770191,BAT_01154_mp-770389.cif,BAT_01154_mp-770191.cif,downloaded,downloaded
BAT_01155,V(SO4)2,mp-771320,mp-771941,BAT_01155_mp-771320.cif,BAT_01155_mp-771941.cif,downloaded,downloaded
BAT_01156,V(SO4)2,mp-849323,mp-759347,BAT_01156_mp-849323.cif,BAT_01156_mp-759347.cif,downloaded,downloaded
BAT_01158,V(SO4)3,mp-772428,mp-772425,BAT_01158_mp-772428.cif,BAT_01158_mp-772425.cif,downloaded,downloaded
BAT_01163,TiSiO4,mp-1095481,mp-1176604,BAT_01163_mp-1095481.cif,BAT_01163_mp-1176604.cif,downloaded,downloaded
BAT_01167,VSiO5,mp-754539,mp-18860,BAT_01167_mp-754539.cif,BAT_01167_mp-18860.cif,downloaded,downloaded
BAT_01168,VSiO4,mp-762820,mp-753702,BAT_01168_mp-762820.cif,BAT_01168_mp-753702.cif,downloaded,downloaded
BAT_01169,VSiO4,mp-754643,mp-766923,BAT_01169_mp-754643.cif,BAT_01169_mp-766923.cif,downloaded,downloaded
BAT_01170,V(SiO3)2,mp-753907,mp-757307,BAT_01170_mp-753907.cif,BAT_01170_mp-757307.cif,downloaded,downloaded
BAT_01171,VSiO4,mp-778032,mp-753374,BAT_01171_mp-778032.cif,BAT_01171_mp-753374.cif,downloaded,downloaded
BAT_01172,VSi2O7,mp-1177775,mp-1253145,BAT_01172_mp-1177775.cif,BAT_01172_mp-1253145.cif,downloaded,downloaded
BAT_01173,VSiO5,mp-780114,mp-766036,BAT_01173_mp-780114.cif,BAT_01173_mp-766036.cif,downloaded,downloaded
BAT_01174,V2Si4O11,mp-867855,mp-756730,BAT_01174_mp-867855.cif,BAT_01174_mp-756730.cif,downloaded,downloaded
BAT_01175,V(SiO3)2,mp-1265975,mp-19043,BAT_01175_mp-1265975.cif,BAT_01175_mp-19043.cif,downloaded,downloaded
BAT_01176,V3Si3O10,mp-1101243,mp-767778,BAT_01176_mp-1101243.cif,BAT_01176_mp-767778.cif,downloaded,downloaded
BAT_01177,V4Si4O13,mp-766894,mp-767720,BAT_01177_mp-766894.cif,BAT_01177_mp-767720.cif,downloaded,downloaded
BAT_01178,VSiO4,mp-756291,mp-766083,BAT_01178_mp-756291.cif,BAT_01178_mp-766083.cif,downloaded,downloaded
BAT_01180,V(Si2O5)3,mp-775301,mp-757761,BAT_01180_mp-775301.cif,BAT_01180_mp-757761.cif,downloaded,downloaded
BAT_01181,V(SiO3)2,mp-766689,mp-765346,BAT_01181_mp-766689.cif,BAT_01181_mp-765346.cif,downloaded,downloaded
BAT_01182,VZnSiO5,mp-1046716,mp-1235640,BAT_01182_mp-1046716.cif,BAT_01182_mp-1235640.cif,downloaded,downloaded
BAT_01186,V(TeO4)3,mp-764607,mp-1566890,BAT_01186_mp-764607.cif,BAT_01186_mp-1566890.cif,downloaded,downloaded
BAT_01187,Ti(TeO4)3,mp-758894,mp-850190,BAT_01187_mp-758894.cif,BAT_01187_mp-850190.cif,downloaded,downloaded
BAT_01188,V(TeO4)3,mp-761280,mp-771275,BAT_01188_mp-761280.cif,BAT_01188_mp-771275.cif,downloaded,downloaded
BAT_01189,VTe(WO6)2,mp-753012,mp-775927,BAT_01189_mp-753012.cif,BAT_01189_mp-775927.cif,downloaded,downloaded
BAT_01190,TiO2,mp-756587,mp-776170,BAT_01190_mp-756587.cif,BAT_01190_mp-776170.cif,downloaded,downloaded
BAT_01203,Ti11O24,mp-759812,mp-766823,BAT_01203_mp-759812.cif,BAT_01203_mp-766823.cif,downloaded,downloaded
BAT_01204,Ti9O20,mp-767633,mp-768114,BAT_01204_mp-767633.cif,BAT_01204_mp-768114.cif,downloaded,downloaded
BAT_01208,Ti15O32,mp-759678,mp-759713,BAT_01208_mp-759678.cif,BAT_01208_mp-759713.cif,downloaded,downloaded
BAT_01214,TiV3O10,mp-756940,mp-754484,BAT_01214_mp-756940.cif,BAT_01214_mp-754484.cif,downloaded,downloaded
BAT_01218,Ti2V3O10,mp-754024,mp-760954,BAT_01218_mp-754024.cif,BAT_01218_mp-760954.cif,downloaded,downloaded
BAT_01219,TiV3O8,mp-782720,mp-764005,BAT_01219_mp-782720.cif,BAT_01219_mp-764005.cif,downloaded,downloaded
BAT_01221,TiV2O6,mp-849731,mp-1273419,BAT_01221_mp-849731.cif,BAT_01221_mp-1273419.cif,downloaded,downloaded
BAT_01223,Ti2V3O12,mp-764774,mp-760212,BAT_01223_mp-764774.cif,BAT_01223_mp-760212.cif,downloaded,downloaded
BAT_01224,TiVO5,mp-756178,mp-755429,BAT_01224_mp-756178.cif,BAT_01224_mp-755429.cif,downloaded,downloaded
BAT_01226,Ti3VO8,mp-756455,mp-771076,BAT_01226_mp-756455.cif,BAT_01226_mp-771076.cif,downloaded,downloaded
BAT_01227,Ti3V5O16,mp-776195,mp-777694,BAT_01227_mp-776195.cif,BAT_01227_mp-777694.cif,downloaded,downloaded
BAT_01228,TiVO4,mp-1276433,mp-1283290,BAT_01228_mp-1276433.cif,BAT_01228_mp-1283290.cif,downloaded,downloaded
BAT_01234,V3O8,mp-27503,mp-1223171,BAT_01234_mp-27503.cif,BAT_01234_mp-1223171.cif,downloaded,downloaded
BAT_01235,V12O29,mp-773019,mp-772492,BAT_01235_mp-773019.cif,BAT_01235_mp-772492.cif,downloaded,downloaded
BAT_01236,VO2,mp-1177934,mp-758440,BAT_01236_mp-1177934.cif,BAT_01236_mp-758440.cif,downloaded,downloaded
BAT_01240,V9O22,mp-849581,mp-773027,BAT_01240_mp-849581.cif,BAT_01240_mp-773027.cif,downloaded,downloaded
BAT_01241,VO3,mp-754098,mp-861577,BAT_01241_mp-754098.cif,BAT_01241_mp-861577.cif,downloaded,downloaded
BAT_01242,V2O5,mp-25280,mp-627993,BAT_01242_mp-25280.cif,BAT_01242_mp-627993.cif,downloaded,downloaded
BAT_01243,VO2,mp-758647,mp-768084,BAT_01243_mp-758647.cif,BAT_01243_mp-768084.cif,downloaded,downloaded
BAT_01244,VO3,mp-763200,mp-774192,BAT_01244_mp-763200.cif,BAT_01244_mp-774192.cif,downloaded,downloaded
BAT_01245,VO2,mp-714944,mp-19340,BAT_01245_mp-714944.cif,BAT_01245_mp-19340.cif,downloaded,downloaded
BAT_01246,V2O5,mp-25207,mp-27751,BAT_01246_mp-25207.cif,BAT_01246_mp-27751.cif,downloaded,downloaded
BAT_01247,V2O5,mp-776152,mp-777667,BAT_01247_mp-776152.cif,BAT_01247_mp-777667.cif,downloaded,downloaded
BAT_01248,V2O5,mp-25279,mp-555869,BAT_01248_mp-25279.cif,BAT_01248_mp-555869.cif,downloaded,downloaded
BAT_01249,V2O5,mp-25288,mp-19408,BAT_01249_mp-25288.cif,BAT_01249_mp-19408.cif,downloaded,downloaded
BAT_01250,V5O12,mp-778252,mp-851075,BAT_01250_mp-778252.cif,BAT_01250_mp-851075.cif,downloaded,downloaded
BAT_01251,VO2,mp-777469,mp-1236354,BAT_01251_mp-777469.cif,BAT_01251_mp-1236354.cif,downloaded,downloaded
BAT_01252,V5O12,mp-754451,mp-777675,BAT_01252_mp-754451.cif,BAT_01252_mp-777675.cif,downloaded,downloaded
BAT_01253,VO2,mp-762390,mp-758901,BAT_01253_mp-762390.cif,BAT_01253_mp-758901.cif,downloaded,downloaded
BAT_01254,V2O5,mp-831269,mp-779050,BAT_01254_mp-831269.cif,BAT_01254_mp-779050.cif,downloaded,downloaded
BAT_01255,V5O12,mp-777580,mp-1177476,BAT_01255_mp-777580.cif,BAT_01255_mp-1177476.cif,downloaded,downloaded
BAT_01257,V2O5,mp-25233,mp-19013,BAT_01257_mp-25233.cif,BAT_01257_mp-19013.cif,downloaded,downloaded
BAT_01258,V3O7,mp-764115,mp-772164,BAT_01258_mp-764115.cif,BAT_01258_mp-772164.cif,downloaded,downloaded
BAT_01259,VO2,mp-541404,mp-1210897,BAT_01259_mp-541404.cif,BAT_01259_mp-1210897.cif,downloaded,downloaded
BAT_01260,V6O13,mp-870306,mp-542665,BAT_01260_mp-870306.cif,BAT_01260_mp-542665.cif,downloaded,downloaded
BAT_01261,VO2,mp-849511,mp-1222710,BAT_01261_mp-849511.cif,BAT_01261_mp-1222710.cif,downloaded,downloaded
BAT_01263,V3Zn2O8,mp-755946,mp-1280709,BAT_01263_mp-755946.cif,BAT_01263_mp-1280709.cif,downloaded,downloaded
BAT_01291,V2C4SO16,mp-776347,mp-776436,BAT_01291_mp-776347.cif,BAT_01291_mp-776436.cif,downloaded,downloaded
BAT_01292,V(CO3)2,mp-752765,mp-1571048,BAT_01292_mp-752765.cif,BAT_01292_mp-1571048.cif,downloaded,downloaded
BAT_01293,VSiCO7,mp-770650,mp-768601,BAT_01293_mp-770650.cif,BAT_01293_mp-768601.cif,downloaded,downloaded
BAT_01294,V(CO3)2,mp-763508,mp-752905,BAT_01294_mp-763508.cif,BAT_01294_mp-752905.cif,downloaded,downloaded
BAT_01295,V(CO3)2,mp-758621,mp-759519,BAT_01295_mp-758621.cif,BAT_01295_mp-759519.cif,downloaded,downloaded
BAT_01296,V(CO3)2,mp-757524,mp-752552,BAT_01296_mp-757524.cif,BAT_01296_mp-752552.cif,downloaded,downloaded
BAT_01297,V(CO3)2,mp-762249,mp-1567493,BAT_01297_mp-762249.cif,BAT_01297_mp-1567493.cif,downloaded,downloaded
BAT_01298,V(CO3)2,mp-752541,mp-762019,BAT_01298_mp-752541.cif,BAT_01298_mp-762019.cif,downloaded,downloaded
BAT_01299,VCO5,mp-758380,mp-1177806,BAT_01299_mp-758380.cif,BAT_01299_mp-1177806.cif,downloaded,downloaded
BAT_01300,V(CO3)4,mp-759521,mp-765146,BAT_01300_mp-759521.cif,BAT_01300_mp-765146.cif,downloaded,downloaded
BAT_01301,V(CO3)2,mp-758280,mp-758087,BAT_01301_mp-758280.cif,BAT_01301_mp-758087.cif,downloaded,downloaded
BAT_01302,V(CO3)2,mp-758175,mp-760222,BAT_01302_mp-758175.cif,BAT_01302_mp-760222.cif,downloaded,downloaded
BAT_01303,V(CO3)3,mp-758564,mp-758041,BAT_01303_mp-758564.cif,BAT_01303_mp-758041.cif,downloaded,downloaded
BAT_01304,V(CO3)2,mp-758669,mp-758080,BAT_01304_mp-758669.cif,BAT_01304_mp-758080.cif,downloaded,downloaded
BAT_01328,FeClO,mp-540828,mp-755254,BAT_01328_mp-540828.cif,BAT_01328_mp-755254.cif,downloaded,downloaded
BAT_01329,FeMoClO4,mp-23123,mp-561410,BAT_01329_mp-23123.cif,BAT_01329_mp-561410.cif,downloaded,downloaded
BAT_01330,FeWClO4,mp-556603,mp-1210860,BAT_01330_mp-556603.cif,BAT_01330_mp-1210860.cif,downloaded,downloaded
BAT_01345,Cr2Fe3Co3O16,mp-774878,mp-774310,BAT_01345_mp-774878.cif,BAT_01345_mp-774310.cif,downloaded,downloaded
BAT_01346,Mn3Cr2Co3O16,mp-772635,mp-769581,BAT_01346_mp-772635.cif,BAT_01346_mp-769581.cif,downloaded,downloaded
BAT_01347,Mn2Cr3Co3O16,mp-1176520,mp-758129,BAT_01347_mp-1176520.cif,BAT_01347_mp-758129.cif,downloaded,downloaded
BAT_01349,Cr(CoO3)2,mp-1305214,mp-1283691,BAT_01349_mp-1305214.cif,BAT_01349_mp-1283691.cif,downloaded,downloaded
BAT_01350,CrCo3O8,mp-753507,mp-756706,BAT_01350_mp-753507.cif,BAT_01350_mp-756706.cif,downloaded,downloaded
BAT_01351,CrCoO4,mp-753037,mp-753039,BAT_01351_mp-753037.cif,BAT_01351_mp-753039.cif,downloaded,downloaded
BAT_01352,Mn3CrCo2(PO4)6,mp-757284,mp-758445,BAT_01352_mp-757284.cif,BAT_01352_mp-758445.cif,downloaded,downloaded
BAT_01353,Cr(CoO3)2,mp-752462,mp-1277232,BAT_01353_mp-752462.cif,BAT_01353_mp-1277232.cif,downloaded,downloaded
BAT_01354,CrCo5O12,mp-756950,mp-771079,BAT_01354_mp-756950.cif,BAT_01354_mp-771079.cif,downloaded,downloaded
BAT_01355,Cr2CoO6,mp-763359,mp-753687,BAT_01355_mp-763359.cif,BAT_01355_mp-753687.cif,downloaded,downloaded
BAT_01356,Cr3(CoO6)2,mp-772720,mp-772115,BAT_01356_mp-772720.cif,BAT_01356_mp-772115.cif,downloaded,downloaded
BAT_01357,CrCo3O8,mp-754623,mp-761748,BAT_01357_mp-754623.cif,BAT_01357_mp-761748.cif,downloaded,downloaded
BAT_01358,Cr(CoO3)2,mp-755124,mp-757009,BAT_01358_mp-755124.cif,BAT_01358_mp-757009.cif,downloaded,downloaded
BAT_01359,CrCoO4,mp-762011,mp-1275616,BAT_01359_mp-762011.cif,BAT_01359_mp-1275616.cif,downloaded,downloaded
BAT_01360,Cr3CoO8,mp-756128,mp-768691,BAT_01360_mp-756128.cif,BAT_01360_mp-768691.cif,downloaded,downloaded
BAT_01361,Cr3CoO8,mp-763336,mp-1177445,BAT_01361_mp-763336.cif,BAT_01361_mp-1177445.cif,downloaded,downloaded
BAT_01362,Cr3(CoO6)2,mp-861261,mp-765542,BAT_01362_mp-861261.cif,BAT_01362_mp-765542.cif,downloaded,downloaded
BAT_01363,Cr3Co5O16,mp-756555,mp-770878,BAT_01363_mp-756555.cif,BAT_01363_mp-770878.cif,downloaded,downloaded
BAT_01364,CrCo3O8,mp-861562,mp-765293,BAT_01364_mp-861562.cif,BAT_01364_mp-765293.cif,downloaded,downloaded
BAT_01365,Cr3Co(PO4)6,mp-757861,mp-780115,BAT_01365_mp-757861.cif,BAT_01365_mp-780115.cif,downloaded,downloaded
BAT_01366,Cr3Co(PO4)4,mp-774666,mp-757602,BAT_01366_mp-774666.cif,BAT_01366_mp-757602.cif,downloaded,downloaded
BAT_01367,CrCo3(PO4)4,mp-775991,mp-757257,BAT_01367_mp-775991.cif,BAT_01367_mp-757257.cif,downloaded,downloaded
BAT_01368,CrCo(PO4)2,mp-1178412,mp-757895,BAT_01368_mp-1178412.cif,BAT_01368_mp-757895.cif,downloaded,downloaded
BAT_01369,Cr3Co3(TeO8)2,mp-757983,mp-775136,BAT_01369_mp-757983.cif,BAT_01369_mp-775136.cif,downloaded,downloaded
BAT_01370,Mn3Co3(CuO8)2,mp-770859,mp-771073,BAT_01370_mp-770859.cif,BAT_01370_mp-771073.cif,downloaded,downloaded
BAT_01371,Mn3CoCu2(PO4)6,mp-758293,mp-1177395,BAT_01371_mp-758293.cif,BAT_01371_mp-1177395.cif,downloaded,downloaded
BAT_01372,CoCuO4,mp-754020,mp-753366,BAT_01372_mp-754020.cif,BAT_01372_mp-753366.cif,downloaded,downloaded
BAT_01373,Cr3Co3(SbO8)2,mp-757879,mp-758153,BAT_01373_mp-757879.cif,BAT_01373_mp-758153.cif,downloaded,downloaded
BAT_01374,Co2Cu3O10,mp-752567,mp-752862,BAT_01374_mp-752567.cif,BAT_01374_mp-752862.cif,downloaded,downloaded
BAT_01375,Co3CuO8,mp-761730,mp-753919,BAT_01375_mp-761730.cif,BAT_01375_mp-753919.cif,downloaded,downloaded
BAT_01376,Co2CuO6,mp-766810,mp-754066,BAT_01376_mp-766810.cif,BAT_01376_mp-754066.cif,downloaded,downloaded
BAT_01377,CoCu3(PO4)4,mp-775137,mp-775260,BAT_01377_mp-775137.cif,BAT_01377_mp-775260.cif,downloaded,downloaded
BAT_01378,CoCu(PO4)2,mp-761614,mp-764926,BAT_01378_mp-761614.cif,BAT_01378_mp-764926.cif,downloaded,downloaded
BAT_01379,CoF3,mp-1178425,mp-759500,BAT_01379_mp-1178425.cif,BAT_01379_mp-759500.cif,downloaded,downloaded
BAT_01381,Co3Cu3(TeO8)2,mp-757881,mp-765052,BAT_01381_mp-757881.cif,BAT_01381_mp-765052.cif,downloaded,downloaded
BAT_01383,K2CoF6,mp-1206883,mp-1111150,BAT_01383_mp-1206883.cif,BAT_01383_mp-1111150.cif,downloaded,downloaded
BAT_01385,CoPO4F,mp-776411,mp-770853,BAT_01385_mp-776411.cif,BAT_01385_mp-770853.cif,downloaded,downloaded
BAT_01386,CoPO4F,mp-758908,mp-770624,BAT_01386_mp-758908.cif,BAT_01386_mp-770624.cif,downloaded,downloaded
BAT_01387,Rb2CoF6,mp-560878,mp-1113736,BAT_01387_mp-560878.cif,BAT_01387_mp-1113736.cif,downloaded,downloaded
BAT_01388,CoPO4F,mp-25444,mp-25390,BAT_01388_mp-25444.cif,BAT_01388_mp-25390.cif,downloaded,downloaded
BAT_01389,Mn3Fe3(CoO8)2,mp-768595,mp-754076,BAT_01389_mp-768595.cif,BAT_01389_mp-754076.cif,downloaded,downloaded
BAT_01390,Mn3Fe2Co3O16,mp-1176503,mp-774451,BAT_01390_mp-1176503.cif,BAT_01390_mp-774451.cif,downloaded,downloaded
BAT_01391,Mn2Fe3Co3O16,mp-772328,mp-777350,BAT_01391_mp-772328.cif,BAT_01391_mp-777350.cif,downloaded,downloaded
BAT_01392,MnFeCo(PO4)3,mp-1176492,mp-1177594,BAT_01392_mp-1176492.cif,BAT_01392_mp-1177594.cif,downloaded,downloaded
BAT_01393,MnFeCo(PO4)3,mp-1176526,mp-1177607,BAT_01393_mp-1176526.cif,BAT_01393_mp-1177607.cif,downloaded,downloaded
BAT_01394,MnFeCo(PO4)3,mp-764410,mp-759846,BAT_01394_mp-764410.cif,BAT_01394_mp-759846.cif,downloaded,downloaded
BAT_01395,MnFeCo(PO4)3,mp-759677,mp-764931,BAT_01395_mp-759677.cif,BAT_01395_mp-764931.cif,downloaded,downloaded
BAT_01397,MnFeCo(PO4)3,mp-759618,mp-1177593,BAT_01397_mp-759618.cif,BAT_01397_mp-1177593.cif,downloaded,downloaded
BAT_01398,MnFeCo(PO4)3,mp-760077,mp-1177597,BAT_01398_mp-760077.cif,BAT_01398_mp-1177597.cif,downloaded,downloaded
BAT_01399,MnFeCo(PO4)3,mp-1176456,mp-1177623,BAT_01399_mp-1176456.cif,BAT_01399_mp-1177623.cif,downloaded,downloaded
BAT_01400,MnFeCo(PO4)3,mp-1176487,mp-761258,BAT_01400_mp-1176487.cif,BAT_01400_mp-761258.cif,downloaded,downloaded
BAT_01401,MnFeCo(PO4)3,mp-761176,mp-764708,BAT_01401_mp-761176.cif,BAT_01401_mp-764708.cif,downloaded,downloaded
BAT_01402,MnFeCo(PO4)3,mp-764383,mp-1177589,BAT_01402_mp-764383.cif,BAT_01402_mp-1177589.cif,downloaded,downloaded
BAT_01404,MnFeCo(PO4)3,mp-764415,mp-764707,BAT_01404_mp-764415.cif,BAT_01404_mp-764707.cif,downloaded,downloaded
BAT_01405,MnFeCo(PO4)3,mp-1176474,mp-764869,BAT_01405_mp-1176474.cif,BAT_01405_mp-764869.cif,downloaded,downloaded
BAT_01406,MnFeCo(PO4)3,mp-1176466,mp-1177625,BAT_01406_mp-1176466.cif,BAT_01406_mp-1177625.cif,downloaded,downloaded
BAT_01408,MnFeCo(PO4)3,mp-1176500,mp-764969,BAT_01408_mp-1176500.cif,BAT_01408_mp-764969.cif,downloaded,downloaded
BAT_01409,Fe2Co3Ni3O16,mp-774891,mp-779007,BAT_01409_mp-774891.cif,BAT_01409_mp-779007.cif,downloaded,downloaded
BAT_01410,Fe3Co3(NiO8)2,mp-760302,mp-774318,BAT_01410_mp-760302.cif,BAT_01410_mp-774318.cif,downloaded,downloaded
BAT_01411,Fe3Co2Ni3O16,mp-753758,mp-778201,BAT_01411_mp-753758.cif,BAT_01411_mp-778201.cif,downloaded,downloaded
BAT_01412,Fe3Co5O16,mp-756418,mp-765504,BAT_01412_mp-756418.cif,BAT_01412_mp-765504.cif,downloaded,downloaded
BAT_01413,Fe3CoO8,mp-759180,mp-752777,BAT_01413_mp-759180.cif,BAT_01413_mp-752777.cif,downloaded,downloaded
BAT_01415,FeCo3O8,mp-753474,mp-765603,BAT_01415_mp-753474.cif,BAT_01415_mp-765603.cif,downloaded,downloaded
BAT_01416,FeCoO4,mp-755732,mp-753409,BAT_01416_mp-755732.cif,BAT_01416_mp-753409.cif,downloaded,downloaded
BAT_01417,FeCo3O8,mp-761579,mp-761763,BAT_01417_mp-761579.cif,BAT_01417_mp-761763.cif,downloaded,downloaded
BAT_01418,Fe2Co3O10,mp-778217,mp-769566,BAT_01418_mp-778217.cif,BAT_01418_mp-769566.cif,downloaded,downloaded
BAT_01419,Fe(CoO3)2,mp-753096,mp-1640067,BAT_01419_mp-753096.cif,BAT_01419_mp-1640067.cif,downloaded,downloaded
BAT_01420,Fe3CoO8,mp-757499,mp-756405,BAT_01420_mp-757499.cif,BAT_01420_mp-756405.cif,downloaded,downloaded
BAT_01421,FeCo9O20,mp-771048,mp-764262,BAT_01421_mp-771048.cif,BAT_01421_mp-764262.cif,downloaded,downloaded
BAT_01422,FeCoO4,mp-1176746,mp-1177967,BAT_01422_mp-1176746.cif,BAT_01422_mp-1177967.cif,downloaded,downloaded
BAT_01423,Fe(CoO3)2,mp-761530,mp-761602,BAT_01423_mp-761530.cif,BAT_01423_mp-761602.cif,downloaded,downloaded
BAT_01424,Fe2CoO6,mp-759337,mp-761592,BAT_01424_mp-759337.cif,BAT_01424_mp-761592.cif,downloaded,downloaded
BAT_01425,FeCo5O12,mp-756471,mp-756543,BAT_01425_mp-756471.cif,BAT_01425_mp-756543.cif,downloaded,downloaded
BAT_01426,FeCo3O8,mp-1178259,mp-761944,BAT_01426_mp-1178259.cif,BAT_01426_mp-761944.cif,downloaded,downloaded
BAT_01427,FeCo3O8,mp-771245,mp-775721,BAT_01427_mp-771245.cif,BAT_01427_mp-775721.cif,downloaded,downloaded
BAT_01428,Fe3Co5O16,mp-771370,mp-781613,BAT_01428_mp-771370.cif,BAT_01428_mp-781613.cif,downloaded,downloaded
BAT_01429,Fe5Co3O16,mp-771307,mp-763869,BAT_01429_mp-771307.cif,BAT_01429_mp-763869.cif,downloaded,downloaded
BAT_01430,Fe3Co7O20,mp-775826,mp-760848,BAT_01430_mp-775826.cif,BAT_01430_mp-760848.cif,downloaded,downloaded
BAT_01431,Fe9CoO20,mp-765027,mp-770651,BAT_01431_mp-765027.cif,BAT_01431_mp-770651.cif,downloaded,downloaded
BAT_01432,Fe5(CoO6)2,mp-756115,mp-850359,BAT_01432_mp-756115.cif,BAT_01432_mp-850359.cif,downloaded,downloaded
BAT_01433,Fe3Co(PO4)4,mp-774667,mp-758853,BAT_01433_mp-774667.cif,BAT_01433_mp-758853.cif,downloaded,downloaded
BAT_01434,FeCo3(PO4)4,mp-771952,mp-863409,BAT_01434_mp-771952.cif,BAT_01434_mp-863409.cif,downloaded,downloaded
BAT_01437,Fe2Co3Sb3O16,mp-1178389,mp-759403,BAT_01437_mp-1178389.cif,BAT_01437_mp-759403.cif,downloaded,downloaded
BAT_01438,Fe3Co3(SbO8)2,mp-757039,mp-758042,BAT_01438_mp-757039.cif,BAT_01438_mp-758042.cif,downloaded,downloaded
BAT_01439,Ti2Fe3Co3O16,mp-759038,mp-778830,BAT_01439_mp-759038.cif,BAT_01439_mp-778830.cif,downloaded,downloaded
BAT_01440,Fe3Co3(TeO8)2,mp-761932,mp-1177425,BAT_01440_mp-761932.cif,BAT_01440_mp-1177425.cif,downloaded,downloaded
BAT_01441,CoGeO4,mp-763507,mp-756582,BAT_01441_mp-763507.cif,BAT_01441_mp-756582.cif,downloaded,downloaded
BAT_01442,CoGeO4,mp-756207,mp-755695,BAT_01442_mp-756207.cif,BAT_01442_mp-755695.cif,downloaded,downloaded
BAT_01443,CoPHO5,mp-755227,mp-1565574,BAT_01443_mp-755227.cif,BAT_01443_mp-1565574.cif,downloaded,downloaded
BAT_01444,CoH8(SO6)2,mp-1178433,mp-770611,BAT_01444_mp-1178433.cif,BAT_01444_mp-770611.cif,downloaded,downloaded
BAT_01447,K2CoO4,mp-761245,mp-757868,BAT_01447_mp-761245.cif,BAT_01447_mp-757868.cif,downloaded,downloaded
BAT_01449,MgCo3O8,mp-1177928,mp-754576,BAT_01449_mp-1177928.cif,BAT_01449_mp-754576.cif,downloaded,downloaded
BAT_01450,MgCo13O28,mp-760219,mp-769537,BAT_01450_mp-760219.cif,BAT_01450_mp-769537.cif,downloaded,downloaded
BAT_01453,Mn3CoO8,mp-1299461,mp-1297796,BAT_01453_mp-1299461.cif,BAT_01453_mp-1297796.cif,downloaded,downloaded
BAT_01454,Mn3Co2Ni3O16,mp-867541,mp-778315,BAT_01454_mp-867541.cif,BAT_01454_mp-778315.cif,downloaded,downloaded
BAT_01455,Mn3Nb2Co3O16,mp-850531,mp-763519,BAT_01455_mp-850531.cif,BAT_01455_mp-763519.cif,downloaded,downloaded
BAT_01456,Mn2CoO6,mp-761501,mp-752794,BAT_01456_mp-761501.cif,BAT_01456_mp-752794.cif,downloaded,downloaded
BAT_01457,MnCoO4,mp-753606,mp-765552,BAT_01457_mp-753606.cif,BAT_01457_mp-765552.cif,downloaded,downloaded
BAT_01458,MnCo3O8,mp-1306729,mp-1306381,BAT_01458_mp-1306729.cif,BAT_01458_mp-1306381.cif,downloaded,downloaded
BAT_01459,MnCo3O8,mp-1306185,mp-1301147,BAT_01459_mp-1306185.cif,BAT_01459_mp-1301147.cif,downloaded,downloaded
BAT_01460,Mn2CoO6,mp-752633,mp-754926,BAT_01460_mp-752633.cif,BAT_01460_mp-754926.cif,downloaded,downloaded
BAT_01461,MnCo3O8,mp-773602,mp-861547,BAT_01461_mp-773602.cif,BAT_01461_mp-861547.cif,downloaded,downloaded
BAT_01462,Mn2CoO8,mp-1222848,mp-1174049,BAT_01462_mp-1222848.cif,BAT_01462_mp-1174049.cif,downloaded,downloaded
BAT_01463,MnCoO4,mp-752945,mp-753482,BAT_01463_mp-752945.cif,BAT_01463_mp-753482.cif,downloaded,downloaded
BAT_01464,Mn2Co5O12,mp-757022,mp-774397,BAT_01464_mp-757022.cif,BAT_01464_mp-774397.cif,downloaded,downloaded
BAT_01465,Mn3CoO8,mp-773167,mp-1177633,BAT_01465_mp-773167.cif,BAT_01465_mp-1177633.cif,downloaded,downloaded
BAT_01466,MnCo3O8,mp-753551,mp-753177,BAT_01466_mp-753551.cif,BAT_01466_mp-753177.cif,downloaded,downloaded
BAT_01467,MnCo5O12,mp-755620,mp-1177382,BAT_01467_mp-755620.cif,BAT_01467_mp-1177382.cif,downloaded,downloaded
BAT_01468,Mn3CoO8,mp-771970,mp-1301464,BAT_01468_mp-771970.cif,BAT_01468_mp-1301464.cif,downloaded,downloaded
BAT_01469,Mn3Co5O16,mp-756736,mp-754275,BAT_01469_mp-756736.cif,BAT_01469_mp-754275.cif,downloaded,downloaded
BAT_01470,Mn3CoO8,mp-758012,mp-1177935,BAT_01470_mp-758012.cif,BAT_01470_mp-1177935.cif,downloaded,downloaded
BAT_01471,Mn(CoO3)2,mp-763057,mp-761633,BAT_01471_mp-763057.cif,BAT_01471_mp-761633.cif,downloaded,downloaded
BAT_01472,Mn5CoO12,mp-755555,mp-771545,BAT_01472_mp-755555.cif,BAT_01472_mp-771545.cif,downloaded,downloaded
BAT_01473,Mn4CoO8,mp-755442,mp-755577,BAT_01473_mp-755442.cif,BAT_01473_mp-755577.cif,downloaded,downloaded
BAT_01474,MnCoO4,mp-756184,mp-757164,BAT_01474_mp-756184.cif,BAT_01474_mp-757164.cif,downloaded,downloaded
BAT_01475,Mn(CoO3)2,mp-759777,mp-1177992,BAT_01475_mp-759777.cif,BAT_01475_mp-1177992.cif,downloaded,downloaded
BAT_01476,Mn(CoO2)4,mp-757157,mp-756302,BAT_01476_mp-757157.cif,BAT_01476_mp-756302.cif,downloaded,downloaded
BAT_01477,Mn5Co3O16,mp-756965,mp-768354,BAT_01477_mp-756965.cif,BAT_01477_mp-768354.cif,downloaded,downloaded
BAT_01478,MnCo3O8,mp-757029,mp-757026,BAT_01478_mp-757029.cif,BAT_01478_mp-757026.cif,downloaded,downloaded
BAT_01479,MnCo3O8,mp-867992,mp-761940,BAT_01479_mp-867992.cif,BAT_01479_mp-761940.cif,downloaded,downloaded
BAT_01480,Mn3CoO8,mp-756482,mp-1287701,BAT_01480_mp-756482.cif,BAT_01480_mp-1287701.cif,downloaded,downloaded
BAT_01481,Mn2Co3O10,mp-778482,mp-861490,BAT_01481_mp-778482.cif,BAT_01481_mp-861490.cif,downloaded,downloaded
BAT_01482,MnCo(PO4)2,mp-775270,mp-1177107,BAT_01482_mp-775270.cif,BAT_01482_mp-1177107.cif,downloaded,downloaded
BAT_01483,MnCo3(PO4)4,mp-775179,mp-757104,BAT_01483_mp-775179.cif,BAT_01483_mp-757104.cif,downloaded,downloaded
BAT_01484,Mn3Co(PO4)6,mp-757859,mp-1177025,BAT_01484_mp-757859.cif,BAT_01484_mp-1177025.cif,downloaded,downloaded
BAT_01486,Mn2Co(PO4)3,mp-757011,mp-757760,BAT_01486_mp-757011.cif,BAT_01486_mp-757760.cif,downloaded,downloaded
BAT_01487,Mn7Co(PO4)12,mp-758047,mp-758412,BAT_01487_mp-758047.cif,BAT_01487_mp-758412.cif,downloaded,downloaded
BAT_01488,Mn5Co(PO4)6,mp-771641,mp-760813,BAT_01488_mp-771641.cif,BAT_01488_mp-760813.cif,downloaded,downloaded
BAT_01489,Mn3Co3(SbO8)2,mp-863857,mp-758093,BAT_01489_mp-863857.cif,BAT_01489_mp-758093.cif,downloaded,downloaded
BAT_01490,Mn3Co(PO4)4,mp-757412,mp-758017,BAT_01490_mp-757412.cif,BAT_01490_mp-758017.cif,downloaded,downloaded
BAT_01491,Mn3Co3(SnO8)2,mp-770554,mp-777041,BAT_01491_mp-770554.cif,BAT_01491_mp-777041.cif,downloaded,downloaded
BAT_01492,Mn2Co3Te3O16,mp-755888,mp-753987,BAT_01492_mp-755888.cif,BAT_01492_mp-753987.cif,downloaded,downloaded
BAT_01493,Ti3Mn2Co3O16,mp-757180,mp-757980,BAT_01493_mp-757180.cif,BAT_01493_mp-757980.cif,downloaded,downloaded
BAT_01494,Mn3Co2Te3O16,mp-755884,mp-753545,BAT_01494_mp-755884.cif,BAT_01494_mp-753545.cif,downloaded,downloaded
BAT_01495,Mn3Co3(TeO8)2,mp-772448,mp-769585,BAT_01495_mp-772448.cif,BAT_01495_mp-769585.cif,downloaded,downloaded
BAT_01497,Mn3V2Co3O16,mp-768525,mp-756676,BAT_01497_mp-768525.cif,BAT_01497_mp-756676.cif,downloaded,downloaded
BAT_01498,MnV4CoO12,mp-756893,mp-1177907,BAT_01498_mp-756893.cif,BAT_01498_mp-1177907.cif,downloaded,downloaded
BAT_01499,Na2CoO4,mp-861533,mp-504854,BAT_01499_mp-861533.cif,BAT_01499_mp-504854.cif,downloaded,downloaded
BAT_01500,NbCo3O8,mp-761589,mp-757558,BAT_01500_mp-761589.cif,BAT_01500_mp-757558.cif,downloaded,downloaded
BAT_01501,NbCo3(PO4)6,mp-1176608,mp-758592,BAT_01501_mp-1176608.cif,BAT_01501_mp-758592.cif,downloaded,downloaded
BAT_01502,Co3NiO8,mp-753483,mp-753237,BAT_01502_mp-753483.cif,BAT_01502_mp-753237.cif,downloaded,downloaded
BAT_01503,Co3NiO8,mp-1275497,mp-1293179,BAT_01503_mp-1275497.cif,BAT_01503_mp-1293179.cif,downloaded,downloaded
BAT_01504,Co2NiO6,mp-753469,mp-765538,BAT_01504_mp-753469.cif,BAT_01504_mp-765538.cif,downloaded,downloaded
BAT_01505,CoNiO4,mp-777850,mp-1276757,BAT_01505_mp-777850.cif,BAT_01505_mp-1276757.cif,downloaded,downloaded
BAT_01506,CoNiO4,mp-754509,mp-753536,BAT_01506_mp-754509.cif,BAT_01506_mp-753536.cif,downloaded,downloaded
BAT_01507,Co2Ni3O10,mp-779900,mp-755607,BAT_01507_mp-779900.cif,BAT_01507_mp-755607.cif,downloaded,downloaded
BAT_01508,Co3NiO8,mp-752738,mp-867537,BAT_01508_mp-752738.cif,BAT_01508_mp-867537.cif,downloaded,downloaded
BAT_01509,Co3NiO8,mp-1318786,mp-1307939,BAT_01509_mp-1318786.cif,BAT_01509_mp-1307939.cif,downloaded,downloaded
BAT_01510,CoNi3O8,mp-1178027,mp-867640,BAT_01510_mp-1178027.cif,BAT_01510_mp-867640.cif,downloaded,downloaded
BAT_01511,Co4NiO8,mp-2215121,mp-754464,BAT_01511_mp-2215121.cif,BAT_01511_mp-754464.cif,downloaded,downloaded
BAT_01512,Co2Ni3O10,mp-1177722,mp-769553,BAT_01512_mp-1177722.cif,BAT_01512_mp-769553.cif,downloaded,downloaded
BAT_01513,CoNi9O20,mp-1176867,mp-769507,BAT_01513_mp-1176867.cif,BAT_01513_mp-769507.cif,downloaded,downloaded
BAT_01514,Co5NiO12,mp-773511,mp-755767,BAT_01514_mp-773511.cif,BAT_01514_mp-755767.cif,downloaded,downloaded
BAT_01515,Co3Ni5O16,mp-772319,mp-760934,BAT_01515_mp-772319.cif,BAT_01515_mp-760934.cif,downloaded,downloaded
BAT_01516,Co(NiO3)2,mp-757774,mp-760869,BAT_01516_mp-757774.cif,BAT_01516_mp-760869.cif,downloaded,downloaded
BAT_01517,Co(NiO2)4,mp-756594,mp-756787,BAT_01517_mp-756594.cif,BAT_01517_mp-756787.cif,downloaded,downloaded
BAT_01518,CoNi9O20,mp-1120825,mp-759912,BAT_01518_mp-1120825.cif,BAT_01518_mp-759912.cif,downloaded,downloaded
BAT_01519,Co5Ni3O16,mp-772632,mp-759805,BAT_01519_mp-772632.cif,BAT_01519_mp-759805.cif,downloaded,downloaded
BAT_01520,Co3NiO8,mp-773140,mp-759916,BAT_01520_mp-773140.cif,BAT_01520_mp-759916.cif,downloaded,downloaded
BAT_01521,CoNi(PO4)2,mp-765340,mp-757611,BAT_01521_mp-765340.cif,BAT_01521_mp-757611.cif,downloaded,downloaded
BAT_01522,Co3Ni(PO4)4,mp-775307,mp-770952,BAT_01522_mp-775307.cif,BAT_01522_mp-770952.cif,downloaded,downloaded
BAT_01523,Ti3Co3(NiO8)2,mp-763517,mp-774315,BAT_01523_mp-763517.cif,BAT_01523_mp-774315.cif,downloaded,downloaded
BAT_01524,Co3Ni3(TeO8)2,mp-850530,mp-757279,BAT_01524_mp-850530.cif,BAT_01524_mp-757279.cif,downloaded,downloaded
BAT_01525,CoO2,mp-25234,mp-22526,BAT_01525_mp-25234.cif,BAT_01525_mp-22526.cif,downloaded,downloaded
BAT_01526,CoO2,mp-1275937,mp-755386,BAT_01526_mp-1275937.cif,BAT_01526_mp-755386.cif,downloaded,downloaded
BAT_01527,CoO3,mp-753251,mp-850281,BAT_01527_mp-753251.cif,BAT_01527_mp-850281.cif,downloaded,downloaded
BAT_01528,CoO2,mp-761027,mp-1638660,BAT_01528_mp-761027.cif,BAT_01528_mp-1638660.cif,downloaded,downloaded
BAT_01529,CoO2,mp-754748,mp-753473,BAT_01529_mp-754748.cif,BAT_01529_mp-753473.cif,downloaded,downloaded
BAT_01530,CoO3,mp-773514,mp-849462,BAT_01530_mp-773514.cif,BAT_01530_mp-849462.cif,downloaded,downloaded
BAT_01531,CoO2,mp-754720,mp-705847,BAT_01531_mp-754720.cif,BAT_01531_mp-705847.cif,downloaded,downloaded
BAT_01532,CoO3,mp-764768,mp-755593,BAT_01532_mp-764768.cif,BAT_01532_mp-755593.cif,downloaded,downloaded
BAT_01533,CoO2,mp-756488,mp-756773,BAT_01533_mp-756488.cif,BAT_01533_mp-756773.cif,downloaded,downloaded
BAT_01534,CoO4,mp-776004,mp-18925,BAT_01534_mp-776004.cif,BAT_01534_mp-18925.cif,downloaded,downloaded
BAT_01535,Co15O28,mp-766681,mp-766887,BAT_01535_mp-766681.cif,BAT_01535_mp-766887.cif,downloaded,downloaded
BAT_01536,CoO2,mp-755508,mp-780140,BAT_01536_mp-755508.cif,BAT_01536_mp-780140.cif,downloaded,downloaded
BAT_01537,Co7O12,mp-756900,mp-756433,BAT_01537_mp-756900.cif,BAT_01537_mp-756433.cif,downloaded,downloaded
BAT_01538,CoO4,mp-759339,mp-779022,BAT_01538_mp-759339.cif,BAT_01538_mp-779022.cif,downloaded,downloaded
BAT_01540,Co13O28,mp-759373,mp-777836,BAT_01540_mp-759373.cif,BAT_01540_mp-777836.cif,downloaded,downloaded
BAT_01541,CoO2,mp-1278937,mp-849273,BAT_01541_mp-1278937.cif,BAT_01541_mp-849273.cif,downloaded,downloaded
BAT_01542,Co21O40,mp-850026,mp-705640,BAT_01542_mp-850026.cif,BAT_01542_mp-705640.cif,downloaded,downloaded
BAT_01543,CoO4,mp-759349,mp-1177487,BAT_01543_mp-759349.cif,BAT_01543_mp-1177487.cif,downloaded,downloaded
BAT_01544,CoO4,mp-759702,mp-773454,BAT_01544_mp-759702.cif,BAT_01544_mp-773454.cif,downloaded,downloaded
BAT_01546,Co5O12,mp-759802,mp-771155,BAT_01546_mp-759802.cif,BAT_01546_mp-771155.cif,downloaded,downloaded
BAT_01548,Co2(PO3)5,mp-1101575,mp-1101526,BAT_01548_mp-1101575.cif,BAT_01548_mp-1101526.cif,downloaded,downloaded
BAT_01549,Co3(P2O7)2,mp-584339,mp-540469,BAT_01549_mp-584339.cif,BAT_01549_mp-540469.cif,downloaded,downloaded
BAT_01550,CoP2O7,mp-689964,mp-26647,BAT_01550_mp-689964.cif,BAT_01550_mp-26647.cif,downloaded,downloaded
BAT_01551,Co2P5O16,mp-27024,mp-26203,BAT_01551_mp-27024.cif,BAT_01551_mp-26203.cif,downloaded,downloaded
BAT_01552,Co(PO3)4,mp-690004,mp-540530,BAT_01552_mp-690004.cif,BAT_01552_mp-540530.cif,downloaded,downloaded
BAT_01553,Co2(PO4)3,mp-863391,mp-780435,BAT_01553_mp-863391.cif,BAT_01553_mp-780435.cif,downloaded,downloaded
BAT_01554,Co3(PO4)4,mp-540169,mp-26177,BAT_01554_mp-540169.cif,BAT_01554_mp-26177.cif,downloaded,downloaded
BAT_01555,Co(PO3)4,mp-26724,mp-31600,BAT_01555_mp-26724.cif,BAT_01555_mp-31600.cif,downloaded,downloaded
BAT_01556,CoP2O7,mp-26662,mp-705332,BAT_01556_mp-26662.cif,BAT_01556_mp-705332.cif,downloaded,downloaded
BAT_01557,CoP2O7,mp-26716,mp-26715,BAT_01557_mp-26716.cif,BAT_01557_mp-26715.cif,downloaded,downloaded
BAT_01558,CoPO4,mp-540391,mp-758022,BAT_01558_mp-540391.cif,BAT_01558_mp-758022.cif,downloaded,downloaded
BAT_01559,CoP2O7,mp-697814,mp-26847,BAT_01559_mp-697814.cif,BAT_01559_mp-26847.cif,downloaded,downloaded
BAT_01560,CoPO4,mp-689943,mp-757804,BAT_01560_mp-689943.cif,BAT_01560_mp-757804.cif,downloaded,downloaded
BAT_01561,CoPO4,mp-504098,mp-1662205,BAT_01561_mp-504098.cif,BAT_01561_mp-1662205.cif,downloaded,downloaded
BAT_01563,CoPO4,mp-25954,mp-25953,BAT_01563_mp-25954.cif,BAT_01563_mp-25953.cif,downloaded,downloaded
BAT_01564,Co3(PO4)4,mp-26190,mp-31614,BAT_01564_mp-26190.cif,BAT_01564_mp-31614.cif,downloaded,downloaded
BAT_01565,CoPO4,mp-704189,mp-25889,BAT_01565_mp-704189.cif,BAT_01565_mp-25889.cif,downloaded,downloaded
BAT_01566,Co5(P2O7)4,mp-704226,mp-504376,BAT_01566_mp-704226.cif,BAT_01566_mp-504376.cif,downloaded,downloaded
BAT_01567,Co2P3O10,mp-540204,mp-504230,BAT_01567_mp-540204.cif,BAT_01567_mp-504230.cif,downloaded,downloaded
BAT_01568,Co(PO4)2,mp-583967,mp-25995,BAT_01568_mp-583967.cif,BAT_01568_mp-25995.cif,downloaded,downloaded
BAT_01569,CoPO4,mp-689940,mp-26989,BAT_01569_mp-689940.cif,BAT_01569_mp-26989.cif,downloaded,downloaded
BAT_01571,Co(PO3)3,mp-26992,mp-26991,BAT_01571_mp-26992.cif,BAT_01571_mp-26991.cif,downloaded,downloaded
BAT_01572,CoP2O7,mp-26996,mp-778815,BAT_01572_mp-26996.cif,BAT_01572_mp-778815.cif,downloaded,downloaded
BAT_01573,CoP2O7,mp-705301,mp-26333,BAT_01573_mp-705301.cif,BAT_01573_mp-26333.cif,downloaded,downloaded
BAT_01574,Co(PO3)4,mp-26432,mp-26359,BAT_01574_mp-26432.cif,BAT_01574_mp-26359.cif,downloaded,downloaded
BAT_01577,CoPO4,mp-704240,mp-26021,BAT_01577_mp-704240.cif,BAT_01577_mp-26021.cif,downloaded,downloaded
BAT_01578,Co3(P2O7)2,mp-27010,mp-584122,BAT_01578_mp-27010.cif,BAT_01578_mp-584122.cif,downloaded,downloaded
BAT_01579,Co3P8O29,mp-705373,mp-583985,BAT_01579_mp-705373.cif,BAT_01579_mp-583985.cif,downloaded,downloaded
BAT_01580,CoPO4,mp-753839,mp-758248,BAT_01580_mp-753839.cif,BAT_01580_mp-758248.cif,downloaded,downloaded
BAT_01581,CoPO4,mp-766042,mp-757672,BAT_01581_mp-766042.cif,BAT_01581_mp-757672.cif,downloaded,downloaded
BAT_01582,CoP2O7,mp-26780,mp-697726,BAT_01582_mp-26780.cif,BAT_01582_mp-697726.cif,downloaded,downloaded
BAT_01583,CoP2O7,mp-27044,mp-27043,BAT_01583_mp-27044.cif,BAT_01583_mp-27043.cif,downloaded,downloaded
BAT_01585,CoP2O7,mp-540133,mp-26089,BAT_01585_mp-540133.cif,BAT_01585_mp-26089.cif,downloaded,downloaded
BAT_01586,CoPO4,mp-27046,mp-27045,BAT_01586_mp-27046.cif,BAT_01586_mp-27045.cif,downloaded,downloaded
BAT_01587,CoP2O7,mp-540262,mp-26423,BAT_01587_mp-540262.cif,BAT_01587_mp-26423.cif,downloaded,downloaded
BAT_01588,CoP2O7,mp-1244500,mp-31604,BAT_01588_mp-1244500.cif,BAT_01588_mp-31604.cif,downloaded,downloaded
BAT_01590,Co(PO3)4,mp-729135,mp-705277,BAT_01590_mp-729135.cif,BAT_01590_mp-705277.cif,downloaded,downloaded
BAT_01591,Co(PO3)3,mp-26460,mp-504262,BAT_01591_mp-26460.cif,BAT_01591_mp-504262.cif,downloaded,downloaded
BAT_01592,CoPO4,mp-754127,mp-757902,BAT_01592_mp-754127.cif,BAT_01592_mp-757902.cif,downloaded,downloaded
BAT_01593,Co3P3O11,mp-25878,mp-584239,BAT_01593_mp-25878.cif,BAT_01593_mp-584239.cif,downloaded,downloaded
BAT_01594,CoP2O7,mp-26646,mp-26515,BAT_01594_mp-26646.cif,BAT_01594_mp-26515.cif,downloaded,downloaded
BAT_01595,Co2P3O10,mp-25270,mp-22042,BAT_01595_mp-25270.cif,BAT_01595_mp-22042.cif,downloaded,downloaded
BAT_01596,CoP2O7,mp-754170,mp-757366,BAT_01596_mp-754170.cif,BAT_01596_mp-757366.cif,downloaded,downloaded
BAT_01597,Co9(P2O7)8,mp-705379,mp-504263,BAT_01597_mp-705379.cif,BAT_01597_mp-504263.cif,downloaded,downloaded
BAT_01598,CoP2O7,mp-26198,mp-26197,BAT_01598_mp-26198.cif,BAT_01598_mp-26197.cif,downloaded,downloaded
BAT_01599,Co3(PO4)4,mp-585038,mp-26135,BAT_01599_mp-585038.cif,BAT_01599_mp-26135.cif,downloaded,downloaded
BAT_01600,Co5(P3O11)2,mp-26552,mp-26551,BAT_01600_mp-26552.cif,BAT_01600_mp-26551.cif,downloaded,downloaded
BAT_01601,Co(PO3)4,mp-540064,mp-31560,BAT_01601_mp-540064.cif,BAT_01601_mp-31560.cif,downloaded,downloaded
BAT_01602,Co3(PO4)4,mp-31554,mp-26201,BAT_01602_mp-31554.cif,BAT_01602_mp-26201.cif,downloaded,downloaded
BAT_01605,CoPO4,mp-540093,mp-26017,BAT_01605_mp-540093.cif,BAT_01605_mp-26017.cif,downloaded,downloaded
BAT_01606,CoPO4,mp-861694,mp-757936,BAT_01606_mp-861694.cif,BAT_01606_mp-757936.cif,downloaded,downloaded
BAT_01607,CoP2O7,mp-766033,mp-757776,BAT_01607_mp-766033.cif,BAT_01607_mp-757776.cif,downloaded,downloaded
BAT_01608,CoPO4,mp-766076,mp-757630,BAT_01608_mp-766076.cif,BAT_01608_mp-757630.cif,downloaded,downloaded
BAT_01609,Co(PO3)3,mp-584429,mp-584674,BAT_01609_mp-584429.cif,BAT_01609_mp-584674.cif,downloaded,downloaded
BAT_01610,Co5(P2O7)4,mp-1178442,mp-769575,BAT_01610_mp-1178442.cif,BAT_01610_mp-769575.cif,downloaded,downloaded
BAT_01611,Co2(PO4)3,mp-758304,mp-773159,BAT_01611_mp-758304.cif,BAT_01611_mp-773159.cif,downloaded,downloaded
BAT_01612,CoPO4,mp-850025,mp-757563,BAT_01612_mp-850025.cif,BAT_01612_mp-757563.cif,downloaded,downloaded
BAT_01613,CoPO4,mp-777241,mp-772438,BAT_01613_mp-777241.cif,BAT_01613_mp-772438.cif,downloaded,downloaded
BAT_01614,CoPO4,mp-1178446,mp-758373,BAT_01614_mp-1178446.cif,BAT_01614_mp-758373.cif,downloaded,downloaded
BAT_01615,Co3P4O15,mp-849725,mp-778384,BAT_01615_mp-849725.cif,BAT_01615_mp-778384.cif,downloaded,downloaded
BAT_01616,CoPO4,mp-849770,mp-1176778,BAT_01616_mp-849770.cif,BAT_01616_mp-1176778.cif,downloaded,downloaded
BAT_01617,CoPO4,mp-776270,mp-776295,BAT_01617_mp-776270.cif,BAT_01617_mp-776295.cif,downloaded,downloaded
BAT_01618,Co3Sn(PO4)4,mp-775131,mp-757004,BAT_01618_mp-775131.cif,BAT_01618_mp-757004.cif,downloaded,downloaded
BAT_01619,Co3Sb(PO4)6,mp-764378,mp-774592,BAT_01619_mp-764378.cif,BAT_01619_mp-774592.cif,downloaded,downloaded
BAT_01620,CoSn(PO4)2,mp-863354,mp-1661734,BAT_01620_mp-863354.cif,BAT_01620_mp-1661734.cif,downloaded,downloaded
BAT_01621,VCo3(PO4)4,mp-757057,mp-1177182,BAT_01621_mp-757057.cif,BAT_01621_mp-1177182.cif,downloaded,downloaded
BAT_01622,VCo3(PO4)6,mp-768928,mp-760152,BAT_01622_mp-768928.cif,BAT_01622_mp-760152.cif,downloaded,downloaded
BAT_01623,V3Co(PO4)4,mp-774635,mp-765840,BAT_01623_mp-774635.cif,BAT_01623_mp-765840.cif,downloaded,downloaded
BAT_01625,Co2(SO4)3,mp-1178458,mp-778578,BAT_01625_mp-1178458.cif,BAT_01625_mp-778578.cif,downloaded,downloaded
BAT_01627,Co(SO4)2,mp-771768,mp-774464,BAT_01627_mp-771768.cif,BAT_01627_mp-774464.cif,downloaded,downloaded
BAT_01628,Co(SO4)2,mp-772268,mp-1176804,BAT_01628_mp-772268.cif,BAT_01628_mp-1176804.cif,downloaded,downloaded
BAT_01629,Co5SbO12,mp-753116,mp-757593,BAT_01629_mp-753116.cif,BAT_01629_mp-757593.cif,downloaded,downloaded
BAT_01630,Co3SbO8,mp-752854,mp-1177495,BAT_01630_mp-752854.cif,BAT_01630_mp-1177495.cif,downloaded,downloaded
BAT_01632,CoSbO4,mp-758123,mp-773085,BAT_01632_mp-758123.cif,BAT_01632_mp-773085.cif,downloaded,downloaded
BAT_01633,Co3SbO8,mp-757530,mp-757930,BAT_01633_mp-757530.cif,BAT_01633_mp-757930.cif,downloaded,downloaded
BAT_01634,CoSiO4,mp-763240,mp-758372,BAT_01634_mp-763240.cif,BAT_01634_mp-758372.cif,downloaded,downloaded
BAT_01635,Co(SiO3)2,mp-1341839,mp-753876,BAT_01635_mp-1341839.cif,BAT_01635_mp-753876.cif,downloaded,downloaded
BAT_01636,Co(SiO3)2,mp-755994,mp-753142,BAT_01636_mp-755994.cif,BAT_01636_mp-753142.cif,downloaded,downloaded
BAT_01637,Ti3Co3(SbO8)2,mp-762505,mp-773002,BAT_01637_mp-762505.cif,BAT_01637_mp-773002.cif,downloaded,downloaded
BAT_01638,Co3(SeO3)4,mp-775276,mp-562404,BAT_01638_mp-775276.cif,BAT_01638_mp-562404.cif,downloaded,downloaded
BAT_01639,CoSiO4,mp-763253,mp-753828,BAT_01639_mp-763253.cif,BAT_01639_mp-753828.cif,downloaded,downloaded
BAT_01640,CoSiO4,mp-778061,mp-764957,BAT_01640_mp-778061.cif,BAT_01640_mp-764957.cif,downloaded,downloaded
BAT_01641,CoSiO4,mp-763255,mp-753732,BAT_01641_mp-763255.cif,BAT_01641_mp-753732.cif,downloaded,downloaded
BAT_01642,CoSiO4,mp-757822,mp-1248621,BAT_01642_mp-757822.cif,BAT_01642_mp-1248621.cif,downloaded,downloaded
BAT_01643,CoSiO4,mp-1177732,mp-758637,BAT_01643_mp-1177732.cif,BAT_01643_mp-758637.cif,downloaded,downloaded
BAT_01644,CoSiO4,mp-25268,mp-781591,BAT_01644_mp-25268.cif,BAT_01644_mp-781591.cif,downloaded,downloaded
BAT_01645,CoSiO5,mp-849671,mp-758411,BAT_01645_mp-849671.cif,BAT_01645_mp-758411.cif,downloaded,downloaded
BAT_01646,CoSiO4,mp-762880,mp-759671,BAT_01646_mp-762880.cif,BAT_01646_mp-759671.cif,downloaded,downloaded
BAT_01647,CoSiO4,mp-759261,mp-761247,BAT_01647_mp-759261.cif,BAT_01647_mp-761247.cif,downloaded,downloaded
BAT_01648,Co2Si3O10,mp-849656,mp-757921,BAT_01648_mp-849656.cif,BAT_01648_mp-757921.cif,downloaded,downloaded
BAT_01649,CoSiO4,mp-778490,mp-758473,BAT_01649_mp-778490.cif,BAT_01649_mp-758473.cif,downloaded,downloaded
BAT_01650,CoSiO4,mp-777657,mp-760516,BAT_01650_mp-777657.cif,BAT_01650_mp-760516.cif,downloaded,downloaded
BAT_01651,CoSiO4,mp-758703,mp-758638,BAT_01651_mp-758703.cif,BAT_01651_mp-758638.cif,downloaded,downloaded
BAT_01652,Co3(SiO4)2,mp-849520,mp-758078,BAT_01652_mp-849520.cif,BAT_01652_mp-758078.cif,downloaded,downloaded
BAT_01653,Co3SnO8,mp-771769,mp-772420,BAT_01653_mp-771769.cif,BAT_01653_mp-772420.cif,downloaded,downloaded
BAT_01654,CoSnO4,mp-753496,mp-768412,BAT_01654_mp-753496.cif,BAT_01654_mp-768412.cif,downloaded,downloaded
BAT_01655,Co3TeO8,mp-761512,mp-755343,BAT_01655_mp-761512.cif,BAT_01655_mp-755343.cif,downloaded,downloaded
BAT_01656,Co3TeO8,mp-867653,mp-1178025,BAT_01656_mp-867653.cif,BAT_01656_mp-1178025.cif,downloaded,downloaded
BAT_01657,Co5Te3O16,mp-771020,mp-781593,BAT_01657_mp-771020.cif,BAT_01657_mp-781593.cif,downloaded,downloaded
BAT_01658,Co3TeO8,mp-753013,mp-772478,BAT_01658_mp-753013.cif,BAT_01658_mp-772478.cif,downloaded,downloaded
BAT_01659,Co4TeO8,mp-1287666,mp-756161,BAT_01659_mp-1287666.cif,BAT_01659_mp-756161.cif,downloaded,downloaded
BAT_01660,TiCo3O8,mp-1290660,mp-1297766,BAT_01660_mp-1290660.cif,BAT_01660_mp-1297766.cif,downloaded,downloaded
BAT_01661,Ti2Co3O10,mp-762834,mp-761142,BAT_01661_mp-762834.cif,BAT_01661_mp-761142.cif,downloaded,downloaded
BAT_01662,Ti3Co3(TeO8)2,mp-752786,mp-753426,BAT_01662_mp-752786.cif,BAT_01662_mp-753426.cif,downloaded,downloaded
BAT_01663,V3Co3(TeO8)2,mp-775162,mp-771757,BAT_01663_mp-775162.cif,BAT_01663_mp-771757.cif,downloaded,downloaded
BAT_01664,Ti(CoO3)2,mp-753158,mp-771220,BAT_01664_mp-753158.cif,BAT_01664_mp-771220.cif,downloaded,downloaded
BAT_01665,TiCo5O12,mp-756754,mp-770955,BAT_01665_mp-756754.cif,BAT_01665_mp-770955.cif,downloaded,downloaded
BAT_01666,TiCoO4,mp-1176576,mp-1177850,BAT_01666_mp-1176576.cif,BAT_01666_mp-1177850.cif,downloaded,downloaded
BAT_01667,Ti6Co3O16,mp-758898,mp-772982,BAT_01667_mp-758898.cif,BAT_01667_mp-772982.cif,downloaded,downloaded
BAT_01668,TiCo3O8,mp-1101280,mp-761172,BAT_01668_mp-1101280.cif,BAT_01668_mp-761172.cif,downloaded,downloaded
BAT_01669,V3CoO10,mp-754313,mp-759134,BAT_01669_mp-754313.cif,BAT_01669_mp-759134.cif,downloaded,downloaded
BAT_01670,VCoO4,mp-771308,mp-754522,BAT_01670_mp-771308.cif,BAT_01670_mp-754522.cif,downloaded,downloaded
BAT_01671,V3CoO8,mp-755017,mp-756121,BAT_01671_mp-755017.cif,BAT_01671_mp-756121.cif,downloaded,downloaded
BAT_01673,VCoO4,mp-771137,mp-753151,BAT_01673_mp-771137.cif,BAT_01673_mp-753151.cif,downloaded,downloaded
BAT_01674,VCoO4,mp-753959,mp-773359,BAT_01674_mp-753959.cif,BAT_01674_mp-773359.cif,downloaded,downloaded
BAT_01675,V3CoO8,mp-1177534,mp-771356,BAT_01675_mp-1177534.cif,BAT_01675_mp-771356.cif,downloaded,downloaded
BAT_01676,VCo3O8,mp-752604,mp-757835,BAT_01676_mp-752604.cif,BAT_01676_mp-757835.cif,downloaded,downloaded
BAT_01677,VCoO4,mp-756413,mp-753926,BAT_01677_mp-756413.cif,BAT_01677_mp-753926.cif,downloaded,downloaded
BAT_01679,V5CoO12,mp-2236422,mp-755221,BAT_01679_mp-2236422.cif,BAT_01679_mp-755221.cif,downloaded,downloaded
BAT_01680,V3(CoO6)2,mp-761188,mp-774919,BAT_01680_mp-761188.cif,BAT_01680_mp-774919.cif,downloaded,downloaded
BAT_01681,V3CoO8,mp-861494,mp-1177869,BAT_01681_mp-861494.cif,BAT_01681_mp-1177869.cif,downloaded,downloaded
BAT_01682,V2CoO6,mp-755979,mp-761801,BAT_01682_mp-755979.cif,BAT_01682_mp-761801.cif,downloaded,downloaded
BAT_01683,Co3WO8,mp-753391,mp-775180,BAT_01683_mp-753391.cif,BAT_01683_mp-775180.cif,downloaded,downloaded
BAT_01684,Co(WO4)2,mp-25290,mp-552307,BAT_01684_mp-25290.cif,BAT_01684_mp-552307.cif,downloaded,downloaded
BAT_01687,CoS2,mp-1390701,mp-1176776,BAT_01687_mp-1390701.cif,BAT_01687_mp-1176776.cif,downloaded,downloaded
BAT_01689,Cr3CuO8,mp-768828,mp-756558,BAT_01689_mp-768828.cif,BAT_01689_mp-756558.cif,downloaded,downloaded
BAT_01690,Cr3(CuO6)2,mp-764630,mp-774351,BAT_01690_mp-764630.cif,BAT_01690_mp-774351.cif,downloaded,downloaded
BAT_01691,CrFe3Cu2(PO4)6,mp-773538,mp-1177494,BAT_01691_mp-773538.cif,BAT_01691_mp-1177494.cif,downloaded,downloaded
BAT_01692,Cr3(CuO6)2,mp-772337,mp-1178040,BAT_01692_mp-772337.cif,BAT_01692_mp-1178040.cif,downloaded,downloaded
BAT_01693,Cr3Cu(PO4)4,mp-756357,mp-1177451,BAT_01693_mp-756357.cif,BAT_01693_mp-1177451.cif,downloaded,downloaded
BAT_01695,V4CrCuO12,mp-756483,mp-755828,BAT_01695_mp-756483.cif,BAT_01695_mp-755828.cif,downloaded,downloaded
BAT_01697,CrF6,mp-555112,mp-753824,BAT_01697_mp-555112.cif,BAT_01697_mp-753824.cif,downloaded,downloaded
BAT_01699,CrF4,mp-554855,mp-759949,BAT_01699_mp-554855.cif,BAT_01699_mp-759949.cif,downloaded,downloaded
BAT_01703,NaCrF6,mp-558418,mp-1111349,BAT_01703_mp-558418.cif,BAT_01703_mp-1111349.cif,downloaded,downloaded
BAT_01704,CrP2(O4F)2,mp-760793,mp-770679,BAT_01704_mp-760793.cif,BAT_01704_mp-770679.cif,downloaded,downloaded
BAT_01705,CrPO4F,mp-755075,mp-25391,BAT_01705_mp-755075.cif,BAT_01705_mp-25391.cif,downloaded,downloaded
BAT_01706,CrPO4F,mp-770697,mp-770575,BAT_01706_mp-770697.cif,BAT_01706_mp-770575.cif,downloaded,downloaded
BAT_01707,CrPO4F,mp-776662,mp-770894,BAT_01707_mp-776662.cif,BAT_01707_mp-770894.cif,downloaded,downloaded
BAT_01709,VCrP2(O4F)2,mp-765139,mp-753680,BAT_01709_mp-765139.cif,BAT_01709_mp-753680.cif,downloaded,downloaded
BAT_01711,Mn3Cr2Fe3O16,mp-849471,mp-861553,BAT_01711_mp-849471.cif,BAT_01711_mp-861553.cif,downloaded,downloaded
BAT_01712,Mn3Cr3(FeO8)2,mp-761449,mp-777063,BAT_01712_mp-761449.cif,BAT_01712_mp-777063.cif,downloaded,downloaded
BAT_01713,MnCr2Fe3(PO4)6,mp-776060,mp-779026,BAT_01713_mp-776060.cif,BAT_01713_mp-779026.cif,downloaded,downloaded
BAT_01714,Cr12Fe7O48,mp-1178459,mp-1176819,BAT_01714_mp-1178459.cif,BAT_01714_mp-1176819.cif,downloaded,downloaded
BAT_01715,CrFe3O8,mp-754773,mp-759919,BAT_01715_mp-754773.cif,BAT_01715_mp-759919.cif,downloaded,downloaded
BAT_01716,CrFe3O8,mp-754888,mp-763933,BAT_01716_mp-754888.cif,BAT_01716_mp-763933.cif,downloaded,downloaded
BAT_01717,CrFeO4,mp-755679,mp-755048,BAT_01717_mp-755679.cif,BAT_01717_mp-755048.cif,downloaded,downloaded
BAT_01718,CrFe3O8,mp-754939,mp-768701,BAT_01718_mp-754939.cif,BAT_01718_mp-768701.cif,downloaded,downloaded
BAT_01719,Cr2FeO6,mp-782636,mp-755051,BAT_01719_mp-782636.cif,BAT_01719_mp-755051.cif,downloaded,downloaded
BAT_01720,CrFeO4,mp-754600,mp-752610,BAT_01720_mp-754600.cif,BAT_01720_mp-752610.cif,downloaded,downloaded
BAT_01721,Cr3FeO8,mp-769975,mp-768704,BAT_01721_mp-769975.cif,BAT_01721_mp-768704.cif,downloaded,downloaded
BAT_01722,Cr2Fe5O12,mp-756384,mp-755090,BAT_01722_mp-756384.cif,BAT_01722_mp-755090.cif,downloaded,downloaded
BAT_01723,Cr(FeO3)2,mp-782631,mp-756692,BAT_01723_mp-782631.cif,BAT_01723_mp-756692.cif,downloaded,downloaded
BAT_01724,Cr3FeO8,mp-756058,mp-759199,BAT_01724_mp-756058.cif,BAT_01724_mp-759199.cif,downloaded,downloaded
BAT_01725,Cr3FeO8,mp-774415,mp-763916,BAT_01725_mp-774415.cif,BAT_01725_mp-763916.cif,downloaded,downloaded
BAT_01726,Cr3(FeO6)2,mp-772616,mp-775129,BAT_01726_mp-772616.cif,BAT_01726_mp-775129.cif,downloaded,downloaded
BAT_01727,Cr3FeO8,mp-777653,mp-759913,BAT_01727_mp-777653.cif,BAT_01727_mp-759913.cif,downloaded,downloaded
BAT_01728,Cr3(FeO4)2,mp-756710,mp-755327,BAT_01728_mp-756710.cif,BAT_01728_mp-755327.cif,downloaded,downloaded
BAT_01729,Cr2Fe3O10,mp-1177772,mp-765750,BAT_01729_mp-1177772.cif,BAT_01729_mp-765750.cif,downloaded,downloaded
BAT_01730,Cr10Fe5O24,mp-771184,mp-771093,BAT_01730_mp-771184.cif,BAT_01730_mp-771093.cif,downloaded,downloaded
BAT_01731,CrFe(PO4)2,mp-861612,mp-861527,BAT_01731_mp-861612.cif,BAT_01731_mp-861527.cif,downloaded,downloaded
BAT_01732,Cr3Fe(PO4)6,mp-775201,mp-780107,BAT_01732_mp-775201.cif,BAT_01732_mp-780107.cif,downloaded,downloaded
BAT_01734,Cr3GaO8,mp-768641,mp-768872,BAT_01734_mp-768641.cif,BAT_01734_mp-768872.cif,downloaded,downloaded
BAT_01736,Cr3Fe2Sb3O16,mp-775288,mp-772506,BAT_01736_mp-775288.cif,BAT_01736_mp-772506.cif,downloaded,downloaded
BAT_01737,Cr3Fe3(TeO8)2,mp-757950,mp-773518,BAT_01737_mp-757950.cif,BAT_01737_mp-773518.cif,downloaded,downloaded
BAT_01738,Cr(GeO3)2,mp-2237154,mp-1105411,BAT_01738_mp-2237154.cif,BAT_01738_mp-1105411.cif,downloaded,downloaded
BAT_01739,Cr2(GeO4)3,mp-1329713,mp-1012879,BAT_01739_mp-1329713.cif,BAT_01739_mp-1012879.cif,downloaded,downloaded
BAT_01741,VCrP2(HO5)2,mp-753596,mp-1293168,BAT_01741_mp-753596.cif,,downloaded,missing
BAT_01743,CrPHO5,mp-754797,mp-753051,BAT_01743_mp-754797.cif,BAT_01743_mp-753051.cif,downloaded,downloaded
BAT_01744,Cr2P4H3O16,mp-763238,mp-756092,BAT_01744_mp-763238.cif,BAT_01744_mp-756092.cif,downloaded,downloaded
BAT_01751,MgCr3(SO4)6,mp-771674,mp-772868,BAT_01751_mp-771674.cif,BAT_01751_mp-772868.cif,downloaded,downloaded
BAT_01754,MgCr3(SO4)6,mp-769559,mp-1177996,BAT_01754_mp-769559.cif,BAT_01754_mp-1177996.cif,downloaded,downloaded
BAT_01756,Mn3Nb2Cr3O16,mp-771853,mp-756399,BAT_01756_mp-771853.cif,BAT_01756_mp-756399.cif,downloaded,downloaded
BAT_01757,MgCr3Se3(SO8)3,mp-773053,mp-773018,BAT_01757_mp-773053.cif,BAT_01757_mp-773018.cif,downloaded,downloaded
BAT_01758,Mn3CrO8,mp-756575,mp-1177394,BAT_01758_mp-756575.cif,BAT_01758_mp-1177394.cif,downloaded,downloaded
BAT_01759,Mn3NbCr2(PO4)6,mp-775967,mp-776566,BAT_01759_mp-775967.cif,BAT_01759_mp-776566.cif,downloaded,downloaded
BAT_01760,Mn2CrNi3(PO4)6,mp-760233,mp-775171,BAT_01760_mp-760233.cif,BAT_01760_mp-775171.cif,downloaded,downloaded
BAT_01761,Mn3Cr3(NiO8)2,mp-757051,mp-774408,BAT_01761_mp-757051.cif,BAT_01761_mp-774408.cif,downloaded,downloaded
BAT_01762,Mn3Cr2O10,mp-754963,mp-752479,BAT_01762_mp-754963.cif,BAT_01762_mp-752479.cif,downloaded,downloaded
BAT_01763,Mn3CrO8,mp-773120,mp-764036,BAT_01763_mp-773120.cif,BAT_01763_mp-764036.cif,downloaded,downloaded
BAT_01765,MnCr3O8,mp-775295,mp-753261,BAT_01765_mp-775295.cif,BAT_01765_mp-753261.cif,downloaded,downloaded
BAT_01766,Mn2CrO6,mp-753734,mp-1568146,BAT_01766_mp-753734.cif,BAT_01766_mp-1568146.cif,downloaded,downloaded
BAT_01767,Mn5Cr3O16,mp-771133,mp-772050,BAT_01767_mp-771133.cif,BAT_01767_mp-772050.cif,downloaded,downloaded
BAT_01768,Mn4CrO8,mp-754200,mp-756602,BAT_01768_mp-754200.cif,BAT_01768_mp-756602.cif,downloaded,downloaded
BAT_01769,MnCr3O8,mp-754425,mp-756944,BAT_01769_mp-754425.cif,BAT_01769_mp-756944.cif,downloaded,downloaded
BAT_01771,MnCr3O8,mp-1177916,mp-761082,BAT_01771_mp-1177916.cif,BAT_01771_mp-761082.cif,downloaded,downloaded
BAT_01772,Mn2Cr3O12,mp-772631,mp-775291,BAT_01772_mp-772631.cif,BAT_01772_mp-775291.cif,downloaded,downloaded
BAT_01774,FePO4F,mp-25382,mp-25393,BAT_01774_mp-25382.cif,BAT_01774_mp-25393.cif,downloaded,downloaded
BAT_01775,VFeP2(O4F)2,mp-777408,mp-1177545,BAT_01775_mp-777408.cif,BAT_01775_mp-1177545.cif,downloaded,downloaded
BAT_01779,K2MnF6,mp-557397,mp-1111670,BAT_01779_mp-557397.cif,BAT_01779_mp-1111670.cif,downloaded,downloaded
BAT_01780,VH2OF5,mp-753201,mp-770536,BAT_01780_mp-753201.cif,BAT_01780_mp-770536.cif,downloaded,downloaded
BAT_01782,K2NiF6,mp-605034,mp-1111147,BAT_01782_mp-605034.cif,BAT_01782_mp-1111147.cif,downloaded,downloaded
BAT_01783,MnF3,mp-766789,mp-757174,BAT_01783_mp-766789.cif,BAT_01783_mp-757174.cif,downloaded,downloaded
BAT_01784,MnF6,mp-753601,mp-753041,BAT_01784_mp-753601.cif,BAT_01784_mp-753041.cif,downloaded,downloaded
BAT_01785,MnF8,mp-756952,mp-1177082,BAT_01785_mp-756952.cif,BAT_01785_mp-1177082.cif,downloaded,downloaded
BAT_01786,MnF4,mp-753485,mp-763349,BAT_01786_mp-753485.cif,BAT_01786_mp-763349.cif,downloaded,downloaded
BAT_01787,MnF3,mp-757186,mp-767304,BAT_01787_mp-757186.cif,BAT_01787_mp-767304.cif,downloaded,downloaded
BAT_01788,Mn2F7,mp-760309,mp-759249,BAT_01788_mp-760309.cif,BAT_01788_mp-759249.cif,downloaded,downloaded
BAT_01790,MnF7,mp-759724,mp-759476,BAT_01790_mp-759724.cif,BAT_01790_mp-759476.cif,downloaded,downloaded
BAT_01791,MnF5,mp-767597,mp-759420,BAT_01791_mp-767597.cif,BAT_01791_mp-759420.cif,downloaded,downloaded
BAT_01793,MnF3,mp-758601,mp-763784,BAT_01793_mp-758601.cif,BAT_01793_mp-763784.cif,downloaded,downloaded
BAT_01794,Mn7F16,mp-867575,mp-753570,BAT_01794_mp-867575.cif,BAT_01794_mp-753570.cif,downloaded,downloaded
BAT_01795,MnF7,mp-764645,mp-753997,BAT_01795_mp-764645.cif,BAT_01795_mp-753997.cif,downloaded,downloaded
BAT_01796,MnF5,mp-767572,mp-759158,BAT_01796_mp-767572.cif,BAT_01796_mp-759158.cif,downloaded,downloaded
BAT_01797,Mn7F18,mp-753607,mp-753981,BAT_01797_mp-753607.cif,BAT_01797_mp-753981.cif,downloaded,downloaded
BAT_01798,MnF3,mp-556560,mp-752938,BAT_01798_mp-556560.cif,BAT_01798_mp-752938.cif,downloaded,downloaded
BAT_01799,Mn3F8,mp-752616,mp-763793,BAT_01799_mp-752616.cif,BAT_01799_mp-763793.cif,downloaded,downloaded
BAT_01800,MnF3,mp-765633,mp-754676,BAT_01800_mp-765633.cif,BAT_01800_mp-754676.cif,downloaded,downloaded
BAT_01801,Mn2F7,mp-759987,mp-759600,BAT_01801_mp-759987.cif,BAT_01801_mp-759600.cif,downloaded,downloaded
BAT_01802,MnF6,mp-752752,mp-1111072,BAT_01802_mp-752752.cif,BAT_01802_mp-1111072.cif,downloaded,downloaded
BAT_01803,Mn2F7,mp-760180,mp-759477,BAT_01803_mp-760180.cif,BAT_01803_mp-759477.cif,downloaded,downloaded
BAT_01804,MnF5,mp-753247,mp-761161,BAT_01804_mp-753247.cif,BAT_01804_mp-761161.cif,downloaded,downloaded
BAT_01805,MnF8,mp-765258,mp-759844,BAT_01805_mp-765258.cif,BAT_01805_mp-759844.cif,downloaded,downloaded
BAT_01806,MnF4,mp-1176622,mp-760139,BAT_01806_mp-1176622.cif,BAT_01806_mp-760139.cif,downloaded,downloaded
BAT_01807,MnF3,mp-1176437,mp-765457,BAT_01807_mp-1176437.cif,BAT_01807_mp-765457.cif,downloaded,downloaded
BAT_01809,MnF6,mp-752557,mp-757600,BAT_01809_mp-752557.cif,BAT_01809_mp-757600.cif,downloaded,downloaded
BAT_01810,Mn2F5,mp-753215,mp-760293,BAT_01810_mp-753215.cif,BAT_01810_mp-760293.cif,downloaded,downloaded
BAT_01811,MnF6,mp-760229,mp-760028,BAT_01811_mp-760229.cif,BAT_01811_mp-760028.cif,downloaded,downloaded
BAT_01812,MnF4,mp-755191,mp-778554,BAT_01812_mp-755191.cif,BAT_01812_mp-778554.cif,downloaded,downloaded
BAT_01814,Mn2F5,mp-753169,mp-753032,BAT_01814_mp-753169.cif,BAT_01814_mp-753032.cif,downloaded,downloaded
BAT_01815,MnF6,mp-752936,mp-831158,,BAT_01815_mp-831158.cif,missing,downloaded
BAT_01816,Mn2F9,mp-753244,mp-754135,BAT_01816_mp-753244.cif,BAT_01816_mp-754135.cif,downloaded,downloaded
BAT_01817,MnF6,mp-756079,mp-777812,BAT_01817_mp-756079.cif,BAT_01817_mp-777812.cif,downloaded,downloaded
BAT_01818,Mn2F7,mp-757058,mp-765055,BAT_01818_mp-757058.cif,BAT_01818_mp-765055.cif,downloaded,downloaded
BAT_01819,Mn3F10,mp-753434,mp-757143,BAT_01819_mp-753434.cif,BAT_01819_mp-757143.cif,downloaded,downloaded
BAT_01820,Mn2F7,mp-753435,mp-753503,BAT_01820_mp-753435.cif,BAT_01820_mp-753503.cif,downloaded,downloaded
BAT_01821,MnF3,mp-759525,mp-759954,BAT_01821_mp-759525.cif,BAT_01821_mp-759954.cif,downloaded,downloaded
BAT_01822,Mn7O7F,mp-753904,mp-764671,BAT_01822_mp-753904.cif,BAT_01822_mp-764671.cif,downloaded,downloaded
BAT_01823,Mn5OF11,mp-1371307,mp-1342258,BAT_01823_mp-1371307.cif,BAT_01823_mp-1342258.cif,downloaded,downloaded
BAT_01824,Mn5O9F,mp-766870,mp-753735,BAT_01824_mp-766870.cif,BAT_01824_mp-753735.cif,downloaded,downloaded
BAT_01825,Mn2O3F,mp-767610,mp-753835,BAT_01825_mp-767610.cif,BAT_01825_mp-753835.cif,downloaded,downloaded
BAT_01827,Mn5O3F5,mp-752519,mp-763431,BAT_01827_mp-752519.cif,BAT_01827_mp-763431.cif,downloaded,downloaded
BAT_01828,Mn4OF8,mp-754014,mp-761138,BAT_01828_mp-754014.cif,BAT_01828_mp-761138.cif,downloaded,downloaded
BAT_01829,Mn5OF11,mp-754178,mp-754023,BAT_01829_mp-754178.cif,BAT_01829_mp-754023.cif,downloaded,downloaded
BAT_01830,Mn2OF3,mp-752737,mp-759613,BAT_01830_mp-752737.cif,BAT_01830_mp-759613.cif,downloaded,downloaded
BAT_01831,Mn5OF11,mp-754167,mp-760153,BAT_01831_mp-754167.cif,BAT_01831_mp-760153.cif,downloaded,downloaded
BAT_01832,Mn2OF3,mp-754070,mp-756757,BAT_01832_mp-754070.cif,BAT_01832_mp-756757.cif,downloaded,downloaded
BAT_01833,Mn5O3F5,mp-1277673,mp-759115,BAT_01833_mp-1277673.cif,BAT_01833_mp-759115.cif,downloaded,downloaded
BAT_01834,Mn3(OF3)2,mp-1639489,mp-753341,BAT_01834_mp-1639489.cif,BAT_01834_mp-753341.cif,downloaded,downloaded
BAT_01836,Mn5O5F,mp-753550,mp-760368,BAT_01836_mp-753550.cif,BAT_01836_mp-760368.cif,downloaded,downloaded
BAT_01837,Mn3(OF3)2,mp-753440,mp-753977,BAT_01837_mp-753440.cif,BAT_01837_mp-753977.cif,downloaded,downloaded
BAT_01839,MnOF4,mp-1276200,mp-760393,BAT_01839_mp-1276200.cif,BAT_01839_mp-760393.cif,downloaded,downloaded
BAT_01840,Mn2O2F3,mp-2223159,mp-1176658,BAT_01840_mp-2223159.cif,BAT_01840_mp-1176658.cif,downloaded,downloaded
BAT_01841,Mn2OF3,mp-752756,mp-753996,BAT_01841_mp-752756.cif,BAT_01841_mp-753996.cif,downloaded,downloaded
BAT_01842,Mn5O7F,mp-753608,mp-753411,BAT_01842_mp-753608.cif,BAT_01842_mp-753411.cif,downloaded,downloaded
BAT_01843,Mn3O5F3,mp-753419,mp-759593,BAT_01843_mp-753419.cif,BAT_01843_mp-759593.cif,downloaded,downloaded
BAT_01844,Mn3OF8,mp-759751,mp-759970,BAT_01844_mp-759751.cif,BAT_01844_mp-759970.cif,downloaded,downloaded
BAT_01846,Mn3OF6,mp-759176,mp-761162,BAT_01846_mp-759176.cif,BAT_01846_mp-761162.cif,downloaded,downloaded
BAT_01847,MnOF3,mp-1275120,mp-755504,BAT_01847_mp-1275120.cif,BAT_01847_mp-755504.cif,downloaded,downloaded
BAT_01848,Mn3OF6,mp-760051,mp-759714,BAT_01848_mp-760051.cif,BAT_01848_mp-759714.cif,downloaded,downloaded
BAT_01850,Mn(O2F)2,mp-766227,mp-763440,BAT_01850_mp-766227.cif,BAT_01850_mp-763440.cif,downloaded,downloaded
BAT_01852,MnPO4F,mp-861278,mp-771918,BAT_01852_mp-861278.cif,BAT_01852_mp-771918.cif,downloaded,downloaded
BAT_01854,MnVP2(O4F)2,mp-777048,mp-752825,BAT_01854_mp-777048.cif,BAT_01854_mp-752825.cif,downloaded,downloaded
BAT_01855,MnPO4F,mp-25426,mp-25395,BAT_01855_mp-25426.cif,BAT_01855_mp-25395.cif,downloaded,downloaded
BAT_01856,Mn2P2O7F2,mp-770557,mp-770546,BAT_01856_mp-770557.cif,BAT_01856_mp-770546.cif,downloaded,downloaded
BAT_01857,MnPO4F,mp-1176649,mp-776063,BAT_01857_mp-1176649.cif,BAT_01857_mp-776063.cif,downloaded,downloaded
BAT_01858,Rb2MnF6,mp-558111,mp-1113711,BAT_01858_mp-558111.cif,BAT_01858_mp-1113711.cif,downloaded,downloaded
BAT_01865,NiPO4F,mp-1176633,mp-554446,BAT_01865_mp-1176633.cif,BAT_01865_mp-554446.cif,downloaded,downloaded
BAT_01866,Ni(O2F)2,mp-761279,mp-753488,BAT_01866_mp-761279.cif,BAT_01866_mp-753488.cif,downloaded,downloaded
BAT_01867,NiPO4F,mp-25468,mp-25397,BAT_01867_mp-25468.cif,BAT_01867_mp-25397.cif,downloaded,downloaded
BAT_01868,Rb2NiF6,mp-556417,mp-1113709,BAT_01868_mp-556417.cif,BAT_01868_mp-1113709.cif,downloaded,downloaded
BAT_01871,VPO4F,mp-25423,mp-776064,BAT_01871_mp-25423.cif,BAT_01871_mp-776064.cif,downloaded,downloaded
BAT_01872,VP2(O4F)2,mp-782668,mp-554656,BAT_01872_mp-782668.cif,BAT_01872_mp-554656.cif,downloaded,downloaded
BAT_01875,VPO4F,mp-1104878,mp-1222675,BAT_01875_mp-1104878.cif,BAT_01875_mp-1222675.cif,downloaded,downloaded
BAT_01876,VSO4F3,mp-768093,mp-769602,BAT_01876_mp-768093.cif,BAT_01876_mp-769602.cif,downloaded,downloaded
BAT_01877,V4OF11,mp-754461,mp-776414,BAT_01877_mp-754461.cif,BAT_01877_mp-776414.cif,downloaded,downloaded
BAT_01879,V2OF5,mp-752923,mp-776440,BAT_01879_mp-752923.cif,BAT_01879_mp-776440.cif,downloaded,downloaded
BAT_01881,V4(OF3)3,mp-755229,mp-765901,BAT_01881_mp-755229.cif,BAT_01881_mp-765901.cif,downloaded,downloaded
BAT_01882,V(OF)2,mp-1539853,mp-752823,BAT_01882_mp-1539853.cif,BAT_01882_mp-752823.cif,downloaded,downloaded
BAT_01883,V2(OF)3,mp-754270,mp-754467,BAT_01883_mp-754270.cif,BAT_01883_mp-754467.cif,downloaded,downloaded
BAT_01884,V3OF11,mp-752857,mp-850394,BAT_01884_mp-752857.cif,BAT_01884_mp-850394.cif,downloaded,downloaded
BAT_01885,V3O5F,mp-753016,mp-752985,BAT_01885_mp-753016.cif,BAT_01885_mp-752985.cif,downloaded,downloaded
BAT_01886,V2O2F3,mp-753052,mp-752937,BAT_01886_mp-753052.cif,BAT_01886_mp-752937.cif,downloaded,downloaded
BAT_01887,V2O2F3,mp-764379,mp-753928,BAT_01887_mp-764379.cif,BAT_01887_mp-753928.cif,downloaded,downloaded
BAT_01889,VOF5,mp-752498,mp-757350,BAT_01889_mp-752498.cif,BAT_01889_mp-757350.cif,downloaded,downloaded
BAT_01890,V2OF6,mp-1101248,mp-753637,BAT_01890_mp-1101248.cif,BAT_01890_mp-753637.cif,downloaded,downloaded
BAT_01892,V2O3F,mp-752997,mp-765841,BAT_01892_mp-752997.cif,BAT_01892_mp-765841.cif,downloaded,downloaded
BAT_01893,V3(O2F)2,mp-765508,mp-753023,BAT_01893_mp-765508.cif,BAT_01893_mp-753023.cif,downloaded,downloaded
BAT_01894,VO3F2,mp-752990,mp-764753,BAT_01894_mp-752990.cif,BAT_01894_mp-764753.cif,downloaded,downloaded
BAT_01895,V2OF7,mp-765500,mp-752612,BAT_01895_mp-765500.cif,BAT_01895_mp-752612.cif,downloaded,downloaded
BAT_01896,V2OF5,mp-764448,mp-765223,BAT_01896_mp-764448.cif,BAT_01896_mp-765223.cif,downloaded,downloaded
BAT_01897,VOF3,mp-752824,mp-765498,BAT_01897_mp-752824.cif,BAT_01897_mp-765498.cif,downloaded,downloaded
BAT_01898,V3(OF3)2,mp-759157,mp-753466,BAT_01898_mp-759157.cif,BAT_01898_mp-753466.cif,downloaded,downloaded
BAT_01899,V(OF)2,mp-765626,mp-776500,BAT_01899_mp-765626.cif,BAT_01899_mp-776500.cif,downloaded,downloaded
BAT_01900,V4O5F7,mp-755181,mp-754849,BAT_01900_mp-755181.cif,BAT_01900_mp-754849.cif,downloaded,downloaded
BAT_01901,V4(OF3)3,mp-1101222,mp-754854,BAT_01901_mp-1101222.cif,BAT_01901_mp-754854.cif,downloaded,downloaded
BAT_01902,VO3F2,mp-761111,mp-753535,BAT_01902_mp-761111.cif,BAT_01902_mp-753535.cif,downloaded,downloaded
BAT_01903,VOF3,mp-753525,mp-755024,BAT_01903_mp-753525.cif,BAT_01903_mp-755024.cif,downloaded,downloaded
BAT_01904,V2OF5,mp-1648259,mp-776389,BAT_01904_mp-1648259.cif,BAT_01904_mp-776389.cif,downloaded,downloaded
BAT_01905,VOF3,mp-753030,mp-756068,BAT_01905_mp-753030.cif,BAT_01905_mp-756068.cif,downloaded,downloaded
BAT_01908,V3O3F5,mp-764201,mp-759089,BAT_01908_mp-764201.cif,BAT_01908_mp-759089.cif,downloaded,downloaded
BAT_01909,V2OF5,mp-752757,mp-753339,BAT_01909_mp-752757.cif,BAT_01909_mp-753339.cif,downloaded,downloaded
BAT_01910,V6O7F5,mp-759522,mp-753549,BAT_01910_mp-759522.cif,BAT_01910_mp-753549.cif,downloaded,downloaded
BAT_01911,V3OF11,mp-752815,mp-765238,BAT_01911_mp-752815.cif,BAT_01911_mp-765238.cif,downloaded,downloaded
BAT_01913,VO2F,mp-759102,mp-753128,BAT_01913_mp-759102.cif,BAT_01913_mp-753128.cif,downloaded,downloaded
BAT_01914,V2OF5,mp-763192,mp-775937,BAT_01914_mp-763192.cif,BAT_01914_mp-775937.cif,downloaded,downloaded
BAT_01915,V4OF11,mp-1302830,mp-755111,BAT_01915_mp-1302830.cif,BAT_01915_mp-755111.cif,downloaded,downloaded
BAT_01917,VO2F,mp-753014,mp-752626,BAT_01917_mp-753014.cif,BAT_01917_mp-752626.cif,downloaded,downloaded
BAT_01918,V6O7F5,mp-763201,mp-755088,BAT_01918_mp-763201.cif,BAT_01918_mp-755088.cif,downloaded,downloaded
BAT_01919,V4O5F7,mp-755640,mp-755130,BAT_01919_mp-755640.cif,BAT_01919_mp-755130.cif,downloaded,downloaded
BAT_01920,V3(OF)4,mp-760115,mp-752838,BAT_01920_mp-760115.cif,BAT_01920_mp-752838.cif,downloaded,downloaded
BAT_01921,V6O5F19,mp-760037,mp-777740,BAT_01921_mp-760037.cif,BAT_01921_mp-777740.cif,downloaded,downloaded
BAT_01922,V(OF)2,mp-1280578,mp-753080,BAT_01922_mp-1280578.cif,BAT_01922_mp-753080.cif,downloaded,downloaded
BAT_01923,V2OF5,mp-754609,mp-776415,BAT_01923_mp-754609.cif,BAT_01923_mp-776415.cif,downloaded,downloaded
BAT_01924,V4(OF3)3,mp-759200,mp-755439,BAT_01924_mp-759200.cif,BAT_01924_mp-755439.cif,downloaded,downloaded
BAT_01925,VOF3,mp-850913,mp-850895,BAT_01925_mp-850913.cif,BAT_01925_mp-850895.cif,downloaded,downloaded
BAT_01926,V4O5F7,mp-1101221,mp-755196,BAT_01926_mp-1101221.cif,BAT_01926_mp-755196.cif,downloaded,downloaded
BAT_01927,VOF4,mp-760189,mp-761271,BAT_01927_mp-760189.cif,BAT_01927_mp-761271.cif,downloaded,downloaded
BAT_01928,VOF3,mp-760367,mp-764721,BAT_01928_mp-760367.cif,BAT_01928_mp-764721.cif,downloaded,downloaded
BAT_01929,V3OF11,mp-760355,mp-777339,BAT_01929_mp-760355.cif,BAT_01929_mp-777339.cif,downloaded,downloaded
BAT_01930,VO3F,mp-760211,mp-764917,BAT_01930_mp-760211.cif,BAT_01930_mp-764917.cif,downloaded,downloaded
BAT_01931,V6O5F19,mp-760314,mp-777288,BAT_01931_mp-760314.cif,BAT_01931_mp-777288.cif,downloaded,downloaded
BAT_01933,VOF5,mp-760326,mp-765358,BAT_01933_mp-760326.cif,BAT_01933_mp-765358.cif,downloaded,downloaded
BAT_01934,V4OF11,mp-760358,mp-777831,BAT_01934_mp-760358.cif,BAT_01934_mp-777831.cif,downloaded,downloaded
BAT_01936,V4OF11,mp-760888,mp-1176557,BAT_01936_mp-760888.cif,BAT_01936_mp-1176557.cif,downloaded,downloaded
BAT_01937,V4OF11,mp-760914,mp-779759,BAT_01937_mp-760914.cif,BAT_01937_mp-779759.cif,downloaded,downloaded
BAT_01938,V4O7F5,mp-760947,mp-775924,BAT_01938_mp-760947.cif,BAT_01938_mp-775924.cif,downloaded,downloaded
BAT_01939,V2OF5,mp-760930,mp-849639,BAT_01939_mp-760930.cif,BAT_01939_mp-849639.cif,downloaded,downloaded
BAT_01940,VO3F2,mp-850210,mp-758786,BAT_01940_mp-850210.cif,BAT_01940_mp-758786.cif,downloaded,downloaded
BAT_01941,V6O5F19,mp-760859,mp-778233,BAT_01941_mp-760859.cif,BAT_01941_mp-778233.cif,downloaded,downloaded
BAT_01942,V2OF5,mp-764744,mp-759836,BAT_01942_mp-764744.cif,BAT_01942_mp-759836.cif,downloaded,downloaded
BAT_01943,V4O5F7,mp-2214898,mp-776430,BAT_01943_mp-2214898.cif,BAT_01943_mp-776430.cif,downloaded,downloaded
BAT_01944,VO3F,mp-761101,mp-764860,BAT_01944_mp-761101.cif,BAT_01944_mp-764860.cif,downloaded,downloaded
BAT_01945,V3OF11,mp-761012,mp-780283,BAT_01945_mp-761012.cif,BAT_01945_mp-780283.cif,downloaded,downloaded
BAT_01946,VO3F,mp-761092,mp-764730,BAT_01946_mp-761092.cif,BAT_01946_mp-764730.cif,downloaded,downloaded
BAT_01948,V(OF)2,mp-765509,mp-761125,BAT_01948_mp-765509.cif,BAT_01948_mp-761125.cif,downloaded,downloaded
BAT_01949,V2OF5,mp-761130,mp-863406,BAT_01949_mp-761130.cif,BAT_01949_mp-863406.cif,downloaded,downloaded
BAT_01950,V4O5F7,mp-761197,mp-779340,BAT_01950_mp-761197.cif,BAT_01950_mp-779340.cif,downloaded,downloaded
BAT_01953,V2(OF)3,mp-763169,mp-779054,BAT_01953_mp-763169.cif,BAT_01953_mp-779054.cif,downloaded,downloaded
BAT_01954,V6O7F5,mp-763927,mp-777798,BAT_01954_mp-763927.cif,BAT_01954_mp-777798.cif,downloaded,downloaded
BAT_01955,V2OF5,mp-764367,mp-860940,BAT_01955_mp-764367.cif,BAT_01955_mp-860940.cif,downloaded,downloaded
BAT_01956,V4OF11,mp-764086,mp-776457,BAT_01956_mp-764086.cif,BAT_01956_mp-776457.cif,downloaded,downloaded
BAT_01957,V2(OF)3,mp-764087,mp-776867,BAT_01957_mp-764087.cif,BAT_01957_mp-776867.cif,downloaded,downloaded
BAT_01958,V3(OF3)2,mp-1568809,mp-867665,BAT_01958_mp-1568809.cif,BAT_01958_mp-867665.cif,downloaded,downloaded
BAT_01959,V2(OF)3,mp-763965,mp-777289,BAT_01959_mp-763965.cif,BAT_01959_mp-777289.cif,downloaded,downloaded
BAT_01960,VOF3,mp-764274,mp-771408,BAT_01960_mp-764274.cif,BAT_01960_mp-771408.cif,downloaded,downloaded
BAT_01962,V4OF11,mp-764606,mp-1176561,BAT_01962_mp-764606.cif,BAT_01962_mp-1176561.cif,downloaded,downloaded
BAT_01963,V4OF12,mp-758958,mp-757416,BAT_01963_mp-758958.cif,BAT_01963_mp-757416.cif,downloaded,downloaded
BAT_01965,V4O5F7,mp-764736,mp-776433,BAT_01965_mp-764736.cif,BAT_01965_mp-776433.cif,downloaded,downloaded
BAT_01966,V4OF11,mp-764470,mp-779025,BAT_01966_mp-764470.cif,BAT_01966_mp-779025.cif,downloaded,downloaded
BAT_01967,V4(OF3)3,mp-764879,mp-778244,BAT_01967_mp-764879.cif,BAT_01967_mp-778244.cif,downloaded,downloaded
BAT_01968,V2OF5,mp-756060,mp-775943,BAT_01968_mp-756060.cif,BAT_01968_mp-775943.cif,downloaded,downloaded
BAT_01969,VO2F,mp-759574,mp-763051,BAT_01969_mp-759574.cif,BAT_01969_mp-763051.cif,downloaded,downloaded
BAT_01970,V2OF5,mp-1101227,mp-767433,BAT_01970_mp-1101227.cif,BAT_01970_mp-767433.cif,downloaded,downloaded
BAT_01971,V(OF)2,mp-759885,mp-759168,BAT_01971_mp-759885.cif,BAT_01971_mp-759168.cif,downloaded,downloaded
BAT_01972,V3OF11,mp-759226,mp-778466,BAT_01972_mp-759226.cif,BAT_01972_mp-778466.cif,downloaded,downloaded
BAT_01973,V4OF11,mp-756220,mp-778177,BAT_01973_mp-756220.cif,BAT_01973_mp-778177.cif,downloaded,downloaded
BAT_01974,V6O7F5,mp-755871,mp-776403,BAT_01974_mp-755871.cif,BAT_01974_mp-776403.cif,downloaded,downloaded
BAT_01975,VOF3,mp-760178,mp-757620,BAT_01975_mp-760178.cif,BAT_01975_mp-757620.cif,downloaded,downloaded
BAT_01976,V3OF11,mp-774359,mp-1177290,BAT_01976_mp-774359.cif,BAT_01976_mp-1177290.cif,downloaded,downloaded
BAT_01977,V2OF5,mp-756285,mp-776824,BAT_01977_mp-756285.cif,BAT_01977_mp-776824.cif,downloaded,downloaded
BAT_01978,V3O5F3,mp-759530,mp-758438,BAT_01978_mp-759530.cif,BAT_01978_mp-758438.cif,downloaded,downloaded
BAT_01979,V4O5F7,mp-2214551,mp-777291,BAT_01979_mp-2214551.cif,BAT_01979_mp-777291.cif,downloaded,downloaded
BAT_01980,V4(OF3)3,mp-774383,mp-778226,BAT_01980_mp-774383.cif,BAT_01980_mp-778226.cif,downloaded,downloaded
BAT_01982,V4OF11,mp-774387,mp-777640,BAT_01982_mp-774387.cif,BAT_01982_mp-777640.cif,downloaded,downloaded
BAT_01983,V2OF5,mp-775438,mp-778879,BAT_01983_mp-775438.cif,BAT_01983_mp-778879.cif,downloaded,downloaded
BAT_01984,V2OF5,mp-764159,mp-849711,BAT_01984_mp-764159.cif,BAT_01984_mp-849711.cif,downloaded,downloaded
BAT_01985,VOF3,mp-759983,mp-759440,BAT_01985_mp-759983.cif,BAT_01985_mp-759440.cif,downloaded,downloaded
BAT_01986,V(OF)2,mp-776317,mp-775890,BAT_01986_mp-776317.cif,BAT_01986_mp-775890.cif,downloaded,downloaded
BAT_01987,V3OF11,mp-777440,mp-775901,BAT_01987_mp-777440.cif,BAT_01987_mp-775901.cif,downloaded,downloaded
BAT_01988,V4O5F7,mp-849292,mp-775904,BAT_01988_mp-849292.cif,BAT_01988_mp-775904.cif,downloaded,downloaded
BAT_01989,V2OF5,mp-779365,mp-776420,BAT_01989_mp-779365.cif,BAT_01989_mp-776420.cif,downloaded,downloaded
BAT_01990,V6O7F5,mp-781614,mp-776417,BAT_01990_mp-781614.cif,BAT_01990_mp-776417.cif,downloaded,downloaded
BAT_01991,V6O5F19,mp-759524,mp-779337,BAT_01991_mp-759524.cif,BAT_01991_mp-779337.cif,downloaded,downloaded
BAT_01992,V3OF11,mp-776537,mp-775902,BAT_01992_mp-776537.cif,BAT_01992_mp-775902.cif,downloaded,downloaded
BAT_01993,V3O5F3,mp-759642,mp-764754,BAT_01993_mp-759642.cif,BAT_01993_mp-764754.cif,downloaded,downloaded
BAT_01995,V2OF5,mp-1574993,mp-776421,BAT_01995_mp-1574993.cif,BAT_01995_mp-776421.cif,downloaded,downloaded
BAT_01996,V4(OF3)3,mp-777342,mp-778178,BAT_01996_mp-777342.cif,BAT_01996_mp-778178.cif,downloaded,downloaded
BAT_01997,V3OF11,mp-780323,mp-777269,BAT_01997_mp-780323.cif,BAT_01997_mp-777269.cif,downloaded,downloaded
BAT_01999,V3OF11,mp-778369,mp-777267,BAT_01999_mp-778369.cif,BAT_01999_mp-777267.cif,downloaded,downloaded
BAT_02002,V3OF11,mp-777723,mp-1177195,BAT_02002_mp-777723.cif,BAT_02002_mp-1177195.cif,downloaded,downloaded
BAT_02003,V4OF11,mp-1101212,mp-777832,BAT_02003_mp-1101212.cif,BAT_02003_mp-777832.cif,downloaded,downloaded
BAT_02004,V3OF11,mp-1101185,mp-777575,BAT_02004_mp-1101185.cif,BAT_02004_mp-777575.cif,downloaded,downloaded
BAT_02006,V4(OF3)3,mp-850332,mp-778208,BAT_02006_mp-850332.cif,BAT_02006_mp-778208.cif,downloaded,downloaded
BAT_02007,V4(OF3)3,mp-777880,mp-779062,BAT_02007_mp-777880.cif,BAT_02007_mp-779062.cif,downloaded,downloaded
BAT_02008,V4OF11,mp-779609,mp-777854,BAT_02008_mp-779609.cif,BAT_02008_mp-777854.cif,downloaded,downloaded
BAT_02009,V3OF11,mp-759668,mp-1176554,BAT_02009_mp-759668.cif,BAT_02009_mp-1176554.cif,downloaded,downloaded
BAT_02010,V6O5F19,mp-777859,mp-1177029,BAT_02010_mp-777859.cif,BAT_02010_mp-1177029.cif,downloaded,downloaded
BAT_02011,V4(OF3)3,mp-778865,mp-778106,BAT_02011_mp-778865.cif,BAT_02011_mp-778106.cif,downloaded,downloaded
BAT_02012,V2OF5,mp-780763,mp-779058,BAT_02012_mp-780763.cif,BAT_02012_mp-779058.cif,downloaded,downloaded
BAT_02013,V2OF7,mp-759705,mp-764752,BAT_02013_mp-759705.cif,BAT_02013_mp-764752.cif,downloaded,downloaded
BAT_02014,V4OF11,mp-779347,mp-849737,BAT_02014_mp-779347.cif,BAT_02014_mp-849737.cif,downloaded,downloaded
BAT_02015,V2(OF)3,mp-1101234,mp-779071,BAT_02015_mp-1101234.cif,BAT_02015_mp-779071.cif,downloaded,downloaded
BAT_02016,V4OF11,mp-781049,mp-779753,BAT_02016_mp-781049.cif,BAT_02016_mp-779753.cif,downloaded,downloaded
BAT_02017,VOF3,mp-759725,mp-764760,BAT_02017_mp-759725.cif,BAT_02017_mp-764760.cif,downloaded,downloaded
BAT_02018,V4(OF3)3,mp-779309,mp-849712,BAT_02018_mp-779309.cif,BAT_02018_mp-849712.cif,downloaded,downloaded
BAT_02019,VO3F,mp-759788,mp-758195,BAT_02019_mp-759788.cif,BAT_02019_mp-758195.cif,downloaded,downloaded
BAT_02020,V2(OF)3,mp-850989,mp-782821,BAT_02020_mp-850989.cif,BAT_02020_mp-782821.cif,downloaded,downloaded
BAT_02022,V2OF5,mp-764357,mp-760019,BAT_02022_mp-764357.cif,BAT_02022_mp-760019.cif,downloaded,downloaded
BAT_02025,VOF4,mp-850188,mp-780857,BAT_02025_mp-850188.cif,BAT_02025_mp-780857.cif,downloaded,downloaded
BAT_02026,V4O5F7,mp-2214552,mp-779059,BAT_02026_mp-2214552.cif,BAT_02026_mp-779059.cif,downloaded,downloaded
BAT_02028,V3OF11,mp-849451,mp-1176563,BAT_02028_mp-849451.cif,BAT_02028_mp-1176563.cif,downloaded,downloaded
BAT_02029,V2OF5,mp-759829,mp-861457,BAT_02029_mp-759829.cif,BAT_02029_mp-861457.cif,downloaded,downloaded
BAT_02030,V4(OF3)3,mp-1101199,mp-850774,BAT_02030_mp-1101199.cif,BAT_02030_mp-850774.cif,downloaded,downloaded
BAT_02031,V4O5F7,mp-755719,mp-776429,BAT_02031_mp-755719.cif,BAT_02031_mp-776429.cif,downloaded,downloaded
BAT_02033,Rb2VF6,mp-1209267,mp-1113694,BAT_02033_mp-1209267.cif,BAT_02033_mp-1113694.cif,downloaded,downloaded
BAT_02035,VF6,mp-1176824,mp-760823,BAT_02035_mp-1176824.cif,BAT_02035_mp-760823.cif,downloaded,downloaded
BAT_02036,V3F10,mp-1101191,mp-752482,BAT_02036_mp-1101191.cif,BAT_02036_mp-752482.cif,downloaded,downloaded
BAT_02038,VF7,mp-757151,mp-753113,BAT_02038_mp-757151.cif,BAT_02038_mp-753113.cif,downloaded,downloaded
BAT_02039,VF6,mp-753694,mp-752779,BAT_02039_mp-753694.cif,BAT_02039_mp-752779.cif,downloaded,downloaded
BAT_02040,VF5,mp-752600,mp-754000,BAT_02040_mp-752600.cif,BAT_02040_mp-754000.cif,downloaded,downloaded
BAT_02042,VF5,mp-752912,mp-765781,BAT_02042_mp-752912.cif,BAT_02042_mp-765781.cif,downloaded,downloaded
BAT_02043,VF4,mp-863400,mp-752901,BAT_02043_mp-863400.cif,BAT_02043_mp-752901.cif,downloaded,downloaded
BAT_02044,VF5,mp-752907,mp-765480,BAT_02044_mp-752907.cif,BAT_02044_mp-765480.cif,downloaded,downloaded
BAT_02045,VF3,mp-759097,mp-752911,BAT_02045_mp-759097.cif,BAT_02045_mp-752911.cif,downloaded,downloaded
BAT_02046,V2F7,mp-767641,mp-753073,BAT_02046_mp-767641.cif,BAT_02046_mp-753073.cif,downloaded,downloaded
BAT_02047,VF5,mp-765621,mp-753289,BAT_02047_mp-765621.cif,BAT_02047_mp-753289.cif,downloaded,downloaded
BAT_02048,VF6,mp-759960,mp-21633,BAT_02048_mp-759960.cif,BAT_02048_mp-21633.cif,downloaded,downloaded
BAT_02049,VF6,mp-753212,mp-759839,BAT_02049_mp-753212.cif,BAT_02049_mp-759839.cif,downloaded,downloaded
BAT_02050,V2F7,mp-759957,mp-753335,BAT_02050_mp-759957.cif,BAT_02050_mp-753335.cif,downloaded,downloaded
BAT_02051,VF8,mp-753236,mp-765804,BAT_02051_mp-753236.cif,BAT_02051_mp-765804.cif,downloaded,downloaded
BAT_02053,VF8,mp-753533,mp-765894,BAT_02053_mp-753533.cif,BAT_02053_mp-765894.cif,downloaded,downloaded
BAT_02054,VF6,mp-753604,mp-753390,BAT_02054_mp-753604.cif,BAT_02054_mp-753390.cif,downloaded,downloaded
BAT_02055,VF6,mp-2710677,mp-1111067,BAT_02055_mp-2710677.cif,BAT_02055_mp-1111067.cif,downloaded,downloaded
BAT_02056,VF4,mp-753373,mp-760339,BAT_02056_mp-753373.cif,BAT_02056_mp-760339.cif,downloaded,downloaded
BAT_02057,VF5,mp-753449,mp-759186,BAT_02057_mp-753449.cif,BAT_02057_mp-759186.cif,downloaded,downloaded
BAT_02058,VF6,mp-753573,mp-753861,BAT_02058_mp-753573.cif,BAT_02058_mp-753861.cif,downloaded,downloaded
BAT_02059,VF6,mp-753567,mp-767692,BAT_02059_mp-753567.cif,BAT_02059_mp-767692.cif,downloaded,downloaded
BAT_02060,VF5,mp-27309,mp-1177798,BAT_02060_mp-27309.cif,BAT_02060_mp-1177798.cif,downloaded,downloaded
BAT_02061,VF3,mp-559931,mp-752764,BAT_02061_mp-559931.cif,BAT_02061_mp-752764.cif,downloaded,downloaded
BAT_02062,VF6,mp-757163,mp-765499,BAT_02062_mp-757163.cif,BAT_02062_mp-765499.cif,downloaded,downloaded
BAT_02063,VF6,mp-753628,mp-859136,BAT_02063_mp-753628.cif,BAT_02063_mp-859136.cif,downloaded,downloaded
BAT_02064,VF5,mp-765600,mp-753782,BAT_02064_mp-765600.cif,BAT_02064_mp-753782.cif,downloaded,downloaded
BAT_02066,VF5,mp-757854,mp-849361,BAT_02066_mp-757854.cif,BAT_02066_mp-849361.cif,downloaded,downloaded
BAT_02067,VF5,mp-757128,mp-761275,BAT_02067_mp-757128.cif,BAT_02067_mp-761275.cif,downloaded,downloaded
BAT_02068,VF5,mp-756640,mp-759035,BAT_02068_mp-756640.cif,BAT_02068_mp-759035.cif,downloaded,downloaded
BAT_02069,VF5,mp-758214,mp-758646,BAT_02069_mp-758214.cif,BAT_02069_mp-758646.cif,downloaded,downloaded
BAT_02070,VF4,mp-767617,mp-758181,BAT_02070_mp-767617.cif,BAT_02070_mp-758181.cif,downloaded,downloaded
BAT_02072,VF6,mp-760202,mp-759464,BAT_02072_mp-760202.cif,BAT_02072_mp-759464.cif,downloaded,downloaded
BAT_02075,V2F7,mp-759851,mp-760262,BAT_02075_mp-759851.cif,BAT_02075_mp-760262.cif,downloaded,downloaded
BAT_02076,VF6,mp-760194,mp-760783,BAT_02076_mp-760194.cif,BAT_02076_mp-760783.cif,downloaded,downloaded
BAT_02079,VF5,mp-760320,mp-760031,BAT_02079_mp-760320.cif,BAT_02079_mp-760031.cif,downloaded,downloaded
BAT_02081,V2F7,mp-759752,mp-849541,BAT_02081_mp-759752.cif,BAT_02081_mp-849541.cif,downloaded,downloaded
BAT_02082,VF5,mp-760312,mp-759086,BAT_02082_mp-760312.cif,BAT_02082_mp-759086.cif,downloaded,downloaded
BAT_02083,V5F11,mp-760030,mp-759570,BAT_02083_mp-760030.cif,BAT_02083_mp-759570.cif,downloaded,downloaded
BAT_02084,VF4,mp-759340,mp-760794,BAT_02084_mp-759340.cif,BAT_02084_mp-760794.cif,downloaded,downloaded
BAT_02085,VF4,mp-850937,mp-765497,BAT_02085_mp-850937.cif,BAT_02085_mp-765497.cif,downloaded,downloaded
BAT_02086,VF6,mp-761168,mp-765467,BAT_02086_mp-761168.cif,BAT_02086_mp-765467.cif,downloaded,downloaded
BAT_02087,VF5,mp-765646,mp-863384,BAT_02087_mp-765646.cif,BAT_02087_mp-863384.cif,downloaded,downloaded
BAT_02088,VF5,mp-760250,mp-760294,BAT_02088_mp-760250.cif,BAT_02088_mp-760294.cif,downloaded,downloaded
BAT_02089,V3F10,mp-768262,mp-765496,BAT_02089_mp-768262.cif,BAT_02089_mp-765496.cif,downloaded,downloaded
BAT_02090,VF4,mp-760249,mp-1176534,BAT_02090_mp-760249.cif,BAT_02090_mp-1176534.cif,downloaded,downloaded
BAT_02091,V2F7,mp-767706,mp-766139,BAT_02091_mp-767706.cif,BAT_02091_mp-766139.cif,downloaded,downloaded
BAT_02092,VF3,mp-765663,mp-559701,BAT_02092_mp-765663.cif,BAT_02092_mp-559701.cif,downloaded,downloaded
BAT_02095,Fe2P4H3O16,mp-752522,mp-1177422,BAT_02095_mp-752522.cif,BAT_02095_mp-1177422.cif,downloaded,downloaded
BAT_02096,VFeP2(HO5)2,mp-753646,mp-759083,BAT_02096_mp-753646.cif,BAT_02096_mp-759083.cif,downloaded,downloaded
BAT_02098,FePHO5,mp-757067,mp-1638898,BAT_02098_mp-757067.cif,BAT_02098_mp-1638898.cif,downloaded,downloaded
BAT_02100,VF6,mp-1176528,mp-777681,BAT_02100_mp-1176528.cif,BAT_02100_mp-777681.cif,downloaded,downloaded
BAT_02101,FeP2HO8,mp-758760,mp-766101,BAT_02101_mp-758760.cif,BAT_02101_mp-766101.cif,downloaded,downloaded
BAT_02102,VF4,mp-554799,mp-754895,BAT_02102_mp-554799.cif,BAT_02102_mp-754895.cif,downloaded,downloaded
BAT_02103,Fe(GeO3)2,mp-1043501,mp-22173,BAT_02103_mp-1043501.cif,BAT_02103_mp-22173.cif,downloaded,downloaded
BAT_02104,K2FeO4,mp-758545,mp-759598,BAT_02104_mp-758545.cif,BAT_02104_mp-759598.cif,downloaded,downloaded
BAT_02105,FeH8(SO6)2,mp-781672,mp-778185,BAT_02105_mp-781672.cif,BAT_02105_mp-778185.cif,downloaded,downloaded
BAT_02106,FeH12(SO7)2,mp-770576,mp-780157,BAT_02106_mp-770576.cif,BAT_02106_mp-780157.cif,downloaded,downloaded
BAT_02107,La7(FeO8)2,mp-770762,mp-756753,BAT_02107_mp-770762.cif,BAT_02107_mp-756753.cif,downloaded,downloaded
BAT_02112,Mn3NbFe2(PO4)6,mp-776208,mp-1177427,BAT_02112_mp-776208.cif,BAT_02112_mp-1177427.cif,downloaded,downloaded
BAT_02113,Mn3Nb2Fe3O16,mp-755993,mp-770941,BAT_02113_mp-755993.cif,BAT_02113_mp-770941.cif,downloaded,downloaded
BAT_02114,Mn2FeO6,mp-752751,mp-769530,BAT_02114_mp-752751.cif,BAT_02114_mp-769530.cif,downloaded,downloaded
BAT_02115,MnFeO4,mp-753998,mp-754607,BAT_02115_mp-753998.cif,BAT_02115_mp-754607.cif,downloaded,downloaded
BAT_02116,Mn3(FeO5)2,mp-753542,mp-757564,BAT_02116_mp-753542.cif,BAT_02116_mp-757564.cif,downloaded,downloaded
BAT_02117,MnFeO4,mp-753432,mp-1177898,BAT_02117_mp-753432.cif,BAT_02117_mp-1177898.cif,downloaded,downloaded
BAT_02118,Mn2Fe3Ni3O16,mp-765636,mp-764933,BAT_02118_mp-765636.cif,BAT_02118_mp-764933.cif,downloaded,downloaded
BAT_02119,Mn2FeO6,mp-754962,mp-777446,BAT_02119_mp-754962.cif,BAT_02119_mp-777446.cif,downloaded,downloaded
BAT_02120,Mn2FeO6,mp-753787,mp-1573004,BAT_02120_mp-753787.cif,BAT_02120_mp-1573004.cif,downloaded,downloaded
BAT_02121,Mn5FeO12,mp-755276,mp-765561,BAT_02121_mp-755276.cif,BAT_02121_mp-765561.cif,downloaded,downloaded
BAT_02122,MnFe3O8,mp-768068,mp-763910,BAT_02122_mp-768068.cif,BAT_02122_mp-763910.cif,downloaded,downloaded
BAT_02123,Mn5FeO12,mp-776272,mp-774685,BAT_02123_mp-776272.cif,BAT_02123_mp-774685.cif,downloaded,downloaded
BAT_02125,Mn4FeO8,mp-757061,mp-756377,BAT_02125_mp-757061.cif,BAT_02125_mp-756377.cif,downloaded,downloaded
BAT_02126,Mn3FeO8,mp-756562,mp-756879,BAT_02126_mp-756562.cif,BAT_02126_mp-756879.cif,downloaded,downloaded
BAT_02127,Mn5Fe3O16,mp-773198,mp-759959,BAT_02127_mp-773198.cif,BAT_02127_mp-759959.cif,downloaded,downloaded
BAT_02128,Mn7Fe3O20,mp-777317,mp-779755,BAT_02128_mp-777317.cif,BAT_02128_mp-779755.cif,downloaded,downloaded
BAT_02129,Mn3FeO8,mp-1176616,mp-756625,BAT_02129_mp-1176616.cif,BAT_02129_mp-756625.cif,downloaded,downloaded
BAT_02130,Mn13Fe3O32,mp-771188,mp-771651,BAT_02130_mp-771188.cif,BAT_02130_mp-771651.cif,downloaded,downloaded
BAT_02131,MnFe(PO4)2,mp-756899,mp-754635,BAT_02131_mp-756899.cif,BAT_02131_mp-754635.cif,downloaded,downloaded
BAT_02132,MnFe7(PO4)8,mp-766418,mp-861717,BAT_02132_mp-766418.cif,BAT_02132_mp-861717.cif,downloaded,downloaded
BAT_02133,MnFe3(PO4)4,mp-766414,mp-766130,BAT_02133_mp-766414.cif,BAT_02133_mp-766130.cif,downloaded,downloaded
BAT_02134,MnFe(PO4)2,mp-764402,mp-761246,BAT_02134_mp-764402.cif,BAT_02134_mp-761246.cif,downloaded,downloaded
BAT_02135,MnFe(PO4)2,mp-773672,mp-1177464,BAT_02135_mp-773672.cif,BAT_02135_mp-1177464.cif,downloaded,downloaded
BAT_02136,Mn2Fe(PO4)3,mp-776759,mp-776051,BAT_02136_mp-776759.cif,BAT_02136_mp-776051.cif,downloaded,downloaded
BAT_02137,Mn3Fe2Sn(PO4)6,mp-776652,mp-1177412,BAT_02137_mp-776652.cif,BAT_02137_mp-1177412.cif,downloaded,downloaded
BAT_02138,MnFe2(PO4)3,mp-849505,mp-767440,BAT_02138_mp-849505.cif,BAT_02138_mp-767440.cif,downloaded,downloaded
BAT_02139,Mn3Fe(PO4)4,mp-766386,mp-766376,BAT_02139_mp-766386.cif,BAT_02139_mp-766376.cif,downloaded,downloaded
BAT_02140,Mn7Fe(PO4)12,mp-778021,mp-776668,BAT_02140_mp-778021.cif,BAT_02140_mp-776668.cif,downloaded,downloaded
BAT_02141,Mn3FeO8,mp-771261,mp-777396,BAT_02141_mp-771261.cif,BAT_02141_mp-777396.cif,downloaded,downloaded
BAT_02142,MnFe(PO4)2,mp-764401,mp-759138,BAT_02142_mp-764401.cif,BAT_02142_mp-759138.cif,downloaded,downloaded
BAT_02143,MnFe3(PO4)4,mp-756609,mp-764613,BAT_02143_mp-756609.cif,BAT_02143_mp-764613.cif,downloaded,downloaded
BAT_02144,Mn3Fe(PO4)6,mp-774347,mp-829746,BAT_02144_mp-774347.cif,BAT_02144_mp-829746.cif,downloaded,downloaded
BAT_02145,MnFe3(PO4)4,mp-766435,mp-766043,BAT_02145_mp-766435.cif,BAT_02145_mp-766043.cif,downloaded,downloaded
BAT_02146,Mn5(FeO6)2,mp-758305,mp-759127,BAT_02146_mp-758305.cif,BAT_02146_mp-759127.cif,downloaded,downloaded
BAT_02147,Mn3FeO8,mp-756788,mp-763959,BAT_02147_mp-756788.cif,BAT_02147_mp-763959.cif,downloaded,downloaded
BAT_02148,Mn11Fe(PO4)12,mp-849792,mp-775195,BAT_02148_mp-849792.cif,BAT_02148_mp-775195.cif,downloaded,downloaded
BAT_02149,MnFe(PO4)2,mp-767833,mp-775189,BAT_02149_mp-767833.cif,BAT_02149_mp-775189.cif,downloaded,downloaded
BAT_02150,Mn3Fe(PO4)4,mp-756786,mp-773519,BAT_02150_mp-756786.cif,BAT_02150_mp-773519.cif,downloaded,downloaded
BAT_02151,Mn5Fe(PO4)6,mp-771947,mp-776660,BAT_02151_mp-771947.cif,BAT_02151_mp-776660.cif,downloaded,downloaded
BAT_02152,Fe2(MoO4)3,mp-21925,mp-21778,BAT_02152_mp-21925.cif,BAT_02152_mp-21778.cif,downloaded,downloaded
BAT_02153,Ti2Mn3Fe3O16,mp-755215,mp-770495,BAT_02153_mp-755215.cif,BAT_02153_mp-770495.cif,downloaded,downloaded
BAT_02154,Mn3Fe2Sb3O16,mp-756766,mp-774490,BAT_02154_mp-756766.cif,BAT_02154_mp-774490.cif,downloaded,downloaded
BAT_02155,MnV4FeO12,mp-1176412,mp-755976,BAT_02155_mp-1176412.cif,BAT_02155_mp-755976.cif,downloaded,downloaded
BAT_02156,Mn2Fe3Sn(PO4)6,mp-850538,mp-1177457,BAT_02156_mp-850538.cif,BAT_02156_mp-1177457.cif,downloaded,downloaded
BAT_02157,Mn3Fe3(TeO8)2,mp-775968,mp-757691,BAT_02157_mp-775968.cif,BAT_02157_mp-757691.cif,downloaded,downloaded
BAT_02158,Mn2Fe3P6WO24,mp-757052,mp-770860,BAT_02158_mp-757052.cif,BAT_02158_mp-770860.cif,downloaded,downloaded
BAT_02159,Mn3Fe3(SbO8)2,mp-775891,mp-775013,BAT_02159_mp-775891.cif,BAT_02159_mp-775013.cif,downloaded,downloaded
BAT_02161,Na2Ti3Fe(PO4)6,mp-772859,mp-773757,BAT_02161_mp-772859.cif,BAT_02161_mp-773757.cif,downloaded,downloaded
BAT_02162,Na3Fe3(PO4)4,mp-556540,mp-1101725,BAT_02162_mp-556540.cif,BAT_02162_mp-1101725.cif,downloaded,downloaded
BAT_02164,Na2Fe(Si2O5)3,mp-780575,mp-6838,BAT_02164_mp-780575.cif,BAT_02164_mp-6838.cif,downloaded,downloaded
BAT_02167,Nb2Fe3O10,mp-753897,mp-754582,BAT_02167_mp-753897.cif,BAT_02167_mp-754582.cif,downloaded,downloaded
BAT_02168,NbFe3O8,mp-763729,mp-770958,BAT_02168_mp-763729.cif,BAT_02168_mp-770958.cif,downloaded,downloaded
BAT_02169,NbFeO4,mp-754222,mp-756415,BAT_02169_mp-754222.cif,BAT_02169_mp-756415.cif,downloaded,downloaded
BAT_02170,NbFe5O12,mp-756145,mp-752667,BAT_02170_mp-756145.cif,BAT_02170_mp-752667.cif,downloaded,downloaded
BAT_02171,NaFe2(SiO3)4,mp-755636,mp-850191,BAT_02171_mp-755636.cif,BAT_02171_mp-850191.cif,downloaded,downloaded
BAT_02172,NbFe5(PO4)6,mp-771326,mp-759245,BAT_02172_mp-771326.cif,BAT_02172_mp-759245.cif,downloaded,downloaded
BAT_02173,Fe3NiO8,mp-753165,mp-769856,BAT_02173_mp-753165.cif,BAT_02173_mp-769856.cif,downloaded,downloaded
BAT_02174,NbFe7(PO4)12,mp-1101729,mp-776163,BAT_02174_mp-1101729.cif,BAT_02174_mp-776163.cif,downloaded,downloaded
BAT_02175,FeNi3O8,mp-752523,mp-765712,BAT_02175_mp-752523.cif,BAT_02175_mp-765712.cif,downloaded,downloaded
BAT_02176,Fe2Ni3O10,mp-752981,mp-755824,BAT_02176_mp-752981.cif,BAT_02176_mp-755824.cif,downloaded,downloaded
BAT_02177,Fe5NiO12,mp-1177537,mp-765833,BAT_02177_mp-1177537.cif,BAT_02177_mp-765833.cif,downloaded,downloaded
BAT_02178,Fe3(NiO5)2,mp-752964,mp-755786,BAT_02178_mp-752964.cif,BAT_02178_mp-755786.cif,downloaded,downloaded
BAT_02179,Fe5(NiO6)2,mp-753185,mp-771236,BAT_02179_mp-753185.cif,BAT_02179_mp-771236.cif,downloaded,downloaded
BAT_02180,Fe2NiO6,mp-758197,mp-757135,BAT_02180_mp-758197.cif,BAT_02180_mp-757135.cif,downloaded,downloaded
BAT_02181,FeNi3O8,mp-772596,mp-759765,BAT_02181_mp-772596.cif,BAT_02181_mp-759765.cif,downloaded,downloaded
BAT_02182,FeNiO4,mp-755275,mp-767955,BAT_02182_mp-755275.cif,BAT_02182_mp-767955.cif,downloaded,downloaded
BAT_02184,Fe3Ni7O20,mp-759370,mp-771052,BAT_02184_mp-759370.cif,BAT_02184_mp-771052.cif,downloaded,downloaded
BAT_02185,FeNi9O20,mp-758623,mp-769545,BAT_02185_mp-758623.cif,BAT_02185_mp-769545.cif,downloaded,downloaded
BAT_02186,Fe3Ni(PO4)4,mp-775017,mp-771063,BAT_02186_mp-775017.cif,BAT_02186_mp-771063.cif,downloaded,downloaded
BAT_02188,Fe5Ni(PO4)6,mp-768933,mp-760788,BAT_02188_mp-768933.cif,BAT_02188_mp-760788.cif,downloaded,downloaded
BAT_02189,FeNi(PO4)2,mp-754558,mp-756268,BAT_02189_mp-754558.cif,BAT_02189_mp-756268.cif,downloaded,downloaded
BAT_02190,Fe2Ni(PO4)3,mp-774420,mp-776880,BAT_02190_mp-774420.cif,BAT_02190_mp-776880.cif,downloaded,downloaded
BAT_02191,FeNi3(PO4)4,mp-755553,mp-766022,BAT_02191_mp-755553.cif,BAT_02191_mp-766022.cif,downloaded,downloaded
BAT_02192,TiFe2Ni3(PO4)6,mp-776008,mp-1177299,BAT_02192_mp-776008.cif,BAT_02192_mp-1177299.cif,downloaded,downloaded
BAT_02193,Ti2Fe3Ni3O16,mp-766008,mp-774319,BAT_02193_mp-766008.cif,BAT_02193_mp-774319.cif,downloaded,downloaded
BAT_02194,FeO2,mp-762529,mp-756497,BAT_02194_mp-762529.cif,BAT_02194_mp-756497.cif,downloaded,downloaded
BAT_02196,Fe5O8,mp-1225001,mp-33551,BAT_02196_mp-1225001.cif,BAT_02196_mp-33551.cif,downloaded,downloaded
BAT_02197,Fe3O4,mp-1181340,mp-1101736,BAT_02197_mp-1181340.cif,BAT_02197_mp-1101736.cif,downloaded,downloaded
BAT_02198,FeO6,mp-752471,mp-756356,BAT_02198_mp-752471.cif,BAT_02198_mp-756356.cif,downloaded,downloaded
BAT_02199,FeO2,mp-25236,mp-754802,BAT_02199_mp-25236.cif,BAT_02199_mp-754802.cif,downloaded,downloaded
BAT_02200,FeO3,mp-760833,mp-774155,BAT_02200_mp-760833.cif,BAT_02200_mp-774155.cif,downloaded,downloaded
BAT_02202,FeO2,mp-1443203,mp-754803,BAT_02202_mp-1443203.cif,BAT_02202_mp-754803.cif,downloaded,downloaded
BAT_02205,FeO3,mp-756941,mp-759394,BAT_02205_mp-756941.cif,BAT_02205_mp-759394.cif,downloaded,downloaded
BAT_02206,FeO2,mp-1395285,mp-755709,BAT_02206_mp-1395285.cif,BAT_02206_mp-755709.cif,downloaded,downloaded
BAT_02207,FeO4,mp-766829,mp-19511,BAT_02207_mp-766829.cif,BAT_02207_mp-19511.cif,downloaded,downloaded
BAT_02208,FeO4,mp-774501,mp-756155,BAT_02208_mp-774501.cif,BAT_02208_mp-756155.cif,downloaded,downloaded
BAT_02209,Fe3O8,mp-1273581,mp-1177119,BAT_02209_mp-1273581.cif,BAT_02209_mp-1177119.cif,downloaded,downloaded
BAT_02210,Fe5O12,mp-780188,mp-756862,BAT_02210_mp-780188.cif,BAT_02210_mp-756862.cif,downloaded,downloaded
BAT_02211,Fe5O12,mp-758559,mp-759022,BAT_02211_mp-758559.cif,BAT_02211_mp-759022.cif,downloaded,downloaded
BAT_02212,FeO3,mp-752790,mp-849695,BAT_02212_mp-752790.cif,BAT_02212_mp-849695.cif,downloaded,downloaded
BAT_02214,Fe3O8,mp-1177704,mp-1177185,BAT_02214_mp-1177704.cif,BAT_02214_mp-1177185.cif,downloaded,downloaded
BAT_02215,Fe5O8,mp-1225007,mp-757153,BAT_02215_mp-1225007.cif,BAT_02215_mp-757153.cif,downloaded,downloaded
BAT_02216,FeO4,mp-780203,mp-770834,BAT_02216_mp-780203.cif,BAT_02216_mp-770834.cif,downloaded,downloaded
BAT_02217,Fe7O12,mp-752897,mp-756856,BAT_02217_mp-752897.cif,BAT_02217_mp-756856.cif,downloaded,downloaded
BAT_02218,Fe5O16,mp-1176883,mp-760142,BAT_02218_mp-1176883.cif,BAT_02218_mp-760142.cif,downloaded,downloaded
BAT_02219,Fe5O12,mp-771687,mp-764889,BAT_02219_mp-771687.cif,BAT_02219_mp-764889.cif,downloaded,downloaded
BAT_02221,FeO2,mp-25332,mp-18782,BAT_02221_mp-25332.cif,BAT_02221_mp-18782.cif,downloaded,downloaded
BAT_02222,FeO2,mp-1178106,mp-780312,BAT_02222_mp-1178106.cif,BAT_02222_mp-780312.cif,downloaded,downloaded
BAT_02224,FeO2,mp-753154,mp-762575,BAT_02224_mp-753154.cif,BAT_02224_mp-762575.cif,downloaded,downloaded
BAT_02225,FeO2,mp-1178060,mp-754977,BAT_02225_mp-1178060.cif,BAT_02225_mp-754977.cif,downloaded,downloaded
BAT_02227,FeO3,mp-849463,mp-771894,BAT_02227_mp-849463.cif,BAT_02227_mp-771894.cif,downloaded,downloaded
BAT_02228,Fe5O8,mp-510746,mp-21735,BAT_02228_mp-510746.cif,BAT_02228_mp-21735.cif,downloaded,downloaded
BAT_02229,FeO2,mp-758469,mp-756527,BAT_02229_mp-758469.cif,BAT_02229_mp-756527.cif,downloaded,downloaded
BAT_02230,Fe3(PO4)4,mp-31896,mp-27027,BAT_02230_mp-31896.cif,BAT_02230_mp-27027.cif,downloaded,downloaded
BAT_02231,Fe3(P2O7)2,mp-26986,mp-26985,BAT_02231_mp-26986.cif,BAT_02231_mp-26985.cif,downloaded,downloaded
BAT_02232,FePO4,mp-19109,mp-757754,BAT_02232_mp-19109.cif,BAT_02232_mp-757754.cif,downloaded,downloaded
BAT_02233,FePO4,mp-25303,mp-18951,BAT_02233_mp-25303.cif,BAT_02233_mp-18951.cif,downloaded,downloaded
BAT_02236,Fe4P9O32,mp-27102,mp-27081,BAT_02236_mp-27102.cif,BAT_02236_mp-27081.cif,downloaded,downloaded
BAT_02238,Fe(PO3)4,mp-31874,mp-540356,BAT_02238_mp-31874.cif,BAT_02238_mp-540356.cif,downloaded,downloaded
BAT_02239,FePO4,mp-504149,mp-704251,BAT_02239_mp-504149.cif,BAT_02239_mp-704251.cif,downloaded,downloaded
BAT_02240,FeP2O7,mp-540440,mp-31837,BAT_02240_mp-540440.cif,BAT_02240_mp-31837.cif,downloaded,downloaded
BAT_02241,FePO4,mp-694541,mp-504184,BAT_02241_mp-694541.cif,BAT_02241_mp-504184.cif,downloaded,downloaded
BAT_02242,Fe(PO3)3,mp-724325,mp-26003,BAT_02242_mp-724325.cif,BAT_02242_mp-26003.cif,downloaded,downloaded
BAT_02243,FePO4,mp-540111,mp-26041,BAT_02243_mp-540111.cif,BAT_02243_mp-26041.cif,downloaded,downloaded
BAT_02244,FePO4,mp-20361,mp-19017,BAT_02244_mp-20361.cif,BAT_02244_mp-19017.cif,downloaded,downloaded
BAT_02245,Fe2(PO4)3,mp-1101524,mp-504385,BAT_02245_mp-1101524.cif,BAT_02245_mp-504385.cif,downloaded,downloaded
BAT_02246,FeP2O7,mp-694534,mp-26025,BAT_02246_mp-694534.cif,BAT_02246_mp-26025.cif,downloaded,downloaded
BAT_02248,Fe3P3O11,mp-540050,mp-705089,BAT_02248_mp-540050.cif,BAT_02248_mp-705089.cif,downloaded,downloaded
BAT_02249,Fe3(PO4)4,mp-1101556,mp-26077,BAT_02249_mp-1101556.cif,BAT_02249_mp-26077.cif,downloaded,downloaded
BAT_02250,Fe(PO4)2,mp-759108,mp-31890,BAT_02250_mp-759108.cif,BAT_02250_mp-31890.cif,downloaded,downloaded
BAT_02251,FeP2O7,mp-25246,mp-779056,BAT_02251_mp-25246.cif,BAT_02251_mp-779056.cif,downloaded,downloaded
BAT_02252,Fe(PO3)5,mp-540145,mp-705356,BAT_02252_mp-540145.cif,BAT_02252_mp-705356.cif,downloaded,downloaded
BAT_02254,Fe(PO3)4,mp-504142,mp-26125,BAT_02254_mp-504142.cif,BAT_02254_mp-26125.cif,downloaded,downloaded
BAT_02255,FePO4,mp-704220,mp-585400,BAT_02255_mp-704220.cif,BAT_02255_mp-585400.cif,downloaded,downloaded
BAT_02256,Fe2(PO4)3,mp-26412,mp-1177302,BAT_02256_mp-26412.cif,BAT_02256_mp-1177302.cif,downloaded,downloaded
BAT_02257,Fe2P3O13,mp-697819,mp-697808,BAT_02257_mp-697819.cif,BAT_02257_mp-697808.cif,downloaded,downloaded
BAT_02259,FeP2O7,mp-26182,mp-26181,BAT_02259_mp-26182.cif,BAT_02259_mp-26181.cif,downloaded,downloaded
BAT_02260,Fe2P5O16,mp-27016,mp-31885,BAT_02260_mp-27016.cif,BAT_02260_mp-31885.cif,downloaded,downloaded
BAT_02261,FeP2O7,mp-705011,mp-1101596,BAT_02261_mp-705011.cif,BAT_02261_mp-1101596.cif,downloaded,downloaded
BAT_02262,Fe2(PO4)3,mp-26582,mp-1177121,BAT_02262_mp-26582.cif,BAT_02262_mp-1177121.cif,downloaded,downloaded
BAT_02263,Fe3P4O15,mp-705395,mp-705404,BAT_02263_mp-705395.cif,BAT_02263_mp-705404.cif,downloaded,downloaded
BAT_02264,Fe5(P2O7)4,mp-705433,mp-705431,BAT_02264_mp-705433.cif,BAT_02264_mp-705431.cif,downloaded,downloaded
BAT_02265,FeP4O13,mp-1101552,mp-759091,BAT_02265_mp-1101552.cif,BAT_02265_mp-759091.cif,downloaded,downloaded
BAT_02266,FeP2O7,mp-26214,mp-1101516,BAT_02266_mp-26214.cif,BAT_02266_mp-1101516.cif,downloaded,downloaded
BAT_02267,Fe3P8O29,mp-705437,mp-554093,BAT_02267_mp-705437.cif,BAT_02267_mp-554093.cif,downloaded,downloaded
BAT_02268,Fe3P3O13,mp-1356526,mp-1013899,BAT_02268_mp-1356526.cif,BAT_02268_mp-1013899.cif,downloaded,downloaded
BAT_02269,Fe2P3O10,mp-27008,mp-27007,BAT_02269_mp-27008.cif,BAT_02269_mp-27007.cif,downloaded,downloaded
BAT_02270,FeP2O7,mp-26626,mp-695805,BAT_02270_mp-26626.cif,BAT_02270_mp-695805.cif,downloaded,downloaded
BAT_02272,FeP2O7,mp-695816,mp-26255,BAT_02272_mp-695816.cif,BAT_02272_mp-26255.cif,downloaded,downloaded
BAT_02273,Fe2P2O9,mp-1041062,mp-1013910,BAT_02273_mp-1041062.cif,BAT_02273_mp-1013910.cif,downloaded,downloaded
BAT_02274,Fe(PO3)3,mp-25310,mp-504179,BAT_02274_mp-25310.cif,BAT_02274_mp-504179.cif,downloaded,downloaded
BAT_02275,FeP2O7,mp-697733,mp-697811,BAT_02275_mp-697733.cif,BAT_02275_mp-697811.cif,downloaded,downloaded
BAT_02276,FeP2O7,mp-26644,mp-540231,BAT_02276_mp-26644.cif,BAT_02276_mp-540231.cif,downloaded,downloaded
BAT_02277,Fe5(P3O11)2,mp-31872,mp-26471,BAT_02277_mp-31872.cif,BAT_02277_mp-26471.cif,downloaded,downloaded
BAT_02278,FePO4,mp-504276,mp-756958,BAT_02278_mp-504276.cif,BAT_02278_mp-756958.cif,downloaded,downloaded
BAT_02279,FeP2O7,mp-26566,mp-1101512,BAT_02279_mp-26566.cif,BAT_02279_mp-1101512.cif,downloaded,downloaded
BAT_02280,Fe(PO4)2,mp-26576,mp-26575,BAT_02280_mp-26576.cif,BAT_02280_mp-26575.cif,downloaded,downloaded
BAT_02281,Fe9(PO4)8,mp-704206,mp-25809,BAT_02281_mp-704206.cif,BAT_02281_mp-25809.cif,downloaded,downloaded
BAT_02283,FePO4,mp-753636,mp-765627,BAT_02283_mp-753636.cif,BAT_02283_mp-765627.cif,downloaded,downloaded
BAT_02284,Fe2(PO4)3,mp-699352,mp-26677,BAT_02284_mp-699352.cif,BAT_02284_mp-26677.cif,downloaded,downloaded
BAT_02285,FePO4,mp-753756,mp-757406,BAT_02285_mp-753756.cif,BAT_02285_mp-757406.cif,downloaded,downloaded
BAT_02286,FePO4,mp-26612,mp-26611,BAT_02286_mp-26612.cif,BAT_02286_mp-26611.cif,downloaded,downloaded
BAT_02287,Fe3(PO4)4,mp-25814,mp-25813,BAT_02287_mp-25814.cif,BAT_02287_mp-25813.cif,downloaded,downloaded
BAT_02288,FeP2O7,mp-26614,mp-26613,BAT_02288_mp-26614.cif,BAT_02288_mp-26613.cif,downloaded,downloaded
BAT_02289,FePO4,mp-753789,mp-774251,BAT_02289_mp-753789.cif,BAT_02289_mp-774251.cif,downloaded,downloaded
BAT_02290,FeP2O7,mp-1101522,mp-25845,BAT_02290_mp-1101522.cif,BAT_02290_mp-25845.cif,downloaded,downloaded
BAT_02291,FeP2O7,mp-26750,mp-26749,BAT_02291_mp-26750.cif,BAT_02291_mp-26749.cif,downloaded,downloaded
BAT_02292,FeP2O7,mp-690058,mp-26717,BAT_02292_mp-690058.cif,BAT_02292_mp-26717.cif,downloaded,downloaded
BAT_02293,Fe4(PO4)3,mp-31780,mp-25825,BAT_02293_mp-31780.cif,BAT_02293_mp-25825.cif,downloaded,downloaded
BAT_02295,FePO4,mp-26792,mp-757027,BAT_02295_mp-26792.cif,BAT_02295_mp-757027.cif,downloaded,downloaded
BAT_02296,Fe2(PO4)3,mp-540420,mp-26825,BAT_02296_mp-540420.cif,BAT_02296_mp-26825.cif,downloaded,downloaded
BAT_02297,Fe3(PO4)4,mp-1101553,mp-26807,BAT_02297_mp-1101553.cif,BAT_02297_mp-26807.cif,downloaded,downloaded
BAT_02298,Fe(PO4)2,mp-697816,mp-26805,BAT_02298_mp-697816.cif,BAT_02298_mp-26805.cif,downloaded,downloaded
BAT_02299,Fe(PO3)4,mp-585418,mp-26811,BAT_02299_mp-585418.cif,BAT_02299_mp-26811.cif,downloaded,downloaded
BAT_02300,Fe(PO4)2,mp-689973,mp-26773,BAT_02300_mp-689973.cif,BAT_02300_mp-26773.cif,downloaded,downloaded
BAT_02302,Fe3(P2O7)2,mp-26860,mp-540433,BAT_02302_mp-26860.cif,BAT_02302_mp-540433.cif,downloaded,downloaded
BAT_02303,Fe5(PO4)4,mp-26858,mp-540431,BAT_02303_mp-26858.cif,BAT_02303_mp-540431.cif,downloaded,downloaded
BAT_02304,Fe3(PO4)4,mp-31818,mp-26307,BAT_02304_mp-31818.cif,BAT_02304_mp-26307.cif,downloaded,downloaded
BAT_02305,FeP2O9,mp-26902,mp-26901,BAT_02305_mp-26902.cif,BAT_02305_mp-26901.cif,downloaded,downloaded
BAT_02306,Fe(PO4)2,mp-762856,mp-772427,BAT_02306_mp-762856.cif,BAT_02306_mp-772427.cif,downloaded,downloaded
BAT_02308,FePO4,mp-766442,mp-757097,BAT_02308_mp-766442.cif,BAT_02308_mp-757097.cif,downloaded,downloaded
BAT_02309,FeP2O7,mp-1048396,mp-757908,BAT_02309_mp-1048396.cif,BAT_02309_mp-757908.cif,downloaded,downloaded
BAT_02310,FeP2O7,mp-766012,mp-757481,BAT_02310_mp-766012.cif,BAT_02310_mp-757481.cif,downloaded,downloaded
BAT_02311,FeP2O7,mp-849425,mp-849623,BAT_02311_mp-849425.cif,BAT_02311_mp-849623.cif,downloaded,downloaded
BAT_02313,FePO4,mp-776288,mp-831160,BAT_02313_mp-776288.cif,BAT_02313_mp-831160.cif,downloaded,downloaded
BAT_02314,FePO5,mp-766462,mp-765579,BAT_02314_mp-766462.cif,BAT_02314_mp-765579.cif,downloaded,downloaded
BAT_02315,FePO4,mp-760343,mp-761486,BAT_02315_mp-760343.cif,BAT_02315_mp-761486.cif,downloaded,downloaded
BAT_02316,FePO4,mp-772512,mp-771770,BAT_02316_mp-772512.cif,BAT_02316_mp-771770.cif,downloaded,downloaded
BAT_02317,Fe(PO4)2,mp-758232,mp-773399,BAT_02317_mp-758232.cif,BAT_02317_mp-773399.cif,downloaded,downloaded
BAT_02318,FePO4,mp-766460,mp-765594,BAT_02318_mp-766460.cif,BAT_02318_mp-765594.cif,downloaded,downloaded
BAT_02319,Fe(PO3)3,mp-763780,mp-762657,BAT_02319_mp-763780.cif,BAT_02319_mp-762657.cif,downloaded,downloaded
BAT_02320,Fe7(PO4)8,mp-1178257,mp-774835,BAT_02320_mp-1178257.cif,BAT_02320_mp-774835.cif,downloaded,downloaded
BAT_02321,Fe5Sb(PO4)6,mp-771885,mp-776398,BAT_02321_mp-771885.cif,BAT_02321_mp-776398.cif,downloaded,downloaded
BAT_02322,Fe3Sb(PO4)4,mp-1178297,mp-1177409,BAT_02322_mp-1178297.cif,BAT_02322_mp-1177409.cif,downloaded,downloaded
BAT_02324,Fe7Te(PO4)12,mp-777003,mp-1176834,BAT_02324_mp-777003.cif,BAT_02324_mp-1176834.cif,downloaded,downloaded
BAT_02325,FeSn(PO4)2,mp-1178211,mp-772178,BAT_02325_mp-1178211.cif,BAT_02325_mp-772178.cif,downloaded,downloaded
BAT_02326,Fe3Sb(PO4)6,mp-775128,mp-757289,BAT_02326_mp-775128.cif,BAT_02326_mp-757289.cif,downloaded,downloaded
BAT_02327,TiFe3(PO4)6,mp-775272,mp-760106,BAT_02327_mp-775272.cif,BAT_02327_mp-760106.cif,downloaded,downloaded
BAT_02328,VFe3(PO4)6,mp-774165,mp-757753,BAT_02328_mp-774165.cif,BAT_02328_mp-757753.cif,downloaded,downloaded
BAT_02329,Ti3Fe(PO4)6,mp-775436,mp-1176962,BAT_02329_mp-775436.cif,BAT_02329_mp-1176962.cif,downloaded,downloaded
BAT_02330,VFe3(PO4)4,mp-1216366,mp-1222547,BAT_02330_mp-1216366.cif,BAT_02330_mp-1222547.cif,downloaded,downloaded
BAT_02331,V3Fe(PO4)6,mp-772911,mp-1176939,BAT_02331_mp-772911.cif,BAT_02331_mp-1176939.cif,downloaded,downloaded
BAT_02332,VFe7(PO4)12,mp-1101268,mp-758577,BAT_02332_mp-1101268.cif,BAT_02332_mp-758577.cif,downloaded,downloaded
BAT_02333,VFe(PO4)2,mp-774620,mp-861602,BAT_02333_mp-774620.cif,BAT_02333_mp-861602.cif,downloaded,downloaded
BAT_02334,VFe(P2O7)2,mp-767722,mp-1177512,BAT_02334_mp-767722.cif,BAT_02334_mp-1177512.cif,downloaded,downloaded
BAT_02335,Fe7P12WO48,mp-770783,mp-1176835,BAT_02335_mp-770783.cif,BAT_02335_mp-1176835.cif,downloaded,downloaded
BAT_02336,ZnFe(PO4)2,mp-1101161,mp-756192,BAT_02336_mp-1101161.cif,BAT_02336_mp-756192.cif,downloaded,downloaded
BAT_02337,Fe5P6WO24,mp-780405,mp-774930,BAT_02337_mp-780405.cif,BAT_02337_mp-774930.cif,downloaded,downloaded
BAT_02338,Zr7Fe(PO4)12,mp-759723,mp-1176803,BAT_02338_mp-759723.cif,BAT_02338_mp-1176803.cif,downloaded,downloaded
BAT_02340,Fe(SO4)2,mp-780523,mp-780594,BAT_02340_mp-780523.cif,BAT_02340_mp-780594.cif,downloaded,downloaded
BAT_02341,Fe2(SO4)3,mp-540767,mp-768683,BAT_02341_mp-540767.cif,BAT_02341_mp-768683.cif,downloaded,downloaded
BAT_02342,Fe2(SO4)3,mp-540894,mp-777573,BAT_02342_mp-540894.cif,BAT_02342_mp-777573.cif,downloaded,downloaded
BAT_02343,Fe(SO4)2,mp-772225,mp-849740,BAT_02343_mp-772225.cif,BAT_02343_mp-849740.cif,downloaded,downloaded
BAT_02344,Fe(SO4)2,mp-771312,mp-771819,BAT_02344_mp-771312.cif,BAT_02344_mp-771819.cif,downloaded,downloaded
BAT_02345,Fe(SbO3)4,mp-754951,mp-756153,BAT_02345_mp-754951.cif,BAT_02345_mp-756153.cif,downloaded,downloaded
BAT_02346,Fe3SbO8,mp-772131,mp-780303,BAT_02346_mp-772131.cif,BAT_02346_mp-780303.cif,downloaded,downloaded
BAT_02347,Fe5SbO12,mp-1177408,mp-765615,BAT_02347_mp-1177408.cif,BAT_02347_mp-765615.cif,downloaded,downloaded
BAT_02348,Ti3Fe3(SbO8)2,mp-753029,mp-865132,BAT_02348_mp-753029.cif,BAT_02348_mp-865132.cif,downloaded,downloaded
BAT_02350,Fe(SeO3)2,mp-25261,mp-558555,BAT_02350_mp-25261.cif,BAT_02350_mp-558555.cif,downloaded,downloaded
BAT_02353,Fe(SiO3)2,mp-777840,mp-753634,BAT_02353_mp-777840.cif,BAT_02353_mp-753634.cif,downloaded,downloaded
BAT_02354,FeSiO4,mp-1102363,mp-18968,BAT_02354_mp-1102363.cif,BAT_02354_mp-18968.cif,downloaded,downloaded
BAT_02355,Fe(SiO3)2,mp-25231,mp-19061,BAT_02355_mp-25231.cif,BAT_02355_mp-19061.cif,downloaded,downloaded
BAT_02356,FeSiO4,mp-850922,mp-764344,BAT_02356_mp-850922.cif,BAT_02356_mp-764344.cif,downloaded,downloaded
BAT_02357,FeSiO4,mp-753362,mp-752900,BAT_02357_mp-753362.cif,BAT_02357_mp-752900.cif,downloaded,downloaded
BAT_02358,FeSiO4,mp-754842,mp-752913,BAT_02358_mp-754842.cif,BAT_02358_mp-752913.cif,downloaded,downloaded
BAT_02359,Fe(SiO3)2,mp-25240,mp-510708,BAT_02359_mp-25240.cif,BAT_02359_mp-510708.cif,downloaded,downloaded
BAT_02425,Na2V3P2O13,mp-558049,mp-849320,BAT_02425_mp-558049.cif,BAT_02425_mp-849320.cif,downloaded,downloaded
BAT_02426,Na2VPO6,mp-559869,mp-760057,BAT_02426_mp-559869.cif,BAT_02426_mp-760057.cif,downloaded,downloaded
BAT_02429,NbNi3O8,mp-757382,mp-754424,BAT_02429_mp-757382.cif,BAT_02429_mp-754424.cif,downloaded,downloaded
BAT_02430,Nb6NiO18,mp-759780,mp-775480,BAT_02430_mp-759780.cif,BAT_02430_mp-775480.cif,downloaded,downloaded
BAT_02431,NbNi3(PO4)6,mp-1176954,mp-759457,BAT_02431_mp-1176954.cif,BAT_02431_mp-759457.cif,downloaded,downloaded
BAT_02445,NbV3(PO4)6,mp-775224,mp-1176951,BAT_02445_mp-775224.cif,BAT_02445_mp-1176951.cif,downloaded,downloaded
BAT_02458,Ti3Nb2V3O16,mp-770898,mp-774881,BAT_02458_mp-770898.cif,BAT_02458_mp-774881.cif,downloaded,downloaded
BAT_02459,Nb4VO12,mp-753925,mp-753504,BAT_02459_mp-753925.cif,BAT_02459_mp-753504.cif,downloaded,downloaded
BAT_02460,NbV3O8,mp-755814,mp-776672,BAT_02460_mp-755814.cif,BAT_02460_mp-776672.cif,downloaded,downloaded
BAT_02461,Nb7V12O48,mp-774457,mp-850928,BAT_02461_mp-774457.cif,BAT_02461_mp-850928.cif,downloaded,downloaded
BAT_02464,NbV3O8,mp-1101449,mp-777682,BAT_02464_mp-1101449.cif,BAT_02464_mp-777682.cif,downloaded,downloaded
BAT_02471,NiO2,mp-762930,mp-756446,BAT_02471_mp-762930.cif,BAT_02471_mp-756446.cif,downloaded,downloaded
BAT_02473,Ni6O7,mp-766450,mp-753344,BAT_02473_mp-766450.cif,BAT_02473_mp-753344.cif,downloaded,downloaded
BAT_02474,Ni11O28,mp-759703,mp-766611,BAT_02474_mp-759703.cif,BAT_02474_mp-766611.cif,downloaded,downloaded
BAT_02475,NiO2,mp-758978,mp-1287495,BAT_02475_mp-758978.cif,BAT_02475_mp-1287495.cif,downloaded,downloaded
BAT_02476,Ni13O24,mp-758593,mp-758517,BAT_02476_mp-758593.cif,BAT_02476_mp-758517.cif,downloaded,downloaded
BAT_02477,NiO2,mp-25428,mp-780142,BAT_02477_mp-25428.cif,BAT_02477_mp-780142.cif,downloaded,downloaded
BAT_02478,NiO2,mp-758676,mp-758747,BAT_02478_mp-758676.cif,BAT_02478_mp-758747.cif,downloaded,downloaded
BAT_02479,NiO2,mp-1222991,mp-850062,BAT_02479_mp-1222991.cif,BAT_02479_mp-850062.cif,downloaded,downloaded
BAT_02480,NiO4,mp-774500,mp-756411,BAT_02480_mp-774500.cif,BAT_02480_mp-756411.cif,downloaded,downloaded
BAT_02481,Ni5O9,mp-1177872,mp-766892,BAT_02481_mp-1177872.cif,BAT_02481_mp-766892.cif,downloaded,downloaded
BAT_02482,NiO2,mp-758820,mp-38676,BAT_02482_mp-758820.cif,BAT_02482_mp-38676.cif,downloaded,downloaded
BAT_02483,NiO4,mp-775731,mp-850945,BAT_02483_mp-775731.cif,BAT_02483_mp-850945.cif,downloaded,downloaded
BAT_02484,NiO2,mp-755410,mp-1176588,BAT_02484_mp-755410.cif,BAT_02484_mp-1176588.cif,downloaded,downloaded
BAT_02485,Ni15O28,mp-759153,mp-766878,BAT_02485_mp-759153.cif,BAT_02485_mp-766878.cif,downloaded,downloaded
BAT_02486,NiO2,mp-754917,mp-780518,BAT_02486_mp-754917.cif,BAT_02486_mp-780518.cif,downloaded,downloaded
BAT_02488,NiO2,mp-25316,mp-19183,BAT_02488_mp-25316.cif,BAT_02488_mp-19183.cif,downloaded,downloaded
BAT_02490,NiO2,mp-1222821,mp-2348641,BAT_02490_mp-1222821.cif,BAT_02490_mp-2348641.cif,downloaded,downloaded
BAT_02491,NiO2,mp-762387,mp-755081,BAT_02491_mp-762387.cif,BAT_02491_mp-755081.cif,downloaded,downloaded
BAT_02492,NiO2,mp-25210,mp-865631,BAT_02492_mp-25210.cif,BAT_02492_mp-865631.cif,downloaded,downloaded
BAT_02493,Ni3O4,mp-656887,mp-1273274,BAT_02493_mp-656887.cif,BAT_02493_mp-1273274.cif,downloaded,downloaded
BAT_02494,Ni2P2O9,mp-1044234,mp-1013987,BAT_02494_mp-1044234.cif,BAT_02494_mp-1013987.cif,downloaded,downloaded
BAT_02495,NiPO4,mp-25304,mp-26093,BAT_02495_mp-25304.cif,BAT_02495_mp-26093.cif,downloaded,downloaded
BAT_02496,Ni3(PO4)4,mp-1101533,mp-504236,BAT_02496_mp-1101533.cif,BAT_02496_mp-504236.cif,downloaded,downloaded
BAT_02497,NiPO4,mp-504165,mp-22417,BAT_02497_mp-504165.cif,BAT_02497_mp-22417.cif,downloaded,downloaded
BAT_02498,Ni2(PO4)3,mp-540199,mp-761038,BAT_02498_mp-540199.cif,BAT_02498_mp-761038.cif,downloaded,downloaded
BAT_02499,Ni7(PO4)6,mp-771985,mp-32384,BAT_02499_mp-771985.cif,BAT_02499_mp-32384.cif,downloaded,downloaded
BAT_02500,Ni4(PO4)3,mp-26512,mp-26511,BAT_02500_mp-26512.cif,BAT_02500_mp-26511.cif,downloaded,downloaded
BAT_02501,Ni2(PO4)3,mp-25848,mp-25847,BAT_02501_mp-25848.cif,BAT_02501_mp-25847.cif,downloaded,downloaded
BAT_02504,NiP2O7,mp-26786,mp-26785,BAT_02504_mp-26786.cif,BAT_02504_mp-26785.cif,downloaded,downloaded
BAT_02505,Ni7(PO4)6,mp-32385,mp-860872,BAT_02505_mp-32385.cif,BAT_02505_mp-860872.cif,downloaded,downloaded
BAT_02508,Ni4P4O15,mp-585202,mp-705401,BAT_02508_mp-585202.cif,BAT_02508_mp-705401.cif,downloaded,downloaded
BAT_02509,Ni3P3O13,mp-1048029,mp-1094143,BAT_02509_mp-1048029.cif,BAT_02509_mp-1094143.cif,downloaded,downloaded
BAT_02511,Ni3(P2O7)2,mp-1101547,mp-32395,BAT_02511_mp-1101547.cif,BAT_02511_mp-32395.cif,downloaded,downloaded
BAT_02512,Ni2(PO4)3,mp-26438,mp-777338,BAT_02512_mp-26438.cif,BAT_02512_mp-777338.cif,downloaded,downloaded
BAT_02513,Ni(PO4)2,mp-540059,mp-32398,BAT_02513_mp-540059.cif,BAT_02513_mp-32398.cif,downloaded,downloaded
BAT_02515,NiPO4,mp-504281,mp-26577,BAT_02515_mp-504281.cif,BAT_02515_mp-26577.cif,downloaded,downloaded
BAT_02516,Ni(PO3)3,mp-26842,mp-26841,BAT_02516_mp-26842.cif,BAT_02516_mp-26841.cif,downloaded,downloaded
BAT_02517,Ni(PO3)3,mp-753788,mp-759771,BAT_02517_mp-753788.cif,BAT_02517_mp-759771.cif,downloaded,downloaded
BAT_02518,Ni2(PO3)5,mp-704988,mp-25823,BAT_02518_mp-704988.cif,BAT_02518_mp-25823.cif,downloaded,downloaded
BAT_02519,NiP2O7,mp-32334,mp-26345,BAT_02519_mp-32334.cif,BAT_02519_mp-26345.cif,downloaded,downloaded
BAT_02520,Ni3P4O15,mp-1101501,mp-540518,BAT_02520_mp-1101501.cif,BAT_02520_mp-540518.cif,downloaded,downloaded
BAT_02521,Ni3P3O11,mp-585392,mp-25879,BAT_02521_mp-585392.cif,BAT_02521_mp-25879.cif,downloaded,downloaded
BAT_02522,Ni2(PO4)3,mp-26680,mp-26679,BAT_02522_mp-26680.cif,BAT_02522_mp-26679.cif,downloaded,downloaded
BAT_02523,Ni(PO3)4,mp-26686,mp-26685,BAT_02523_mp-26686.cif,BAT_02523_mp-26685.cif,downloaded,downloaded
BAT_02524,Ni5(P3O11)2,mp-26314,mp-26313,BAT_02524_mp-26314.cif,BAT_02524_mp-26313.cif,downloaded,downloaded
BAT_02527,Ni3(PO4)4,mp-26264,mp-26263,BAT_02527_mp-26264.cif,BAT_02527_mp-26263.cif,downloaded,downloaded
BAT_02528,Ni2P3O10,mp-25269,mp-17664,BAT_02528_mp-25269.cif,BAT_02528_mp-17664.cif,downloaded,downloaded
BAT_02529,Ni(PO4)2,mp-26692,mp-26691,BAT_02529_mp-26692.cif,BAT_02529_mp-26691.cif,downloaded,downloaded
BAT_02533,Ni2(PO4)3,mp-25898,mp-504139,BAT_02533_mp-25898.cif,BAT_02533_mp-504139.cif,downloaded,downloaded
BAT_02534,Ni3(P2O7)2,mp-25992,mp-25991,BAT_02534_mp-25992.cif,BAT_02534_mp-25991.cif,downloaded,downloaded
BAT_02535,Ni(PO4)2,mp-705031,mp-26369,BAT_02535_mp-705031.cif,BAT_02535_mp-26369.cif,downloaded,downloaded
BAT_02536,NiP2O7,mp-26212,mp-26211,BAT_02536_mp-26212.cif,BAT_02536_mp-26211.cif,downloaded,downloaded
BAT_02537,Ni5(PO4)4,mp-26922,mp-26921,BAT_02537_mp-26922.cif,BAT_02537_mp-26921.cif,downloaded,downloaded
BAT_02538,Ni9(P2O7)8,mp-27049,mp-540237,BAT_02538_mp-27049.cif,BAT_02538_mp-540237.cif,downloaded,downloaded
BAT_02539,NiPO4,mp-25968,mp-25967,BAT_02539_mp-25968.cif,BAT_02539_mp-25967.cif,downloaded,downloaded
BAT_02541,Ni5(P2O7)4,mp-705436,mp-705432,BAT_02541_mp-705436.cif,BAT_02541_mp-705432.cif,downloaded,downloaded
BAT_02542,NiP2O7,mp-705295,mp-26365,BAT_02542_mp-705295.cif,BAT_02542_mp-26365.cif,downloaded,downloaded
BAT_02543,NiP2O7,mp-689834,mp-32383,BAT_02543_mp-689834.cif,BAT_02543_mp-32383.cif,downloaded,downloaded
BAT_02546,NiP2O7,mp-753784,mp-753547,BAT_02546_mp-753784.cif,BAT_02546_mp-753547.cif,downloaded,downloaded
BAT_02547,NiP2O7,mp-32363,mp-32396,BAT_02547_mp-32363.cif,BAT_02547_mp-32396.cif,downloaded,downloaded
BAT_02548,NiP2O7,mp-26232,mp-26231,BAT_02548_mp-26232.cif,BAT_02548_mp-26231.cif,downloaded,downloaded
BAT_02549,Ni(PO3)3,mp-504150,mp-25927,BAT_02549_mp-504150.cif,BAT_02549_mp-25927.cif,downloaded,downloaded
BAT_02552,NiPO4,mp-26388,mp-26387,BAT_02552_mp-26388.cif,BAT_02552_mp-26387.cif,downloaded,downloaded
BAT_02553,Ni2P5O16,mp-32393,mp-26191,BAT_02553_mp-32393.cif,BAT_02553_mp-26191.cif,downloaded,downloaded
BAT_02554,NiPO4,mp-540256,mp-26403,BAT_02554_mp-540256.cif,BAT_02554_mp-26403.cif,downloaded,downloaded
BAT_02557,Ni3(P2O7)2,mp-851093,mp-886210,BAT_02557_mp-851093.cif,BAT_02557_mp-886210.cif,downloaded,downloaded
BAT_02558,NiP2O7,mp-766087,mp-758298,BAT_02558_mp-766087.cif,BAT_02558_mp-758298.cif,downloaded,downloaded
BAT_02559,NiPO4,mp-766097,mp-758148,BAT_02559_mp-766097.cif,BAT_02559_mp-758148.cif,downloaded,downloaded
BAT_02560,Ni4(PO4)3,mp-777879,mp-861635,BAT_02560_mp-777879.cif,BAT_02560_mp-861635.cif,downloaded,downloaded
BAT_02561,Ni3Sb(PO4)4,mp-775544,mp-756181,BAT_02561_mp-775544.cif,BAT_02561_mp-756181.cif,downloaded,downloaded
BAT_02562,NiSn(PO4)2,mp-757910,mp-770823,BAT_02562_mp-757910.cif,BAT_02562_mp-770823.cif,downloaded,downloaded
BAT_02563,Ni3Sn(PO4)4,mp-774257,mp-753100,BAT_02563_mp-774257.cif,BAT_02563_mp-753100.cif,downloaded,downloaded
BAT_02564,Ni5Te(PO4)6,mp-850365,mp-774836,BAT_02564_mp-850365.cif,BAT_02564_mp-774836.cif,downloaded,downloaded
BAT_02565,TiNi5(PO4)6,mp-772277,mp-770943,BAT_02565_mp-772277.cif,BAT_02565_mp-770943.cif,downloaded,downloaded
BAT_02567,Ti4Ni(PO5)4,mp-766392,mp-532743,BAT_02567_mp-766392.cif,BAT_02567_mp-532743.cif,downloaded,downloaded
BAT_02568,VNi3(PO4)4,mp-775192,mp-757423,BAT_02568_mp-775192.cif,BAT_02568_mp-757423.cif,downloaded,downloaded
BAT_02569,V3Ni(PO4)6,mp-774649,mp-760800,BAT_02569_mp-774649.cif,BAT_02569_mp-760800.cif,downloaded,downloaded
BAT_02570,VNi3(PO4)6,mp-759133,mp-760785,BAT_02570_mp-759133.cif,BAT_02570_mp-760785.cif,downloaded,downloaded
BAT_02571,V3Ni(PO4)4,mp-1101186,mp-1177236,BAT_02571_mp-1101186.cif,BAT_02571_mp-1177236.cif,downloaded,downloaded
BAT_02572,VNi(PO4)2,mp-1101213,mp-752716,BAT_02572_mp-1101213.cif,BAT_02572_mp-752716.cif,downloaded,downloaded
BAT_02574,Ni(SO4)2,mp-849993,mp-560212,BAT_02574_mp-849993.cif,BAT_02574_mp-560212.cif,downloaded,downloaded
BAT_02575,Ni(SO4)2,mp-772505,mp-776292,BAT_02575_mp-772505.cif,BAT_02575_mp-776292.cif,downloaded,downloaded
BAT_02576,Ni2(SO4)3,mp-768526,mp-768590,BAT_02576_mp-768526.cif,BAT_02576_mp-768590.cif,downloaded,downloaded
BAT_02577,Ni2(SO4)3,mp-778234,mp-764857,BAT_02577_mp-778234.cif,BAT_02577_mp-764857.cif,downloaded,downloaded
BAT_02578,Ni2(SO4)3,mp-779766,mp-778860,BAT_02578_mp-779766.cif,BAT_02578_mp-778860.cif,downloaded,downloaded
BAT_02579,Ni3SbO8,mp-772016,mp-1306001,BAT_02579_mp-772016.cif,BAT_02579_mp-1306001.cif,downloaded,downloaded
BAT_02580,SiNiO4,mp-777771,mp-766496,BAT_02580_mp-777771.cif,BAT_02580_mp-766496.cif,downloaded,downloaded
BAT_02581,Ni(SO4)2,mp-772423,mp-774590,BAT_02581_mp-772423.cif,BAT_02581_mp-774590.cif,downloaded,downloaded
BAT_02582,SiNiO4,mp-756019,mp-766710,BAT_02582_mp-756019.cif,BAT_02582_mp-766710.cif,downloaded,downloaded
BAT_02583,SiNiO4,mp-780288,mp-1177860,BAT_02583_mp-780288.cif,BAT_02583_mp-1177860.cif,downloaded,downloaded
BAT_02584,NiSnO4,mp-758463,mp-755249,BAT_02584_mp-758463.cif,BAT_02584_mp-755249.cif,downloaded,downloaded
BAT_02585,NiSnO4,mp-756797,mp-758684,BAT_02585_mp-756797.cif,BAT_02585_mp-758684.cif,downloaded,downloaded
BAT_02586,Ni3TeO8,mp-757998,mp-756871,BAT_02586_mp-757998.cif,BAT_02586_mp-756871.cif,downloaded,downloaded
BAT_02587,TiNi3O8,mp-1303223,mp-1306771,BAT_02587_mp-1303223.cif,BAT_02587_mp-1306771.cif,downloaded,downloaded
BAT_02588,Ti3Ni3(TeO8)2,mp-771243,mp-763178,BAT_02588_mp-771243.cif,BAT_02588_mp-763178.cif,downloaded,downloaded
BAT_02589,TiNiO4,mp-1290806,mp-764019,BAT_02589_mp-1290806.cif,BAT_02589_mp-764019.cif,downloaded,downloaded
BAT_02590,TiNi3O8,mp-1306670,mp-1277563,BAT_02590_mp-1306670.cif,BAT_02590_mp-1277563.cif,downloaded,downloaded
BAT_02592,TiNi7O16,mp-758326,mp-760950,BAT_02592_mp-758326.cif,BAT_02592_mp-760950.cif,downloaded,downloaded
BAT_02593,V2NiO6,mp-756506,mp-755467,BAT_02593_mp-756506.cif,BAT_02593_mp-755467.cif,downloaded,downloaded
BAT_02595,VNiO4,mp-1177514,mp-753337,BAT_02595_mp-1177514.cif,BAT_02595_mp-753337.cif,downloaded,downloaded
BAT_02596,V3NiO8,mp-755704,mp-754650,BAT_02596_mp-755704.cif,BAT_02596_mp-754650.cif,downloaded,downloaded
BAT_02597,Ni(WO4)2,mp-25292,mp-558765,BAT_02597_mp-25292.cif,BAT_02597_mp-558765.cif,downloaded,downloaded
BAT_02599,Ni(PS3)2,mp-769218,mp-775433,BAT_02599_mp-769218.cif,BAT_02599_mp-775433.cif,downloaded,downloaded
BAT_02601,RbV(PO4)2,mp-559279,mp-761134,BAT_02601_mp-559279.cif,BAT_02601_mp-761134.cif,downloaded,downloaded
BAT_02659,VSn(PO4)2,mp-753543,mp-756985,BAT_02659_mp-753543.cif,BAT_02659_mp-756985.cif,downloaded,downloaded
BAT_02660,SrVPO6,mp-17502,mp-759976,BAT_02660_mp-17502.cif,BAT_02660_mp-759976.cif,downloaded,downloaded
BAT_02661,V2Sn(PO4)3,mp-850780,mp-768559,BAT_02661_mp-850780.cif,BAT_02661_mp-768559.cif,downloaded,downloaded
BAT_02662,Ti(PO3)5,mp-684059,mp-684066,BAT_02662_mp-684059.cif,BAT_02662_mp-684066.cif,downloaded,downloaded
BAT_02663,Ti(PO3)4,mp-752705,mp-1176592,BAT_02663_mp-752705.cif,BAT_02663_mp-1176592.cif,downloaded,downloaded
BAT_02664,Ti2P2O9,mp-1044823,mp-1013762,BAT_02664_mp-1044823.cif,BAT_02664_mp-1013762.cif,downloaded,downloaded
BAT_02665,Ti(PO3)4,mp-540258,mp-26409,BAT_02665_mp-540258.cif,BAT_02665_mp-26409.cif,downloaded,downloaded
BAT_02666,Ti3P3O13,mp-1041196,mp-1012865,BAT_02666_mp-1041196.cif,BAT_02666_mp-1012865.cif,downloaded,downloaded
BAT_02668,Ti(PO3)4,mp-26114,mp-26113,BAT_02668_mp-26114.cif,BAT_02668_mp-26113.cif,downloaded,downloaded
BAT_02669,Ti(PO3)4,mp-766396,mp-765102,BAT_02669_mp-766396.cif,BAT_02669_mp-765102.cif,downloaded,downloaded
BAT_02673,Ti2(PO4)3,mp-774537,mp-776625,BAT_02673_mp-774537.cif,BAT_02673_mp-776625.cif,downloaded,downloaded
BAT_02677,Ti3V(PO4)6,mp-757374,mp-758994,BAT_02677_mp-757374.cif,BAT_02677_mp-758994.cif,downloaded,downloaded
BAT_02679,V(PO3)5,mp-883522,mp-705334,BAT_02679_mp-883522.cif,BAT_02679_mp-705334.cif,downloaded,downloaded
BAT_02680,VPO5,mp-26430,mp-26429,BAT_02680_mp-26430.cif,BAT_02680_mp-26429.cif,downloaded,downloaded
BAT_02681,V2(PO4)3,mp-26104,mp-760985,BAT_02681_mp-26104.cif,BAT_02681_mp-760985.cif,downloaded,downloaded
BAT_02682,VPO5,mp-25265,mp-26963,BAT_02682_mp-25265.cif,BAT_02682_mp-26963.cif,downloaded,downloaded
BAT_02683,V3(P2O7)2,mp-26242,mp-26241,BAT_02683_mp-26242.cif,BAT_02683_mp-26241.cif,downloaded,downloaded
BAT_02684,V2(PO4)3,mp-26124,mp-760234,BAT_02684_mp-26124.cif,BAT_02684_mp-760234.cif,downloaded,downloaded
BAT_02685,V(PO3)4,mp-26322,mp-32523,BAT_02685_mp-26322.cif,BAT_02685_mp-32523.cif,downloaded,downloaded
BAT_02686,VP2O7,mp-25850,mp-25849,BAT_02686_mp-25850.cif,BAT_02686_mp-25849.cif,downloaded,downloaded
BAT_02687,V3P8O29,mp-1177582,mp-27013,BAT_02687_mp-1177582.cif,BAT_02687_mp-27013.cif,downloaded,downloaded
BAT_02688,VP2O7,mp-26252,mp-26251,BAT_02688_mp-26252.cif,BAT_02688_mp-26251.cif,downloaded,downloaded
BAT_02689,V(PO3)4,mp-26802,mp-697754,BAT_02689_mp-26802.cif,BAT_02689_mp-697754.cif,downloaded,downloaded
BAT_02690,VP2O7,mp-26524,mp-705340,BAT_02690_mp-26524.cif,BAT_02690_mp-705340.cif,downloaded,downloaded
BAT_02692,VPO5,mp-763482,mp-780725,BAT_02692_mp-763482.cif,BAT_02692_mp-780725.cif,downloaded,downloaded
BAT_02693,V2P5O16,mp-27022,mp-25811,BAT_02693_mp-27022.cif,BAT_02693_mp-25811.cif,downloaded,downloaded
BAT_02694,V2P3O10,mp-26636,mp-26635,BAT_02694_mp-26636.cif,BAT_02694_mp-26635.cif,downloaded,downloaded
BAT_02695,VP2O7,mp-540363,mp-26681,BAT_02695_mp-540363.cif,BAT_02695_mp-26681.cif,downloaded,downloaded
BAT_02696,V2(PO4)3,mp-26904,mp-26903,BAT_02696_mp-26904.cif,BAT_02696_mp-26903.cif,downloaded,downloaded
BAT_02697,VPO5,mp-26462,mp-26461,BAT_02697_mp-26462.cif,BAT_02697_mp-26461.cif,downloaded,downloaded
BAT_02698,VP4O13,mp-25948,mp-704203,BAT_02698_mp-25948.cif,BAT_02698_mp-704203.cif,downloaded,downloaded
BAT_02699,V(PO3)4,mp-26834,mp-32502,BAT_02699_mp-26834.cif,BAT_02699_mp-32502.cif,downloaded,downloaded
BAT_02700,V3(PO4)4,mp-694629,mp-26101,BAT_02700_mp-694629.cif,BAT_02700_mp-26101.cif,downloaded,downloaded
BAT_02701,VPO5,mp-1100906,mp-753248,BAT_02701_mp-1100906.cif,BAT_02701_mp-753248.cif,downloaded,downloaded
BAT_02702,V2P5O18,mp-697772,mp-26595,BAT_02702_mp-697772.cif,BAT_02702_mp-26595.cif,downloaded,downloaded
BAT_02703,V(PO3)5,mp-26152,mp-540330,BAT_02703_mp-26152.cif,BAT_02703_mp-540330.cif,downloaded,downloaded
BAT_02704,V(PO4)2,mp-32465,mp-32525,BAT_02704_mp-32465.cif,BAT_02704_mp-32525.cif,downloaded,downloaded
BAT_02706,V(PO4)2,mp-26896,mp-757334,BAT_02706_mp-26896.cif,BAT_02706_mp-757334.cif,downloaded,downloaded
BAT_02707,V(PO4)2,mp-32471,mp-757278,BAT_02707_mp-32471.cif,BAT_02707_mp-757278.cif,downloaded,downloaded
BAT_02708,V(PO3)4,mp-32509,mp-26719,BAT_02708_mp-32509.cif,BAT_02708_mp-26719.cif,downloaded,downloaded
BAT_02710,V(PO4)2,mp-767644,mp-26399,BAT_02710_mp-767644.cif,BAT_02710_mp-26399.cif,downloaded,downloaded
BAT_02711,VP2O7,mp-26728,mp-26731,BAT_02711_mp-26728.cif,BAT_02711_mp-26731.cif,downloaded,downloaded
BAT_02712,V(PO3)3,mp-26226,mp-26225,BAT_02712_mp-26226.cif,BAT_02712_mp-26225.cif,downloaded,downloaded
BAT_02713,V2P2O9,mp-1350503,mp-1013850,BAT_02713_mp-1350503.cif,BAT_02713_mp-1013850.cif,downloaded,downloaded
BAT_02714,V3(PO4)4,mp-32529,mp-32528,BAT_02714_mp-32529.cif,BAT_02714_mp-32528.cif,downloaded,downloaded
BAT_02715,VP2O7,mp-26888,mp-26887,BAT_02715_mp-26888.cif,BAT_02715_mp-26887.cif,downloaded,downloaded
BAT_02716,V(PO4)2,mp-26948,mp-26947,BAT_02716_mp-26948.cif,BAT_02716_mp-26947.cif,downloaded,downloaded
BAT_02717,VP2O7,mp-26818,mp-26817,BAT_02717_mp-26818.cif,BAT_02717_mp-26817.cif,downloaded,downloaded
BAT_02718,V(PO4)2,mp-766050,mp-26619,BAT_02718_mp-766050.cif,BAT_02718_mp-26619.cif,downloaded,downloaded
BAT_02719,VPO4,mp-18835,mp-26127,BAT_02719_mp-18835.cif,BAT_02719_mp-26127.cif,downloaded,downloaded
BAT_02720,VP2O7,mp-25294,mp-754669,BAT_02720_mp-25294.cif,BAT_02720_mp-754669.cif,downloaded,downloaded
BAT_02721,VP2O7,mp-26228,mp-26227,BAT_02721_mp-26228.cif,BAT_02721_mp-26227.cif,downloaded,downloaded
BAT_02722,V(PO3)4,mp-697797,mp-26865,BAT_02722_mp-697797.cif,BAT_02722_mp-26865.cif,downloaded,downloaded
BAT_02723,VPO4,mp-26110,mp-25422,BAT_02723_mp-26110.cif,BAT_02723_mp-25422.cif,downloaded,downloaded
BAT_02724,V4P9O32,mp-705008,mp-27087,BAT_02724_mp-705008.cif,BAT_02724_mp-27087.cif,downloaded,downloaded
BAT_02725,V(PO3)4,mp-26916,mp-26915,BAT_02725_mp-26916.cif,BAT_02725_mp-26915.cif,downloaded,downloaded
BAT_02726,V3P3O13,mp-1047927,mp-1013878,BAT_02726_mp-1047927.cif,BAT_02726_mp-1013878.cif,downloaded,downloaded
BAT_02727,V2P3O11,mp-1244659,mp-32516,BAT_02727_mp-1244659.cif,BAT_02727_mp-32516.cif,downloaded,downloaded
BAT_02728,V3(PO4)4,mp-1101510,mp-26421,BAT_02728_mp-1101510.cif,BAT_02728_mp-26421.cif,downloaded,downloaded
BAT_02729,V(PO4)2,mp-753696,mp-26539,BAT_02729_mp-753696.cif,BAT_02729_mp-26539.cif,downloaded,downloaded
BAT_02730,V(PO3)3,mp-705305,mp-26297,BAT_02730_mp-705305.cif,BAT_02730_mp-26297.cif,downloaded,downloaded
BAT_02731,V(PO3)4,mp-32527,mp-26199,BAT_02731_mp-32527.cif,BAT_02731_mp-26199.cif,downloaded,downloaded
BAT_02732,V(PO3)4,mp-26956,mp-26955,BAT_02732_mp-26956.cif,BAT_02732_mp-26955.cif,downloaded,downloaded
BAT_02733,VP2O7,mp-1048335,mp-758422,BAT_02733_mp-1048335.cif,BAT_02733_mp-758422.cif,downloaded,downloaded
BAT_02734,VPO4,mp-767632,mp-752431,BAT_02734_mp-767632.cif,BAT_02734_mp-752431.cif,downloaded,downloaded
BAT_02735,VP2O7,mp-705024,mp-752869,BAT_02735_mp-705024.cif,BAT_02735_mp-752869.cif,downloaded,downloaded
BAT_02736,VPO5,mp-25203,mp-26091,BAT_02736_mp-25203.cif,BAT_02736_mp-26091.cif,downloaded,downloaded
BAT_02737,V3(P2O7)2,mp-883548,mp-758066,BAT_02737_mp-883548.cif,BAT_02737_mp-758066.cif,downloaded,downloaded
BAT_02739,V(PO3)4,mp-765972,mp-1176577,BAT_02739_mp-765972.cif,BAT_02739_mp-1176577.cif,downloaded,downloaded
BAT_02743,V9(P2O7)8,mp-1101365,mp-765044,BAT_02743_mp-1101365.cif,BAT_02743_mp-765044.cif,downloaded,downloaded
BAT_02745,VPO4,mp-861444,mp-772292,BAT_02745_mp-861444.cif,BAT_02745_mp-772292.cif,downloaded,downloaded
BAT_02746,V5(P3O11)2,mp-767351,mp-758308,BAT_02746_mp-767351.cif,BAT_02746_mp-758308.cif,downloaded,downloaded
BAT_02748,VPO5,mp-766127,mp-776381,BAT_02748_mp-766127.cif,BAT_02748_mp-776381.cif,downloaded,downloaded
BAT_02749,V(PO3)3,mp-767740,mp-758307,BAT_02749_mp-767740.cif,BAT_02749_mp-758307.cif,downloaded,downloaded
BAT_02752,VPO5,mp-770892,mp-772256,BAT_02752_mp-770892.cif,BAT_02752_mp-772256.cif,downloaded,downloaded
BAT_02753,V3P6WO24,mp-775437,mp-758674,BAT_02753_mp-775437.cif,BAT_02753_mp-758674.cif,downloaded,downloaded
