battery_id,battery_formula,framework_formula,formula_charge,formula_discharge,working_ion,average_voltage,capacity_grav,capacity_vol,energy_grav,energy_vol,max_delta_volume,stability_charge,stability_discharge,num_steps,nelements,chemsys,elements,id_charge,id_discharge,material_ids,warnings,element_list,has_transition_metal,oxide,sulfide,fluoride,phosphate_possible,silicate_possible,has_main_transition_metal,max_stability
BAT_00015,Li0-4Al3Cr3(SbO8)2,Al3Cr3(SbO8)2,Al3Cr3(SbO8)2,Li4Al3Cr3(SbO8)2,Li,4.556347028333332,140.28382398986653,624.8366037039292,639.1817845594645,2846.9724024802895,0.05445090810899,0.13042983057292,0.002027248035712,1,4,Al-Cr-O-Sb,"Al,Cr,Sb,O",mp-756662,mp-770625,"mp-756662,mp-770625",More than one working ion per transition metal,"['Al', 'Cr', 'Sb', 'O']",True,True,False,False,False,False,True,0.13042983057292
BAT_00017,Li1-3Al2FeO6,Al2FeO6,LiAl2FeO6,Li3Al2FeO6,Li,4.128403602083336,236.52455100765593,850.7126382408852,976.4688083611504,3512.085120051488,0.004728772679465,0.132898493949996,0.020887583749999,2,3,Al-Fe-O,"Al,Fe,O",mp-755069,mp-770727,"mp-755069,mp-768173,mp-770727",More than one working ion per transition metal,"['Al', 'Fe', 'O']",True,True,False,False,False,False,True,0.132898493949996
BAT_00020,Li1-2AlVO4,AlVO4,LiAlVO4,Li2AlVO4,Li,2.8414990516666783,172.0219977414676,622.2635644757885,488.8003434481875,1768.1613283446795,0.007314828338257,0.089042806309516,0.024599422395833,1,3,Al-O-V,"Al,V,O",mp-769572,mp-755460,"mp-769572,mp-755460",More than one working ion per transition metal,"['Al', 'V', 'O']",True,True,False,False,False,False,True,0.089042806309516
BAT_00022,Li2-3MnBAsO7,MnBAsO7,Li2MnBAsO7,Li3MnBAsO7,Li,3.519553073333331,97.99822858013364,302.8504861211508,344.90996658043167,1065.89835918819,0.016520414441825,0.079758656101186,0.091414645041212,1,4,As-B-Mn-O,"Mn,B,As,O",mp-772182,mp-771037,"mp-772182,mp-771037",More than one working ion per transition metal,"['Mn', 'B', 'As', 'O']",True,True,False,False,False,False,True,0.091414645041212
BAT_00023,Li2-3FeBAsO7,FeBAsO7,Li2FeBAsO7,Li3FeBAsO7,Li,4.017984108333327,97.67431768552318,309.4101890882222,392.453856252733,1243.2052227128866,0.04286264073662,0.092499285863095,0.091581478835162,1,4,As-B-Fe-O,"Fe,B,As,O",mp-1177952,mp-771029,"mp-1177952,mp-771029",More than one working ion per transition metal,"['Fe', 'B', 'As', 'O']",True,True,False,False,False,False,True,0.092499285863095
BAT_00025,Li1-2CrAsCO7,CrAsCO7,LiCrAsCO7,Li2CrAsCO7,Li,4.493169558333339,101.21168290381378,305.2953596568236,454.761252571103,1371.7438163104682,0.011719696153955,0.069573240673408,0.026140855555552,1,4,As-C-Cr-O,"Cr,As,C,O",mp-768612,mp-773176,"mp-768612,mp-773176",More than one working ion per transition metal,"['Cr', 'As', 'C', 'O']",True,True,False,False,False,False,True,0.069573240673408
BAT_00027,Li1-3FeAsCO7,FeAsCO7,LiFeAsCO7,Li3FeAsCO7,Li,3.79779738333333,194.4982613713611,609.0945884148789,738.6649880990375,2313.217834084519,0.053430317392643,0.067163670454545,0.048485174615382,2,4,As-C-Fe-O,"Fe,As,C,O",mp-770902,mp-770939,"mp-770902,mp-771027,mp-770939",More than one working ion per transition metal,"['Fe', 'As', 'C', 'O']",True,True,False,False,False,False,True,0.067163670454545
BAT_00028,Li1-3MnAsCO7,MnAsCO7,LiMnAsCO7,Li3MnAsCO7,Li,3.629206873333335,195.14044608762313,589.8054189591389,708.205048206535,2140.5258804157547,0.016056593070193,0.04304795886363,0.060420901153847,2,4,As-C-Mn-O,"Mn,As,C,O",mp-770905,mp-771034,"mp-770905,mp-771151,mp-771034",More than one working ion per transition metal,"['Mn', 'As', 'C', 'O']",True,True,False,False,False,False,True,0.060420901153847
BAT_00029,Li1-2VAsCO7,VAsCO7,LiVAsCO7,Li2VAsCO7,Li,3.292125393333326,101.61637368404172,301.1517705734362,334.5338441836821,991.4293911521012,0.068261973663813,0.048049886136371,0.039084548958338,1,4,As-C-O-V,"V,As,C,O",mp-756295,mp-772133,"mp-756295,mp-772133",More than one working ion per transition metal,"['V', 'As', 'C', 'O']",True,True,False,False,False,False,True,0.048049886136371
BAT_00030,Li0-1CoAsO4,CoAsO4,CoAsO4,LiCoAsO4,Li,4.520946918333334,130.87082786709936,559.2803593714077,591.6600659454951,2528.4768171845253,0.047159454681764,0.110549962916667,0.002541872619049,1,3,As-Co-O,"Co,As,O",mp-1213775,mp-20046,"mp-1213775,mp-20046,mp-1285020",,"['Co', 'As', 'O']",True,True,False,False,False,False,True,0.110549962916667
BAT_00031,Li0-1FeAs2O7,FeAs2O7,FeAs2O7,LiFeAs2O7,Li,5.443386683333334,82.56135893835622,332.5608364689953,449.4134018029518,1810.2572286335237,0.014209346040159,0.088019438541666,0.0,1,3,As-Fe-O,"Fe,As,O",mp-25260,mp-18878,"mp-25260,mp-18878",,"['Fe', 'As', 'O']",True,True,False,False,False,False,True,0.088019438541666
BAT_00033,Li0-3Fe2(AsO4)3,Fe2(AsO4)3,Fe2(AsO4)3,Li3Fe2(AsO4)3,Li,5.085863810833331,146.38402899425472,538.0026867082696,744.4892355458571,2736.2083944606907,0.028936473617741,0.144516634387249,0.000923193650001,1,3,As-Fe-O,"Fe,As,O",mp-543107,mp-542008,"mp-543107,mp-542008",More than one working ion per transition metal,"['Fe', 'As', 'O']",True,True,False,False,False,False,True,0.144516634387249
BAT_00037,Li0-1NiAsO4,NiAsO4,NiAsO4,LiNiAsO4,Li,5.032981518333333,131.0242457007058,577.5807854728228,659.4426070652179,2906.9534186291667,0.049245463950724,0.152693803229162,0.0,1,3,As-Ni-O,"Ni,As,O",mp-510749,mp-22243,"mp-510749,mp-22243",,"['Ni', 'As', 'O']",True,True,False,False,False,False,True,0.152693803229162
BAT_00038,Li0-1MnAsO4,MnAsO4,MnAsO4,LiMnAsO4,Li,3.76744912833333,133.4746782541047,522.240590807198,502.8590602429984,1967.5148586168616,0.062570318125929,0.031322605,0.0,1,3,As-Mn-O,"Mn,As,O",mp-510755,mp-20052,"mp-510755,mp-20052",,"['Mn', 'As', 'O']",True,True,False,False,False,False,True,0.031322605
BAT_00039,Li3-4VAs2O9,VAs2O9,Li3VAs2O9,Li4VAs2O9,Li,3.726356205833345,71.94192230906822,227.45991271401957,268.0812286559767,847.5966573201978,0.010062164969947,0.052553016166664,0.043911376562499,1,3,As-O-V,"V,As,O",mp-1177474,mp-1177164,"mp-1177474,mp-1177164",More than one working ion per transition metal,"['V', 'As', 'O']",True,True,False,False,False,False,True,0.052553016166664
BAT_00040,Li0-1VAsO5,VAsO5,VAsO5,LiVAsO5,Li,3.8472558033333377,125.946158856152,466.6035746693971,484.5470905668732,1795.1433105029182,0.010222359532899,0.0,0.0,1,3,As-O-V,"V,As,O",mp-510763,mp-17387,"mp-510763,mp-17387",,"['V', 'As', 'O']",True,True,False,False,False,False,True,0.0
BAT_00048,Li0-1CrB3(HO3)3,CrB3(HO3)3,CrB3(HO3)3,LiCrB3(HO3)3,Li,4.06632266583333,112.42773412647507,234.11360904536053,457.16744354676905,951.9814748411924,0.028362813632403,0.05144050628125,0.06283315588613,1,4,B-Cr-H-O,"Cr,B,H,O",mp-778931,mp-778018,"mp-778931,mp-778018",,"['Cr', 'B', 'H', 'O']",True,True,False,False,False,False,True,0.06283315588613
BAT_00051,Li0-1.25CoBO3,CoBO3,CoBO3,Li5Co4(BO3)4,Li,3.044208789333332,265.0072023134314,852.0327578767365,806.7372545191845,2593.7656103282807,0.126054098114709,0.199436286222223,0.202603522299996,2,3,B-Co-O,"Co,B,O",mp-765572,mp-1177143,"mp-765572,mp-756081,mp-1177143",More than one working ion per transition metal,"['Co', 'B', 'O']",True,True,False,False,False,False,True,0.202603522299996
BAT_00052,Li3-5Mn2Fe(BO3)4,Mn2Fe(BO3)4,Li3Mn2Fe(BO3)4,Li5Mn2Fe(BO3)4,Li,2.95696950333333,123.03770534765488,375.85591680046775,363.8187424731277,1111.394483626373,0.020469121009584,0.07413573226563,0.049134574427093,1,4,B-Fe-Mn-O,"Mn,Fe,B,O",mp-766489,mp-766508,"mp-766489,mp-766490,mp-766508",More than one working ion per transition metal,"['Mn', 'Fe', 'B', 'O']",True,True,False,False,False,False,True,0.07413573226563
BAT_00053,Li2.25-3Cr(BO3)2,Cr(BO3)2,Li9Cr4(BO3)8,Li3Cr(BO3)2,Li,3.916154996666652,105.55227231518435,284.42241909169735,413.3590586366284,1113.8422776899672,0.005392560122567,0.084077477370356,0.03618951020833,1,3,B-Cr-O,"Cr,B,O",mp-759279,mp-760261,"mp-759279,mp-758885,mp-760261",More than one working ion per transition metal,"['Cr', 'B', 'O']",True,True,False,False,False,False,True,0.084077477370356
BAT_00055,Li0.12-0.88FeBO3,FeBO3,LiFe8(BO3)8,Li7Fe8(BO3)8,Li,3.057566636666663,166.4997483716783,547.5063270525367,509.0840756346381,1674.0370789597423,0.002838442240608,0.082910368170722,0.015802682606389,4,3,B-Fe-O,"Fe,B,O",mp-764518,mp-849710,"mp-764518,mp-764885,mp-757684,mp-849952,mp-758274,mp-849704,mp-764723,mp-761265,mp-764620,mp-761215,mp-752868,mp-1177681,mp-759585,mp-761214,mp-764524,mp-760324,mp-764513,mp-764971,mp-764535,mp-764465,mp-759474,mp-764589,mp-849617,mp-764519,mp-760281,mp-764799,mp-761221,mp-761226,mp-758705,mp-764651,mp-760352,mp-760275,mp-764702,mp-758691,mp-764587,mp-761227,mp-764891,mp-777343,mp-764542,mp-775322,mp-760268,mp-761278,mp-759860,mp-758860,mp-764798,mp-761222,mp-758961,mp-761209,mp-759239,mp-764888,mp-849710",,"['Fe', 'B', 'O']",True,True,False,False,False,False,True,0.082910368170722
BAT_00056,Li0.25-1FeBO3,FeBO3,LiFe4(BO3)4,LiFeBO3,Li,3.020091366666666,165.3117134477588,546.5865753343039,499.2564785924502,1650.741397303031,0.005331217088064,0.074066825476197,0.0,2,3,B-Fe-O,"Fe,B,O",mp-774381,mp-777049,"mp-774381,mp-764720,mp-753072,mp-760248,mp-760279,mp-1177118,mp-754325,mp-777049",,"['Fe', 'B', 'O']",True,True,False,False,False,False,True,0.074066825476197
BAT_00058,Li0.12-0.88FeBO3,FeBO3,LiFe8(BO3)8,Li7Fe8(BO3)8,Li,3.023072698333336,166.4997483716783,551.5964292045389,503.34084358179103,1667.5161056263987,0.009691196834032,0.083623366707309,0.02082814154256,4,3,B-Fe-O,"Fe,B,O",mp-764478,mp-761220,"mp-764478,mp-764738,mp-1176725,mp-849690,mp-779091,mp-761235,mp-764941,mp-764847,mp-764525,mp-759768,mp-764672,mp-759387,mp-764904,mp-759237,mp-776909,mp-761224,mp-764505,mp-764552,mp-764559,mp-775269,mp-775238,mp-764612,mp-764554,mp-761194,mp-764528,mp-849589,mp-764643,mp-757792,mp-764459,mp-757269,mp-761202,mp-764502,mp-849701,mp-761220",,"['Fe', 'B', 'O']",True,True,False,False,False,False,True,0.083623366707309
BAT_00059,Li0.12-0.75FeBO3,FeBO3,LiFe8(BO3)8,Li3Fe4(BO3)4,Li,3.088902297333326,139.75415237410357,459.3098166036204,431.6869223302403,1418.763147694672,0.010646791974403,0.084133732560967,0.028555960978262,3,3,B-Fe-O,"Fe,B,O",mp-761206,mp-760195,"mp-761206,mp-764566,mp-761201,mp-849720,mp-761255,mp-882580,mp-882858,mp-882582,mp-759167,mp-849708,mp-882849,mp-761234,mp-759466,mp-774421,mp-777347,mp-761241,mp-764506,mp-764722,mp-761231,mp-760280,mp-764679,mp-764508,mp-759397,mp-764514,mp-761230,mp-760284,mp-759895,mp-761207,mp-758730,mp-849590,mp-761192,mp-760227,mp-764507,mp-760243,mp-775280,mp-759159,mp-774994,mp-761253,mp-760254,mp-759129,mp-760195",,"['Fe', 'B', 'O']",True,True,False,False,False,False,True,0.084133732560967
BAT_00060,Li0.12-0.88FeBO3,FeBO3,LiFe8(BO3)8,Li7Fe8(BO3)8,Li,3.069231903333336,166.4997483716783,547.6656118369083,511.02633959932774,1680.9127682084102,0.007534745048858,0.080431952560967,0.012151477500006,4,3,B-Fe-O,"Fe,B,O",mp-849747,mp-1176890,"mp-849747,mp-849742,mp-849622,mp-849612,mp-849620,mp-849619,mp-758915,mp-764815,mp-759902,mp-761244,mp-766625,mp-759622,mp-761198,mp-777445,mp-761211,mp-1176890",,"['Fe', 'B', 'O']",True,True,False,False,False,False,True,0.080431952560967
BAT_00061,Li0.12-0.88FeBO3,FeBO3,LiFe8(BO3)8,Li7Fe8(BO3)8,Li,3.021255741666669,166.4997483716783,547.093353429723,503.03832075398856,1652.908935277223,0.008460838951531,0.083941997195113,0.021338047712772,6,3,B-Fe-O,"Fe,B,O",mp-775187,mp-764896,"mp-775187,mp-761225,mp-761256,mp-761212,mp-759950,mp-761195,mp-1177659,mp-764938,mp-764796,mp-764874,mp-764621,mp-761213,mp-764741,mp-764624,mp-761277,mp-764547,mp-764573,mp-764652,mp-767427,mp-760257,mp-759371,mp-760310,mp-759537,mp-849632,mp-764512,mp-761243,mp-761242,mp-777373,mp-764654,mp-766603,mp-764932,mp-764896",,"['Fe', 'B', 'O']",True,True,False,False,False,False,True,0.083941997195113
BAT_00062,Li1.5-2.5FeBO4,FeBO4,Li3Fe2(BO4)2,Li5Fe2(BO4)2,Li,3.118528430833334,181.08362523817524,481.92911208901154,564.7144336636181,1502.909637695847,0.045135133698451,0.104033150933332,0.059448183676458,2,3,B-Fe-O,"Fe,B,O",mp-759625,mp-760269,"mp-759625,mp-771016,mp-760269",More than one working ion per transition metal,"['Fe', 'B', 'O']",True,True,False,False,False,False,True,0.104033150933332
BAT_00063,Li2-3Fe(BO3)2,Fe(BO3)2,Li2Fe(BO3)2,Li3Fe(BO3)2,Li,4.390224110833334,137.94831313650306,390.92724842758093,605.6240103806625,1716.2582316284986,0.039108727628768,0.081872459446965,0.000909045416668,1,3,B-Fe-O,"Fe,B,O",mp-766461,mp-770825,"mp-766461,mp-1176790,mp-770825",More than one working ion per transition metal,"['Fe', 'B', 'O']",True,True,False,False,False,False,True,0.081872459446965
BAT_00064,Li3-5Fe3(BO3)4,Fe3(BO3)4,Li3Fe3(BO3)4,Li5Fe3(BO3)4,Li,3.034782785833333,122.52755412567656,374.82990350331875,371.84451205086526,1137.5273387674413,0.016365175440707,0.088474512443202,0.025273971979173,2,3,B-Fe-O,"Fe,B,O",mp-766497,mp-766507,"mp-766497,mp-766514,mp-766507",More than one working ion per transition metal,"['Fe', 'B', 'O']",True,True,False,False,False,False,True,0.088474512443202
BAT_00065,Li2-3FeBPO7,FeBPO7,Li2FeBPO7,Li3FeBPO7,Li,5.488448513333329,116.30135989029904,327.15448625485146,638.3140257885561,1795.5705537157685,0.030709602871123,0.371065774315473,0.234128263214283,1,4,B-Fe-O-P,"Fe,B,P,O",mp-777716,mp-756319,"mp-777716,mp-756319",More than one working ion per transition metal,"['Fe', 'B', 'P', 'O']",True,True,False,False,True,False,True,0.371065774315473
BAT_00067,Li0.5-1MnBO3,MnBO3,LiMn2(BO3)2,LiMnBO3,Li,3.377766573333322,111.03600497862858,347.27401844580623,375.053706053284,1173.010571293384,0.029670025448125,0.068395284272742,0.006070880000001,1,3,B-Mn-O,"Mn,B,O",mp-759375,mp-753767,"mp-759375,mp-780096,mp-850907,mp-780194,mp-780659,mp-766484,mp-753767",,"['Mn', 'B', 'O']",True,True,False,False,False,False,True,0.068395284272742
BAT_00069,Li0-1MnBO3,MnBO3,MnBO3,LiMnBO3,Li,4.069228861666677,222.07200995725717,705.5302425822467,903.6618322864008,2870.9640258943705,0.007151468219929,0.223279765135421,0.0,3,3,B-Mn-O,"Mn,B,O",mp-25296,mp-19131,"mp-25296,mp-849540,mp-849414,mp-849625,mp-777991,mp-777985,mp-849498,mp-831261,mp-19131",,"['Mn', 'B', 'O']",True,True,False,False,False,False,True,0.223279765135421
BAT_00070,Li0.5-0.75MnBO3,MnBO3,LiMn2(BO3)2,Li3Mn4(BO3)4,Li,3.524345443333349,56.327882171785355,176.19708801331754,198.51891486474952,620.9794042683408,0.014915362475103,0.07640594154547,0.037167577260884,1,3,B-Mn-O,"Mn,B,O",mp-850898,mp-754552,"mp-850898,mp-754552",,"['Mn', 'B', 'O']",True,True,False,False,False,False,True,0.07640594154547
BAT_00071,Li0.5-1MnBO3,MnBO3,LiMn2(BO3)2,LiMnBO3,Li,3.431894488333331,111.03600497862858,352.8478688974041,381.0638534927078,1210.9366564891632,0.012613314042032,0.072739468818197,0.005542389583333,1,3,B-Mn-O,"Mn,B,O",mp-849588,mp-831163,"mp-849588,mp-763194,mp-755030,mp-831163",,"['Mn', 'B', 'O']",True,True,False,False,False,False,True,0.072739468818197
BAT_00072,Li0.25-0.75MnBO3,MnBO3,LiMn4(BO3)4,Li3Mn4(BO3)4,Li,3.380494713333324,112.65576434357072,353.3991302929844,380.8322157899656,1194.6638916520285,0.024488272908526,0.098309667321451,0.039772785956536,2,3,B-Mn-O,"Mn,B,O",mp-756059,mp-849269,"mp-756059,mp-754889,mp-849269",,"['Mn', 'B', 'O']",True,True,False,False,False,False,True,0.098309667321451
BAT_00073,Li0.33-0.83MnBO3,MnBO3,LiMn3(BO3)3,Li5Mn6(BO3)6,Li,3.348880423333344,112.1106191739135,351.02812687863343,375.44505779929887,1175.5512221432289,0.019850421208827,0.086813679414062,0.026623442199992,2,3,B-Mn-O,"Mn,B,O",mp-781682,mp-780308,"mp-781682,mp-849298,mp-782644,mp-780135,mp-780407,mp-754734,mp-780308",,"['Mn', 'B', 'O']",True,True,False,False,False,False,True,0.086813679414062
BAT_00074,Li0.33-0.83MnBO3,MnBO3,LiMn3(BO3)3,Li5Mn6(BO3)6,Li,3.335814563333332,112.1106191739135,350.75287684908164,373.9802361446578,1170.0465547242295,0.012886091989992,0.095493779726561,0.035679464771421,2,3,B-Mn-O,"Mn,B,O",mp-780510,mp-849333,"mp-780510,mp-780388,mp-850794,mp-780197,mp-849333",,"['Mn', 'B', 'O']",True,True,False,False,False,False,True,0.095493779726561
BAT_00075,Li3-5Mn3(BO3)4,Mn3(BO3)4,Li3Mn3(BO3)4,Li5Mn3(BO3)4,Li,3.298350808333329,123.2943773170751,373.41300686438694,406.6681090867292,1231.6470930333298,0.022253191926054,0.087869111321,0.033770008749992,2,3,B-Mn-O,"Mn,B,O",mp-766488,mp-766500,"mp-766488,mp-766499,mp-766500",More than one working ion per transition metal,"['Mn', 'B', 'O']",True,True,False,False,False,False,True,0.087869111321
BAT_00077,Li0.5-0.75MnBO3,MnBO3,LiMn2(BO3)2,Li3Mn4(BO3)4,Li,3.150046953333348,56.327882171785355,177.6121858209861,177.4354736229523,559.4867248202738,0.015784861123141,0.06967384654547,0.047002029434796,1,3,B-Mn-O,"Mn,B,O",mp-1570353,mp-776517,"mp-1570353,mp-755482,mp-776517",,"['Mn', 'B', 'O']",True,True,False,False,False,False,True,0.06967384654547
BAT_00078,Li0.33-0.83MnBO3,MnBO3,LiMn3(BO3)3,Li5Mn6(BO3)6,Li,3.320173443333334,112.1106191739135,352.6462494556426,372.2267004968846,1170.8467123337268,0.038421969278134,0.091487261601562,0.033357029914277,2,3,B-Mn-O,"Mn,B,O",mp-780665,mp-766536,"mp-780665,mp-849262,mp-781594,mp-850881,mp-780693,mp-850965,mp-766536",,"['Mn', 'B', 'O']",True,True,False,False,False,False,True,0.091487261601562
BAT_00079,Li0.5-0.88MnBO3,MnBO3,LiMn2(BO3)2,Li7Mn8(BO3)8,Li,3.369401980000006,83.88001522201655,266.9484469941113,282.6254893714932,899.4566258598852,0.027189375629869,0.073753155409105,0.026207232276596,2,3,B-Mn-O,"Mn,B,O",mp-779023,mp-779296,"mp-779023,mp-780112,mp-850402,mp-775182,mp-779296,mp-778813",,"['Mn', 'B', 'O']",True,True,False,False,False,False,True,0.073753155409105
BAT_00080,Li0.5-0.88MnBO3,MnBO3,LiMn2(BO3)2,Li7Mn8(BO3)8,Li,3.343617493333326,83.88001522201655,266.92510371093044,280.46268623740025,892.4954461776795,0.000386347319183,0.071704997681832,0.025935626319149,1,3,B-Mn-O,"Mn,B,O",mp-778827,mp-779303,"mp-778827,mp-777822,mp-775226,mp-778679,mp-1177109,mp-778585,mp-779299,mp-779303,mp-777865",,"['Mn', 'B', 'O']",True,True,False,False,False,False,True,0.071704997681832
BAT_00081,Li2-3Mn(BO3)2,Mn(BO3)2,Li2Mn(BO3)2,Li3Mn(BO3)2,Li,3.717526005833339,138.595294579338,393.8329890328598,515.2316118848215,1464.0843786847329,0.034547333726739,0.084568122499995,0.012451451249989,1,3,B-Mn-O,"Mn,B,O",mp-766466,mp-770910,"mp-766466,mp-758924,mp-759917,mp-770910",More than one working ion per transition metal,"['Mn', 'B', 'O']",True,True,False,False,False,False,True,0.084568122499995
BAT_00082,Li0.62-0.88MnBO3,MnBO3,Li5Mn8(BO3)8,Li7Mn8(BO3)8,Li,3.388955188333345,55.92001014801103,178.4035591438642,189.5104085227553,604.6016673777335,0.018003279455586,0.057784637800018,0.025934815680851,2,3,B-Mn-O,"Mn,B,O",mp-776580,mp-781628,"mp-776580,mp-777272,mp-778857,mp-778856,mp-780136,mp-781628,mp-779313,mp-777404,mp-779356",,"['Mn', 'B', 'O']",True,True,False,False,False,False,True,0.057784637800018
BAT_00083,Li0.33-0.83MnBO3,MnBO3,LiMn3(BO3)3,Li5Mn6(BO3)6,Li,3.256433986666653,112.1106191739135,350.711428632794,365.08083054417415,1142.068615712247,0.027181045131234,0.08309108410156,0.03114390677142,2,3,B-Mn-O,"Mn,B,O",mp-776450,mp-781617,"mp-776450,mp-780123,mp-780460,mp-780102,mp-776447,mp-780877,mp-781617",,"['Mn', 'B', 'O']",True,True,False,False,False,False,True,0.08309108410156
BAT_00085,Li0.5-0.75MnBO3,MnBO3,LiMn2(BO3)2,Li3Mn4(BO3)4,Li,3.346317276666672,56.327882171785355,177.2405783414975,188.49096526948995,593.1032094305458,0.000960955898699,0.067398012303044,0.036291652188419,1,3,B-Mn-O,"Mn,B,O",mp-849746,mp-776634,"mp-849746,mp-779335,mp-777293,mp-776634,mp-776982,mp-781079",,"['Mn', 'B', 'O']",True,True,False,False,False,False,True,0.067398012303044
BAT_00086,Li0.5-0.88MnBO3,MnBO3,LiMn2(BO3)2,Li7Mn8(BO3)8,Li,3.367643939999997,83.88001522201655,266.98533222238854,282.4780249495316,899.1115361276128,0.008125268354417,0.072944153363652,0.025562083978724,2,3,B-Mn-O,"Mn,B,O",mp-849990,mp-779028,"mp-849990,mp-850885,mp-781616,mp-777359,mp-778680,mp-778832,mp-779028,mp-779060",,"['Mn', 'B', 'O']",True,True,False,False,False,False,True,0.072944153363652
BAT_00088,Li0.5-0.75MnBO3,MnBO3,LiMn2(BO3)2,Li3Mn4(BO3)4,Li,3.308953346666674,56.327882171785355,178.24294575598836,186.3863342229752,589.7975918790041,0.005359914441086,0.067950972000014,0.038445088855086,1,3,B-Mn-O,"Mn,B,O",mp-778403,mp-781619,"mp-778403,mp-781619,mp-780180",,"['Mn', 'B', 'O']",True,True,False,False,False,False,True,0.067950972000014
BAT_00089,Li0.5-0.75MnBO3,MnBO3,LiMn2(BO3)2,Li3Mn4(BO3)4,Li,3.229155983333361,56.327882171785355,178.19782757129138,181.89151774351723,575.4285811188421,0.009288595783659,0.06881845063638,0.04274430160871,1,3,B-Mn-O,"Mn,B,O",mp-777375,mp-778867,"mp-777375,mp-781497,mp-777405,mp-777467,mp-778867",,"['Mn', 'B', 'O']",True,True,False,False,False,False,True,0.06881845063638
BAT_00090,Li0.5-0.75MnBO3,MnBO3,LiMn2(BO3)2,Li3Mn4(BO3)4,Li,3.535761893333306,56.327882171785355,176.78635287127366,199.16197931516712,625.0744497436245,0.00930063258546,0.076572074500015,0.036830119652188,1,3,B-Mn-O,"Mn,B,O",mp-1176667,mp-780137,"mp-1176667,mp-780137",,"['Mn', 'B', 'O']",True,True,False,False,False,False,True,0.076572074500015
BAT_00091,Li0.33-0.83MnBO3,MnBO3,LiMn3(BO3)3,Li5Mn6(BO3)6,Li,3.4234136666666792,112.11061917391348,350.9843121878365,383.8010258584389,1201.564491129444,0.028289474365483,0.09597453378906,0.02861051677142,1,3,B-Mn-O,"Mn,B,O",mp-849514,mp-782643,"mp-849514,mp-780149,mp-782643",,"['Mn', 'B', 'O']",True,True,False,False,False,False,True,0.09597453378906
BAT_00092,Li0.33-0.83MnBO3,MnBO3,LiMn3(BO3)3,Li5Mn6(BO3)6,Li,3.417985669999982,112.1106191739135,351.7496504987921,383.1924897912616,1202.2752648323735,0.026231591308557,0.09444635066406,0.027678577628563,2,3,B-Mn-O,"Mn,B,O",mp-781607,mp-780156,"mp-781607,mp-780320,mp-1176674,mp-849239,mp-850410,mp-780156",,"['Mn', 'B', 'O']",True,True,False,False,False,False,True,0.09444635066406
BAT_00093,Li0.33-0.83MnBO3,MnBO3,LiMn3(BO3)3,Li5Mn6(BO3)6,Li,3.3594804599999892,112.1106191739135,351.80385439337533,376.6334344732626,1181.878174587226,0.021178317317151,0.097462130664061,0.035450594485707,2,3,B-Mn-O,"Mn,B,O",mp-849243,mp-781670,"mp-849243,mp-850952,mp-780111,mp-781670",,"['Mn', 'B', 'O']",True,True,False,False,False,False,True,0.097462130664061
BAT_00094,Li0.5-0.75MnBO3,MnBO3,LiMn2(BO3)2,Li3Mn4(BO3)4,Li,3.246165253333349,56.327882171785355,178.00050118450474,182.84961389990465,577.8190420210609,0.007563580992514,0.07472885154547,0.04765819508697,1,3,B-Mn-O,"Mn,B,O",mp-1567236,mp-780105,"mp-1567236,mp-780198,mp-780105",,"['Mn', 'B', 'O']",True,True,False,False,False,False,True,0.07472885154547
BAT_00095,Li0.33-0.83MnBO3,MnBO3,LiMn3(BO3)3,Li5Mn6(BO3)6,Li,3.366902846666679,112.1106191739135,350.74812652557034,377.4655628382134,1180.9348656619472,0.026885968822346,0.092942347851561,0.030682017057133,2,3,B-Mn-O,"Mn,B,O",mp-780327,mp-850959,"mp-780327,mp-850784,mp-850959",,"['Mn', 'B', 'O']",True,True,False,False,False,False,True,0.092942347851561
BAT_00097,Li0.33-0.83MnBO3,MnBO3,LiMn3(BO3)3,Li5Mn6(BO3)6,Li,3.399665673333334,112.1106191739135,352.1773608532343,381.1386236216997,1197.285284617867,0.020447172773733,0.09793770628906,0.032440959628562,2,3,B-Mn-O,"Mn,B,O",mp-780524,mp-780199,"mp-780524,mp-850950,mp-781502,mp-780512,mp-780199",,"['Mn', 'B', 'O']",True,True,False,False,False,False,True,0.09793770628906
BAT_00099,Li0.5-0.75MnBO3,MnBO3,LiMn2(BO3)2,Li3Mn4(BO3)4,Li,3.211087583333328,56.327882171785355,177.01067904842787,180.8737630372827,568.3967936098077,0.012778733426141,0.067543935636377,0.042310782913057,1,3,B-Mn-O,"Mn,B,O",mp-781608,mp-780529,"mp-781608,mp-780529",,"['Mn', 'B', 'O']",True,True,False,False,False,False,True,0.067543935636377
BAT_00100,Li0.33-0.83MnBO3,MnBO3,LiMn3(BO3)3,Li5Mn6(BO3)6,Li,3.366735466666685,112.1106191739135,351.23229648522755,377.4467977627767,1182.5062296156043,0.023301190841429,0.098267540351562,0.035565111342847,2,3,B-Mn-O,"Mn,B,O",mp-850395,mp-780419,"mp-850395,mp-849301,mp-850782,mp-850396,mp-780419",,"['Mn', 'B', 'O']",True,True,False,False,False,False,True,0.098267540351562
BAT_00101,Li0.25-0.75MnBO3,MnBO3,LiMn4(BO3)4,Li3Mn4(BO3)4,Li,3.385678368333335,112.65576434357072,353.23515431896135,381.4161844060851,1195.9406209125948,0.019310941469961,0.096411111130976,0.037588569000014,1,3,B-Mn-O,"Mn,B,O",mp-850920,mp-781610,"mp-850920,mp-781610",,"['Mn', 'B', 'O']",True,True,False,False,False,False,True,0.096411111130976
BAT_00102,Li0.5-0.83MnBO3,MnBO3,LiMn2(BO3)2,Li5Mn6(BO3)6,Li,3.303371018333312,74.740412782609,235.4496592028952,246.89531348433917,777.7775804872992,0.016704537980735,0.073239911242438,0.034477515628564,1,3,B-Mn-O,"Mn,B,O",mp-782642,mp-780433,"mp-782642,mp-850998,mp-780433",,"['Mn', 'B', 'O']",True,True,False,False,False,False,True,0.073239911242438
BAT_00106,Li2-3MnBPO7,MnBPO7,Li2MnBPO7,Li3MnBPO7,Li,3.607138743333327,116.76088485937927,320.7011736464223,421.1727114821487,1156.813628492479,0.014011071125088,0.07044418205729,0.0804415855649,1,4,B-Mn-O-P,"Mn,B,P,O",mp-771706,mp-757046,"mp-771706,mp-757046",More than one working ion per transition metal,"['Mn', 'B', 'P', 'O']",True,True,False,False,True,False,True,0.0804415855649
BAT_00108,Li0.67-1NiBO3,NiBO3,Li2Ni3(BO3)3,LiNiBO3,Li,4.763462073333347,71.79016878694149,257.31364617115645,341.96974625479527,1225.70379448742,0.001379148808547,0.094124550588227,0.015267630694448,1,3,B-Ni-O,"Ni,B,O",mp-1177892,mp-755271,"mp-1177892,mp-759614,mp-755271",,"['Ni', 'B', 'O']",True,True,False,False,False,False,True,0.094124550588227
BAT_00109,Li2-3VBPO7,VBPO7,Li2VBPO7,Li3VBPO7,Li,3.100710723333326,118.82982898275064,324.9401946544221,368.45692497868015,1007.5455460069848,0.058294419992003,0.091417584136908,0.088190715769229,1,4,B-O-P-V,"V,B,P,O",mp-771701,mp-768575,"mp-771701,mp-768575",More than one working ion per transition metal,"['V', 'B', 'P', 'O']",True,True,False,False,True,False,True,0.091417584136908
BAT_00114,Li0-1VBO4,VBO4,VBO4,LiVBO4,Li,2.7949190533333352,201.98401509493772,572.1875332139003,564.5289722576094,1599.2178386593307,0.125161862215333,0.0,0.087599098333332,1,3,B-O-V,"V,B,O",mp-754594,mp-754909,"mp-754594,mp-754909",,"['V', 'B', 'O']",True,True,False,False,False,False,True,0.087599098333332
BAT_00118,Li0-1BaCaVP2O9,BaCaVP2O9,BaCaVP2O9,BaLiCaVP2O9,Li,2.006046375833326,60.742705583530565,226.9518297519816,121.8526843941522,455.2758955627047,0.030352964284559,0.002617558303599,0.060479661578701,1,5,Ba-Ca-O-P-V,"Ba,Ca,V,P,O",mp-558004,mp-759611,"mp-558004,mp-759611",,"['Ba', 'Ca', 'V', 'P', 'O']",True,True,False,False,True,False,True,0.060479661578701
BAT_00149,Li0-2Co3BiO8,Co3BiO8,Co3BiO8,Li2Co3BiO8,Li,4.435686993333332,101.58671920809302,602.5451287395923,450.60688908674354,2672.7015904465675,0.014538857382409,0.086413707777778,0.003028473803569,1,3,Bi-Co-O,"Co,Bi,O",mp-756635,mp-756423,"mp-756635,mp-756423",,"['Co', 'Bi', 'O']",True,True,False,False,False,False,True,0.086413707777778
BAT_00180,Li0-5V3Bi2(PO4)6,V3Bi2(PO4)6,V3Bi2(PO4)6,Li5V3Bi2(PO4)6,Li,3.051783667333341,114.01795251186986,434.3174529350072,347.95812525851295,1325.4429093048718,0.072933733742921,0.090045100142875,0.094170078104165,1,4,Bi-O-P-V,"V,Bi,P,O",mp-772437,mp-1177171,"mp-772437,mp-1177171",More than one working ion per transition metal,"['V', 'Bi', 'P', 'O']",True,True,False,False,True,False,True,0.094170078104165
BAT_00199,Li1-2CoH8(CO5)2,CoH8(CO5)2,LiCoH8(CO5)2,Li2CoH8(CO5)2,Li,4.671780723333346,101.178092028824,218.9188689729551,472.6818599639073,1022.74095204179,0.0483715991521,0.065063643124998,0.025367861956527,1,4,C-Co-H-O,"Co,H,C,O",mp-759255,mp-770598,"mp-759255,mp-770598",More than one working ion per transition metal,"['Co', 'H', 'C', 'O']",True,True,False,False,False,False,True,0.065063643124998
BAT_00200,Li0-2CoH8(CO5)2,CoH8(CO5)2,CoH8(CO5)2,Li2CoH8(CO5)2,Li,3.431611315833341,202.356184057648,432.0066062756639,694.4077710410793,1482.478758610327,0.031332658649707,0.04606609220238,0.087746798913048,1,4,C-Co-H-O,"Co,H,C,O",mp-772431,mp-770604,"mp-772431,mp-770604",More than one working ion per transition metal,"['Co', 'H', 'C', 'O']",True,True,False,False,False,False,True,0.087746798913048
BAT_00201,Li0-2NaCoPCO7,NaCoPCO7,NaCoPCO7,NaLi2CoPCO7,Li,4.187993579583339,213.740510499133,624.5691224436379,895.1438856672343,2615.691474799956,0.036319852034025,0.053627843579542,0.028326489230768,1,5,C-Co-Na-O-P,"Na,Co,P,C,O",mp-1101670,mp-760344,"mp-1101670,mp-760344",More than one working ion per transition metal,"['Na', 'Co', 'P', 'C', 'O']",True,True,False,False,True,False,True,0.053627843579542
BAT_00202,Li0-2Co2(CO3)3,Co2(CO3)3,Co2(CO3)3,Li2Co2(CO3)3,Li,4.13734773833333,171.9283034790489,534.72708632756,711.3271775545294,2212.3519012429015,0.022771052596862,0.124191125714281,0.090585803437496,2,3,C-Co-O,"Co,C,O",mp-752772,mp-757737,"mp-752772,mp-757952,mp-757737",,"['Co', 'C', 'O']",True,True,False,False,False,False,True,0.124191125714281
BAT_00203,Li0-2Co(CO3)2,Co(CO3)2,Co(CO3)2,Li2Co(CO3)2,Li,4.36558580458333,277.97609164721933,634.445586277524,1213.5284797086556,2769.7266452337067,0.171645120157025,0.114369356666666,0.025776833863636,2,3,C-Co-O,"Co,C,O",mp-752886,mp-1178046,"mp-752886,mp-753292,mp-753259,mp-752864,mp-1178046,mp-767053,mp-1567457,mp-1638967,mp-767036",More than one working ion per transition metal,"['Co', 'C', 'O']",True,True,False,False,False,False,True,0.114369356666666
BAT_00204,Li0.5-2Co(CO3)2,Co(CO3)2,LiCo2(CO3)4,Li2Co(CO3)2,Li,4.613743533333333,208.48206873541452,530.4706168501142,961.8827964439744,2447.4553781155587,0.123996110140818,0.130588918092106,0.022726872727272,3,3,C-Co-O,"Co,C,O",mp-758717,mp-753950,"mp-758717,mp-758124,mp-762401,mp-753812,mp-759412,mp-753166,mp-753950,mp-1567455,mp-759898,mp-759685,mp-753286,mp-759781",More than one working ion per transition metal,"['Co', 'C', 'O']",True,True,False,False,False,False,True,0.130588918092106
BAT_00205,Li1-2CoCO4,CoCO4,LiCoCO4,Li2CoCO4,Li,3.481595108333334,180.0890453846947,485.8404225321063,626.997139475773,1691.4996385183815,0.006029008894159,0.102050426011904,0.088426634375001,1,3,C-Co-O,"Co,C,O",mp-758392,mp-757730,"mp-758392,mp-757730",More than one working ion per transition metal,"['Co', 'C', 'O']",True,True,False,False,False,False,True,0.102050426011904
BAT_00206,Li0-1Co(CO)4,Co(CO)4,Co(CO)4,LiCo(CO)4,Li,3.327131083333332,150.6423975242947,249.7683029235687,501.20700327093704,831.011884288421,0.075443762962508,0.5276075801388901,0.411885058500001,1,3,C-Co-O,"Co,C,O",mp-510741,mp-18939,"mp-510741,mp-18939",,"['Co', 'C', 'O']",True,True,False,False,False,False,True,0.5276075801388901
BAT_00207,Li0-1Co2C2O7,Co2C2O7,Co2C2O7,LiCo2C2O7,Li,4.527208838333341,102.7567268307175,284.21997082038325,465.20116190622906,1286.7231639288834,0.054035811782951,0.105562360454556,0.055502131631951,1,3,C-Co-O,"Co,C,O",mp-753266,mp-758625,"mp-753266,mp-758625",,"['Co', 'C', 'O']",True,True,False,False,False,False,True,0.105562360454556
BAT_00209,Li1.5-2Co(CO3)2,Co(CO3)2,Li3Co2(CO3)4,Li2Co(CO3)2,Li,3.094986098333327,69.49402291180483,178.5045722810742,215.08303482929367,552.4691696988612,0.007545293713089,0.037316493551583,0.074636562954544,1,3,C-Co-O,"Co,C,O",mp-1641018,mp-767071,"mp-1641018,mp-767071",More than one working ion per transition metal,"['Co', 'C', 'O']",True,True,False,False,False,False,True,0.074636562954544
BAT_00210,Li0-1Co2C2O7,Co2C2O7,Co2C2O7,LiCo2C2O7,Li,3.933058480000004,102.7567268307175,286.02484740380885,404.1482158385974,1124.9524515722576,0.06969451050493,0.098001859848495,0.098084202604172,1,3,C-Co-O,"Co,C,O",mp-1178537,mp-758125,"mp-1178537,mp-758832,mp-758125",,"['Co', 'C', 'O']",True,True,False,False,False,False,True,0.098084202604172
BAT_00211,Li1-3CoPCO7,CoPCO7,LiCoPCO7,Li3CoPCO7,Li,4.146515178333336,228.35380143241997,656.2632408317502,946.872503669646,2721.205489091077,0.035333173796732,0.053168762727268,0.039335158846153,2,4,C-Co-O-P,"Co,P,C,O",mp-25464,mp-25458,"mp-25464,mp-25454,mp-25458",More than one working ion per transition metal,"['Co', 'P', 'C', 'O']",True,True,False,False,True,False,True,0.053168762727268
BAT_00212,Li4-6Co2C4SO16,Co2C4SO16,Li4Co2C4SO16,Li6Co2C4SO16,Li,4.517149250833332,108.1554013822178,305.61164316739985,488.55409032726345,1380.4934049795638,0.042168179628257,0.087443686728384,0.042529975086206,1,4,C-Co-O-S,"Co,C,S,O",mp-770944,mp-780426,"mp-770944,mp-776275,mp-770515,mp-780426",More than one working ion per transition metal,"['Co', 'C', 'S', 'O']",True,True,True,False,False,False,True,0.087443686728384
BAT_00213,Li1-2CoCSO7,CoCSO7,LiCoCSO7,Li2CoCSO7,Li,4.224635900833339,117.0949720138337,312.4068330965787,494.6836225767169,1319.8051227654553,0.025522692372991,0.062167035227266,0.06191865291667,1,4,C-Co-O-S,"Co,C,S,O",mp-773196,mp-771972,"mp-773196,mp-771972,mp-1983876,mp-1575892",More than one working ion per transition metal,"['Co', 'C', 'S', 'O']",True,True,True,False,False,False,True,0.062167035227266
BAT_00214,Li2-3Cr(CO3)3,Cr(CO3)3,Li2Cr(CO3)3,Li3Cr(CO3)3,Li,4.193080858333322,105.99931319944366,272.5809143102226,444.46369117306585,1142.95381414119,0.015554904778144,0.074043490259254,0.058643575624996,1,3,C-Cr-O,"Cr,C,O",mp-780684,mp-765400,"mp-780684,mp-765400",More than one working ion per transition metal,"['Cr', 'C', 'O']",True,True,False,False,False,False,True,0.074043490259254
BAT_00215,Li0.67-1.33Cr(CO3)2,Cr(CO3)2,Li2Cr3(CO3)6,Li4Cr3(CO3)6,Li,3.350905183333314,98.57006333462076,285.15257378612637,330.29893614947383,955.5192375407664,0.001137918581778,0.050212054999999,0.049590738407259,1,3,C-Cr-O,"Cr,C,O",mp-757965,mp-758282,"mp-757965,mp-758282",More than one working ion per transition metal,"['Cr', 'C', 'O']",True,True,False,False,False,False,True,0.050212054999999
BAT_00216,Li0.5-2Cr(CO3)2,Cr(CO3)2,LiCr2(CO3)4,Li2Cr(CO3)2,Li,2.098752479999997,216.2620139446101,499.456909084878,453.8804380960443,1048.2364265950207,0.130151434901688,0.100235594999999,0.227175050511368,2,3,C-Cr-O,"Cr,C,O",mp-753855,mp-753778,"mp-753855,mp-752834,mp-753778",More than one working ion per transition metal,"['Cr', 'C', 'O']",True,True,False,False,False,False,True,0.227175050511368
BAT_00217,Li1.5-2.5CrPCO7,CrPCO7,Li3Cr2P2(CO7)2,Li5Cr2P2(CO7)2,Li,3.262815258333352,119.47406546984529,318.82952975820774,389.821803790129,1040.2818545023276,0.039191745605243,0.048102542028983,0.054431542162502,2,4,C-Cr-O-P,"Cr,P,C,O",mp-763241,mp-1177167,"mp-763241,mp-776285,mp-25455,mp-1177167",More than one working ion per transition metal,"['Cr', 'P', 'C', 'O']",True,True,False,False,True,False,True,0.054431542162502
BAT_00220,Li1-2CrCSO7,CrCSO7,LiCrCSO7,Li2CrCSO7,Li,2.310693358333343,120.75480715155103,299.73086786957083,279.0273308719127,692.5861256737062,0.040340757880959,0.037364464374999,0.106246713416783,1,4,C-Cr-O-S,"Cr,C,S,O",mp-773160,mp-768607,"mp-773160,mp-768607",More than one working ion per transition metal,"['Cr', 'C', 'S', 'O']",True,True,True,False,False,False,True,0.106246713416783
BAT_00241,Li0-1Fe2C2O7,Fe2C2O7,Fe2C2O7,LiFe2C2O7,Li,3.224703233333334,105.24905004380118,274.64192995525394,339.3969519815075,885.6387195356144,0.05237444872125,0.088058033636365,0.105410140416656,1,3,C-Fe-O,"Fe,C,O",mp-752896,mp-762511,"mp-752896,mp-1345659,mp-762511,mp-1176733",,"['Fe', 'C', 'O']",True,True,False,False,False,False,True,0.105410140416656
BAT_00242,Li0-1Fe(CO3)2,Fe(CO3)2,Fe(CO3)2,LiFe(CO3)2,Li,4.887855148333334,146.61336988270426,456.40901381922225,716.6249147956754,2230.861147942025,0.142076925170483,0.069297034722221,0.0,1,3,C-Fe-O,"Fe,C,O",mp-752929,mp-753899,"mp-752929,mp-1283232,mp-753899",,"['Fe', 'C', 'O']",True,True,False,False,False,False,True,0.069297034722221
BAT_00243,Li0-2NaFePCO7,NaFePCO7,NaFePCO7,NaLi2FePCO7,Li,3.720026075833336,216.40534815346368,615.0074494112922,805.0335380806763,2287.8437486417583,0.083123033251872,0.040621705954548,0.025701401538463,1,5,C-Fe-Na-O-P,"Na,Fe,P,C,O",mp-769633,mp-770772,"mp-769633,mp-770772",More than one working ion per transition metal,"['Na', 'Fe', 'P', 'C', 'O']",True,True,False,False,True,False,True,0.040621705954548
BAT_00245,Li0.5-2Fe(CO3)2,Fe(CO3)2,LiFe2(CO3)4,Li2Fe(CO3)2,Li,3.866276533333323,211.87522249909267,519.6937576755768,819.1682007430187,2009.2797798208976,0.088713766968627,0.086611344605269,0.040404929090908,2,3,C-Fe-O,"Fe,C,O",mp-763371,mp-1568135,"mp-763371,mp-753230,mp-753336,mp-1568135,mp-757129",More than one working ion per transition metal,"['Fe', 'C', 'O']",True,True,False,False,False,False,True,0.086611344605269
BAT_00246,Li1-2Fe2(CO3)3,Fe2(CO3)3,LiFe2(CO3)3,Li2Fe2(CO3)3,Li,3.709184028333344,87.70155483437557,252.3749208774015,325.30120645166687,936.1050256703492,0.043847116640928,0.141168941000007,0.106082525937496,1,3,C-Fe-O,"Fe,C,O",mp-753178,mp-1302307,"mp-753178,mp-1302307,mp-761992,mp-1297814,mp-1290535",,"['Fe', 'C', 'O']",True,True,False,False,False,False,True,0.141168941000007
BAT_00247,Li1-2Fe2C2O7,Fe2C2O7,LiFe2C2O7,Li2Fe2C2O7,Li,3.072785998333321,102.45637490142518,320.54880328886134,314.82651423708876,984.9778745285151,0.058231106435982,0.136599951874989,0.099529956346152,1,3,C-Fe-O,"Fe,C,O",mp-757949,mp-757644,"mp-757949,mp-757644",,"['Fe', 'C', 'O']",True,True,False,False,False,False,True,0.136599951874989
BAT_00248,Li0.5-2Fe(CO3)2,Fe(CO3)2,LiFe2(CO3)4,Li2Fe(CO3)2,Li,3.640839159999998,211.87522249909267,460.02189278365097,771.4036071084092,1674.8657217040368,0.032447123042941,0.081138344078953,0.06641970681818,2,3,C-Fe-O,"Fe,C,O",mp-758039,mp-759815,"mp-758039,mp-758508,mp-758565,mp-759815,mp-757940",More than one working ion per transition metal,"['Fe', 'C', 'O']",True,True,False,False,False,False,True,0.081138344078953
BAT_00249,Li0.5-2Fe(CO3)2,Fe(CO3)2,LiFe2(CO3)4,Li2Fe(CO3)2,Li,3.996685070000007,211.87522249909267,474.86431965073695,846.7985384650533,1897.8831366238112,0.179010838873163,0.096767245131586,0.031392951818181,2,3,C-Fe-O,"Fe,C,O",mp-763524,mp-759605,"mp-763524,mp-763588,mp-759605",More than one working ion per transition metal,"['Fe', 'C', 'O']",True,True,False,False,False,False,True,0.096767245131586
BAT_00250,Li1-2FeCO4,FeCO4,LiFeCO4,Li2FeCO4,Li,2.798012045833335,183.90521133427447,464.5181741724584,514.5689966048253,1299.7274468430462,0.035494322785487,0.105183745357141,0.083218772500002,2,3,C-Fe-O,"Fe,C,O",mp-758117,mp-757609,"mp-758117,mp-765004,mp-757609",More than one working ion per transition metal,"['Fe', 'C', 'O']",True,True,False,False,False,False,True,0.105183745357141
BAT_00251,Li0-2Fe2(CO3)3,Fe2(CO3)3,Fe2(CO3)3,Li2Fe2(CO3)3,Li,3.27774806583334,175.40310966875114,515.4063951002775,574.9272034579024,1689.372314658069,0.007121290537613,0.061568218928568,0.077026494999996,2,3,C-Fe-O,"Fe,C,O",mp-758121,mp-1178002,"mp-758121,mp-1176763,mp-1178002",,"['Fe', 'C', 'O']",True,True,False,False,False,False,True,0.077026494999996
BAT_00252,Li0-1Fe2C2O7,Fe2C2O7,Fe2C2O7,LiFe2C2O7,Li,2.535584836666689,105.2490500438012,273.0775313239833,266.86789536463596,692.4112476594652,0.08292455531801,0.066733386666667,0.143289080416655,1,3,C-Fe-O,"Fe,C,O",mp-759204,mp-849784,"mp-759204,mp-849784",,"['Fe', 'C', 'O']",True,True,False,False,False,False,True,0.143289080416655
BAT_00253,Li0-2Fe2C2O7,Fe2C2O7,Fe2C2O7,Li2Fe2C2O7,Li,3.078690095833335,204.91274980285036,564.116672572383,630.8628533280096,1736.7404127430518,0.096238923410766,0.095709125681819,0.08799098057692,1,3,C-Fe-O,"Fe,C,O",mp-758060,mp-759155,"mp-758060,mp-759155",,"['Fe', 'C', 'O']",True,True,False,False,False,False,True,0.095709125681819
BAT_00254,Li4.25-5Fe(CO3)4,Fe(CO3)4,Li17Fe4(CO3)16,Li5Fe(CO3)4,Li,4.196211706666688,60.80455669884871,148.10450503790386,255.1487926383873,621.4778578501276,0.035090312195757,0.058686285500001,0.053070547272733,1,3,C-Fe-O,"Fe,C,O",mp-882899,mp-765153,"mp-882899,mp-765153",More than one working ion per transition metal,"['Fe', 'C', 'O']",True,True,False,False,False,False,True,0.058686285500001
BAT_00255,Li1-2FePCO7,FePCO7,LiFePCO7,Li2FePCO7,Li,4.735407600833331,119.27287488093684,329.0599346803256,564.8056782844311,1558.2329158149334,0.035563930648232,0.067218041704543,0.011853184479169,1,4,C-Fe-O-P,"Fe,P,C,O",mp-768562,mp-768471,"mp-768562,mp-768471,mp-768485",More than one working ion per transition metal,"['Fe', 'P', 'C', 'O']",True,True,False,False,True,False,True,0.067218041704543
BAT_00256,Li1.5-2.5FePCO7,FePCO7,Li3Fe2P2(CO7)2,Li5Fe2P2(CO7)2,Li,3.831658245833343,117.45877823696024,323.88230950485803,450.0618961771587,1241.0063218938362,0.011024877695781,0.044336807364132,0.033667295549999,2,4,C-Fe-O-P,"Fe,P,C,O",mp-768618,mp-768672,"mp-768618,mp-1177718,mp-768648,mp-768640,mp-768707,mp-768672,mp-1177155,mp-768667",More than one working ion per transition metal,"['Fe', 'P', 'C', 'O']",True,True,False,False,True,False,True,0.044336807364132
BAT_00257,Li1-2.5FePCO7,FePCO7,LiFePCO7,Li5Fe2P2(CO7)2,Li,4.105291463333329,176.18816735544038,482.4012674692159,723.3037793846333,1980.3978052425505,0.017592622831898,0.067305157386361,0.032041826149998,2,4,C-Fe-O-P,"Fe,P,C,O",mp-768629,mp-768862,"mp-768629,mp-768630,mp-768593,mp-768652,mp-768862,mp-770138",More than one working ion per transition metal,"['Fe', 'P', 'C', 'O']",True,True,False,False,True,False,True,0.067305157386361
BAT_00258,Li1.5-2.5FePCO7,FePCO7,Li3Fe2P2(CO7)2,Li5Fe2P2(CO7)2,Li,3.731561593333343,117.45877823696024,322.9162694610273,438.3046656688992,1204.9819489832505,0.017137325549559,0.047326285407611,0.044425347549998,2,4,C-Fe-O-P,"Fe,P,C,O",mp-768557,mp-768689,"mp-768557,mp-1177947,mp-768644,mp-768646,mp-768689",More than one working ion per transition metal,"['Fe', 'P', 'C', 'O']",True,True,False,False,True,False,True,0.047326285407611
BAT_00259,Li1-2.5FePCO7,FePCO7,LiFePCO7,Li5Fe2P2(CO7)2,Li,4.136623180000001,176.18816735544038,483.3821514452455,728.8240571242342,1999.5698124666733,0.008531020756535,0.069611095113634,0.030311245349998,2,4,C-Fe-O-P,"Fe,P,C,O",mp-1176714,mp-768722,"mp-1176714,mp-768653,mp-1177738,mp-768722,mp-768720",More than one working ion per transition metal,"['Fe', 'P', 'C', 'O']",True,True,False,False,True,False,True,0.069611095113634
BAT_00260,Li1-3FePCO7,FePCO7,LiFePCO7,Li3FePCO7,Li,3.820836932083335,231.3980766699117,643.8446288872193,884.1343173534497,2460.0253365757767,0.071232121639483,0.060263142840907,0.039936917884615,2,4,C-Fe-O-P,"Fe,P,C,O",mp-25406,mp-25445,"mp-25406,mp-779262,mp-1176704,mp-779101,mp-779778,mp-1176717,mp-1177673,mp-768623,mp-756197,mp-753770,mp-755819,mp-756223,mp-25457,mp-756326,mp-754554,mp-756740,mp-25445,mp-752696",More than one working ion per transition metal,"['Fe', 'P', 'C', 'O']",True,True,False,False,True,False,True,0.060263142840907
BAT_00261,Li1-2FePCO7,FePCO7,LiFePCO7,Li2FePCO7,Li,4.40748721333333,119.27287488093684,321.74310757534766,525.6936709352352,1418.078632616475,0.039524122623064,0.054911876931816,0.027899232395836,1,4,C-Fe-O-P,"Fe,P,C,O",mp-1176697,mp-755726,"mp-1176697,mp-1176692,mp-755726",More than one working ion per transition metal,"['Fe', 'P', 'C', 'O']",True,True,False,False,True,False,True,0.054911876931816
BAT_00262,Li1-2FePCO7,FePCO7,LiFePCO7,Li2FePCO7,Li,4.688630308333335,119.27287488093684,324.2749769762981,559.2264161288101,1520.4054852851657,0.025084962424101,0.066287736931816,0.014898512812502,1,4,C-Fe-O-P,"Fe,P,C,O",mp-1176696,mp-768645,"mp-1176696,mp-768645,mp-768624",More than one working ion per transition metal,"['Fe', 'P', 'C', 'O']",True,True,False,False,True,False,True,0.066287736931816
BAT_00263,Li4-6Fe2C4SO16,Fe2C4SO16,Li4Fe2C4SO16,Li6Fe2C4SO16,Li,3.488504268333334,109.52026297044172,299.19537104287394,382.0619048413752,1043.7443289486414,0.035721472116607,0.068838558425926,0.050330110258624,1,4,C-Fe-O-S,"Fe,C,S,O",mp-781611,mp-770599,"mp-781611,mp-770599",More than one working ion per transition metal,"['Fe', 'C', 'S', 'O']",True,True,True,False,False,False,True,0.068838558425926
BAT_00264,Li2-2.5FePCO7,FePCO7,Li2FePCO7,Li5Fe2P2(CO7)2,Li,2.7176558683333423,58.72938911848012,160.45165308461645,159.60626898146987,436.0523765891936,0.018003017914549,0.010818564479169,0.036068061949998,1,4,C-Fe-O-P,"Fe,P,C,O",mp-768491,mp-1177175,"mp-768491,mp-768508,mp-756441,mp-1177175",More than one working ion per transition metal,"['Fe', 'P', 'C', 'O']",True,True,False,False,True,False,True,0.036068061949998
BAT_00265,Li2-3FeSiCO7,FeSiCO7,Li2FeSiCO7,Li3FeSiCO7,Li,2.168791773333329,117.1598231568626,327.1479911704385,254.09526062779136,709.5158719129718,0.018860311594585,0.09886758020833,0.214436383269219,1,4,C-Fe-O-Si,"Fe,Si,C,O",mp-772072,mp-770822,"mp-772072,mp-770822",More than one working ion per transition metal,"['Fe', 'Si', 'C', 'O']",True,True,False,False,False,True,True,0.214436383269219
BAT_00266,Li0-2FeCSO7,FeCSO7,FeCSO7,Li2FeCSO7,Li,4.060498740833337,237.3929069091592,609.5423303811353,963.9335995874064,2475.045864997218,0.024016047805679,0.089343333416668,0.066578106458336,2,4,C-Fe-O-S,"Fe,C,S,O",mp-1178258,mp-771011,"mp-1178258,mp-770901,mp-771011",More than one working ion per transition metal,"['Fe', 'C', 'S', 'O']",True,True,True,False,False,False,True,0.089343333416668
BAT_00267,Li0-2NiH8(CO5)2,NiH8(CO5)2,NiH8(CO5)2,Li2NiH8(CO5)2,Li,4.392236208333334,202.5395326655835,445.2766164707649,889.601468992688,1955.7600775870487,0.025910491830266,0.08593086142857,0.052191957173911,1,4,C-H-Ni-O,"Ni,H,C,O",mp-772564,mp-771916,"mp-772564,mp-771916",More than one working ion per transition metal,"['Ni', 'H', 'C', 'O']",True,True,False,False,False,False,True,0.08593086142857
BAT_00269,Li0-1KMnPCO7,KMnPCO7,KMnPCO7,KLiMnPCO7,Li,3.911643493333334,104.7106255582546,261.4066796240564,409.5906371478098,1022.5297374653117,0.013930594037867,0.0,0.0,1,5,C-K-Mn-O-P,"K,Mn,P,C,O",mp-773432,mp-761124,"mp-773432,mp-761124",,"['K', 'Mn', 'P', 'C', 'O']",True,True,False,False,True,False,True,0.0
BAT_00272,Li0-1Mn(CO3)2,Mn(CO3)2,Mn(CO3)2,LiMn(CO3)2,Li,4.428726200833343,147.34439811401836,452.7264733060239,652.5479964735721,2005.001594141265,0.051396952532489,0.068469496944446,0.0,1,3,C-Mn-O,"Mn,C,O",mp-754012,mp-1295192,"mp-754012,mp-1295192,mp-769558",,"['Mn', 'C', 'O']",True,True,False,False,False,False,True,0.068469496944446
BAT_00273,Li0-2NaMnPCO7,NaMnPCO7,NaMnPCO7,NaLi2MnPCO7,Li,3.653551888333337,217.20063909665313,597.1185012213153,793.5538051187847,2181.6034276959085,0.013612153435616,0.008573844090909,0.032962369102567,2,5,C-Mn-Na-O-P,"Na,Mn,P,C,O",mp-769584,mp-755754,"mp-769584,mp-760044,mp-755754",More than one working ion per transition metal,"['Na', 'Mn', 'P', 'C', 'O']",True,True,False,False,True,False,True,0.032962369102567
BAT_00274,Li0-1Na2MnPCO7,Na2MnPCO7,Na2MnPCO7,Na2LiMnPCO7,Li,3.114832883333325,101.9692545379322,276.802005752807,317.61718712373715,862.1919896914636,0.027532452689224,0.0,0.023052898205129,1,5,C-Mn-Na-O-P,"Na,Mn,P,C,O",mp-780530,mp-764273,"mp-780530,mp-764273",,"['Na', 'Mn', 'P', 'C', 'O']",True,True,False,False,True,False,True,0.023052898205129
BAT_00275,Li0-1Na2MnPCO7,Na2MnPCO7,Na2MnPCO7,Na2LiMnPCO7,Li,3.204740440833338,101.9692545379322,287.1383454515097,326.7849937393397,920.2038677824264,0.00399348674755,0.010523772291668,0.025851183589745,1,5,C-Mn-Na-O-P,"Na,Mn,P,C,O",mp-768058,mp-772500,"mp-768058,mp-772500",,"['Na', 'Mn', 'P', 'C', 'O']",True,True,False,False,True,False,True,0.025851183589745
BAT_00276,Li0.5-2Mn(CO3)2,Mn(CO3)2,LiMn2(CO3)4,Li2Mn(CO3)2,Li,4.055691703333332,212.892821976685,500.2211639733941,863.4276517900615,2028.7428245586368,0.045566094111588,0.093069835789497,0.037816197272727,2,3,C-Mn-O,"Mn,C,O",mp-763560,mp-765973,"mp-763560,mp-763549,mp-752801,mp-765973",More than one working ion per transition metal,"['Mn', 'C', 'O']",True,True,False,False,False,False,True,0.093069835789497
BAT_00277,Li0.5-1.5Mn(CO3)2,Mn(CO3)2,LiMn2(CO3)4,Li3Mn2(CO3)4,Li,3.744187183333328,144.5857745082549,309.4113032001192,541.3562038061306,1158.4938358203487,0.029486368044829,0.093476159736864,0.086155967499998,2,3,C-Mn-O,"Mn,C,O",mp-758704,mp-758761,"mp-758704,mp-758258,mp-758761",More than one working ion per transition metal,"['Mn', 'C', 'O']",True,True,False,False,False,False,True,0.093476159736864
BAT_00278,Li3-5Mn(CO3)4,Mn(CO3)4,Li3Mn(CO3)4,Li5Mn(CO3)4,Li,4.325464949583339,162.59155120807958,396.5091096357862,703.2840558489329,1715.0862559200907,0.077035606239165,0.09267638275,0.050239461590911,1,3,C-Mn-O,"Mn,C,O",mp-758628,mp-765023,"mp-758628,mp-780774,mp-765023",More than one working ion per transition metal,"['Mn', 'C', 'O']",True,True,False,False,False,False,True,0.09267638275
BAT_00279,Li0-2Mn(CO3)2,Mn(CO3)2,Mn(CO3)2,Li2Mn(CO3)2,Li,3.902936863333335,283.8570959689133,639.7000089281352,1107.87632377582,2496.7087463202824,0.142999833083565,0.095884923055557,0.052608475454545,2,3,C-Mn-O,"Mn,C,O",mp-762239,mp-765989,"mp-762239,mp-752632,mp-765989,mp-766018",More than one working ion per transition metal,"['Mn', 'C', 'O']",True,True,False,False,False,False,True,0.095884923055557
BAT_00280,Li1.5-2MnCO5,MnCO5,Li3Mn2(CO5)2,Li2MnCO5,Li,4.789042105833322,83.3235619431333,274.04693291134265,399.04004655367635,1312.4223006868997,0.005250765213578,0.085433908529412,0.041861333888888,1,3,C-Mn-O,"Mn,C,O",mp-758407,mp-764236,"mp-758407,mp-764236",More than one working ion per transition metal,"['Mn', 'C', 'O']",True,True,False,False,False,False,True,0.085433908529412
BAT_00281,Li1.5-2.5MnPCO7,MnPCO7,Li3Mn2P2(CO7)2,Li5Mn2P2(CO7)2,Li,3.638080258333336,117.92751343274762,319.9343854086366,429.02975853401847,1163.94697151717,0.017337310307297,0.030709326847781,0.043169156099997,1,4,C-Mn-O-P,"Mn,P,C,O",mp-768836,mp-769300,"mp-768836,mp-768837,mp-769300",More than one working ion per transition metal,"['Mn', 'P', 'C', 'O']",True,True,False,False,True,False,True,0.043169156099997
BAT_00282,Li1-3MnPCO7,MnPCO7,LiMnPCO7,Li3MnPCO7,Li,3.676844190833332,232.30761317793775,627.8765314441173,854.1588979996574,2308.604177200885,0.022366448441633,0.016184034772731,0.049749888076924,2,4,C-Mn-O-P,"Mn,P,C,O",mp-756529,mp-25461,"mp-756529,mp-25408,mp-770248,mp-768693,mp-756199,mp-768733,mp-768753,mp-756699,mp-754320,mp-25394,mp-755033,mp-768787,mp-768852,mp-768854,mp-768859,mp-754486,mp-768858,mp-25461",More than one working ion per transition metal,"['Mn', 'P', 'C', 'O']",True,True,False,False,True,False,True,0.049749888076924
BAT_00283,Li1-2.5MnPCO7,MnPCO7,LiMnPCO7,Li5Mn2P2(CO7)2,Li,3.742693225000005,176.89127014912145,477.450425656175,662.0497583487626,1786.950473376735,0.054217846988892,0.024451854545458,0.045205950499997,2,4,C-Mn-O-P,"Mn,P,C,O",mp-768697,mp-768855,"mp-768697,mp-768688,mp-768927,mp-768855",More than one working ion per transition metal,"['Mn', 'P', 'C', 'O']",True,True,False,False,True,False,True,0.045205950499997
BAT_00284,Li1-2MnPCO7,MnPCO7,LiMnPCO7,Li2MnPCO7,Li,3.869353735833333,119.75623047453588,325.6504526540383,463.379217775963,1260.056795552719,0.026720925986597,0.024638690454549,0.033295579374998,2,4,C-Mn-O-P,"Mn,P,C,O",mp-770237,mp-768948,"mp-770237,mp-768699,mp-768752,mp-768750,mp-768948",More than one working ion per transition metal,"['Mn', 'P', 'C', 'O']",True,True,False,False,True,False,True,0.033295579374998
BAT_00285,Li1-2MnPCO7,MnPCO7,LiMnPCO7,Li2MnPCO7,Li,3.830000455833333,119.75623047453588,323.03190754347565,458.6664173063541,1237.2123531402228,0.014165616682839,0.018719949318186,0.031149506666666,1,4,C-Mn-O-P,"Mn,P,C,O",mp-1176660,mp-1177908,"mp-1176660,mp-770078,mp-768737,mp-1177908",More than one working ion per transition metal,"['Mn', 'P', 'C', 'O']",True,True,False,False,True,False,True,0.031149506666666
BAT_00286,Li1.5-2.5MnPCO7,MnPCO7,Li3Mn2P2(CO7)2,Li5Mn2P2(CO7)2,Li,3.541382243333335,117.92751343274762,320.99741747003105,417.6264020711858,1136.7745543842257,0.004541860797021,0.024341368804303,0.045046475899996,1,4,C-Mn-O-P,"Mn,P,C,O",mp-1177646,mp-768935,"mp-1177646,mp-768782,mp-768935",More than one working ion per transition metal,"['Mn', 'P', 'C', 'O']",True,True,False,False,True,False,True,0.045046475899996
BAT_00287,Li4-6Mn2C4SO16,Mn2C4SO16,Li4Mn2C4SO16,Li6Mn2C4SO16,Li,3.88564301833333,109.927669930896,291.7430606572131,427.1396831886368,1133.6093867898974,0.003849688488193,0.067914018981465,0.051055045431033,1,4,C-Mn-O-S,"Mn,C,S,O",mp-776358,mp-771387,"mp-776358,mp-771387",More than one working ion per transition metal,"['Mn', 'C', 'S', 'O']",True,True,True,False,False,False,True,0.067914018981465
BAT_00288,Li0-2MnCSO7,MnCSO7,MnCSO7,Li2MnCSO7,Li,4.264617193333334,238.35027808950213,594.5289190821462,1016.472693976272,2535.438250251603,0.080578998315653,0.087316613750001,0.068124395625003,2,4,C-Mn-O-S,"Mn,C,S,O",mp-754649,mp-780526,"mp-754649,mp-754499,mp-780526,mp-770761",More than one working ion per transition metal,"['Mn', 'C', 'S', 'O']",True,True,True,False,False,False,True,0.087316613750001
BAT_00289,Li1.5-2Ni(CO3)2,Ni(CO3)2,Li3Ni2(CO3)4,Li2Ni(CO3)2,Li,4.800974803333337,69.58054891180969,183.81178921692825,334.05446212770113,882.4757685860909,0.064203589821126,0.094229811547621,0.057637314090909,1,3,C-Ni-O,"Ni,C,O",mp-765316,mp-766019,"mp-765316,mp-766019",More than one working ion per transition metal,"['Ni', 'C', 'O']",True,True,False,False,False,False,True,0.094229811547621
BAT_00291,Li1-2Ni(CO3)2,Ni(CO3)2,LiNi(CO3)2,Li2Ni(CO3)2,Li,4.825231265833328,139.16109782361937,322.50861587189337,671.4844802062186,1556.1786568056907,0.068057442396159,0.144161839249999,0.064232436136364,1,3,C-Ni-O,"Ni,C,O",mp-758769,mp-759758,"mp-758769,mp-757402,mp-759758",More than one working ion per transition metal,"['Ni', 'C', 'O']",True,True,False,False,False,False,True,0.144161839249999
BAT_00292,Li2-3MnSiCO7,MnSiCO7,Li2MnSiCO7,Li3MnSiCO7,Li,3.700962993333324,117.6261706108158,326.2012472029299,435.3301044781411,1207.258744277219,0.013895798619325,0.067690949374999,0.041341510039255,1,4,C-Mn-O-Si,"Mn,Si,C,O",mp-768606,mp-772668,"mp-768606,mp-772668",More than one working ion per transition metal,"['Mn', 'Si', 'C', 'O']",True,True,False,False,False,True,True,0.067690949374999
BAT_00293,Li1-2Ni(CO3)2,Ni(CO3)2,LiNi(CO3)2,Li2Ni(CO3)2,Li,4.3980102208333465,139.16109782361937,374.3857862173295,612.0319305706672,1646.5525143185437,0.007285311113242,0.077323372750001,0.042308470681818,1,3,C-Ni-O,"Ni,C,O",mp-763540,mp-766032,"mp-763540,mp-752720,mp-766032",More than one working ion per transition metal,"['Ni', 'C', 'O']",True,True,False,False,False,False,True,0.077323372750001
BAT_00294,Li1-2NiCSO7,NiCSO7,LiNiCSO7,Li2NiCSO7,Li,4.436482293333332,117.21777616649904,320.6384799911154,520.0345884265828,1422.506939041897,0.005053048162229,0.06649821693182,0.06106806229167,1,4,C-Ni-O-S,"Ni,C,S,O",mp-770369,mp-771145,"mp-770369,mp-771145",More than one working ion per transition metal,"['Ni', 'C', 'S', 'O']",True,True,True,False,False,False,True,0.06649821693182
BAT_00295,Li1-3NiPCO7,NiPCO7,LiNiPCO7,Li3NiPCO7,Li,4.956460857083341,228.5873147769062,666.4201381782849,1132.984078117524,3303.0853292527404,0.042481563700836,0.178301271136355,0.037214705192308,2,4,C-Ni-O-P,"Ni,P,C,O",mp-25412,mp-25446,"mp-25412,mp-25396,mp-25446",More than one working ion per transition metal,"['Ni', 'P', 'C', 'O']",True,True,False,False,True,False,True,0.178301271136355
BAT_00296,Li4-6Ni2C4SO16,Ni2C4SO16,Li4Ni2C4SO16,Li6Ni2C4SO16,Li,4.807225683333333,108.2601620393952,311.3415202222953,520.4310314376089,1496.688952300662,0.060481493732431,0.097929301944443,0.041723418189657,1,4,C-Ni-O-S,"Ni,C,S,O",mp-778481,mp-776423,"mp-778481,mp-776423",More than one working ion per transition metal,"['Ni', 'C', 'S', 'O']",True,True,True,False,False,False,True,0.097929301944443
BAT_00298,Li0-2Mn3CrO8,Mn3CrO8,Mn3CrO8,Li2Mn3CrO8,Li,4.251562798333329,149.44198502723626,606.9123222700424,635.3619840508841,2580.3258512134007,0.044263271028789,0.074273226666651,0.063082973571434,1,3,Cr-Mn-O,"Mn,Cr,O",mp-772951,mp-775679,"mp-772951,mp-775679,mp-774820",,"['Mn', 'Cr', 'O']",True,True,False,False,False,False,True,0.074273226666651
BAT_00299,Li1-3VPCO7,VPCO7,LiVPCO7,Li3VPCO7,Li,2.725833880833332,236.40220756556124,634.9586365508516,644.3931468860007,1730.791764438049,0.02099943443297,0.043380299545435,0.068542503461541,2,4,C-O-P-V,"V,P,C,O",mp-753805,mp-25463,"mp-753805,mp-25421,mp-770949,mp-25402,mp-25463,mp-766585",More than one working ion per transition metal,"['V', 'P', 'C', 'O']",True,True,False,False,True,False,True,0.068542503461541
BAT_00300,Li0-3.5Mn5Cr3O16,Mn5Cr3O16,Mn5Cr3O16,Li7Mn10Cr6O32,Li,4.561429463333335,131.94112756208406,536.8731729653305,601.8401466871122,2448.909109237312,0.030534358331588,0.095182845520819,0.078842921965908,1,3,Cr-Mn-O,"Mn,Cr,O",mp-771053,mp-769505,"mp-771053,mp-769505",,"['Mn', 'Cr', 'O']",True,True,False,False,False,False,True,0.095182845520819
BAT_00301,Li0-8Mn15CrO32,Mn15CrO32,Mn15CrO32,Li8Mn15CrO32,Li,3.92352143083333,148.5283159926775,596.0921714248797,582.754030882855,2338.7804093374903,0.074377611139596,0.049279892968735,0.025731728020847,1,3,Cr-Mn-O,"Mn,Cr,O",mp-771190,mp-770529,"mp-771190,mp-770529",,"['Mn', 'Cr', 'O']",True,True,False,False,False,False,True,0.049279892968735
BAT_00302,Li0.5-2MnCrO4,MnCrO4,LiMn2Cr2O8,Li2MnCrO4,Li,3.3535030858333332,217.52831055961684,885.7875849826869,729.4818607177867,2970.491399632296,0.044983324178502,0.118744994567315,0.049130136854161,2,3,Cr-Mn-O,"Mn,Cr,O",mp-780849,mp-770856,"mp-780849,mp-780408,mp-770856",,"['Mn', 'Cr', 'O']",True,True,False,False,False,False,True,0.118744994567315
BAT_00303,Li1-3MnCr2O6,MnCr2O6,LiMnCr2O6,Li3MnCr2O6,Li,3.4006161533333352,194.3899593804655,791.7018441868494,661.045635915022,2692.2740799655917,0.021698945562994,0.139587750437497,0.039447473944443,2,3,Cr-Mn-O,"Mn,Cr,O",mp-850948,mp-774249,"mp-850948,mp-850919,mp-774249",,"['Mn', 'Cr', 'O']",True,True,False,False,False,False,True,0.139587750437497
BAT_00304,Li0-9Mn7Cr12O48,Mn7Cr12O48,Mn7Cr12O48,Li9Mn7Cr12O48,Li,4.247998799999997,131.1683602097151,430.03564217979334,557.2030367688371,1826.7908919369904,0.041312813918347,0.078913111246269,0.095079069541117,1,3,Cr-Mn-O,"Mn,Cr,O",mp-773028,mp-851099,"mp-773028,mp-851099",,"['Mn', 'Cr', 'O']",True,True,False,False,False,False,True,0.095079069541117
BAT_00305,Li0.5-2MnCrO4,MnCrO4,LiMn2Cr2O8,Li2MnCrO4,Li,3.497715996666665,217.52831055961684,889.2884794014842,760.852251572246,3110.4785400539454,0.048076948049716,0.137547542067315,0.037367285916661,2,3,Cr-Mn-O,"Mn,Cr,O",mp-780798,mp-755443,"mp-780798,mp-1176640,mp-756884,mp-755443",,"['Mn', 'Cr', 'O']",True,True,False,False,False,False,True,0.137547542067315
BAT_00306,Li0-2Mn3CrO8,Mn3CrO8,Mn3CrO8,Li2Mn3CrO8,Li,4.162324638333328,149.44198502723626,604.9990542237256,622.0260562803059,2518.2024695637742,0.045300576194562,0.074693192708318,0.07619125303572,2,3,Cr-Mn-O,"Mn,Cr,O",mp-756043,mp-768844,"mp-756043,mp-756504,mp-768844",,"['Mn', 'Cr', 'O']",True,True,False,False,False,False,True,0.07619125303572
BAT_00307,Li0-3Mn2CrO6,Mn2CrO6,Mn2CrO6,Li3Mn2CrO6,Li,3.419366811666667,288.5068883352084,1182.6195938558335,986.5108789106326,4043.8101900573506,0.078989095602495,0.073435061111098,0.056263889074074,1,3,Cr-Mn-O,"Mn,Cr,O",mp-775006,mp-774897,"mp-775006,mp-774897",,"['Mn', 'Cr', 'O']",True,True,False,False,False,False,True,0.073435061111098
BAT_00308,Li0-8Mn13Cr3O32,Mn13Cr3O32,Mn13Cr3O32,Li8Mn13Cr3O32,Li,4.2334136645833365,149.13618225656714,603.3029963437774,631.3551518487421,2554.0311486058176,0.042027081069449,0.074388756822902,0.045723094107144,1,3,Cr-Mn-O,"Mn,Cr,O",mp-775873,mp-775158,"mp-775873,mp-775158",,"['Mn', 'Cr', 'O']",True,True,False,False,False,False,True,0.074388756822902
BAT_00309,Li0.67-2MnCrO4,MnCrO4,Li2Mn3Cr3O12,Li2MnCrO4,Li,3.252980979583334,193.358498275215,789.5955042615673,628.9915171300713,2568.53915692739,0.00730282389089,0.1249619338125,0.049065039041661,1,3,Cr-Mn-O,"Mn,Cr,O",mp-850956,mp-1101152,"mp-850956,mp-1101152",,"['Mn', 'Cr', 'O']",True,True,False,False,False,False,True,0.1249619338125
BAT_00310,Li0-3Mn5Cr2O12,Mn5Cr2O12,Mn5Cr2O12,Li3Mn5Cr2O12,Li,3.414352073333328,135.9335329131236,579.8343499722147,464.1249399374477,1979.7586150175136,0.058107859758662,0.105279470756576,0.176638252045446,1,3,Cr-Mn-O,"Mn,Cr,O",mp-755906,mp-850947,"mp-755906,mp-2214957,mp-850947",,"['Mn', 'Cr', 'O']",True,True,False,False,False,False,True,0.176638252045446
BAT_00311,Li0-2MnCr(PO4)2,MnCr(PO4)2,MnCr(PO4)2,Li2MnCr(PO4)2,Li,3.219440843333335,172.4905308840205,570.7136542917073,555.3230602162656,1837.3788484747436,0.110905957491978,0.022196526666666,0.00228294138393,1,4,Cr-Mn-O-P,"Mn,Cr,P,O",mp-775016,mp-757355,"mp-775016,mp-757355",,"['Mn', 'Cr', 'P', 'O']",True,True,False,False,True,False,True,0.022196526666666
BAT_00312,Li0-4Mn5Cr(PO4)6,Mn5Cr(PO4)6,Mn5Cr(PO4)6,Li4Mn5Cr(PO4)6,Li,3.460040498333332,115.98876846039572,370.9933174265564,401.3258362247771,1283.6519029069184,0.071670742412995,0.039637030277809,0.073107727402777,1,4,Cr-Mn-O-P,"Mn,Cr,P,O",mp-771695,mp-759645,"mp-771695,mp-2214497,mp-759645",,"['Mn', 'Cr', 'P', 'O']",True,True,False,False,True,False,True,0.073107727402777
BAT_00313,Li0-5Mn3Cr(PO4)4,Mn3Cr(PO4)4,Mn3Cr(PO4)4,Li5Mn3Cr(PO4)4,Li,2.740350369333332,212.23829706693465,674.5245246413349,581.6072957540518,1848.4335302252723,0.152453772611726,0.015654137500002,0.091646737732758,2,4,Cr-Mn-O-P,"Mn,Cr,P,O",mp-774508,mp-764909,"mp-774508,mp-756806,mp-764909",More than one working ion per transition metal,"['Mn', 'Cr', 'P', 'O']",True,True,False,False,True,False,True,0.091646737732758
BAT_00314,Li0-4MnCr3(PO4)4,MnCr3(PO4)4,MnCr3(PO4)4,Li4MnCr3(PO4)4,Li,2.921545058333327,173.3108954385733,571.1067125766655,506.3355901238878,1668.5139939093488,0.121907291740923,0.032169252499999,0.004848581540178,1,4,Cr-Mn-O-P,"Mn,Cr,P,O",mp-775116,mp-768041,"mp-775116,mp-768041",,"['Mn', 'Cr', 'P', 'O']",True,True,False,False,True,False,True,0.032169252499999
BAT_00315,Li0-6Mn3Cr(PO4)6,Mn3Cr(PO4)6,Mn3Cr(PO4)6,Li6Mn3Cr(PO4)6,Li,4.259802988333324,194.14694459192364,572.032351867595,827.0277347484606,2436.7451219089207,0.060179756868359,0.061740761911765,0.060109882627461,1,4,Cr-Mn-O-P,"Mn,Cr,P,O",mp-771880,mp-771092,"mp-771880,mp-771092",More than one working ion per transition metal,"['Mn', 'Cr', 'P', 'O']",True,True,False,False,True,False,True,0.061740761911765
BAT_00316,Li0-8Mn7Cr(PO4)12,Mn7Cr(PO4)12,Mn7Cr(PO4)12,Li8Mn7Cr(PO4)12,Li,4.8985391620833285,131.40019919163885,394.7105694441078,643.669021645793,1933.505182110173,0.062513349019564,0.081311678529396,0.016781328125003,1,4,Cr-Mn-O-P,"Mn,Cr,P,O",mp-778074,mp-776829,"mp-778074,mp-776829",,"['Mn', 'Cr', 'P', 'O']",True,True,False,False,True,False,True,0.081311678529396
BAT_00317,Li0-6MnCr3(PO4)6,MnCr3(PO4)6,MnCr3(PO4)6,Li6MnCr3(PO4)6,Li,4.33996152666667,195.53597492714533,582.6138597702405,848.6186082630694,2528.5217363056145,0.008521003646523,0.06019616132353,0.058126859174959,1,4,Cr-Mn-O-P,"Mn,Cr,P,O",mp-774419,mp-767775,"mp-774419,mp-767775",More than one working ion per transition metal,"['Mn', 'Cr', 'P', 'O']",True,True,False,False,True,False,True,0.06019616132353
BAT_00318,Li0-4Mn3Cr2Sn(PO4)6,Mn3Cr2Sn(PO4)6,Mn3Cr2Sn(PO4)6,Li4Mn3Cr2Sn(PO4)6,Li,3.111972105833335,108.82651385067732,359.3320891438682,338.66507547839296,1118.2314381465353,0.091984469017329,0.086227288333335,0.100318815079166,1,5,Cr-Mn-O-P-Sn,"Mn,Cr,Sn,P,O",mp-1176479,mp-1177389,"mp-1176479,mp-1177389",,"['Mn', 'Cr', 'Sn', 'P', 'O']",True,True,False,False,True,False,True,0.100318815079166
BAT_00319,Li0-4TiMn3Cr2(PO4)6,TiMn3Cr2(PO4)6,TiMn3Cr2(PO4)6,Li4TiMn3Cr2(PO4)6,Li,3.021410403333324,117.25907163798924,365.1165483737654,354.28777893222826,1103.1669376856498,0.097218717814328,0.081535489027769,0.082606201527774,1,5,Cr-Mn-O-P-Ti,"Ti,Mn,Cr,P,O",mp-776109,mp-778261,"mp-776109,mp-778261",,"['Ti', 'Mn', 'Cr', 'P', 'O']",True,True,False,False,True,False,True,0.082606201527774
BAT_00321,Li0-4Mn3Cr2Sb3O16,Mn3Cr2Sb3O16,Mn3Cr2Sb3O16,Li4Mn3Cr2Sb3O16,Li,3.336725540833332,116.80231710510816,548.3407866181669,389.7372747131284,1829.662707789478,0.125235576735047,0.096249827864583,0.110537933355665,1,4,Cr-Mn-O-Sb,"Mn,Cr,Sb,O",mp-754681,mp-761171,"mp-754681,mp-761171",,"['Mn', 'Cr', 'Sb', 'O']",True,True,False,False,False,False,True,0.110537933355665
BAT_00322,Li0-4Ti3Mn3Cr2O16,Ti3Mn3Cr2O16,Ti3Mn3Cr2O16,Li4Ti3Mn3Cr2O16,Li,3.792199145833334,153.99571563848673,611.4188701512123,583.9824213062624,2318.6221171338098,0.09718378086603,0.098157604895831,0.128200394166677,1,4,Cr-Mn-O-Ti,"Ti,Mn,Cr,O",mp-756780,mp-771394,"mp-756780,mp-771394",,"['Ti', 'Mn', 'Cr', 'O']",True,True,False,False,False,False,True,0.128200394166677
BAT_00323,Li0-4Mn3Cr3(SbO8)2,Mn3Cr3(SbO8)2,Mn3Cr3(SbO8)2,Li4Mn3Cr3(SbO8)2,Li,3.9347235658333273,126.41062714730975,590.2323094089656,497.3908736082899,2322.400977147686,0.083319995164706,0.065789299895818,0.066727633409861,1,4,Cr-Mn-O-Sb,"Mn,Cr,Sb,O",mp-756838,mp-774806,"mp-756838,mp-774806",,"['Mn', 'Cr', 'Sb', 'O']",True,True,False,False,False,False,True,0.066727633409861
BAT_00324,Li0-4Mn2Cr3Sb3O16,Mn2Cr3Sb3O16,Mn2Cr3Sb3O16,Li4Mn2Cr3Sb3O16,Li,3.587113140833328,117.1779061828856,547.0036780625803,420.33040708396385,1962.1640816624456,0.126429960509754,0.11035022197918,0.069698345751488,1,4,Cr-Mn-O-Sb,"Mn,Cr,Sb,O",mp-1176495,mp-766080,"mp-1176495,mp-766080",,"['Mn', 'Cr', 'Sb', 'O']",True,True,False,False,False,False,True,0.11035022197918
BAT_00325,Li0-4Mn3Cr3(TeO8)2,Mn3Cr3(TeO8)2,Mn3Cr3(TeO8)2,Li4Mn3Cr3(TeO8)2,Li,3.497267433333332,124.69330887198537,575.1359148043706,436.0858482725686,2011.4041045856989,0.09190711939741,0.081892013125001,0.127415583660715,1,4,Cr-Mn-O-Te,"Mn,Cr,Te,O",mp-772061,mp-774791,"mp-772061,mp-774791",,"['Mn', 'Cr', 'Te', 'O']",True,True,False,False,False,False,True,0.127415583660715
BAT_00326,Li0-4Mn3Cr3(SnO8)2,Mn3Cr3(SnO8)2,Mn3Cr3(SnO8)2,Li4Mn3Cr3(SnO8)2,Li,4.12442784833333,127.32645379899978,596.3373771032277,525.1487718781219,2459.5504851266073,0.060770780921062,0.082615162604151,0.1284986175,1,4,Cr-Mn-O-Sn,"Mn,Cr,Sn,O",mp-771095,mp-776096,"mp-771095,mp-776096",,"['Mn', 'Cr', 'Sn', 'O']",True,True,False,False,False,False,True,0.1284986175
BAT_00327,Li0-4Ti3Mn2Cr3O16,Ti3Mn2Cr3O16,Ti3Mn2Cr3O16,Li4Ti3Mn2Cr3O16,Li,3.909648073333334,154.64925573093572,613.5858204820022,604.6241647108869,2398.904620872113,0.081448779293755,0.101339564583332,0.114146006821448,1,4,Cr-Mn-O-Ti,"Ti,Mn,Cr,O",mp-776119,mp-778223,"mp-776119,mp-778223",,"['Ti', 'Mn', 'Cr', 'O']",True,True,False,False,False,False,True,0.114146006821448
BAT_00328,Li0-4Mn3V2Cr3O16,Mn3V2Cr3O16,Mn3V2Cr3O16,Li4Mn3V2Cr3O16,Li,3.731875370833333,151.75520868165023,621.854187378974,566.3315256747233,2320.6823261291693,0.080844590269646,0.083641084843749,0.143167792142849,1,4,Cr-Mn-O-V,"Mn,V,Cr,O",mp-773144,mp-770036,"mp-773144,mp-770036,mp-754762",,"['Mn', 'V', 'Cr', 'O']",True,True,False,False,False,False,True,0.143167792142849
BAT_00329,Li4-1Mn2V3Cr3O16,Mn2V3Cr3O16,Li4Mn2V3Cr3O16,Li10Mn2V3Cr3O16,Li,2.008455756666667,216.11504026913673,846.1774062596224,434.05749673079634,1699.5098827634083,0.086689378257871,0.109475318849208,0.057044194754902,1,4,Cr-Mn-O-V,"Mn,V,Cr,O",mp-773000,mp-760787,"mp-773000,mp-760787",More than one working ion per transition metal,"['Mn', 'V', 'Cr', 'O']",True,True,False,False,False,False,True,0.109475318849208
BAT_00330,Li0-4Ti2Mn3Cr3O16,Ti2Mn3Cr3O16,Ti2Mn3Cr3O16,Li4Ti2Mn3Cr3O16,Li,4.01006557833333,153.0877161650353,623.5328505551922,613.8917810590708,2500.4076209714367,0.07926709576468,0.083636169687499,0.145711233571429,1,4,Cr-Mn-O-Ti,"Ti,Mn,Cr,O",mp-771173,mp-770152,"mp-771173,mp-770152",,"['Ti', 'Mn', 'Cr', 'O']",True,True,False,False,False,False,True,0.145711233571429
BAT_00331,Li0-4Mn3Cr3(WO8)2,Mn3Cr3(WO8)2,Mn3Cr3(WO8)2,Li4Mn3Cr3(WO8)2,Li,3.384493700833329,110.26729364914009,577.9214624852755,373.1989607634536,1955.9715493578003,0.086251404140659,0.086415741523431,0.081377092,1,4,Cr-Mn-O-W,"Mn,Cr,W,O",mp-755961,mp-776267,"mp-755961,mp-776267",,"['Mn', 'Cr', 'W', 'O']",True,True,False,False,False,False,True,0.086415741523431
BAT_00332,Li0-6NbCr3(PO4)6,NbCr3(PO4)6,NbCr3(PO4)6,Li6NbCr3(PO4)6,Li,3.56281792,186.9069138176836,557.0718157873088,665.9153019215388,1984.745448013963,0.016252159727363,0.065801765098028,0.078211226000005,1,4,Cr-Nb-O-P,"Nb,Cr,P,O",mp-780614,mp-758746,"mp-780614,mp-758746",More than one working ion per transition metal,"['Nb', 'Cr', 'P', 'O']",True,True,False,False,True,False,True,0.078211226000005
BAT_00334,Li3-4Cr3NiO8,Cr3NiO8,Li3Cr3NiO8,Li4Cr3NiO8,Li,3.779084815833333,72.35022143981372,308.81747588833423,273.4176232653793,1167.0474339935804,0.003949354393029,0.06679518246297,0.017318326093749,1,3,Cr-Ni-O,"Cr,Ni,O",mp-768676,mp-754209,"mp-768676,mp-754209",,"['Cr', 'Ni', 'O']",True,True,False,False,False,False,True,0.06679518246297
BAT_00335,Li3-4Cr3NiO8,Cr3NiO8,Li3Cr3NiO8,Li4Cr3NiO8,Li,3.60351943833334,72.35022143981372,305.8292786463667,260.7154293260904,1102.061750413646,0.010534000656814,0.055751571629638,0.017937777031249,1,3,Cr-Ni-O,"Cr,Ni,O",mp-756615,mp-1290930,"mp-756615,mp-1290930,mp-1317583,mp-754314",,"['Cr', 'Ni', 'O']",True,True,False,False,False,False,True,0.055751571629638
BAT_00336,Li0-4Ti3Nb2Cr3O16,Ti3Nb2Cr3O16,Ti3Nb2Cr3O16,Li4Ti3Nb2Cr3O16,Li,2.594836258333335,139.38116645533415,587.5370461660132,361.6713044470951,1524.5624305056378,0.045894347807866,0.096592986369037,0.050249087678571,1,4,Cr-Nb-O-Ti,"Ti,Nb,Cr,O",mp-777531,mp-774924,"mp-777531,mp-774924",,"['Ti', 'Nb', 'Cr', 'O']",True,True,False,False,False,False,True,0.096592986369037
BAT_00337,Li2-5Cr3NiO8,Cr3NiO8,Li2Cr3NiO8,Li5Cr3NiO8,Li,2.8407774783333313,213.05855801799632,877.8916456860259,605.2519531836994,2493.8948154818468,0.073125201634791,0.064728035476189,0.059097027647059,1,3,Cr-Ni-O,"Cr,Ni,O",mp-772613,mp-759984,"mp-772613,mp-759984",More than one working ion per transition metal,"['Cr', 'Ni', 'O']",True,True,False,False,False,False,True,0.064728035476189
BAT_00338,Li3-4CrNi3O8,CrNi3O8,Li3CrNi3O8,Li4CrNi3O8,Li,3.555958013333328,69.82543601455284,316.71752752788484,248.29631873044275,1126.2342299759011,0.003673962020641,0.089458062666667,0.038079529895833,1,3,Cr-Ni-O,"Cr,Ni,O",mp-755220,mp-757137,"mp-755220,mp-757137",,"['Cr', 'Ni', 'O']",True,True,False,False,False,False,True,0.089458062666667
BAT_00339,Li0-3Cr3(NiO6)2,Cr3(NiO6)2,Cr3(NiO6)2,Li3Cr3(NiO6)2,Li,4.111951858333332,165.37628210666156,531.9144525212757,680.0193105327444,2187.2066215192167,0.039517638305891,0.093293563558821,0.063347513916664,1,3,Cr-Ni-O,"Cr,Ni,O",mp-776211,mp-772885,"mp-776211,mp-772885",,"['Cr', 'Ni', 'O']",True,True,False,False,False,False,True,0.093293563558821
BAT_00341,Li2-5Cr3NiO8,Cr3NiO8,Li2Cr3NiO8,Li5Cr3NiO8,Li,2.830299709166667,213.05855801799632,874.6036190889508,603.0195747938044,2475.390368743572,0.052069110536555,0.051279081369046,0.049870436470588,1,3,Cr-Ni-O,"Cr,Ni,O",mp-1178044,mp-759272,"mp-1178044,mp-775440,mp-759272",More than one working ion per transition metal,"['Cr', 'Ni', 'O']",True,True,False,False,False,False,True,0.051279081369046
BAT_00342,Li1-2CrNiO4,CrNiO4,LiCrNiO4,Li2CrNiO4,Li,3.533949948333334,142.13082178025928,630.3844152783632,502.2832102869216,2227.746971803111,0.000977012060943,0.102633022023815,0.038422969687499,1,3,Cr-Ni-O,"Cr,Ni,O",mp-768708,mp-762507,"mp-768708,mp-756976,mp-762507",,"['Cr', 'Ni', 'O']",True,True,False,False,False,False,True,0.102633022023815
BAT_00343,Li0-2CrNi(PO4)2,CrNi(PO4)2,CrNi(PO4)2,Li2CrNi(PO4)2,Li,3.683689068333333,170.4309636906208,597.1125718315737,627.8146778526551,2199.5770534203707,0.075175088633318,0.061574652083333,0.035963272589288,1,4,Cr-Ni-O-P,"Cr,Ni,P,O",mp-775333,mp-757714,"mp-775333,mp-757714",,"['Cr', 'Ni', 'P', 'O']",True,True,False,False,True,False,True,0.061574652083333
BAT_00344,Li0-4CrNi5(PO4)6,CrNi5(PO4)6,CrNi5(PO4)6,Li4CrNi5(PO4)6,Li,4.270554878333333,113.67936510666745,399.7782832287575,485.47396722211465,1707.2750976942953,0.012866276084564,0.08769315875001,0.088112594392855,1,4,Cr-Ni-O-P,"Cr,Ni,P,O",mp-771940,mp-759831,"mp-771940,mp-759831",,"['Cr', 'Ni', 'P', 'O']",True,True,False,False,True,False,True,0.088112594392855
BAT_00345,Li0-6Cr3Ni(PO4)6,Cr3Ni(PO4)6,Cr3Ni(PO4)6,Li6Cr3Ni(PO4)6,Li,4.548315673333334,194.6471511276547,590.2303756979018,885.3166882435941,2684.554068664189,0.024194724778757,0.091504492647051,0.049437805000042,1,4,Cr-Ni-O-P,"Cr,Ni,P,O",mp-774406,mp-757295,"mp-774406,mp-757295",More than one working ion per transition metal,"['Cr', 'Ni', 'P', 'O']",True,True,False,False,True,False,True,0.091504492647051
BAT_00346,Li0-4CrNi3(PO4)4,CrNi3(PO4)4,CrNi3(PO4)4,Li4CrNi3(PO4)4,Li,4.358844675833329,168.63549245681264,611.7626256008914,735.0559184519093,2666.5782634742636,0.065168318726389,0.094871480208333,0.02127839111607,1,4,Cr-Ni-O-P,"Cr,Ni,P,O",mp-754644,mp-757068,"mp-754644,mp-757068",,"['Cr', 'Ni', 'P', 'O']",True,True,False,False,True,False,True,0.094871480208333
BAT_00347,Li0-4Cr3Ni(PO4)4,Cr3Ni(PO4)4,Cr3Ni(PO4)4,Li4Cr3Ni(PO4)4,Li,3.132446093333333,172.26507933274064,581.760616232627,539.6110747736001,1822.3337695730845,0.116346525132574,0.049440572708332,0.042544476874994,1,4,Cr-Ni-O-P,"Cr,Ni,P,O",mp-775135,mp-757193,"mp-775135,mp-757193",,"['Cr', 'Ni', 'P', 'O']",True,True,False,False,True,False,True,0.049440572708332
BAT_00348,Li0-2Cr3Ni(SO4)6,Cr3Ni(SO4)6,Cr3Ni(SO4)6,Li2Cr3Ni(SO4)6,Li,3.652284303333336,66.59255212253618,193.9798630761737,243.2149328360459,708.469609075859,0.035965311096069,0.004220016642154,0.027950900347221,2,4,Cr-Ni-O-S,"Cr,Ni,S,O",mp-774914,mp-772134,"mp-774914,mp-766088,mp-772134",,"['Cr', 'Ni', 'S', 'O']",True,True,True,False,False,False,True,0.027950900347221
BAT_00349,Li0-4VCr2Ni3(PO4)6,VCr2Ni3(PO4)6,VCr2Ni3(PO4)6,Li4VCr2Ni3(PO4)6,Li,3.391094908333348,115.4482269866695,387.7333051289365,391.4958947106075,1314.8404368139968,0.061638613611474,0.088483881597225,0.102879205968744,1,5,Cr-Ni-O-P-V,"V,Cr,Ni,P,O",mp-780465,mp-1177231,"mp-780465,mp-1177231",,"['V', 'Cr', 'Ni', 'P', 'O']",True,True,False,False,True,False,True,0.102879205968744
BAT_00350,Li0-4TiCr2Ni3(PO4)6,TiCr2Ni3(PO4)6,TiCr2Ni3(PO4)6,Li4TiCr2Ni3(PO4)6,Li,3.440588923333327,115.83173154189878,383.55281337479346,398.5293725135765,1319.6475612106492,0.062048546724213,0.089655634513889,0.098486174781244,1,5,Cr-Ni-O-P-Ti,"Ti,Cr,Ni,P,O",mp-776057,mp-1177293,"mp-776057,mp-1177293",,"['Ti', 'Cr', 'Ni', 'P', 'O']",True,True,False,False,True,False,True,0.098486174781244
BAT_00351,Li7.5-8.5CrO6,CrO6,Li15Cr2O12,Li17Cr2O12,Li,2.249027318333323,129.4813839508186,341.3885670046931,291.20716972099694,767.7922133602209,0.041033951927013,0.070449125086207,0.067992455887099,1,2,Cr-O,"Cr,O",mp-758530,mp-754575,"mp-758530,mp-754575",More than one working ion per transition metal,"['Cr', 'O']",True,True,False,False,False,False,True,0.070449125086207
BAT_00354,Li0.6-0.8CrO2,CrO2,Li3Cr5O10,Li4Cr5O10,Li,3.867568693333346,59.85967511251299,240.6937278024596,231.5114054582605,930.8995263304907,0.000333170973193,0.068652984135795,0.034968337485378,1,2,Cr-O,"Cr,O",mp-762282,mp-753172,"mp-762282,mp-753172",,"['Cr', 'O']",True,True,False,False,False,False,True,0.068652984135795
BAT_00355,Li0-1CrO2,CrO2,CrO2,LiCrO2,Li,4.059322523333336,294.72937690575327,1211.8065127313596,1196.4015979615244,4919.113471052434,0.002416179295348,0.191386785833318,0.001555665624999,2,2,Cr-O,"Cr,O",mp-1400837,mp-756362,"mp-1400837,mp-774032,mp-772941,mp-1045536,mp-756362",,"['Cr', 'O']",True,True,False,False,False,False,True,0.191386785833318
BAT_00356,Li0-0.5CrO2,CrO2,CrO2,LiCr2O4,Li,2.359274233333335,153.21190519544808,664.1984527692747,361.4689001675304,1567.026295438418,0.11212447085603,0.0,0.189611718888884,1,2,Cr-O,"Cr,O",mp-19177,mp-1235526,"mp-19177,mp-1281333,mp-21395,mp-1235526",,"['Cr', 'O']",True,True,False,False,False,False,True,0.189611718888884
BAT_00357,Li0.67-1CrO2,CrO2,Li2Cr3O6,LiCrO2,Li,3.961170205833333,98.24312563525112,397.99109356947616,389.1577421942977,1576.5104620344357,0.031031858222083,0.097588626565657,0.034043173125,1,2,Cr-O,"Cr,O",mp-753941,mp-753227,"mp-753941,mp-753227",,"['Cr', 'O']",True,True,False,False,False,False,True,0.097588626565657
BAT_00358,Li0-1CrO2,CrO2,CrO2,LiCrO2,Li,4.045066633333332,294.72937690575327,1208.6884220905908,1192.199968384586,4889.225206294964,0.063528921598051,0.18456060166665,0.0,3,2,Cr-O,"Cr,O",mp-714929,mp-18793,"mp-714929,mp-25302,mp-1176774,mp-768634,mp-18793",,"['Cr', 'O']",True,True,False,False,False,False,True,0.18456060166665
BAT_00359,Li0-1Cr3O8,Cr3O8,Cr3O8,LiCr3O8,Li,4.716005218333341,92.1252116798822,293.960815336028,434.46297902238814,1386.3207391102317,0.113678160313895,0.049332349454545,0.003005624583333,1,2,Cr-O,"Cr,O",mp-545796,mp-554940,"mp-545796,mp-554940",,"['Cr', 'O']",True,True,False,False,False,False,True,0.049332349454545
BAT_00360,Li6-8CrO6,CrO6,Li6CrO6,Li8CrO6,Li,3.054177015833329,263.3786880964216,609.1085891534607,804.4051356444261,1860.3254531391656,0.029667906830255,0.081690375897435,0.0038918985,2,2,Cr-O,"Cr,O",mp-753796,mp-780493,"mp-753796,mp-771074,mp-780493",More than one working ion per transition metal,"['Cr', 'O']",True,True,False,False,False,False,True,0.081690375897435
BAT_00361,Li2-3CrO4,CrO4,Li2CrO4,Li3CrO4,Li,2.965592918333333,195.8933459538484,506.3721584949287,580.9399195093545,1501.693687273725,0.029444052003422,0.020319052380952,0.0,1,2,Cr-O,"Cr,O",mp-756967,mp-770632,"mp-756967,mp-770632",More than one working ion per transition metal,"['Cr', 'O']",True,True,False,False,False,False,True,0.020319052380952
BAT_00362,Li0-9Cr19O48,Cr19O48,Cr19O48,Li9Cr19O48,Li,4.254333978888886,132.6538865348815,450.0553081912915,564.3539369170173,1914.685590017521,0.006590286312381,0.098035165850745,0.06586282942984,1,2,Cr-O,"Cr,O",mp-850874,mp-851096,"mp-850874,mp-851096",,"['Cr', 'O']",True,True,False,False,False,False,True,0.098035165850745
BAT_00364,Li0-2Cr5O12,Cr5O12,Cr5O12,Li2Cr5O12,Li,3.305657543333343,115.06354503367844,344.2462614679393,380.360675603255,1137.9602509857962,0.013605668077345,0.0,0.075341221929827,1,2,Cr-O,"Cr,O",mp-773920,mp-772650,"mp-773920,mp-772650",,"['Cr', 'O']",True,True,False,False,False,False,True,0.075341221929827
BAT_00365,Li0.5-1.25CrO2,CrO2,LiCr2O4,Li5Cr4O8,Li,2.105119911666667,216.90796821905113,854.2203058132708,456.6172828970851,1798.2361747175055,0.100133354326063,0.0381750606746,0.101365760000002,1,2,Cr-O,"Cr,O",mp-771523,mp-849547,"mp-771523,mp-771322,mp-849547",More than one working ion per transition metal,"['Cr', 'O']",True,True,False,False,False,False,True,0.101365760000002
BAT_00366,Li0-9Cr19O48,Cr19O48,Cr19O48,Li9Cr19O48,Li,4.068871911111113,132.6538865348815,450.5182172242569,539.7516728215,1833.1009195076335,0.004254034628494,0.085209986298507,0.076519034429839,1,2,Cr-O,"Cr,O",mp-780521,mp-851274,"mp-780521,mp-851274",,"['Cr', 'O']",True,True,False,False,False,False,True,0.085209986298507
BAT_00367,Li0-1CrO3,CrO3,CrO3,LiCrO3,Li,3.713144153333336,250.63268299021829,893.7703977479051,930.6352814793764,3318.6983268200443,0.010061862850069,0.40224307075,0.409366555166663,1,2,Cr-O,"Cr,O",mp-1429856,mp-1185311,"mp-1429856,mp-1185311",,"['Cr', 'O']",True,True,False,False,False,False,True,0.409366555166663
BAT_00368,Li0-1Cr3O8,Cr3O8,Cr3O8,LiCr3O8,Li,4.722374733333344,92.1252116798822,296.6257967610144,435.0497719400616,1400.778167879086,0.090352278229007,0.046632533090909,0.0,1,2,Cr-O,"Cr,O",mp-2220540,mp-674219,"mp-2220540,mp-754874,mp-674219",,"['Cr', 'O']",True,True,False,False,False,False,True,0.046632533090909
BAT_00369,Li0-0.5CrO2,CrO2,CrO2,LiCr2O4,Li,3.880802458333332,153.21190519544808,624.2236979180005,594.5851383284283,2422.4888614301,0.025467479299231,0.16556981666665,0.114167529603172,1,2,Cr-O,"Cr,O",mp-1389152,mp-1045514,"mp-1389152,mp-1045514",,"['Cr', 'O']",True,True,False,False,False,False,True,0.16556981666665
BAT_00370,Li0-1Cr3P3O13,Cr3P3O13,Cr3P3O13,LiCr3P3O13,Li,4.887051348333334,57.78139049329505,183.45765748822143,282.3806223188325,896.5669923898876,0.00393533393129,0.063508063947368,0.036321123500002,1,3,Cr-O-P,"Cr,P,O",mp-1047904,mp-1012789,"mp-1047904,mp-1012789",,"['Cr', 'P', 'O']",True,True,False,False,True,False,True,0.063508063947368
BAT_00371,Li0-1CrPO4,CrPO4,CrPO4,LiCrPO4,Li,3.297318635833332,174.13910058671036,498.7831839368532,574.1921015918151,1644.6470876352707,0.048512451458782,0.17306629625,0.023396585267847,1,3,Cr-O-P,"Cr,P,O",mp-689963,mp-583853,"mp-689963,mp-583853",,"['Cr', 'P', 'O']",True,True,False,False,True,False,True,0.17306629625
BAT_00372,Li0-1Cr2P3O11,Cr2P3O11,Cr2P3O11,LiCr2P3O11,Li,4.01718268333335,70.5584580912052,229.83141712235263,283.44621600669143,923.274788949879,0.034496695401371,0.016253660156252,0.049659734117632,1,3,Cr-O-P,"Cr,P,O",mp-25818,mp-25817,"mp-25818,mp-25817",,"['Cr', 'P', 'O']",True,True,False,False,True,False,True,0.049659734117632
BAT_00374,Li0-1CrPO4,CrPO4,CrPO4,LiCrPO4,Li,2.403661015833333,174.13910058671036,590.0238420491671,418.5713674125552,1418.2173075457872,0.155963442498414,0.016958746666666,0.017255488482132,1,3,Cr-O-P,"Cr,P,O",mp-18906,mp-26317,"mp-18906,mp-26317",,"['Cr', 'P', 'O']",True,True,False,False,True,False,True,0.017255488482132
BAT_00375,Li0-1CrP2O7,CrP2O7,CrP2O7,LiCrP2O7,Li,5.2703603833333315,115.08687885832728,356.6495544579352,606.5493269764103,1879.671682548585,0.025945099195064,0.093287916250008,0.023987125454544,1,3,Cr-O-P,"Cr,P,O",mp-540267,mp-26435,"mp-540267,mp-26435",,"['Cr', 'P', 'O']",True,True,False,False,True,False,True,0.093287916250008
BAT_00376,Li0-1CrP2O7,CrP2O7,CrP2O7,LiCrP2O7,Li,4.725379695833316,115.08687885832728,337.4424760164823,543.8292006139682,1594.543824680006,0.0349610117373,0.026424071750008,0.012745511136364,1,3,Cr-O-P,"Cr,P,O",mp-26458,mp-1101520,"mp-26458,mp-1101520,mp-705291",,"['Cr', 'P', 'O']",True,True,False,False,True,False,True,0.026424071750008
BAT_00377,Li1-3Cr2(PO4)3,Cr2(PO4)3,LiCr2(PO4)3,Li3Cr2(PO4)3,Li,4.124801530833328,130.82531349913754,397.73905665364913,539.6284533929926,1640.5946697571758,0.01417049132903,0.034257522777786,0.0361631665,1,3,Cr-O-P,"Cr,P,O",mp-1101602,mp-25837,"mp-1101602,mp-25837",More than one working ion per transition metal,"['Cr', 'P', 'O']",True,True,False,False,True,False,True,0.0361631665
BAT_00378,Li0-2Cr3(P2O7)2,Cr3(P2O7)2,Cr3(P2O7)2,Li2Cr3(P2O7)2,Li,3.444103373333338,103.52919936233822,319.15946012125426,356.5652647623288,1099.218173234859,0.070466110754354,0.10919568190477,0.034991623695643,1,3,Cr-O-P,"Cr,P,O",mp-1172917,mp-697855,"mp-1172917,mp-697855",,"['Cr', 'P', 'O']",True,True,False,False,True,False,True,0.10919568190477
BAT_00379,Li0-1Cr(PO4)2,Cr(PO4)2,Cr(PO4)2,LiCr(PO4)2,Li,5.273146070833325,107.68844462604528,299.8480983606607,567.8568986539826,1581.142821717362,0.030189224207825,0.152086949772733,0.083429164791671,1,3,Cr-O-P,"Cr,P,O",mp-697815,mp-697692,"mp-697815,mp-697692",,"['Cr', 'P', 'O']",True,True,False,False,True,False,True,0.152086949772733
BAT_00380,Li0-2Cr(PO3)4,Cr(PO3)4,Cr(PO3)4,Li2Cr(PO3)4,Li,4.244246139583329,140.40791896590994,393.84893413274887,595.9257680379922,1671.5918182719283,0.022332239426021,0.083600824705884,0.028201737961483,2,3,Cr-O-P,"Cr,P,O",mp-1178438,mp-697850,"mp-1178438,mp-1172915,mp-697850",More than one working ion per transition metal,"['Cr', 'P', 'O']",True,True,False,False,True,False,True,0.083600824705884
BAT_00381,Li0-2Cr(PO3)5,Cr(PO3)5,Cr(PO3)5,Li2Cr(PO3)5,Li,5.379477678333336,116.34154934359054,283.5148983718379,625.8567677565617,1525.162067266246,0.010844300698721,0.086211758809526,0.043960302318843,2,3,Cr-O-P,"Cr,P,O",mp-705019,mp-704942,"mp-705019,mp-705030,mp-704942",More than one working ion per transition metal,"['Cr', 'P', 'O']",True,True,False,False,True,False,True,0.086211758809526
BAT_00383,Li2-3Cr(PO4)2,Cr(PO4)2,Li2Cr(PO4)2,Li3Cr(PO4)2,Li,4.60104921333333,101.99914408176696,322.12400318662634,469.3030816380869,1482.1083914576102,0.010160537700989,0.071341434304025,0.02912911732143,1,3,Cr-O-P,"Cr,P,O",mp-540287,mp-26481,"mp-540287,mp-26481",More than one working ion per transition metal,"['Cr', 'P', 'O']",True,True,False,False,True,False,True,0.071341434304025
BAT_00385,Li0-1CrP2O7,CrP2O7,CrP2O7,LiCrP2O7,Li,4.873876513333333,115.08687885832728,333.7998664012993,560.9192358604398,1626.899329007097,0.033254990155345,0.082192698500008,0.049944552045453,1,3,Cr-O-P,"Cr,P,O",mp-704959,mp-705001,"mp-704959,mp-705001",,"['Cr', 'P', 'O']",True,True,False,False,True,False,True,0.082192698500008
BAT_00386,Li1-3Cr2(PO4)3,Cr2(PO4)3,LiCr2(PO4)3,Li3Cr2(PO4)3,Li,4.419891930833335,130.82531349913754,439.9303672108524,578.2337474835794,1944.4446801637923,0.0121701698822,0.075279623055564,0.04357401675,1,3,Cr-O-P,"Cr,P,O",mp-31677,mp-26489,"mp-31677,mp-26489",More than one working ion per transition metal,"['Cr', 'P', 'O']",True,True,False,False,True,False,True,0.075279623055564
BAT_00387,Li0-1CrP2O7,CrP2O7,CrP2O7,LiCrP2O7,Li,4.636678618333325,115.08687885832728,355.7550831676373,533.6208704531236,1649.5219874867776,0.063385903399548,0.033240590750009,0.027006080909091,1,3,Cr-O-P,"Cr,P,O",mp-26494,mp-26493,"mp-26494,mp-26493",,"['Cr', 'P', 'O']",True,True,False,False,True,False,True,0.033240590750009
BAT_00388,Li0-3Cr2(PO4)3,Cr2(PO4)3,Cr2(PO4)3,Li3Cr2(PO4)3,Li,4.668038734999995,196.23797024870632,579.3262972415286,916.0464463987378,2704.317595727576,0.046967077392461,0.061561507205885,0.0,2,3,Cr-O-P,"Cr,P,O",mp-26610,mp-780606,"mp-26610,mp-26316,mp-26548,mp-1101532,mp-26609,mp-25838,mp-697757,mp-31665,mp-1247735,mp-867962,mp-766399,mp-777909,mp-850906,mp-780606,mp-697753,mp-26971,mp-26705,mp-31729,mp-774463",More than one working ion per transition metal,"['Cr', 'P', 'O']",True,True,False,False,True,False,True,0.061561507205885
BAT_00389,Li0-1Cr2(PO3)5,Cr2(PO3)5,Cr2(PO3)5,LiCr2(PO3)5,Li,3.330665333333319,52.98903032559483,144.94027942540438,176.48872635240667,482.74756408583886,0.035688615719197,0.079087550118194,0.049214926099057,1,3,Cr-O-P,"Cr,P,O",mp-881272,mp-25861,"mp-881272,mp-25861",,"['Cr', 'P', 'O']",True,True,False,False,True,False,True,0.079087550118194
BAT_00390,Li2-3Cr(PO4)2,Cr(PO4)2,Li2Cr(PO4)2,Li3Cr(PO4)2,Li,4.462743378333333,101.99914408176696,316.8269303577481,455.1960048465731,1413.9172855317163,0.018753725560113,0.062512774304025,0.030810064107144,1,3,Cr-O-P,"Cr,P,O",mp-26618,mp-26617,"mp-26618,mp-26617",More than one working ion per transition metal,"['Cr', 'P', 'O']",True,True,False,False,True,False,True,0.062512774304025
BAT_00391,Li1-3Cr2(PO4)3,Cr2(PO4)3,LiCr2(PO4)3,Li3Cr2(PO4)3,Li,4.868894020833328,130.82531349913754,390.7602776288491,636.9745866695964,1902.5703793262744,0.01802193216765,0.11369472597223,0.033247400375,2,3,Cr-O-P,"Cr,P,O",mp-697813,mp-26605,"mp-697813,mp-1177714,mp-26605,mp-779336",More than one working ion per transition metal,"['Cr', 'P', 'O']",True,True,False,False,True,False,True,0.11369472597223
BAT_00392,Li0-1CrP2O7,CrP2O7,CrP2O7,LiCrP2O7,Li,4.769492360833344,115.08687885832728,366.07041084539696,548.9059895469444,1745.9700280542445,0.008538054029548,0.054691654500009,0.034433071363635,1,3,Cr-O-P,"Cr,P,O",mp-26572,mp-26571,"mp-26572,mp-26571",,"['Cr', 'P', 'O']",True,True,False,False,True,False,True,0.054691654500009
BAT_00393,Li0-1CrPO4,CrPO4,CrPO4,LiCrPO4,Li,2.921560348333334,174.13910058671036,571.3765439985596,508.7578913685631,1669.3110549139285,0.217877312054308,0.11621026625,0.02834260062499,1,3,Cr-O-P,"Cr,P,O",mp-26580,mp-26579,"mp-26580,mp-26579",,"['Cr', 'P', 'O']",True,True,False,False,True,False,True,0.11621026625
BAT_00394,Li0-1Cr(PO3)4,Cr(PO3)4,Cr(PO3)4,LiCr(PO3)4,Li,5.179941748333339,71.50399483378008,168.12255487708333,370.3865280121088,870.8650408442667,0.00385995161381,0.058810960000003,0.044424569953708,1,3,Cr-O-P,"Cr,P,O",mp-31745,mp-26669,"mp-31745,mp-26669",,"['Cr', 'P', 'O']",True,True,False,False,True,False,True,0.058810960000003
BAT_00395,Li3-5Cr2P5O18,Cr2P5O18,Li3Cr2P5O18,Li5Cr2P5O18,Li,5.039170618333334,92.17175148465746,279.472698734944,464.4691819218078,1408.310612091453,0.001311793423717,0.091513838720232,0.034421132666667,1,3,Cr-O-P,"Cr,P,O",mp-26684,mp-26683,"mp-26684,mp-26683",More than one working ion per transition metal,"['Cr', 'P', 'O']",True,True,False,False,True,False,True,0.091513838720232
BAT_00396,Li1-3Cr2(PO4)3,Cr2(PO4)3,LiCr2(PO4)3,Li3Cr2(PO4)3,Li,4.745998995833338,130.82531349913754,441.0128546333961,620.8968064964884,2093.0465652396915,0.036947269162228,0.101774119027787,0.034808356624999,2,3,Cr-O-P,"Cr,P,O",mp-26740,mp-26739,"mp-26740,mp-766400,mp-26739",More than one working ion per transition metal,"['Cr', 'P', 'O']",True,True,False,False,True,False,True,0.101774119027787
BAT_00397,Li0-1CrP2O7,CrP2O7,CrP2O7,LiCrP2O7,Li,4.855683173333323,115.08687885832728,336.3449489425546,558.8254211438302,1633.184509016018,0.026278471304838,0.025434357250008,0.0,1,3,Cr-O-P,"Cr,P,O",mp-26974,mp-19103,"mp-26974,mp-19103",,"['Cr', 'P', 'O']",True,True,False,False,True,False,True,0.025434357250008
BAT_00398,Li1-2CrP2O7,CrP2O7,LiCrP2O7,Li2CrP2O7,Li,4.397781578333341,111.75599201414086,311.4213151441853,491.4784429481566,1369.5629228414402,0.054549132608374,0.204268931590909,0.028816361874999,1,3,Cr-O-P,"Cr,P,O",mp-31691,mp-26771,"mp-31691,mp-26771,mp-1101604",More than one working ion per transition metal,"['Cr', 'P', 'O']",True,True,False,False,True,False,True,0.204268931590909
BAT_00399,Li1-2CrP2O7,CrP2O7,LiCrP2O7,Li2CrP2O7,Li,3.376979578333338,111.75599201414086,319.96775706344386,377.3977027881373,1080.5245813283725,0.011914712433187,0.1203898425,0.036994030208333,1,3,Cr-O-P,"Cr,P,O",mp-705361,mp-26751,"mp-705361,mp-26751",More than one working ion per transition metal,"['Cr', 'P', 'O']",True,True,False,False,True,False,True,0.1203898425
BAT_00401,Li0-1Cr(PO3)4,Cr(PO3)4,Cr(PO3)4,LiCr(PO3)4,Li,5.227604518333326,71.50399483378008,172.0959992173952,373.7946064719516,899.6498230959436,0.009890282828437,0.055755734117649,0.038891147175929,1,3,Cr-O-P,"Cr,P,O",mp-540424,mp-26829,"mp-540424,mp-26829",,"['Cr', 'P', 'O']",True,True,False,False,True,False,True,0.055755734117649
BAT_00402,Li0-1Cr4(PO4)3,Cr4(PO4)3,Cr4(PO4)3,LiCr4(PO4)3,Li,2.233531908333337,53.62017586854651,178.85723276332007,119.76237373284388,399.48333641307823,0.045918309190742,0.033639047368421,0.041265836124999,1,3,Cr-O-P,"Cr,P,O",mp-26840,mp-697664,"mp-26840,mp-697664",,"['Cr', 'P', 'O']",True,True,False,False,True,False,True,0.041265836124999
BAT_00403,Li1-3Cr2(PO4)3,Cr2(PO4)3,LiCr2(PO4)3,Li3Cr2(PO4)3,Li,4.779084660833338,130.82531349913754,425.7591431057006,625.2252489924409,2034.738990026,0.03493353739341,0.108670820277787,0.037706821249999,2,3,Cr-O-P,"Cr,P,O",mp-26870,mp-26869,"mp-26870,mp-766383,mp-766398,mp-26869",More than one working ion per transition metal,"['Cr', 'P', 'O']",True,True,False,False,True,False,True,0.108670820277787
BAT_00404,Li0-1Cr(PO3)3,Cr(PO3)3,Cr(PO3)3,LiCr(PO3)3,Li,2.177492603333324,90.59053791454345,243.64698969167915,197.26022624090547,530.5395178780622,0.002961304791157,0.023662469230769,0.053816649257251,1,3,Cr-O-P,"Cr,P,O",mp-584637,mp-540456,"mp-584637,mp-26910,mp-540456",,"['Cr', 'P', 'O']",True,True,False,False,True,False,True,0.053816649257251
BAT_00405,Li0-1CrPO4,CrPO4,CrPO4,LiCrPO4,Li,3.45681235166666,174.13910058671038,556.5370817217117,601.9661938162634,1923.8442582561304,0.073896416419236,0.223206195277777,0.043588825029751,1,3,Cr-O-P,"Cr,P,O",mp-504335,mp-26881,"mp-504335,mp-26881",,"['Cr', 'P', 'O']",True,True,False,False,True,False,True,0.223206195277777
BAT_00406,Li0-1CrP2O7,CrP2O7,CrP2O7,LiCrP2O7,Li,5.29517127583333,115.08687885832728,378.7684753004316,609.4047351559248,2005.6439506020315,0.00876612376231,0.117461298000009,0.043707391363636,1,3,Cr-O-P,"Cr,P,O",mp-26854,mp-26853,"mp-26854,mp-26853",,"['Cr', 'P', 'O']",True,True,False,False,True,False,True,0.117461298000009
BAT_00408,Li0-1Cr4(PO4)3,Cr4(PO4)3,Cr4(PO4)3,LiCr4(PO4)3,Li,3.740704845833339,53.62017586854651,186.4511602366352,200.57725170590783,697.4587586084298,0.011391693363519,0.069526216578948,0.0,1,3,Cr-O-P,"Cr,P,O",mp-504357,mp-26967,"mp-504357,mp-26967",,"['Cr', 'P', 'O']",True,True,False,False,True,False,True,0.069526216578948
BAT_00409,Li0-1Cr4(PO4)3,Cr4(PO4)3,Cr4(PO4)3,LiCr4(PO4)3,Li,2.6409069533333183,53.62017586854651,171.192266325996,141.60589529019987,452.1028464972121,0.009439817808517,0.041168973947367,0.028050514125,1,3,Cr-O-P,"Cr,P,O",mp-26914,mp-26913,"mp-26914,mp-26913",,"['Cr', 'P', 'O']",True,True,False,False,True,False,True,0.041168973947367
BAT_00410,Li3-4CrP2O9,CrP2O9,Li3CrP2O9,Li4CrP2O9,Li,4.536536193333338,93.8091442556075,256.26886574402573,425.5685781811917,1162.5729846722547,0.016392488795217,0.070878562095239,0.042060777991073,1,3,Cr-O-P,"Cr,P,O",mp-504343,mp-26911,"mp-504343,mp-26911",More than one working ion per transition metal,"['Cr', 'P', 'O']",True,True,False,False,True,False,True,0.070878562095239
BAT_00411,Li0-1CrPO4,CrPO4,CrPO4,LiCrPO4,Li,2.718822045833332,174.13910058671036,573.181038492864,473.45322571673626,1558.3772437080424,0.160204838478015,0.055232768749999,0.005038788839275,1,3,Cr-O-P,"Cr,P,O",mp-25452,mp-25447,"mp-25452,mp-25447,mp-1666120",,"['Cr', 'P', 'O']",True,True,False,False,True,False,True,0.055232768749999
BAT_00412,Li0-1CrPO5,CrPO5,CrPO5,LiCrPO5,Li,4.210486925833327,157.7412653533589,533.4128047199624,664.1675354347232,2245.9276403454874,0.061762029696972,0.047736897857141,0.056907491499992,1,3,Cr-O-P,"Cr,P,O",mp-26924,mp-26923,"mp-26924,mp-26923,mp-1244518",,"['Cr', 'P', 'O']",True,True,False,False,True,False,True,0.056907491499992
BAT_00413,Li1-2CrP2O7,CrP2O7,LiCrP2O7,Li2CrP2O7,Li,4.350243368333342,111.75599201414086,280.20902452935945,486.16576313103025,1218.9774507060008,0.01311852857386,0.168511245000001,0.0,1,3,Cr-O-P,"Cr,P,O",mp-540482,mp-26965,"mp-540482,mp-697789,mp-26965,mp-689934",More than one working ion per transition metal,"['Cr', 'P', 'O']",True,True,False,False,True,False,True,0.168511245000001
BAT_00414,Li0-4Cr2(PO4)3,Cr2(PO4)3,Cr2(PO4)3,Li4Cr2(PO4)3,Li,3.889024805208333,257.29198405440303,733.9707831085583,1000.6149081688404,2854.430581807369,0.142388794338991,0.062883002352944,0.042042688690488,3,3,Cr-O-P,"Cr,P,O",mp-504291,mp-760100,"mp-504291,mp-26500,mp-26046,mp-26080,mp-766571,mp-26045,mp-26079,mp-775597,mp-760100",More than one working ion per transition metal,"['Cr', 'P', 'O']",True,True,False,False,True,False,True,0.062883002352944
BAT_00415,Li6-9Cr3P8O29,Cr3P8O29,Li6Cr3P8O29,Li9Cr3P8O29,Li,4.9263211299999865,86.4350147617597,232.1136755174492,425.8066395927175,1143.4665042635704,0.016789182420047,0.04350105172102,0.0,1,3,Cr-O-P,"Cr,P,O",mp-26976,mp-26975,"mp-26976,mp-26975",More than one working ion per transition metal,"['Cr', 'P', 'O']",True,True,False,False,True,False,True,0.04350105172102
BAT_00416,Li0-1Cr(PO3)3,Cr(PO3)3,Cr(PO3)3,LiCr(PO3)3,Li,3.560388010833326,90.59053791454345,242.50574402405613,322.53746508588233,863.414543581465,0.063903983430703,0.092559204615385,0.019013945864394,1,3,Cr-O-P,"Cr,P,O",mp-31690,mp-26063,"mp-31690,mp-26063",,"['Cr', 'P', 'O']",True,True,False,False,True,False,True,0.092559204615385
BAT_00417,Li0-1CrP2O7,CrP2O7,CrP2O7,LiCrP2O7,Li,5.046225483333335,115.08687885832728,381.6672859627648,580.7543408921874,1925.9791845799748,0.005562180639452,0.066323445250009,0.019849869999998,1,3,Cr-O-P,"Cr,P,O",mp-27036,mp-27035,"mp-27036,mp-27035",,"['Cr', 'P', 'O']",True,True,False,False,True,False,True,0.066323445250009
BAT_00418,Li0-1CrPO4,CrPO4,CrPO4,LiCrPO4,Li,2.958391203333332,174.13910058671036,582.4072670367641,515.1715833321023,1722.98853555897,0.069966750373084,0.119396885833333,0.025812438124989,1,3,Cr-O-P,"Cr,P,O",mp-27042,mp-27041,"mp-27042,mp-27041",,"['Cr', 'P', 'O']",True,True,False,False,True,False,True,0.119396885833333
BAT_00419,Li0-7Cr4P9O32,Cr4P9O32,Cr4P9O32,Li7Cr4P9O32,Li,4.786344701904768,179.134432805142,520.3322033612103,857.3991433856071,2490.489284788363,0.03035846030007,0.108729220388886,0.050318690480762,2,3,Cr-O-P,"Cr,P,O",mp-504406,mp-27077,"mp-504406,mp-705371,mp-27077",More than one working ion per transition metal,"['Cr', 'P', 'O']",True,True,False,False,True,False,True,0.108729220388886
BAT_00420,Li0-3Cr2P5O16,Cr2P5O16,Cr2P5O16,Li3Cr2P5O16,Li,3.081063499999994,150.09946701783213,412.09823685672256,462.46598919809554,1269.7008359936003,0.030668434074926,0.016476176195649,0.036711203108984,2,3,Cr-O-P,"Cr,P,O",mp-26134,mp-26425,"mp-26134,mp-26133,mp-26425",More than one working ion per transition metal,"['Cr', 'P', 'O']",True,True,False,False,True,False,True,0.036711203108984
BAT_00421,Li0-1Cr2P3O13,Cr2P3O13,Cr2P3O13,LiCr2P3O13,Li,4.576399585833319,65.07635500401693,193.41648455455223,297.8154040879251,885.1511198087895,0.022476310940095,0.093086224999995,0.089499582368412,1,3,Cr-O-P,"Cr,P,O",mp-27100,mp-705400,"mp-27100,mp-705400",,"['Cr', 'P', 'O']",True,True,False,False,True,False,True,0.093086224999995
BAT_00422,Li0-1Cr2P3O10,Cr2P3O10,Cr2P3O10,LiCr2P3O10,Li,3.182670688333336,73.66110393919267,233.59037462371035,234.43903637754377,743.4412383916862,0.050556206098506,0.057085145999993,0.027864229263393,1,3,Cr-O-P,"Cr,P,O",mp-26116,mp-585354,"mp-26116,mp-585354",,"['Cr', 'P', 'O']",True,True,False,False,True,False,True,0.057085145999993
BAT_00423,Li0-1Cr(PO3)3,Cr(PO3)3,Cr(PO3)3,LiCr(PO3)3,Li,2.827416993333334,90.59053791454345,267.47707283804056,256.13722633478784,756.2692210693339,0.027992703859034,0.040550254038462,0.023074993007251,1,3,Cr-O-P,"Cr,P,O",mp-26112,mp-26111,"mp-26112,mp-26111",,"['Cr', 'P', 'O']",True,True,False,False,True,False,True,0.040550254038462
BAT_00424,Li0-1CrPO4,CrPO4,CrPO4,LiCrPO4,Li,2.4006511183333332,174.13910058671036,585.2833653040996,418.04722656904704,1405.0611654591837,0.144446447672072,0.0222367875,0.022209508839275,1,3,Cr-O-P,"Cr,P,O",mp-764345,mp-756865,"mp-764345,mp-753918,mp-756865",,"['Cr', 'P', 'O']",True,True,False,False,True,False,True,0.0222367875
BAT_00425,Li1-2CrP4O13,CrP4O13,LiCrP4O13,Li2CrP4O13,Li,5.183528413333339,67.38013072311138,171.00005921909224,349.2668220973625,886.3836656438482,0.07266632761457,0.09624796995614,0.054148234937493,1,3,Cr-O-P,"Cr,P,O",mp-1101523,mp-31739,"mp-1101523,mp-705085,mp-31739",More than one working ion per transition metal,"['Cr', 'P', 'O']",True,True,False,False,True,False,True,0.09624796995614
BAT_00426,Li0-1CrP2O7,CrP2O7,CrP2O7,LiCrP2O7,Li,5.025058953333318,115.08687885832728,365.11390540595727,578.3183510182245,1834.7188993467,0.029943903739477,0.056141707250009,0.012517974545454,1,3,Cr-O-P,"Cr,P,O",mp-26140,mp-26139,"mp-26140,mp-26139",,"['Cr', 'P', 'O']",True,True,False,False,True,False,True,0.056141707250009
BAT_00427,Li2-3Cr(PO4)2,Cr(PO4)2,Li2Cr(PO4)2,Li3Cr(PO4)2,Li,4.642824145833335,101.99914408176696,319.00911896127053,473.5640889971609,1481.1032402544056,0.003607525011021,0.071450639880947,0.026246598750001,1,3,Cr-O-P,"Cr,P,O",mp-697774,mp-31723,"mp-697774,mp-31723",More than one working ion per transition metal,"['Cr', 'P', 'O']",True,True,False,False,True,False,True,0.071450639880947
BAT_00428,Li0.5-1CrPO4,CrPO4,LiCr2(PO4)2,LiCrPO4,Li,2.8910217983333313,87.06955029335518,285.9592268090545,251.71996786917012,826.7143581395217,0.003182303805385,0.076716595961531,0.033022253839275,1,3,Cr-O-P,"Cr,P,O",mp-753873,mp-504313,"mp-753873,mp-504313",,"['Cr', 'P', 'O']",True,True,False,False,True,False,True,0.076716595961531
BAT_00429,Li0.5-1CrPO4,CrPO4,LiCr2(PO4)2,LiCrPO4,Li,3.023021308333331,87.06955029335518,244.70026829714297,263.21310584381337,739.7341252171462,0.067765909938889,0.111089957884608,0.055511839196418,1,3,Cr-O-P,"Cr,P,O",mp-753999,mp-757040,"mp-753999,mp-757040",,"['Cr', 'P', 'O']",True,True,False,False,True,False,True,0.111089957884608
BAT_00430,Li0-1CrPO5,CrPO5,CrPO5,LiCrPO5,Li,4.450076668333328,157.7412653533589,518.4644400653488,701.9607245823588,2307.2065080953116,0.040235146566676,0.059409105714284,0.037171955562492,1,3,Cr-O-P,"Cr,P,O",mp-1046724,mp-540292,"mp-1046724,mp-766397,mp-540292",,"['Cr', 'P', 'O']",True,True,False,False,True,False,True,0.059409105714284
BAT_00431,Li0-2Cr3(P2O7)2,Cr3(P2O7)2,Cr3(P2O7)2,Li2Cr3(P2O7)2,Li,2.743773183333322,103.52919936233822,324.9161038625692,284.0606409023529,891.4960926112617,0.055831513121087,0.037556785952389,0.030480474347818,1,3,Cr-O-P,"Cr,P,O",mp-26218,mp-540179,"mp-26218,mp-540179",,"['Cr', 'P', 'O']",True,True,False,False,True,False,True,0.037556785952389
BAT_00433,Li0-2Cr5(PO4)4,Cr5(PO4)4,Cr5(PO4)4,Li2Cr5(PO4)4,Li,2.260967883333326,81.99331631512483,264.2701009796809,185.38425483648768,597.5062108403135,0.064941644737606,0.007169627000019,0.01850772571759,1,3,Cr-O-P,"Cr,P,O",mp-504336,mp-1101544,"mp-504336,mp-1101544,mp-697796",,"['Cr', 'P', 'O']",True,True,False,False,True,False,True,0.01850772571759
BAT_00434,Li0-3Cr3(PO4)4,Cr3(PO4)4,Cr3(PO4)4,Li3Cr3(PO4)4,Li,4.87632506333333,144.43131511896615,420.41370330295473,704.2940418448088,2050.0738783849806,0.031299266559578,0.093319352500002,0.018320069230761,1,3,Cr-O-P,"Cr,P,O",mp-695952,mp-26205,"mp-695952,mp-26205",,"['Cr', 'P', 'O']",True,True,False,False,True,False,True,0.093319352500002
BAT_00435,Li0-1Cr2P2O9,Cr2P2O9,Cr2P2O9,LiCr2P2O9,Li,5.052966770833327,84.5805246272944,266.219002276022,427.3825804013684,1345.195772265141,0.015574628281103,0.073730495000001,0.022310733392863,1,3,Cr-O-P,"Cr,P,O",mp-1040982,mp-1013922,"mp-1040982,mp-1013922",,"['Cr', 'P', 'O']",True,True,False,False,True,False,True,0.073730495000001
BAT_00436,Li0.5-1CrPO4,CrPO4,LiCr2(PO4)2,LiCrPO4,Li,2.922433528333333,87.06955029335518,254.15740619821904,254.4549730742066,742.7581253479095,0.023363801631371,0.087904649038456,0.041167465267847,1,3,Cr-O-P,"Cr,P,O",mp-753886,mp-540462,"mp-753886,mp-540462",,"['Cr', 'P', 'O']",True,True,False,False,True,False,True,0.087904649038456
BAT_00437,Li0-3Cr3(PO4)4,Cr3(PO4)4,Cr3(PO4)4,Li3Cr3(PO4)4,Li,5.105570794444441,144.43131511896615,439.01400793201327,737.4043042745955,2241.4170972496872,0.01984696213929,0.131714665688408,0.025833723461531,1,3,Cr-O-P,"Cr,P,O",mp-705409,mp-26289,"mp-705409,mp-26289",,"['Cr', 'P', 'O']",True,True,False,False,True,False,True,0.131714665688408
BAT_00440,Li0.5-1CrPO4,CrPO4,LiCr2(PO4)2,LiCrPO4,Li,3.046695470000007,87.06955029335519,264.13372224265606,265.2744044537031,804.7350150309404,0.007083152246051,0.102867766602558,0.046185935744037,1,3,Cr-O-P,"Cr,P,O",mp-766412,mp-757829,"mp-766412,mp-757829",,"['Cr', 'P', 'O']",True,True,False,False,True,False,True,0.102867766602558
BAT_00442,Li0-3Cr3(PO4)4,Cr3(PO4)4,Cr3(PO4)4,Li3Cr3(PO4)4,Li,5.050816038333338,144.43131511896615,438.68049853817786,729.4960028404505,2215.694497720693,0.016235953085667,0.126986599021742,0.027969059423068,1,3,Cr-O-P,"Cr,P,O",mp-31744,mp-26337,"mp-31744,mp-26337",,"['Cr', 'P', 'O']",True,True,False,False,True,False,True,0.126986599021742
BAT_00444,Li0.5-1CrPO4,CrPO4,LiCr2(PO4)2,LiCrPO4,Li,2.950312588333337,87.06955029335518,279.8628038447903,256.8823902910084,825.6827531895482,0.013019198991609,0.100350762115378,0.050733208839274,1,3,Cr-O-P,"Cr,P,O",mp-766419,mp-757030,"mp-766419,mp-757030",,"['Cr', 'P', 'O']",True,True,False,False,True,False,True,0.100350762115378
BAT_00445,Li0-2CrPO5,CrPO5,CrPO5,Li2CrPO5,Li,4.068732118958334,303.1004083629771,955.0725612787086,1233.2343667758323,3885.934406010483,0.049416759693519,0.100440003392856,0.093071239444437,1,3,Cr-O-P,"Cr,P,O",mp-772173,mp-757132,"mp-772173,mp-757132",More than one working ion per transition metal,"['Cr', 'P', 'O']",True,True,False,False,True,False,True,0.100440003392856
BAT_00446,Li0-4Cr3P4O15,Cr3P4O15,Cr3P4O15,Li4Cr3P4O15,Li,3.163598613333339,195.760441125017,577.2990473163829,619.3074600886265,1826.3424655687668,0.055044601366298,0.087808823068185,0.046952032259617,2,3,Cr-O-P,"Cr,P,O",mp-759101,mp-772300,"mp-759101,mp-775294,mp-772300",More than one working ion per transition metal,"['Cr', 'P', 'O']",True,True,False,False,True,False,True,0.087808823068185
BAT_00448,Li0-1Cr(PO3)3,Cr(PO3)3,Cr(PO3)3,LiCr(PO3)3,Li,2.757125870833339,90.59053791454345,266.5573315108909,249.76951573689627,734.9321147689762,0.076689287019072,0.035751430192309,0.02363973675725,1,3,Cr-O-P,"Cr,P,O",mp-759495,mp-780193,"mp-759495,mp-780193",,"['Cr', 'P', 'O']",True,True,False,False,True,False,True,0.035751430192309
BAT_00449,Li0-1CrP2O7,CrP2O7,CrP2O7,LiCrP2O7,Li,5.289534683333334,115.08687885832728,353.87779329483436,608.7560373177039,1871.8488612944907,0.048887005500304,0.15413673375001,0.077561114090909,1,3,Cr-O-P,"Cr,P,O",mp-1048383,mp-831055,"mp-1048383,mp-831055",,"['Cr', 'P', 'O']",True,True,False,False,True,False,True,0.15413673375001
BAT_00451,Li0-6Ti3Cr(PO4)6,Ti3Cr(PO4)6,Ti3Cr(PO4)6,Li6Ti3Cr(PO4)6,Li,3.115055693333341,199.24992060946923,560.5275859128204,620.6745995907432,1746.0746477681246,0.026624720928218,0.051036203985306,0.077986722696433,1,4,Cr-O-P-Ti,"Ti,Cr,P,O",mp-774416,mp-758706,"mp-774416,mp-758706",More than one working ion per transition metal,"['Ti', 'Cr', 'P', 'O']",True,True,False,False,True,False,True,0.077986722696433
BAT_00452,Li0-7TiCr3(PO4)6,TiCr3(PO4)6,TiCr3(PO4)6,Li7TiCr3(PO4)6,Li,3.612151441904762,228.16138290996207,637.1572247569177,824.153468265204,2301.508388125737,0.072839899885533,0.066044980588245,0.084311074982572,2,4,Cr-O-P-Ti,"Ti,Cr,P,O",mp-773127,mp-850412,"mp-773127,mp-758137,mp-850412",More than one working ion per transition metal,"['Ti', 'Cr', 'P', 'O']",True,True,False,False,True,False,True,0.084311074982572
BAT_00453,Li0-6VCr3(PO4)6,VCr3(PO4)6,VCr3(PO4)6,Li6VCr3(PO4)6,Li,4.076617078333342,196.49084361015707,575.6344497309923,801.0179287972921,2346.6412286503787,0.010597324709673,0.047437102573526,0.043690441624986,1,4,Cr-O-P-V,"V,Cr,P,O",mp-774402,mp-1176888,"mp-774402,mp-1176888",More than one working ion per transition metal,"['V', 'Cr', 'P', 'O']",True,True,False,False,True,False,True,0.047437102573526
BAT_00454,Li0-2V2Cr(PO4)3,V2Cr(PO4)3,V2Cr(PO4)3,Li2V2Cr(PO4)3,Li,2.6161262783333292,118.41374112944592,371.1516588316608,309.7852998845037,970.9796079165144,0.069260442958948,0.09849280972223,0.065527136499996,1,4,Cr-O-P-V,"V,Cr,P,O",mp-771696,mp-1177840,"mp-771696,mp-1177840",,"['V', 'Cr', 'P', 'O']",True,True,False,False,True,False,True,0.09849280972223
BAT_00455,Li0-6V3Cr(PO4)6,V3Cr(PO4)6,V3Cr(PO4)6,Li6V3Cr(PO4)6,Li,3.494505699999995,196.9985505091332,569.2184298935275,688.4125576459029,1989.1370478079796,0.031379453808073,0.023221216249998,0.044389519125007,1,4,Cr-O-P-V,"V,Cr,P,O",mp-775008,mp-757469,"mp-775008,mp-757469",More than one working ion per transition metal,"['V', 'Cr', 'P', 'O']",True,True,False,False,True,False,True,0.044389519125007
BAT_00456,Li0-3VCr(P2O7)2,VCr(P2O7)2,VCr(P2O7)2,Li3VCr(P2O7)2,Li,3.421769275000006,170.47580321319225,479.1902434618197,583.3288655658487,1639.6784519574276,0.057665171546183,0.021002746125001,0.018632703269926,3,4,Cr-O-P-V,"V,Cr,P,O",mp-767779,mp-752491,"mp-767779,mp-766002,mp-766000,mp-760209,mp-760277,mp-760286,mp-759930,mp-760238,mp-753866,mp-752491",More than one working ion per transition metal,"['V', 'Cr', 'P', 'O']",True,True,False,False,True,False,True,0.021002746125001
BAT_00457,Li0-6Cr3P6WO24,Cr3P6WO24,Cr3P6WO24,Li6Cr3P6WO24,Li,3.441415546666666,169.040753709072,565.2949206601863,581.7394778346512,1945.4147284116648,0.009843060407758,0.024900912022072,0.058871626718756,1,4,Cr-O-P-W,"Cr,P,W,O",mp-775219,mp-758279,"mp-775219,mp-758279",More than one working ion per transition metal,"['Cr', 'P', 'W', 'O']",True,True,False,False,True,False,True,0.058871626718756
BAT_00458,Li0-1Cr2(SO4)3,Cr2(SO4)3,Cr2(SO4)3,LiCr2(SO4)3,Li,2.671860050833335,67.15126777434385,194.57010251484272,179.41878972908128,519.864083995955,0.092193535281335,0.010498132499999,0.035828584434525,1,3,Cr-O-S,"Cr,S,O",mp-768940,mp-770490,"mp-768940,mp-770490",,"['Cr', 'S', 'O']",True,True,True,False,False,False,True,0.035828584434525
BAT_00459,Li0-1Cr2(SO4)3,Cr2(SO4)3,Cr2(SO4)3,LiCr2(SO4)3,Li,2.006413453333327,67.15126777434385,190.72573630074552,134.73320707083224,382.6746832107204,0.051559954557409,0.0,0.062882936934525,1,3,Cr-O-S,"Cr,S,O",mp-19361,mp-770353,"mp-19361,mp-770353",,"['Cr', 'S', 'O']",True,True,True,False,False,False,True,0.062882936934525
BAT_00460,Li0-2Cr(SO4)2,Cr(SO4)2,Cr(SO4)2,Li2Cr(SO4)2,Li,4.123830350208334,207.7607623264035,572.065351484391,856.770137264043,2359.10045875393,0.130002266418313,0.058338889053022,0.035952404697803,2,3,Cr-O-S,"Cr,S,O",mp-780604,mp-850862,"mp-780604,mp-780338,mp-850862",More than one working ion per transition metal,"['Cr', 'S', 'O']",True,True,True,False,False,False,True,0.058338889053022
BAT_00461,Li0-1Cr(SO4)2,Cr(SO4)2,Cr(SO4)2,LiCr(SO4)2,Li,5.324006900000019,106.75231265452398,295.70511793426743,568.350049163645,1574.3360882473592,0.000721861165427,0.05915393537878,0.021807854409728,1,3,Cr-O-S,"Cr,S,O",mp-757440,mp-776761,"mp-757440,mp-776761",,"['Cr', 'S', 'O']",True,True,True,False,False,False,True,0.05915393537878
BAT_00462,Li0-1Cr(SO4)2,Cr(SO4)2,Cr(SO4)2,LiCr(SO4)2,Li,5.335018966666671,106.75231265452398,296.4073952870101,569.5256127474158,1581.339075716464,0.018235513161713,0.064474646590901,0.025767500798618,1,3,Cr-O-S,"Cr,S,O",mp-773001,mp-861449,"mp-773001,mp-861449",,"['Cr', 'S', 'O']",True,True,True,False,False,False,True,0.064474646590901
BAT_00463,Li0-2ZnCr3(SO4)6,ZnCr3(SO4)6,ZnCr3(SO4)6,Li2ZnCr3(SO4)6,Li,3.720638113333341,66.04156802444953,190.81090308676517,245.71677505606343,709.938318464173,0.042371068133744,0.006000982745103,0.026957547832341,2,4,Cr-O-S-Zn,"Zn,Cr,S,O",mp-766220,mp-772839,"mp-766220,mp-769549,mp-772839",,"['Zn', 'Cr', 'S', 'O']",True,True,True,False,False,False,True,0.026957547832341
BAT_00464,Li0-2Cr3SbO8,Cr3SbO8,Cr3SbO8,Li2Cr3SbO8,Li,4.344371253333333,127.74000219416548,598.5023927355531,554.9499934330693,2600.1165900515534,0.045884925949939,0.102814653541651,0.007521525714285,1,3,Cr-O-Sb,"Cr,Sb,O",mp-773170,mp-771704,"mp-773170,mp-771704",,"['Cr', 'Sb', 'O']",True,True,False,False,False,False,True,0.102814653541651
BAT_00465,Li0-1TiCrSO8,TiCrSO8,TiCrSO8,LiTiCrSO8,Li,3.828873129999995,100.43112227961512,268.4937206721116,384.5380255121622,1028.0283926551724,0.007557645825867,0.03226147733712,0.080954975467014,1,4,Cr-O-S-Ti,"Ti,Cr,S,O",mp-1101433,mp-766410,"mp-1101433,mp-766410",,"['Ti', 'Cr', 'S', 'O']",True,True,True,False,False,False,True,0.080954975467014
BAT_00466,Li0-4Cr3Sn3(SbO8)2,Cr3Sn3(SbO8)2,Cr3Sn3(SbO8)2,Li4Cr3Sn3(SbO8)2,Li,3.038073665833335,103.14284926328187,527.1352704917583,313.3555741657939,1601.475783612943,0.091956492457807,0.125838798541682,0.064117824999997,1,4,Cr-O-Sb-Sn,"Cr,Sn,Sb,O",mp-771431,mp-755860,"mp-771431,mp-755599,mp-755860",More than one working ion per transition metal,"['Cr', 'Sn', 'Sb', 'O']",True,True,False,False,False,False,True,0.125838798541682
BAT_00467,Li0-4V2Cr3Sb3O16,V2Cr3Sb3O16,V2Cr3Sb3O16,Li4V2Cr3Sb3O16,Li,2.776187298333331,118.21066355791518,557.1598170610206,328.1749426970389,1546.7800072665275,0.095150438311537,0.127492872812468,0.097786468232138,1,4,Cr-O-Sb-V,"V,Cr,Sb,O",mp-772143,mp-774622,"mp-772143,mp-774622",,"['V', 'Cr', 'Sb', 'O']",True,True,False,False,False,False,True,0.127492872812468
BAT_00468,Li0-2Cr5(Si2O7)2,Cr5(Si2O7)2,Cr5(Si2O7)2,Li2Cr5(Si2O7)2,Li,2.976786365833338,87.84546851533102,296.9647797487892,261.4971929766791,884.000707488896,0.009612343901525,0.100957979999998,0.0,1,3,Cr-O-Si,"Cr,Si,O",mp-757245,mp-867580,"mp-757245,mp-867580",,"['Cr', 'Si', 'O']",True,True,False,False,False,True,True,0.100957979999998
BAT_00469,Li0-4V3Cr3(SbO8)2,V3Cr3(SbO8)2,V3Cr3(SbO8)2,Li4V3Cr3(SbO8)2,Li,3.466022953333333,128.2233773958692,589.7119631558843,444.4251692080052,2043.955200153556,0.053470251013152,0.11723522986974,0.014090125357142,1,4,Cr-O-Sb-V,"V,Cr,Sb,O",mp-776536,mp-776595,"mp-776536,mp-776595",,"['V', 'Cr', 'Sb', 'O']",True,True,False,False,False,False,True,0.11723522986974
BAT_00470,Li0-4Ti3Cr3(SbO8)2,Ti3Cr3(SbO8)2,Ti3Cr3(SbO8)2,Li4Ti3Cr3(SbO8)2,Li,3.080378533333335,129.65368364998434,564.0069225873974,399.382423883003,1737.3548169896153,0.092159252448738,0.100085943749983,0.051503038794636,1,4,Cr-O-Sb-Ti,"Ti,Cr,Sb,O",mp-770891,mp-758653,"mp-770891,mp-758653",,"['Ti', 'Cr', 'Sb', 'O']",True,True,False,False,False,False,True,0.100085943749983
BAT_00471,Li0-1Cr(SiO3)2,Cr(SiO3)2,Cr(SiO3)2,LiCr(SiO3)2,Li,4.483505285833336,126.95836017405546,417.44234957279014,569.2184789211101,1871.604980840292,0.012639754274715,0.109324405555545,0.004383499500002,1,3,Cr-O-Si,"Cr,Si,O",mp-25238,mp-18727,"mp-25238,mp-18727",,"['Cr', 'Si', 'O']",True,True,False,False,False,True,True,0.109324405555545
BAT_00473,Li2-3Cr(Si2O5)3,Cr(Si2O5)3,Li2Cr(Si2O5)3,Li3Cr(Si2O5)3,Li,3.489491773333331,55.68293137263492,144.87873236550254,194.30513093989404,505.55314472038265,0.018574575764226,0.047379176446763,0.041221927599996,1,3,Cr-O-Si,"Cr,Si,O",mp-775302,mp-759348,"mp-775302,mp-759348",More than one working ion per transition metal,"['Cr', 'Si', 'O']",True,True,False,False,False,True,True,0.047379176446763
BAT_00474,Li1-3Cr(Si2O5)3,Cr(Si2O5)3,LiCr(Si2O5)3,Li3Cr(Si2O5)3,Li,3.866116679583332,111.36586274526984,283.28617420651307,430.55341949567577,1095.21740319515,0.025540713531574,0.087531378297113,0.045084329999996,2,3,Cr-O-Si,"Cr,Si,O",mp-850539,mp-778011,"mp-850539,mp-775349,mp-778011",More than one working ion per transition metal,"['Cr', 'Si', 'O']",True,True,False,False,False,True,True,0.087531378297113
BAT_00475,Li1-2Cr(Si2O5)2,Cr(Si2O5)2,LiCr(Si2O5)2,Li2Cr(Si2O5)2,Li,2.48751126333335,79.24412715307815,209.36989181986633,197.1206588463021,520.8099641048026,0.013448567373068,0.092374202968748,0.046795424352944,1,3,Cr-O-Si,"Cr,Si,O",mp-780620,mp-758640,"mp-780620,mp-758640",More than one working ion per transition metal,"['Cr', 'Si', 'O']",True,True,False,False,False,True,True,0.092374202968748
BAT_00479,Li0-2Cr3TeO8,Cr3TeO8,Cr3TeO8,Li2Cr3TeO8,Li,3.569911663333333,125.98662474566748,585.9421699099088,449.76112110355825,2091.761786400225,0.068589260594501,0.090790979166667,0.022933862053577,1,3,Cr-O-Te,"Cr,Te,O",mp-770187,mp-778197,"mp-770187,mp-778197",,"['Cr', 'Te', 'O']",True,True,False,False,False,False,True,0.090790979166667
BAT_00480,Li0-4CrTe(WO6)2,CrTe(WO6)2,CrTe(WO6)2,Li4CrTe(WO6)2,Li,3.782646525833336,139.76704856004946,832.4687875041787,528.6893406616504,3148.935166917372,0.054902359761629,0.103092544062497,0.074194260406252,1,4,Cr-O-Te-W,"Cr,Te,W,O",mp-756075,mp-775973,"mp-756075,mp-775973",More than one working ion per transition metal,"['Cr', 'Te', 'W', 'O']",True,True,False,False,False,False,True,0.103092544062497
BAT_00481,Li0-4V3Cr3(TeO8)2,V3Cr3(TeO8)2,V3Cr3(TeO8)2,Li4V3Cr3(TeO8)2,Li,3.192742925833334,126.45679684405762,569.0564084832378,403.74404354740807,1816.8508225849816,0.082757931620991,0.097825086562481,0.037452363175366,1,4,Cr-O-Te-V,"V,Cr,Te,O",mp-763835,mp-769563,"mp-763835,mp-753297,mp-769563",,"['V', 'Cr', 'Te', 'O']",True,True,False,False,False,False,True,0.097825086562481
BAT_00482,Li2-4TiCr3O8,TiCr3O8,Li2TiCr3O8,Li4TiCr3O8,Li,2.587910008333328,149.0567323918468,601.533104343382,385.74540956632296,1556.7135410740548,0.020640149939082,0.077947175337302,0.05506392463542,2,3,Cr-O-Ti,"Ti,Cr,O",mp-1177851,mp-765747,"mp-1177851,mp-1307652,mp-780807,mp-754695,mp-754193,mp-757225,mp-765747",,"['Ti', 'Cr', 'O']",True,True,False,False,False,False,True,0.077947175337302
BAT_00483,Li0-2TiCrO4,TiCrO4,TiCrO4,Li2TiCrO4,Li,2.507495562083332,301.57616763291986,1192.623858222624,756.2009019696457,2990.499031727931,0.087721874533658,0.071431475833332,0.079983328333336,1,3,Cr-O-Ti,"Ti,Cr,O",mp-755596,mp-1276652,"mp-755596,mp-1316892,mp-1276652,mp-1177868,mp-1284253,mp-1272966",,"['Ti', 'Cr', 'O']",True,True,False,False,False,False,True,0.079983328333336
BAT_00484,Li0-3V3CrO8,V3CrO8,V3CrO8,Li3V3CrO8,Li,2.3957092166666683,227.36318366675735,846.2942155533344,544.6960746411272,2027.4748522128116,0.093158686441288,0.041964253906229,0.104305393250006,2,3,Cr-O-V,"V,Cr,O",mp-755402,mp-753269,"mp-755402,mp-754935,mp-753269",,"['V', 'Cr', 'O']",True,True,False,False,False,False,True,0.104305393250006
BAT_00486,Li0-1TiV2CrO10,TiV2CrO10,TiV2CrO10,LiTiV2CrO10,Li,3.861078073333336,72.69556574872942,209.68265592955353,280.68325494098104,809.6011051678973,0.077323248288216,0.098171093428572,0.11095479205556,1,4,Cr-O-Ti-V,"Ti,V,Cr,O",mp-773510,mp-1236317,"mp-773510,mp-1236317,mp-1235154,mp-1235419,mp-1235970",,"['Ti', 'V', 'Cr', 'O']",True,True,False,False,False,False,True,0.11095479205556
BAT_00488,Li2-3VCr2O6,VCr2O6,Li2VCr2O6,Li3VCr2O6,Li,2.9393551500000012,98.62438053278468,398.07886059696347,289.89208083460056,1170.0951490018174,0.004597752655576,0.053157048361754,0.001529827916656,1,3,Cr-O-V,"V,Cr,O",mp-849313,mp-754615,"mp-849313,mp-754615",,"['V', 'Cr', 'O']",True,True,False,False,False,False,True,0.053157048361754
BAT_00489,Li2-5V5Cr2O12,V5Cr2O12,Li2V5Cr2O12,Li5V5Cr2O12,Li,2.090797828333341,137.35016537667428,579.2209448584872,287.1714274907758,1211.0338936353107,0.033057878056564,0.094434581086311,0.056836381493053,2,3,Cr-O-V,"V,Cr,O",mp-782662,mp-773065,"mp-782662,mp-754708,mp-773065",,"['V', 'Cr', 'O']",True,True,False,False,False,False,True,0.094434581086311
BAT_00490,Li1.33-2VCrO4,VCrO4,Li4V3Cr3O12,Li2VCrO4,Li,2.818198328333331,98.81611979894204,398.19288793473777,278.4834236297647,1122.1865311318993,0.011127925281915,0.054813729602271,0.009842226874999,1,3,Cr-O-V,"V,Cr,O",mp-849340,mp-754054,"mp-849340,mp-754054",,"['V', 'Cr', 'O']",True,True,False,False,False,False,True,0.054813729602271
BAT_00492,Li2-4V3CrO8,V3CrO8,Li2V3CrO8,Li4V3CrO8,Li,2.74814012833333,148.65769599608123,588.4223313845139,408.53217975240784,1617.0670212852351,0.00217997685529,0.082269896339294,0.0230913528125,1,3,Cr-O-V,"V,Cr,O",mp-781740,mp-1177371,"mp-781740,mp-754492,mp-1177371",,"['V', 'Cr', 'O']",True,True,False,False,False,False,True,0.082269896339294
BAT_00493,Li0-1VCrO4,VCrO4,VCrO4,LiVCrO4,Li,2.881158423333336,154.14117139300197,614.6188723364851,444.1051343414151,1770.8143411719009,0.026150501905385,0.064549150312455,0.078795291428571,1,3,Cr-O-V,"V,Cr,O",mp-752903,mp-1176540,"mp-752903,mp-1176540",,"['V', 'Cr', 'O']",True,True,False,False,False,False,True,0.078795291428571
BAT_00495,Li3-5V3Cr2O10,V3Cr2O10,Li3V3Cr2O10,Li5V3Cr2O10,Li,2.808192085833331,118.71782595982329,473.20606172038504,333.3824593077145,1328.8535174915442,0.006000022350102,0.093175242569465,0.036373912249996,1,3,Cr-O-V,"V,Cr,O",mp-849418,mp-756826,"mp-849418,mp-780727,mp-756826",,"['V', 'Cr', 'O']",True,True,False,False,False,False,True,0.093175242569465
BAT_00496,Li2-4VCr3O8,VCr3O8,Li2VCr3O8,Li4VCr3O8,Li,3.15165943833333,147.79318449340286,596.1625387174556,465.7937848299723,1878.9012919296283,0.007520586824446,0.096597718258934,0.0048177121875,2,3,Cr-O-V,"V,Cr,O",mp-1177801,mp-850338,"mp-1177801,mp-755839,mp-755473,mp-807771,mp-850338",,"['V', 'Cr', 'O']",True,True,False,False,False,False,True,0.096597718258934
BAT_00498,Li0-2V3CrO8,V3CrO8,V3CrO8,Li2V3CrO8,Li,3.946023313333332,154.61004451348632,592.3722598369319,610.0948401257212,2337.5147474884834,0.018372140057379,0.177402007239562,0.001788755625009,1,3,Cr-O-V,"V,Cr,O",mp-1246656,mp-1302892,"mp-1246656,mp-1302892,mp-1275513,mp-850187",,"['V', 'Cr', 'O']",True,True,False,False,False,False,True,0.177402007239562
BAT_00502,Li2-4VCr3O8,VCr3O8,Li2VCr3O8,Li4VCr3O8,Li,3.112872958333338,147.79318449340286,599.2997540021095,460.06140743548383,1865.5439981689883,0.009995304275455,0.097055789687505,0.010066834687499,2,3,Cr-O-V,"V,Cr,O",mp-769577,mp-769605,"mp-769577,mp-769583,mp-769605",,"['V', 'Cr', 'O']",True,True,False,False,False,False,True,0.097055789687505
BAT_00503,Li1-3V2CrO6,V2CrO6,LiV2CrO6,Li3V2CrO6,Li,2.985936183333333,198.01721210397463,790.405190820502,591.2667585440493,2360.099458765425,0.014928927860048,0.106473251000002,0.001280081666675,2,3,Cr-O-V,"V,Cr,O",mp-780611,mp-757208,"mp-780611,mp-780616,mp-757208",,"['V', 'Cr', 'O']",True,True,False,False,False,False,True,0.106473251000002
BAT_00504,Li1-4V3CrO8,V3CrO8,LiV3CrO8,Li4V3CrO8,Li,2.83081522,222.9865439941219,881.8589881974934,631.2337025937597,2496.3798456832646,0.009847958237087,0.09291348923077,0.010764225625,2,3,Cr-O-V,"V,Cr,O",mp-769589,mp-769614,"mp-769589,mp-769590,mp-769596,mp-769614",,"['V', 'Cr', 'O']",True,True,False,False,False,False,True,0.09291348923077
BAT_00505,Li1-2VCrO4,VCrO4,LiVCrO4,Li2VCrO4,Li,2.6650029466666583,148.22417969841305,591.3905199302088,395.0178756635191,1576.0574782447336,0.002394559701686,0.062577219285714,0.020155168958333,1,3,Cr-O-V,"V,Cr,O",mp-776068,mp-769617,"mp-776068,mp-769617",,"['V', 'Cr', 'O']",True,True,False,False,False,False,True,0.062577219285714
BAT_00506,Li0-4Cr(WO4)3,Cr(WO4)3,Cr(WO4)3,Li4Cr(WO4)3,Li,3.700469580833332,130.21918319120618,837.3163413794795,481.8721262400217,3098.463650809422,0.00585743848761,0.085073174796875,0.032932578499998,1,3,Cr-O-W,"Cr,W,O",mp-1178444,mp-778824,"mp-1178444,mp-778824",,"['Cr', 'W', 'O']",True,True,False,False,False,False,True,0.085073174796875
BAT_00507,Li0-4V3Cr3(WO8)2,V3Cr3(WO8)2,V3Cr3(WO8)2,Li4V3Cr3(WO8)2,Li,3.04436367833333,111.6440897525716,590.4059500530761,339.8852117433153,1797.4104298134675,0.043551108589647,0.097534121666667,0.00619101267857,1,4,Cr-O-V-W,"V,Cr,W,O",mp-775969,mp-756412,"mp-775969,mp-756412",,"['V', 'Cr', 'W', 'O']",True,True,False,False,False,False,True,0.097534121666667
BAT_00508,Li0-2CrWO6,CrWO6,CrWO6,Li2CrWO6,Li,4.295765100833326,155.04979481834803,880.9929404442287,666.0574974720273,3784.5387276408505,0.086164437443208,0.189856286781248,0.07004498122222,1,3,Cr-O-W,"Cr,W,O",mp-1802603,mp-754450,"mp-1802603,mp-1386281,mp-754450",,"['Cr', 'W', 'O']",True,True,False,False,False,False,True,0.189856286781248
BAT_00509,Li0-2Cr3WO8,Cr3WO8,Cr3WO8,Li2Cr3WO8,Li,3.537951798333329,111.2774553969755,599.8956726663832,393.6942734356862,2122.4019739224127,0.03943575552023,0.097143868333333,0.01104083642857,1,3,Cr-O-W,"Cr,W,O",mp-773181,mp-775271,"mp-773181,mp-775271",,"['Cr', 'W', 'O']",True,True,False,False,False,False,True,0.097143868333333
BAT_00510,Li0-3Cr2(PS4)3,Cr2(PS4)3,Cr2(PS4)3,Li3Cr2(PS4)3,Li,2.909581414166666,133.44770691650697,293.46464369382517,388.2769678074291,853.8592730065966,0.090876290828228,0.102796290970587,0.0,2,3,Cr-P-S,"Cr,P,S",mp-778446,mp-778433,"mp-778446,mp-778530,mp-778433",More than one working ion per transition metal,"['Cr', 'P', 'S']",True,False,True,False,True,False,True,0.102796290970587
BAT_00512,Li0-0.5CrS2,CrS2,CrS2,Li(CrS2)2,Li,2.559675703333337,112.04951121254238,356.57213297708034,286.81041142112116,912.7090252671766,0.177575623477484,0.029461006666667,0.007721704999999,1,2,Cr-S,"Cr,S",mp-1442954,mp-1045358,"mp-1442954,mp-1407236,mp-1045358,mp-1238786,mp-1045432",,"['Cr', 'S']",True,False,True,False,False,False,True,0.029461006666667
BAT_00513,Li0-1CrS2,CrS2,CrS2,LiCrS2,Li,2.403157863333331,217.7794158257072,698.3360596425133,523.3583156136875,1678.2117929791198,0.110568866212591,0.0,0.0,2,2,Cr-S,"Cr,S",mp-755263,mp-4226,"mp-755263,mp-1238817,mp-4226",,"['Cr', 'S']",True,False,True,False,False,False,True,0.0
BAT_00515,Li0-1CsMnP3HO10,CsMnP3HO10,CsMnP3HO10,CsLiMnP3HO10,Li,2.612493850833336,59.73037631745181,169.32903222568012,156.04524083730396,442.3710554571491,0.080134511499921,0.0,0.048675229779401,1,5,Cs-H-Mn-O-P,"Cs,Mn,P,H,O",mp-23871,mp-752778,"mp-23871,mp-752778",,"['Cs', 'Mn', 'P', 'H', 'O']",True,True,False,False,True,False,True,0.048675229779401
BAT_00516,Li0-1Cs2MnO4,Cs2MnO4,Cs2MnO4,Cs2LiMnO4,Li,3.164047273333342,68.42566537403268,284.2972506361538,216.5020399527278,899.5299406914884,0.026893950796789,0.029938723214286,0.0,1,3,Cs-Mn-O,"Cs,Mn,O",mp-755110,mp-18722,"mp-755110,mp-18722",,"['Cs', 'Mn', 'O']",True,True,False,False,False,False,True,0.029938723214286
BAT_00525,Li0-4NbFe3Cu2(PO4)6,NbFe3Cu2(PO4)6,NbFe3Cu2(PO4)6,Li4NbFe3Cu2(PO4)6,Li,2.849131690833336,108.82463089481976,364.30843693553624,310.0557046256715,1037.9627129109942,0.062527703059662,0.056227690092589,0.1010388525625,1,5,Cu-Fe-Nb-O-P,"Nb,Fe,Cu,P,O",mp-776142,mp-777855,"mp-776142,mp-777855",,"['Nb', 'Fe', 'Cu', 'P', 'O']",True,True,False,False,True,False,True,0.1010388525625
BAT_00527,Li2-4Fe3CuO8,Fe3CuO8,Li2Fe3CuO8,Li4Fe3CuO8,Li,3.7747406783333273,138.5661632134607,596.9270160872393,523.0513329224252,2253.2446896206347,0.011124005542635,0.082657235750005,0.03672146265625,2,3,Cu-Fe-O,"Fe,Cu,O",mp-755351,mp-753104,"mp-755351,mp-1178069,mp-771398,mp-756959,mp-753104",,"['Fe', 'Cu', 'O']",True,True,False,False,False,False,True,0.082657235750005
BAT_00528,Li4-5Fe2Cu3O10,Fe2Cu3O10,Li4Fe2Cu3O10,Li5Fe2Cu3O10,Li,3.920631173333337,53.92359196857291,232.8437137161757,211.41451565009413,912.8943225103416,0.013641185887838,0.097819084157892,0.071392157750004,1,3,Cu-Fe-O,"Fe,Cu,O",mp-849416,mp-771233,"mp-849416,mp-771233",,"['Fe', 'Cu', 'O']",True,True,False,False,False,False,True,0.097819084157892
BAT_00529,Li2-3Fe(CuO3)2,Fe(CuO3)2,Li2Fe(CuO3)2,Li3Fe(CuO3)2,Li,4.044285213333329,89.41087211270182,406.7007863072624,361.6030679966373,1644.8139763134996,0.007832476585911,0.102950866412879,0.049326528958332,1,3,Cu-Fe-O,"Fe,Cu,O",mp-756110,mp-755201,"mp-756110,mp-755201",,"['Fe', 'Cu', 'O']",True,True,False,False,False,False,True,0.102950866412879
BAT_00530,Li3-4FeCu3O8,FeCu3O8,Li3FeCu3O8,Li4FeCu3O8,Li,4.244925613333327,66.63020723674416,308.15346110612194,282.84027332096287,1308.088519886692,0.004561938990056,0.110269904702779,0.057054186718749,1,3,Cu-Fe-O,"Fe,Cu,O",mp-771350,mp-756375,"mp-771350,mp-756375",,"['Fe', 'Cu', 'O']",True,True,False,False,False,False,True,0.110269904702779
BAT_00531,Li1-1.5FeCuO4,FeCuO4,LiFeCuO4,Li3Fe2(CuO4)2,Li,2.976155723333325,69.14723249720689,288.45578312652606,205.79293174922236,858.4893298806069,0.015113506457425,0.036439785791666,0.070105173933333,1,3,Cu-Fe-O,"Fe,Cu,O",mp-775462,mp-781767,"mp-775462,mp-781767,mp-755106",,"['Fe', 'Cu', 'O']",True,True,False,False,False,False,True,0.070105173933333
BAT_00532,Li0-2Fe2Cu(PO4)3,Fe2Cu(PO4)3,Fe2Cu(PO4)3,Li2Fe2Cu(PO4)3,Li,3.331431138333319,113.07876380909748,399.3118102757817,376.7141148378662,1330.2797986569858,0.004522804716095,0.075172307656258,0.11142556174999,1,4,Cu-Fe-O-P,"Fe,Cu,P,O",mp-775240,mp-761114,"mp-775240,mp-761114",,"['Fe', 'Cu', 'P', 'O']",True,True,False,False,True,False,True,0.11142556174999
BAT_00533,Li0-4Fe3Cu(PO4)4,Fe3Cu(PO4)4,Fe3Cu(PO4)4,Li4Fe3Cu(PO4)4,Li,3.693901858333331,167.84220153765952,593.8556927220679,619.992620166718,2193.6446469278744,0.054071583986808,0.049023099283863,0.02258314392857,1,4,Cu-Fe-O-P,"Fe,Cu,P,O",mp-775191,mp-1177485,"mp-775191,mp-1177485",,"['Fe', 'Cu', 'P', 'O']",True,True,False,False,True,False,True,0.049023099283863
BAT_00534,Li0-4FeCu3(PO4)4,FeCu3(PO4)4,FeCu3(PO4)4,Li4FeCu3(PO4)4,Li,3.894659230833331,163.89024105016657,607.0572081400593,638.296640149531,2364.280959326593,0.036215600619238,0.029237851197912,0.047499447857136,1,4,Cu-Fe-O-P,"Fe,Cu,P,O",mp-775297,mp-1177402,"mp-775297,mp-1177402",,"['Fe', 'Cu', 'P', 'O']",True,True,False,False,True,False,True,0.047499447857136
BAT_00535,Li0-4TiFe3Cu2(PO4)6,TiFe3Cu2(PO4)6,TiFe3Cu2(PO4)6,Li4TiFe3Cu2(PO4)6,Li,3.188895230833314,114.03840177053,375.3773998178894,363.6565155378965,1197.0392000418778,0.060495269984451,0.052781282569444,0.087742573437505,1,5,Cu-Fe-O-P-Ti,"Ti,Fe,Cu,P,O",mp-775996,mp-778677,"mp-775996,mp-778677",,"['Ti', 'Fe', 'Cu', 'P', 'O']",True,True,False,False,True,False,True,0.087742573437505
BAT_00536,Li0-2FeCu(PO4)2,FeCu(PO4)2,FeCu(PO4)2,Li2FeCu(PO4)2,Li,3.732133335833336,165.8426812512617,619.5832052044808,618.946999201816,2312.3671344661097,0.046853054727297,0.037391828151046,0.036195189285708,1,4,Cu-Fe-O-P,"Fe,Cu,P,O",mp-775167,mp-758722,"mp-775167,mp-758722",,"['Fe', 'Cu', 'P', 'O']",True,True,False,False,True,False,True,0.037391828151046
BAT_00537,Li0-1.5V3Fe2CuO12,V3Fe2CuO12,V3Fe2CuO12,Li3V6Fe4(CuO12)2,Li,3.648902543333316,75.78678494415811,274.17595458971317,276.53859233379364,1000.4413380232442,0.0079377183984,0.047536193368053,0.035737167051282,2,4,Cu-Fe-O-V,"V,Fe,Cu,O",mp-773088,mp-772865,"mp-773088,mp-766078,mp-772865",,"['V', 'Fe', 'Cu', 'O']",True,True,False,False,False,False,True,0.047536193368053
BAT_00553,Li0-4Mn3CuNi2(PO4)6,Mn3CuNi2(PO4)6,Mn3CuNi2(PO4)6,Li4Mn3CuNi2(PO4)6,Li,3.753400058333331,113.64516088216786,386.4249986529908,426.55575348442966,1450.407612485593,0.071289493142945,0.045274948715276,0.083394568437515,1,5,Cu-Mn-Ni-O-P,"Mn,Cu,Ni,P,O",mp-772496,mp-775323,"mp-772496,mp-775323",,"['Mn', 'Cu', 'Ni', 'P', 'O']",True,True,False,False,True,False,True,0.083394568437515
BAT_00554,Li3-4MnCu3O8,MnCu3O8,Li3MnCu3O8,Li4MnCu3O8,Li,3.329249773333335,66.7807811032492,308.31896100147134,222.32990035101545,1026.4708310285178,0.006648969960914,0.07293014056667,0.079862679375,1,3,Cu-Mn-O,"Mn,Cu,O",mp-756390,mp-756491,"mp-756390,mp-756491",,"['Mn', 'Cu', 'O']",True,True,False,False,False,False,True,0.079862679375
BAT_00555,Li1-3Mn5(CuO6)2,Mn5(CuO6)2,LiMn5(CuO6)2,Li3Mn5(CuO6)2,Li,3.275343688333341,87.21629440759719,389.474957911095,285.6633394077459,1275.6643451579985,0.022984220644009,0.076807510395836,0.083052759090918,2,3,Cu-Mn-O,"Mn,Cu,O",mp-756860,mp-849464,"mp-756860,mp-849474,mp-849464",,"['Mn', 'Cu', 'O']",True,True,False,False,False,False,True,0.083052759090918
BAT_00556,Li0-4Mn5CuO12,Mn5CuO12,Mn5CuO12,Li4Mn5CuO12,Li,3.39711629333333,192.12771446642287,760.0279764169111,652.680189214779,2581.903422075049,0.085426977567312,0.062996609618057,0.104316238181819,1,3,Cu-Mn-O,"Mn,Cu,O",mp-756191,mp-753851,"mp-756191,mp-753851,mp-1177346",,"['Mn', 'Cu', 'O']",True,True,False,False,False,False,True,0.104316238181819
BAT_00557,Li0-4Mn3CuO8,Mn3CuO8,Mn3CuO8,Li4Mn3CuO8,Li,3.316603785833334,279.0953612930095,1199.4008853794276,925.6487318729174,3977.937517181262,0.048605578600231,0.063009422343749,0.092166934062513,1,3,Cu-Mn-O,"Mn,Cu,O",mp-756525,mp-773427,"mp-756525,mp-773427",,"['Mn', 'Cu', 'O']",True,True,False,False,False,False,True,0.092166934062513
BAT_00558,Li4-5Mn2Cu3O10,Mn2Cu3O10,Li4Mn2Cu3O10,Li5Mn2Cu3O10,Li,3.981817878333335,54.12110803727722,241.31995041063155,215.5003955780404,960.8920929435666,0.005178393007883,0.074177774210519,0.046727353249996,1,3,Cu-Mn-O,"Mn,Cu,O",mp-849495,mp-755409,"mp-849495,mp-755409",,"['Mn', 'Cu', 'O']",True,True,False,False,False,False,True,0.074177774210519
BAT_00559,Li0-2Mn3CuO8,Mn3CuO8,Mn3CuO8,Li2Mn3CuO8,Li,4.251077828333334,144.7800025103567,608.9745195197689,615.4710586578218,2588.7980779504346,0.036306176591273,0.074407050677082,0.018717342107141,1,3,Cu-Mn-O,"Mn,Cu,O",mp-756513,mp-756596,"mp-756513,mp-756596",,"['Mn', 'Cu', 'O']",True,True,False,False,False,False,True,0.074407050677082
BAT_00560,Li0-5Mn3Cu(PO4)4,Mn3Cu(PO4)4,Mn3Cu(PO4)4,Li5Mn3Cu(PO4)4,Li,3.5235645473333292,208.42566951497645,689.5597216125043,734.4012998571842,2429.7081883428605,0.113940228533617,0.016614386822899,0.056636543965522,2,4,Cu-Mn-O-P,"Mn,Cu,P,O",mp-756349,mp-1177150,"mp-756349,mp-757721,mp-1177150",More than one working ion per transition metal,"['Mn', 'Cu', 'P', 'O']",True,True,False,False,True,False,True,0.056636543965522
BAT_00561,Li0-4Mn5Cu(PO4)6,Mn5Cu(PO4)6,Mn5Cu(PO4)6,Li4Mn5Cu(PO4)6,Li,3.737699760833327,114.5572467400298,373.9328473120229,428.1805937419338,1397.648713965873,0.068988142403291,0.055053920104156,0.067297801937505,1,4,Cu-Mn-O-P,"Mn,Cu,P,O",mp-773506,mp-1177362,"mp-773506,mp-1177362",,"['Mn', 'Cu', 'P', 'O']",True,True,False,False,True,False,True,0.067297801937505
BAT_00562,Li0-8Mn7Cu(PO4)12,Mn7Cu(PO4)12,Mn7Cu(PO4)12,Li8Mn7Cu(PO4)12,Li,4.905423368333334,130.47665373663435,395.7099371706681,640.043226261623,1941.124772878711,0.042257423752788,0.088673820790429,0.02345489516448,1,4,Cu-Mn-O-P,"Mn,Cu,P,O",mp-1176532,mp-1176950,"mp-1176532,mp-1176950",,"['Mn', 'Cu', 'P', 'O']",True,True,False,False,True,False,True,0.088673820790429
BAT_00563,Li0-4MnCu3(PO4)4,MnCu3(PO4)4,MnCu3(PO4)4,Li4MnCu3(PO4)4,Li,4.128801940833331,164.11779045716997,601.6518238790832,677.6098517648414,2484.1012181378724,0.046537021078915,0.03909223520834,0.043184879375007,1,4,Cu-Mn-O-P,"Mn,Cu,P,O",mp-775168,mp-753744,"mp-775168,mp-753744",,"['Mn', 'Cu', 'P', 'O']",True,True,False,False,True,False,True,0.043184879375007
BAT_00564,Li0-2MnCu(PO4)2,MnCu(PO4)2,MnCu(PO4)2,Li2MnCu(PO4)2,Li,3.864876450833333,166.30935130011238,590.336355899242,642.7650953931723,2281.577079985746,0.042972896709419,0.007482158229163,0.032659129464295,1,4,Cu-Mn-O-P,"Mn,Cu,P,O",mp-775025,mp-765574,"mp-775025,mp-765574",,"['Mn', 'Cu', 'P', 'O']",True,True,False,False,True,False,True,0.032659129464295
BAT_00566,Li0-4Mn3Cu3(TeO8)2,Mn3Cu3(TeO8)2,Mn3Cu3(TeO8)2,Li4Mn3Cu3(TeO8)2,Li,3.987912588333334,119.86263559831389,584.4595170560322,478.0017133733272,2330.773465438972,0.090865777229044,0.055740142864588,0.029375233329605,1,4,Cu-Mn-O-Te,"Mn,Cu,Te,O",mp-758477,mp-757393,"mp-758477,mp-757393",,"['Mn', 'Cu', 'Te', 'O']",True,True,False,False,False,False,True,0.055740142864588
BAT_00567,Li0-2MnV4CuO12,MnV4CuO12,MnV4CuO12,Li2MnV4CuO12,Li,3.730421058333324,101.49676311995466,341.4358781566244,378.625662495348,1273.699589946003,0.020420127427884,0.131325178055556,0.078117128375009,1,4,Cu-Mn-O-V,"Mn,V,Cu,O",mp-754799,mp-774824,"mp-754799,mp-774824",,"['Mn', 'V', 'Cu', 'O']",True,True,False,False,False,False,True,0.131325178055556
BAT_00573,Li3-4CuNi3O8,CuNi3O8,Li3CuNi3O8,Li4CuNi3O8,Li,3.681126523333337,67.78571273841646,313.412925747771,249.5277850644393,1153.7126337256218,0.016371056446354,0.033158405472223,0.017839251875,1,3,Cu-Ni-O,"Cu,Ni,O",mp-861850,mp-752986,"mp-861850,mp-868007,mp-752986",,"['Cu', 'Ni', 'O']",True,True,False,False,False,False,True,0.033158405472223
BAT_00574,Li0-2V4CuNiO12,V4CuNiO12,V4CuNiO12,Li2V4CuNiO12,Li,2.674010633333343,100.7801423905755,352.307177749766,269.4871723812474,942.0731395025348,0.019601467728186,0.010587386944445,0.08454168075001,1,4,Cu-Ni-O-V,"V,Cu,Ni,O",mp-756167,mp-1177805,"mp-756167,mp-1177805",,"['V', 'Cu', 'Ni', 'O']",True,True,False,False,False,False,True,0.08454168075001
BAT_00617,Li0-4TiCu3(PO4)4,TiCu3(PO4)4,TiCu3(PO4)4,Li4TiCu3(PO4)4,Li,3.450589888333337,165.91377636304,588.758957101665,572.5003990535046,2031.5657040406863,0.000296318507337,0.038160195416674,0.08093020017857,1,4,Cu-O-P-Ti,"Ti,Cu,P,O",mp-1101275,mp-1177279,"mp-1101275,mp-1177279,mp-760136",,"['Ti', 'Cu', 'P', 'O']",True,True,False,False,True,False,True,0.08093020017857
BAT_00619,Li0-2VCu(PO4)2,VCu(PO4)2,VCu(PO4)2,Li2VCu(PO4)2,Li,3.244210575833333,168.3974357539212,597.7353024804917,546.3167420160854,1939.179189856147,0.058973083847203,0.038577007500019,0.066748434540819,1,4,Cu-O-P-V,"V,Cu,P,O",mp-755025,mp-757133,"mp-755025,mp-757133",,"['V', 'Cu', 'P', 'O']",True,True,False,False,True,False,True,0.066748434540819
BAT_00621,Li0-4V3Cu(PO4)4,V3Cu(PO4)4,V3Cu(PO4)4,Li4V3Cu(PO4)4,Li,2.804097548333328,171.79887425883308,590.2360106779045,481.74080211561966,1655.0793504799562,0.039753016621219,0.029975667708344,0.071059705446423,1,4,Cu-O-P-V,"V,Cu,P,O",mp-775334,mp-1177267,"mp-775334,mp-1177267",,"['V', 'Cu', 'P', 'O']",True,True,False,False,True,False,True,0.071059705446423
BAT_00622,Li0-2V2Cu(PO4)3,V2Cu(PO4)3,V2Cu(PO4)3,Li2V2Cu(PO4)3,Li,2.782789813333342,115.46761238734044,374.2867719120203,321.3220955214138,1041.5614161421904,0.051384829564105,0.01383206416667,0.082168633678574,1,4,Cu-O-P-V,"V,Cu,P,O",mp-757397,mp-759398,"mp-757397,mp-759398",,"['V', 'Cu', 'P', 'O']",True,True,False,False,True,False,True,0.082168633678574
BAT_00624,Li0-6V3Cu(PO4)6,V3Cu(PO4)6,V3Cu(PO4)6,Li6V3Cu(PO4)6,Li,3.685651848333335,194.2500716755031,577.804094046429,715.938135709701,2129.5847271967896,0.022782976981863,0.023658816176473,0.065657190312506,1,4,Cu-O-P-V,"V,Cu,P,O",mp-774423,mp-1176990,"mp-774423,mp-1176990",More than one working ion per transition metal,"['V', 'Cu', 'P', 'O']",True,True,False,False,True,False,True,0.065657190312506
BAT_00634,Li0-4Ti3Cu3(TeO8)2,Ti3Cu3(TeO8)2,Ti3Cu3(TeO8)2,Li4Ti3Cu3(TeO8)2,Li,3.652500228333335,122.77454751886071,567.526781466401,448.4340628461607,2072.8916988913124,0.087394042206606,0.089807959218754,0.073270658482134,1,4,Cu-O-Te-Ti,"Ti,Cu,Te,O",mp-760579,mp-758259,"mp-760579,mp-758259",,"['Ti', 'Cu', 'Te', 'O']",True,True,False,False,False,False,True,0.089807959218754
BAT_00636,Li0-2V5CuO12,V5CuO12,V5CuO12,Li2V5CuO12,Li,2.59489247833334,102.27068885753312,346.749468633992,265.381441270382,899.7775880244283,0.012093216642106,0.025566345277779,0.091945314916666,1,3,Cu-O-V,"V,Cu,O",mp-777235,mp-755507,"mp-777235,mp-755507",,"['V', 'Cu', 'O']",True,True,False,False,False,False,True,0.091945314916666
BAT_00637,Li1-3V4CuO12,V4CuO12,LiV4CuO12,Li3V4CuO12,Li,3.739597373333343,111.64311312681286,348.4558948961691,417.50029259978675,1303.0847492762337,0.032681818492332,0.040833215173613,0.039686955250019,1,3,Cu-O-V,"V,Cu,O",mp-756257,mp-756355,"mp-756257,mp-756355",,"['V', 'Cu', 'O']",True,True,False,False,False,False,True,0.040833215173613
BAT_00638,Li0-1VCuO4,VCuO4,VCuO4,LiVCuO4,Li,3.7300482533333272,144.53996036892266,571.7412425171092,539.1410267109683,2132.622423009569,0.098045758421294,0.037682916770838,0.060458893928571,1,3,Cu-O-V,"V,Cu,O",mp-25196,mp-1104607,"mp-25196,mp-1104607",,"['V', 'Cu', 'O']",True,True,False,False,False,False,True,0.060458893928571
BAT_00639,Li0-2V3CuO8,V3CuO8,V3CuO8,Li2V3CuO8,Li,3.48175238833333,149.6254192022106,596.6820962521938,520.9586606626725,2077.499313701814,0.053527317596379,0.078647177083333,0.039197027738094,1,3,Cu-O-V,"V,Cu,O",mp-775644,mp-773650,"mp-775644,mp-773650",,"['V', 'Cu', 'O']",True,True,False,False,False,False,True,0.078647177083333
BAT_00641,Li0-8Ti16CuS32,Ti16CuS32,Ti16CuS32,Li8Ti16CuS32,Li,2.006932327083331,112.19724334619788,358.7951339672894,225.1722746811197,720.0775531591477,0.029493123648653,0.029846797244901,0.032027766491229,1,3,Cu-S-Ti,"Ti,Cu,S",mp-767157,mp-774459,"mp-767157,mp-774459",,"['Ti', 'Cu', 'S']",True,False,True,False,False,False,True,0.032027766491229
BAT_00647,Li2-3FeF6,FeF6,Li2FeF6,Li3FeF6,Li,5.475817033333333,140.57328943469963,421.18352722302114,769.7536127182249,2306.3239325272325,0.087546003856631,0.023342733333334,0.088416488833323,1,2,F-Fe,"Fe,F",mp-777463,mp-755087,"mp-777463,mp-755087",More than one working ion per transition metal,"['Fe', 'F']",True,False,False,True,False,False,True,0.088416488833323
BAT_00648,Li0-1FeF3,FeF3,FeF3,LiFeF3,Li,3.461439773333332,223.7536357736355,786.551886352868,774.5097342948019,2722.6019832121765,0.029353354154893,0.006887157083333,0.023975514999996,1,2,F-Fe,"Fe,F",mp-22398,mp-761166,"mp-22398,mp-1181783,mp-761166,mp-1097043",,"['Fe', 'F']",True,False,False,True,False,False,True,0.023975514999996
BAT_00650,Li1-2FeF4,FeF4,LiFeF4,Li2FeF4,Li,3.307909273333333,183.92374716505373,570.1967773443087,608.4030688334967,1886.159207402021,0.125512613974288,0.009250823333322,0.028641942857142,1,2,F-Fe,"Fe,F",mp-776164,mp-849493,"mp-776164,mp-849493",More than one working ion per transition metal,"['Fe', 'F']",True,False,False,True,False,False,True,0.028641942857142
BAT_00652,Li1-2FeF4,FeF4,LiFeF4,Li2FeF4,Li,3.366988983333333,183.92374716505373,541.5871667593285,619.2692304781212,1823.518023993372,0.014587862184091,0.106044201666655,0.103167737142856,1,2,F-Fe,"Fe,F",mp-756535,mp-777588,"mp-756535,mp-777588",More than one working ion per transition metal,"['Fe', 'F']",True,False,False,True,False,False,True,0.106044201666655
BAT_00653,Li0-1FeF3,FeF3,FeF3,LiFeF3,Li,3.246644476666664,223.7536357736355,739.5625799137715,726.4485057185582,2401.096765226395,0.089806646114283,0.038028017916666,0.091847262999996,1,2,F-Fe,"Fe,F",mp-1181398,mp-760354,"mp-1181398,mp-760354",,"['Fe', 'F']",True,False,False,True,False,False,True,0.091847262999996
BAT_00654,Li1-2FeF4,FeF4,LiFeF4,Li2FeF4,Li,3.153068693333328,183.92374716505373,573.3801501980706,579.9242091466855,1807.9070009682985,0.005446910756986,0.064319857499988,0.097964054999999,1,2,F-Fe,"Fe,F",mp-755299,mp-755356,"mp-755299,mp-755356",More than one working ion per transition metal,"['Fe', 'F']",True,False,False,True,False,False,True,0.097964054999999
BAT_00655,Li1-2FeF4,FeF4,LiFeF4,Li2FeF4,Li,3.735470313333327,183.92374716505373,565.1073304219478,687.041697452083,2110.941656638234,0.02341746623079,0.084745464166655,0.03227148642857,1,2,F-Fe,"Fe,F",mp-756100,mp-755741,"mp-756100,mp-755741",More than one working ion per transition metal,"['Fe', 'F']",True,False,False,True,False,False,True,0.084745464166655
BAT_00656,Li1-2FeF4,FeF4,LiFeF4,Li2FeF4,Li,3.6041854233333313,183.92374716505373,568.3392434113487,662.8952885371317,2048.400016611477,0.073150312461561,0.055462173333322,0.025926507142856,1,2,F-Fe,"Fe,F",mp-777477,mp-754579,"mp-777477,mp-777525,mp-754579",More than one working ion per transition metal,"['Fe', 'F']",True,False,False,True,False,False,True,0.055462173333322
BAT_00657,Li0-2Fe4OF8,Fe4OF8,Fe4OF8,Li2Fe4OF8,Li,3.590762195833332,132.27179293048732,501.6219001377259,474.9565536298885,1801.2049556166294,0.061667072957571,0.119275373034192,0.056960185666667,1,3,F-Fe-O,"Fe,O,F",mp-754705,mp-849951,"mp-754705,mp-849951",,"['Fe', 'O', 'F']",True,True,False,True,False,False,True,0.119275373034192
BAT_00658,Li2-3FeOF3,FeOF3,Li2FeOF3,Li3FeOF3,Li,2.5714668008333392,179.07933863371505,582.8050141222404,460.4965740117894,1498.6637451745466,0.004548813612293,0.073206602182541,0.096460904374999,1,3,F-Fe-O,"Fe,O,F",mp-755818,mp-752488,"mp-755818,mp-752488",More than one working ion per transition metal,"['Fe', 'O', 'F']",True,True,False,True,False,False,True,0.096460904374999
BAT_00660,Li2-3FeOF3,FeOF3,Li2FeOF3,Li3FeOF3,Li,2.668538583333334,179.07933863371505,592.2874666732928,477.8801246218843,1580.5419572424382,0.008495005413739,0.084822926825398,0.094491215624999,1,3,F-Fe-O,"Fe,O,F",mp-752830,mp-887364,"mp-752830,mp-887364,mp-775153",More than one working ion per transition metal,"['Fe', 'O', 'F']",True,True,False,True,False,False,True,0.094491215624999
BAT_00661,Li1-4Fe3(OF3)2,Fe3(OF3)2,LiFe3(OF3)2,Li4Fe3(OF3)2,Li,3.149515881666667,235.5910310193669,835.3001532038174,741.9976937737206,2630.791098474024,0.010184229222978,0.100392847268516,0.071481444666664,1,3,F-Fe-O,"Fe,O,F",mp-756353,mp-752847,"mp-756353,mp-752847",More than one working ion per transition metal,"['Fe', 'O', 'F']",True,True,False,True,False,False,True,0.100392847268516
BAT_00663,Li0-1Fe7O7F,Fe7O7F,Fe7O7F,LiFe7O7F,Li,3.125666943333333,50.67877630223419,224.82870108984255,158.4049758164781,702.7396389090919,0.03178655774603,0.104092672833328,0.06601291875,1,3,F-Fe-O,"Fe,O,F",mp-1178254,mp-1176712,"mp-1178254,mp-1176712",,"['Fe', 'O', 'F']",True,True,False,True,False,False,True,0.104092672833328
BAT_00664,Li0-1Fe5(OF2)4,Fe5(OF2)4,Fe5(OF2)4,LiFe5(OF2)4,Li,4.889853933333332,53.373368675317565,196.97269904208716,260.98797675225165,963.1677271702324,0.029146267262298,0.121698997140523,0.084231556635803,1,3,F-Fe-O,"Fe,O,F",mp-752802,mp-754972,"mp-752802,mp-754972",,"['Fe', 'O', 'F']",True,True,False,True,False,False,True,0.121698997140523
BAT_00665,Li0-5Fe7O3F13,Fe7O3F13,Fe7O3F13,Li5Fe7O3F13,Li,3.522053267333335,185.9670850749513,658.8472663619112,654.9859796046886,2320.495167163606,0.006460193760416,0.138528501086955,0.052791516071427,1,3,F-Fe-O,"Fe,O,F",mp-754593,mp-780457,"mp-754593,mp-780457",,"['Fe', 'O', 'F']",True,True,False,True,False,False,True,0.138528501086955
BAT_00668,Li7-8FeO5F,FeO5F,Li7FeO5F,Li8FeO5F,Li,2.987245803333327,127.40259819286346,328.2578523090802,380.5828767853936,980.586891721511,0.036634234658859,0.063047200357142,0.051991217999999,1,3,F-Fe-O,"Fe,O,F",mp-754420,mp-755400,"mp-754420,mp-755400",More than one working ion per transition metal,"['Fe', 'O', 'F']",True,True,False,True,False,False,True,0.063047200357142
BAT_00669,Li0-1Fe5(OF2)4,Fe5(OF2)4,Fe5(OF2)4,LiFe5(OF2)4,Li,4.668649563333337,53.373368675317565,218.995116108279,249.18155435965053,1022.41145319105,0.041917928647269,0.075080378905228,0.05249199330247,1,3,F-Fe-O,"Fe,O,F",mp-754310,mp-1176720,"mp-754310,mp-1176720",,"['Fe', 'O', 'F']",True,True,False,True,False,False,True,0.075080378905228
BAT_00670,Li3-4FeOF4,FeOF4,Li3FeOF4,Li4FeOF4,Li,2.750019168333328,152.6262752801652,480.471417564398,419.7251826117736,1321.305608138381,0.014602450571506,0.06600566919753,0.067473967499999,1,3,F-Fe-O,"Fe,O,F",mp-754295,mp-754592,"mp-754295,mp-754592",More than one working ion per transition metal,"['Fe', 'O', 'F']",True,True,False,True,False,False,True,0.067473967499999
BAT_00672,Li0-3Fe5OF11,Fe5OF11,Fe5OF11,Li3Fe5OF11,Li,3.662172166666668,153.14261789611092,566.9472136486439,560.8346327896062,2076.2583057932848,0.02097612283366,0.69668255133986,0.544810146000001,1,3,F-Fe-O,"Fe,O,F",mp-1346391,mp-1342745,"mp-1346391,mp-1342745",,"['Fe', 'O', 'F']",True,True,False,True,False,False,True,0.69668255133986
BAT_00673,Li2-3FeOF3,FeOF3,Li2FeOF3,Li3FeOF3,Li,2.668171378333331,179.07933863371505,586.6874665236961,477.8143657933408,1565.3827062054202,0.011568896142865,0.091604998253969,0.100471428749999,1,3,F-Fe-O,"Fe,O,F",mp-764977,mp-777299,"mp-764977,mp-777299",More than one working ion per transition metal,"['Fe', 'O', 'F']",True,True,False,True,False,False,True,0.100471428749999
BAT_00674,Li0-1Fe3OF5,Fe3OF5,Fe3OF5,LiFe3OF5,Li,2.315727533333334,93.88630590807566,376.4221083216382,217.41510359428693,871.6910403958005,0.062268436087508,0.043772395123456,0.100980262999998,1,3,F-Fe-O,"Fe,O,F",mp-779913,mp-753410,"mp-779913,mp-753410",,"['Fe', 'O', 'F']",True,True,False,True,False,False,True,0.100980262999998
BAT_00675,Li4-5FeOF5,FeOF5,Li4FeOF5,Li5FeOF5,Li,2.8262655033333433,132.982498968668,401.01725986538867,375.8438493822083,1133.3812477988108,0.002572419694931,0.10836888510101,0.099708337777776,1,3,F-Fe-O,"Fe,O,F",mp-775155,mp-1177101,"mp-775155,mp-1177101",More than one working ion per transition metal,"['Fe', 'O', 'F']",True,True,False,True,False,False,True,0.10836888510101
BAT_00676,Li0-1Fe4OF7,Fe4OF7,Fe4OF7,LiFe4OF7,Li,2.796471663333339,70.65865938028901,277.03367786953703,197.5949387261007,774.7168299511768,0.081564916726213,0.05981557384259,0.065607217692307,1,3,F-Fe-O,"Fe,O,F",mp-881173,mp-776991,"mp-881173,mp-776991",,"['Fe', 'O', 'F']",True,True,False,True,False,False,True,0.065607217692307
BAT_00678,Li0-1Fe2OF3,Fe2OF3,Fe2OF3,LiFe2OF3,Li,3.2404616558333332,139.86377500016516,525.1570908802125,453.2231999281359,1701.7514162863097,0.07711422308874,0.091389423101847,0.034207641428571,1,3,F-Fe-O,"Fe,O,F",mp-777541,mp-776904,"mp-777541,mp-776904",,"['Fe', 'O', 'F']",True,True,False,True,False,False,True,0.091389423101847
BAT_00679,Li0-1Fe2O2F3,Fe2O2F3,Fe2O2F3,LiFe2O2F3,Li,4.665271138333336,129.08599593564517,488.0799103106747,602.2211712015796,2277.0251187727135,0.060874676507547,0.136367857976194,0.078305358611111,1,3,F-Fe-O,"Fe,O,F",mp-755377,mp-756358,"mp-755377,mp-756358,mp-1176729",,"['Fe', 'O', 'F']",True,True,False,True,False,False,True,0.136367857976194
BAT_00680,Li6-8FeO5F,FeO5F,Li6FeO5F,Li8FeO5F,Li,3.291826878333336,254.80519638572693,592.23309072076,838.7745942015403,1949.528806273023,0.049603340984933,0.092362448846151,0.028506134333332,2,3,F-Fe-O,"Fe,O,F",mp-764903,mp-776549,"mp-764903,mp-759661,mp-776549",More than one working ion per transition metal,"['Fe', 'O', 'F']",True,True,False,True,False,False,True,0.092362448846151
BAT_00682,Li0-3Fe5OF11,Fe5OF11,Fe5OF11,Li3Fe5OF11,Li,3.129595030000004,153.14261789611092,569.75945734599,479.2743758488585,1783.1163660055097,0.041245614689279,0.085269615457508,0.104995721,1,3,F-Fe-O,"Fe,O,F",mp-1178251,mp-778257,"mp-1178251,mp-778257",,"['Fe', 'O', 'F']",True,True,False,True,False,False,True,0.104995721
BAT_00683,Li0-3Fe5OF11,Fe5OF11,Fe5OF11,Li3Fe5OF11,Li,3.516374020000005,153.14261789611092,566.9472613888714,538.5067229246723,1993.5986206579792,0.020976251506498,0.095700820751625,0.055845397,1,3,F-Fe-O,"Fe,O,F",mp-1178250,mp-779353,"mp-1178250,mp-779353",,"['Fe', 'O', 'F']",True,True,False,True,False,False,True,0.095700820751625
BAT_00684,Li4-5FeOF5,FeOF5,Li4FeOF5,Li5FeOF5,Li,2.754838700833329,132.98249896866804,397.07873473596334,366.345334692415,1093.8878657285634,0.013618405762568,0.099793020252525,0.097799361874999,1,3,F-Fe-O,"Fe,O,F",mp-779064,mp-777279,"mp-779064,mp-777279",More than one working ion per transition metal,"['Fe', 'O', 'F']",True,True,False,True,False,False,True,0.099793020252525
BAT_00685,Li0-4Fe7(OF7)2,Fe7(OF7)2,Fe7(OF7)2,Li4Fe7(OF7)2,Li,3.467460820833328,149.59200458090982,525.418049768754,518.7044149942245,1821.8665021318104,0.11009644842452,0.080013798429948,0.034858101296295,1,3,F-Fe-O,"Fe,O,F",mp-777455,mp-757088,"mp-777455,mp-757088",,"['Fe', 'O', 'F']",True,True,False,True,False,False,True,0.080013798429948
BAT_00689,Li0-3Fe3OF7,Fe3OF7,Fe3OF7,Li3Fe3OF7,Li,3.57038111333333,238.3439863771591,806.1607589866924,850.9788674375854,2878.3011481965495,0.065363730421637,0.11800184025252,0.044713782142857,1,3,F-Fe-O,"Fe,O,F",mp-1178324,mp-764593,"mp-1178324,mp-764593",,"['Fe', 'O', 'F']",True,True,False,True,False,False,True,0.11800184025252
BAT_00690,Li1-2Fe2Si2O7,Fe2Si2O7,LiFe2Si2O7,Li2Fe2Si2O7,Li,2.6866881683333372,91.2425636155792,287.2931389479058,245.1403161143785,771.8670772546841,0.056219471304897,0.056878521041662,0.050569456730776,1,3,Fe-O-Si,"Fe,Si,O",mp-780866,mp-759016,"mp-780866,mp-759016",,"['Fe', 'Si', 'O']",True,True,False,False,False,True,True,0.056878521041662
BAT_00691,Li1-2FeSiO4,FeSiO4,LiFeSiO4,Li2FeSiO4,Li,3.146241033333337,165.63540313839425,517.9156598287985,521.1289019267253,1629.487500759276,0.006527534567018,0.068681311428573,0.00016572,1,3,Fe-O-Si,"Fe,Si,O",mp-759053,mp-759575,"mp-759053,mp-758569,mp-759575",More than one working ion per transition metal,"['Fe', 'Si', 'O']",True,True,False,False,False,True,True,0.068681311428573
BAT_00692,Li1-2FeSiO4,FeSiO4,LiFeSiO4,Li2FeSiO4,Li,2.792892350833338,165.63540313839425,498.5657432442349,462.6018504524176,1392.440450694362,0.006380567967458,0.027755231071431,0.008523985,1,3,Fe-O-Si,"Fe,Si,O",mp-758499,mp-758823,"mp-758499,mp-1177679,mp-758823",More than one working ion per transition metal,"['Fe', 'Si', 'O']",True,True,False,False,False,True,True,0.027755231071431
BAT_00693,Li1-2FeSiO4,FeSiO4,LiFeSiO4,Li2FeSiO4,Li,2.873947745833332,165.63540313839425,494.51280252730527,476.02749347978335,1421.2039541090726,0.019800043141179,0.051897382857144,0.0195164434375,1,3,Fe-O-Si,"Fe,Si,O",mp-766542,mp-764340,"mp-766542,mp-764340",More than one working ion per transition metal,"['Fe', 'Si', 'O']",True,True,False,False,False,True,True,0.051897382857144
BAT_00694,Li2.25-3FeSiO5,FeSiO5,Li9Fe4(SiO5)4,Li3FeSiO5,Li,4.67958152333334,108.801388137098,312.0979793564965,509.144965639383,1460.4879376663314,0.065349810827572,0.106752890594592,0.00952118925,1,3,Fe-O-Si,"Fe,Si,O",mp-759075,mp-764341,"mp-759075,mp-764341",More than one working ion per transition metal,"['Fe', 'Si', 'O']",True,True,False,False,False,True,True,0.106752890594592
BAT_00695,Li0-2Fe3(SiO4)2,Fe3(SiO4)2,Fe3(SiO4)2,Li2Fe3(SiO4)2,Li,2.962059718333347,146.623155250919,469.80972373038605,434.30654194368384,1391.6044579430952,0.043050543148792,0.103711873653853,0.049815508500001,2,3,Fe-O-Si,"Fe,Si,O",mp-850744,mp-759106,"mp-850744,mp-780681,mp-759106",,"['Fe', 'Si', 'O']",True,True,False,False,False,True,True,0.103711873653853
BAT_00696,Li1.5-4Fe2Si3O10,Fe2Si3O10,Li3Fe4(Si3O10)2,Li4Fe2Si3O10,Li,3.285240055333331,174.62318753991605,521.4790732788304,573.6790902961166,1713.183939553719,0.026695272638349,0.083484753434346,0.020029902631578,2,3,Fe-O-Si,"Fe,Si,O",mp-779820,mp-757438,"mp-779820,mp-766530,mp-1177108,mp-757438",More than one working ion per transition metal,"['Fe', 'Si', 'O']",True,True,False,False,False,True,True,0.083484753434346
BAT_00697,Li1-2FeSiO4,FeSiO4,LiFeSiO4,Li2FeSiO4,Li,2.457523452083334,165.63540313839425,476.26728102187747,407.0528877078813,1170.4380125712275,0.049340543840538,0.032605648750002,0.0546892128125,1,3,Fe-O-Si,"Fe,Si,O",mp-759087,mp-758421,"mp-759087,mp-758572,mp-758421",More than one working ion per transition metal,"['Fe', 'Si', 'O']",True,True,False,False,False,True,True,0.0546892128125
BAT_00698,Li1-2FeSiO4,FeSiO4,LiFeSiO4,Li2FeSiO4,Li,2.867956095833333,165.63540313839425,507.7496444737663,475.0350641165694,1456.2036880257458,0.020383396814277,0.034980864285715,0.0054634459375,1,3,Fe-O-Si,"Fe,Si,O",mp-758574,mp-764346,"mp-758574,mp-760971,mp-764102,mp-764346",More than one working ion per transition metal,"['Fe', 'Si', 'O']",True,True,False,False,False,True,True,0.034980864285715
BAT_00699,Li1-1.5FeSiO4,FeSiO4,LiFeSiO4,Li3Fe2(SiO4)2,Li,2.030992473333332,84.63290656716289,231.98127258048248,171.88879623423097,471.152218565248,0.071623638846402,0.021350287142859,0.062313944000007,1,3,Fe-O-Si,"Fe,Si,O",mp-758506,mp-760096,"mp-758506,mp-758939,mp-760096",More than one working ion per transition metal,"['Fe', 'Si', 'O']",True,True,False,False,False,True,True,0.062313944000007
BAT_00700,Li0.5-1FeSiO4,FeSiO4,LiFe2(SiO4)2,LiFeSiO4,Li,4.710699348333326,86.52946632144143,218.2505407437571,407.6143006120446,1028.1126800550128,0.002257754288093,0.117356560000004,0.041434656547621,1,3,Fe-O-Si,"Fe,Si,O",mp-850962,mp-758825,"mp-850962,mp-780871,mp-758825,mp-757540,mp-759281",,"['Fe', 'Si', 'O']",True,True,False,False,False,True,True,0.117356560000004
BAT_00701,Li0.5-1.17FeSiO4,FeSiO4,LiFe2(SiO4)2,Li7Fe6(SiO4)6,Li,4.238209680833337,114.51720694877604,331.50817823993015,485.3479351122973,1405.0011702918953,0.048810669920391,0.11845752064103,0.037889534302315,2,3,Fe-O-Si,"Fe,Si,O",mp-758113,mp-1176885,"mp-758113,mp-758562,mp-1176885",More than one working ion per transition metal,"['Fe', 'Si', 'O']",True,True,False,False,False,True,True,0.11845752064103
BAT_00703,Li0-1Fe(SiO3)2,Fe(SiO3)2,Fe(SiO3)2,LiFe(SiO3)2,Li,5.099306877083326,124.68507660434258,340.039097613652,635.8074685981854,1733.9637089385042,0.010471641787058,0.177059603194441,0.026428334500002,1,3,Fe-O-Si,"Fe,Si,O",mp-1253019,mp-1266318,"mp-1253019,mp-1266318,mp-757570",,"['Fe', 'Si', 'O']",True,True,False,False,False,True,True,0.177059603194441
BAT_00705,Li0-2FeSiO4,FeSiO4,FeSiO4,Li2FeSiO4,Li,3.9825005970833343,331.2708062767885,1014.892231178038,1319.286183793588,4041.8089166417744,0.086894026615611,0.261619403333335,0.0051958290625,2,3,Fe-O-Si,"Fe,Si,O",mp-1191756,mp-758209,"mp-1191756,mp-758614,mp-766458,mp-849257,mp-758973,mp-758209,mp-1177998",More than one working ion per transition metal,"['Fe', 'Si', 'O']",True,True,False,False,False,True,True,0.261619403333335
BAT_00706,Li1-2FeSiO4,FeSiO4,LiFeSiO4,Li2FeSiO4,Li,2.993815778333332,165.63540313839425,508.46649409444507,495.8818833663271,1522.2550127737818,0.024067041788506,0.06226841607143,0.0136075934375,1,3,Fe-O-Si,"Fe,Si,O",mp-766529,mp-757833,"mp-766529,mp-774106,mp-757833",More than one working ion per transition metal,"['Fe', 'Si', 'O']",True,True,False,False,False,True,True,0.06226841607143
BAT_00707,Li1-2FeSiO4,FeSiO4,LiFeSiO4,Li2FeSiO4,Li,2.821536255833334,165.63540313839425,504.3712199209308,467.3462952045498,1423.101683405794,0.010668626559101,0.030461309642859,0.007311315625,1,3,Fe-O-Si,"Fe,Si,O",mp-764348,mp-759942,"mp-764348,mp-758173,mp-759942",More than one working ion per transition metal,"['Fe', 'Si', 'O']",True,True,False,False,False,True,True,0.030461309642859
BAT_00708,Li1-3Fe(Si2O5)3,Fe(Si2O5)3,LiFe(Si2O5)3,Li3Fe(Si2O5)3,Li,4.541901675833334,110.48239034966522,286.3890711984821,501.8001538792171,1300.751002416738,0.011167210789921,0.106237505724635,0.035598311999998,2,3,Fe-O-Si,"Fe,Si,O",mp-775750,mp-765285,"mp-775750,mp-775303,mp-765285",More than one working ion per transition metal,"['Fe', 'Si', 'O']",True,True,False,False,False,True,True,0.106237505724635
BAT_00709,Li1.5-2FeSiO4,FeSiO4,Li3Fe2(SiO4)2,Li2FeSiO4,Li,3.404060043333335,82.81770156919713,253.9019449167772,281.9164287924084,864.2974656158228,0.037690805482461,0.073390524333341,0.0227247146875,1,3,Fe-O-Si,"Fe,Si,O",mp-778622,mp-758465,"mp-778622,mp-758465",More than one working ion per transition metal,"['Fe', 'Si', 'O']",True,True,False,False,False,True,True,0.073390524333341
BAT_00710,Li3-5Fe3(SnO5)2,Fe3(SnO5)2,Li3Fe3(SnO5)2,Li5Fe3(SnO5)2,Li,2.661506513333333,89.38981861327996,436.5142130625064,237.9115844649298,1161.7854212284349,0.02243000938148,0.071822574375,0.019263503624999,1,3,Fe-O-Sn,"Fe,Sn,O",mp-753126,mp-756675,"mp-753126,mp-756675",More than one working ion per transition metal,"['Fe', 'Sn', 'O']",True,True,False,False,False,False,True,0.071822574375
BAT_00711,Li1-2FeSnO4,FeSnO4,LiFeSnO4,Li2FeSnO4,Li,2.056088348333337,106.17197937748584,524.9205324637231,218.298969717536,1079.2829905995925,0.011347172133027,0.001434741964286,0.020262825624999,1,3,Fe-O-Sn,"Fe,Sn,O",mp-756311,mp-1177968,"mp-756311,mp-1177968",More than one working ion per transition metal,"['Fe', 'Sn', 'O']",True,True,False,False,False,False,True,0.020262825624999
BAT_00712,Li0-2Fe3TeO8,Fe3TeO8,Fe3TeO8,Li2Fe3TeO8,Li,3.885621998333331,122.65781662554907,572.0803131921706,476.6019105477693,2222.88784975292,0.09688020641965,0.140697981458332,0.042160594642854,1,3,Fe-O-Te,"Fe,Te,O",mp-1178313,mp-775742,"mp-1178313,mp-775742",,"['Fe', 'Te', 'O']",True,True,False,False,False,False,True,0.140697981458332
BAT_00713,Li0-4V3Fe3(TeO8)2,V3Fe3(TeO8)2,V3Fe3(TeO8)2,Li4V3Fe3(TeO8)2,Li,3.307799478333334,124.75758227750715,554.9545599611906,412.6730655756662,1835.6784039383313,0.018374234828695,0.126434342708315,0.05602330414575,1,4,Fe-O-Te-V,"V,Fe,Te,O",mp-774673,mp-767773,"mp-774673,mp-767773",,"['V', 'Fe', 'Te', 'O']",True,True,False,False,False,False,True,0.126434342708315
BAT_00715,Li3-4Fe3TeO8,Fe3TeO8,Li3Fe3TeO8,Li4Fe3TeO8,Li,2.221538383333329,59.4407316513805,273.1847223671277,132.0498668969581,606.8903464788332,0.004615129289289,0.062797566000002,0.065152409559652,1,3,Fe-O-Te,"Fe,Te,O",mp-772334,mp-771362,"mp-772334,mp-756782,mp-771362,mp-771580",More than one working ion per transition metal,"['Fe', 'Te', 'O']",True,True,False,False,False,False,True,0.065152409559652
BAT_00716,Li1-2TiFe2O5,TiFe2O5,LiTiFe2O5,Li2TiFe2O5,Li,2.644786933333326,105.75246273364436,461.48225370084174,279.6927316057621,1220.522234553201,0.000575615260454,0.080180713333332,0.037525049500004,1,3,Fe-O-Ti,"Ti,Fe,O",mp-753225,mp-756002,"mp-753225,mp-756002",,"['Ti', 'Fe', 'O']",True,True,False,False,False,False,True,0.080180713333332
BAT_00717,Li0-7Ti12Fe5O32,Ti12Fe5O32,Ti12Fe5O32,Li7Ti12Fe5O32,Li,3.136112813333329,132.66213586224154,502.89343903318377,416.0434241217427,1577.130557893231,0.029556908369431,0.10819230392857,0.036819993303572,1,3,Fe-O-Ti,"Ti,Fe,O",mp-773026,mp-772995,"mp-773026,mp-772995",,"['Ti', 'Fe', 'O']",True,True,False,False,False,False,True,0.10819230392857
BAT_00718,Li0-2TiFeO4,TiFeO4,TiFeO4,Li2TiFeO4,Li,3.207187718333334,295.18415108808875,1151.9147510692576,946.7109840163696,3694.406842196323,0.101160255608317,0.104313697916669,0.036703675,2,3,Fe-O-Ti,"Ti,Fe,O",mp-754900,mp-1285010,"mp-754900,mp-1279759,mp-1278941,mp-1290888,mp-1274918,mp-1284893,mp-1235595,mp-1236165,mp-1235723,mp-1285010,mp-1277038,mp-1301347,mp-1177839",,"['Ti', 'Fe', 'O']",True,True,False,False,False,False,True,0.104313697916669
BAT_00719,Li3-4TiFe3O8,TiFe3O8,Li3TiFe3O8,Li4TiFe3O8,Li,2.551506103333328,72.2098138096436,292.7990142570891,184.24378065586893,747.078471926945,0.002853453105017,0.054814027499998,0.029877081875,1,3,Fe-O-Ti,"Ti,Fe,O",mp-755163,mp-769962,"mp-755163,mp-769962",,"['Ti', 'Fe', 'O']",True,True,False,False,False,False,True,0.054814027499998
BAT_00720,Li1-2TiFeO4,TiFeO4,LiTiFeO4,Li2TiFeO4,Li,2.159298630833331,147.59207554404438,575.24595234435,318.6953666441046,1242.1277972895707,0.016630808084626,0.023513504795921,0.0465870753125,1,3,Fe-O-Ti,"Ti,Fe,O",mp-755965,mp-1304342,"mp-755965,mp-752855,mp-753140,mp-762702,mp-849144,mp-1304342,mp-765697",,"['Ti', 'Fe', 'O']",True,True,False,False,False,False,True,0.0465870753125
BAT_00721,Li2-3TiFe3O8,TiFe3O8,Li2TiFe3O8,Li3TiFe3O8,Li,3.442740968333344,73.58592726423161,305.1206223655814,253.33728648536777,1050.4512669013543,0.002414431908861,0.055061106778918,0.055246513499997,1,3,Fe-O-Ti,"Ti,Fe,O",mp-771820,mp-760345,"mp-771820,mp-760345",,"['Ti', 'Fe', 'O']",True,True,False,False,False,False,True,0.055246513499997
BAT_00722,Li2-4Ti2Fe3O10,Ti2Fe3O10,Li2Ti2Fe3O10,Li4Ti2Fe3O10,Li,3.307200895833336,118.84645994747048,465.91964318722233,393.0491188048952,1540.8898613351305,0.012494477601847,0.08236591717927,0.042835493421048,2,3,Fe-O-Ti,"Ti,Fe,O",mp-762700,mp-759041,"mp-762700,mp-762694,mp-759041",,"['Ti', 'Fe', 'O']",True,True,False,False,False,False,True,0.08236591717927
BAT_00723,Li4-6TiFe5O12,TiFe5O12,Li4TiFe5O12,Li6TiFe5O12,Li,2.806414293333337,95.59482427347986,396.7039220540303,268.2786812097825,1113.3155570738247,0.051987147282599,0.113763553704545,0.107800430208332,1,3,Fe-O-Ti,"Ti,Fe,O",mp-755645,mp-867832,"mp-755645,mp-867832",,"['Ti', 'Fe', 'O']",True,True,False,False,False,False,True,0.113763553704545
BAT_00724,Li3-4TiFe3O8,TiFe3O8,Li3TiFe3O8,Li4TiFe3O8,Li,2.922943623333329,72.2098138096436,236.1143426095983,211.0652148169847,690.1489121082664,0.010676950309126,0.092450560833331,0.041946486875,1,3,Fe-O-Ti,"Ti,Fe,O",mp-758622,mp-1177243,"mp-758622,mp-1177243",,"['Ti', 'Fe', 'O']",True,True,False,False,False,False,True,0.092450560833331
BAT_00725,Li2-3Ti(FeO3)2,Ti(FeO3)2,Li2Ti(FeO3)2,Li3Ti(FeO3)2,Li,2.305804499999998,96.97456492437088,389.4145630683282,223.60438818815632,897.9138518884843,0.006849672915888,0.07910157833333,0.064303488541663,1,3,Fe-O-Ti,"Ti,Fe,O",mp-758964,mp-774498,"mp-758964,mp-774498",,"['Ti', 'Fe', 'O']",True,True,False,False,False,False,True,0.07910157833333
BAT_00726,Li3-5V2Fe3O10,V2Fe3O10,Li3V2Fe3O10,Li5V2Fe3O10,Li,2.564797153333335,115.49450309022896,473.85998155311626,296.21997275146725,1215.354731766019,0.015262621977994,0.07568005447917,0.049037584375001,1,3,Fe-O-V,"V,Fe,O",mp-753077,mp-754679,"mp-753077,mp-754679",,"['V', 'Fe', 'O']",True,True,False,False,False,False,True,0.07568005447917
BAT_00727,Li0-1VFeO4,VFeO4,VFeO4,LiVFeO4,Li,3.073568223333336,150.80301626142784,548.4690873530776,463.503358763945,1685.757158369055,0.082161936701518,0.017155340416666,0.010323042261887,1,3,Fe-O-V,"V,Fe,O",mp-18949,mp-756201,"mp-18949,mp-756201",,"['V', 'Fe', 'O']",True,True,False,False,False,False,True,0.017155340416666
BAT_00728,Li0-3V4FeO12,V4FeO12,V4FeO12,Li3V4FeO12,Li,3.76525303,170.19450089641757,515.3801170818967,640.8253601895741,1940.5365474443668,0.002510357114278,0.095268681323526,0.050711408875031,1,3,Fe-O-V,"V,Fe,O",mp-763248,mp-1568159,"mp-763248,mp-1568159,mp-774648",,"['V', 'Fe', 'O']",True,True,False,False,False,False,True,0.095268681323526
BAT_00729,Li1-2VFeO4,VFeO4,LiVFeO4,Li2VFeO4,Li,2.336102378333334,145.1348197929338,588.8364745752241,339.0497976972525,1375.5822887045967,0.00285196983818,0.042419002261888,0.047178911562499,1,3,Fe-O-V,"V,Fe,O",mp-775175,mp-881807,"mp-775175,mp-752652,mp-763659,mp-881807,mp-765706",,"['V', 'Fe', 'O']",True,True,False,False,False,False,True,0.047178911562499
BAT_00730,Li2-3VFe3O8,VFe3O8,Li2VFe3O8,Li3VFe3O8,Li,2.694591148333335,72.96996429669116,307.8715498849729,196.6242198880635,829.5879531437128,0.014195219578935,0.095919577678568,0.084853036333328,1,3,Fe-O-V,"V,Fe,O",mp-1177782,mp-1177549,"mp-1177782,mp-755063,mp-1177549,mp-760316",,"['V', 'Fe', 'O']",True,True,False,False,False,False,True,0.095919577678568
BAT_00731,Li0-1VFeO4,VFeO4,VFeO4,LiVFeO4,Li,3.397234863333328,150.80301626142784,589.1545289251013,512.3132643391456,2001.4963055550784,0.05466547659434,0.077621114583331,0.015912757261888,1,3,Fe-O-V,"V,Fe,O",mp-850978,mp-772649,"mp-850978,mp-772649",,"['V', 'Fe', 'O']",True,True,False,False,False,False,True,0.077621114583331
BAT_00732,Li3-5V3(FeO5)2,V3(FeO5)2,Li3V3(FeO5)2,Li5V3(FeO5)2,Li,2.264412493333329,116.7277579834386,468.7371040596869,264.31979349648765,1061.4141545216398,0.011291563057598,0.100276759513893,0.097214367000001,2,3,Fe-O-V,"V,Fe,O",mp-753182,mp-755172,"mp-753182,mp-752916,mp-755172",,"['V', 'Fe', 'O']",True,True,False,False,False,False,True,0.100276759513893
BAT_00733,Li2-3V(FeO3)2,V(FeO3)2,Li2V(FeO3)2,Li3V(FeO3)2,Li,2.73139486333334,95.90765728564084,390.7368596668154,261.96168246433376,1067.2566514089397,0.068046948336972,0.14073408153409,0.100338466666669,1,3,Fe-O-V,"V,Fe,O",mp-759143,mp-756960,"mp-759143,mp-756960",,"['V', 'Fe', 'O']",True,True,False,False,False,False,True,0.14073408153409
BAT_00735,Li3-4V3(FeO6)2,V3(FeO6)2,Li3V3(FeO6)2,Li4V3(FeO6)2,Li,2.652260705833332,55.34393870824864,170.79136115424515,146.78655394193623,452.9832160851938,0.020584391518455,0.0127800405,0.036597863452384,1,3,Fe-O-V,"V,Fe,O",mp-775234,mp-760208,"mp-775234,mp-760208",,"['V', 'Fe', 'O']",True,True,False,False,False,False,True,0.036597863452384
BAT_00736,Li0-2V3FeO8,V3FeO8,V3FeO8,Li2V3FeO8,Li,2.360165378333332,152.91247155008958,593.886652384115,360.898721267902,1401.670715611271,0.033405882610889,0.043302846041644,0.113993009776781,1,3,Fe-O-V,"V,Fe,O",mp-771199,mp-756697,"mp-771199,mp-756697",,"['V', 'Fe', 'O']",True,True,False,False,False,False,True,0.113993009776781
BAT_00737,Li2-3V2FeO6,V2FeO6,Li2V2FeO6,Li3V2FeO6,Li,3.417397566666669,97.62059719146454,392.53566782341267,333.60839129865803,1341.4504360496064,0.037472522803892,0.116372452803023,0.014175551874998,1,3,Fe-O-V,"V,Fe,O",mp-758699,mp-757121,"mp-758699,mp-757121",,"['V', 'Fe', 'O']",True,True,False,False,False,False,True,0.116372452803023
BAT_00738,Li3-4VFe3O8,VFe3O8,Li3VFe3O8,Li4VFe3O8,Li,2.732292303333342,71.61658052762975,293.5569875084751,195.6774317666953,802.0834975591288,0.005089529462997,0.075493951333328,0.037965372968749,1,3,Fe-O-V,"V,Fe,O",mp-757069,mp-760357,"mp-757069,mp-762710,mp-849145,mp-760357,mp-1372845,mp-801578",,"['V', 'Fe', 'O']",True,True,False,False,False,False,True,0.075493951333328
BAT_00739,Li1-2VFeO4,VFeO4,LiVFeO4,Li2VFeO4,Li,2.778103846666664,145.1348197929338,584.8107958510657,403.1996011520225,1624.665121526039,0.004434126589106,0.101637797023792,0.0437451734375,1,3,Fe-O-V,"V,Fe,O",mp-1176543,mp-756969,"mp-1176543,mp-756969",,"['V', 'Fe', 'O']",True,True,False,False,False,False,True,0.101637797023792
BAT_00740,Li3-4V3FeO8,V3FeO8,Li3V3FeO8,Li4V3FeO8,Li,2.879556903333328,73.54382666722981,292.6470018912612,211.7736337771713,842.6936945357827,0.002516302425313,0.082664001416661,0.038405880468749,1,3,Fe-O-V,"V,Fe,O",mp-755957,mp-765701,"mp-755957,mp-771072,mp-765701,mp-801566",,"['V', 'Fe', 'O']",True,True,False,False,False,False,True,0.082664001416661
BAT_00741,Li3-4Fe3WO8,Fe3WO8,Li3Fe3WO8,Li4Fe3WO8,Li,2.658499533333331,52.848893143794854,274.47217056062055,140.4987577599617,729.6841373483962,0.009969904291175,0.074035164666667,0.0479592425,1,3,Fe-O-W,"Fe,W,O",mp-1177706,mp-756528,"mp-1177706,mp-756528",,"['Fe', 'W', 'O']",True,True,False,False,False,False,True,0.074035164666667
BAT_00745,Li0-2Fe(PS3)2,Fe(PS3)2,Fe(PS3)2,Li2Fe(PS3)2,Li,2.3785368483333342,165.40830088123988,424.3735286976487,393.4297386662361,1009.3880754646008,0.000227532334123,0.121296052430562,0.068835944077134,1,3,Fe-P-S,"Fe,P,S",mp-753614,mp-867714,"mp-753614,mp-867714,mp-1222773",More than one working ion per transition metal,"['Fe', 'P', 'S']",True,False,True,False,True,False,True,0.121296052430562
BAT_00752,Li2-4VGa3O8,VGa3O8,Li2VGa3O8,Li4VGa3O8,Li,2.873106460833331,128.8936469541488,486.78552737236623,370.3251698243354,1398.5866437337058,0.037232371270258,0.071970433071431,0.039945700156243,1,3,Ga-O-V,"V,Ga,O",mp-755571,mp-771646,"mp-755571,mp-758949,mp-771646",More than one working ion per transition metal,"['V', 'Ga', 'O']",True,True,False,False,False,False,True,0.071970433071431
BAT_00755,Li0-2NiGe3O8,NiGe3O8,NiGe3O8,Li2NiGe3O8,Li,5.022759379583332,128.08641888426592,621.4802865319476,643.3472618481863,3121.545938404477,0.069880734169379,0.153214810347218,0.0,1,3,Ge-Ni-O,"Ni,Ge,O",mp-543103,mp-21650,"mp-543103,mp-21650",More than one working ion per transition metal,"['Ni', 'Ge', 'O']",True,True,False,False,False,False,True,0.153214810347218
BAT_00756,Li2-4V2SiGeO10,V2SiGeO10,Li2V2SiGeO10,Li4V2SiGeO10,Li,3.355243983333328,137.31445267646632,458.6526641318192,460.72349116742265,1538.891591768088,0.008826807412251,0.045991243229166,0.004343093263882,1,4,Ge-O-Si-V,"V,Si,Ge,O",mp-756174,mp-772830,"mp-756174,mp-765775,mp-772830",More than one working ion per transition metal,"['V', 'Si', 'Ge', 'O']",True,True,False,False,False,True,True,0.045991243229166
BAT_00757,Li2-4V2SiGeO10,V2SiGeO10,Li2V2SiGeO10,Li4V2SiGeO10,Li,3.465082243333339,137.31445267646632,460.97699346460575,475.8058717222596,1597.3231946393944,0.000155252397364,0.059789898854166,0.004404313819436,1,4,Ge-O-Si-V,"V,Si,Ge,O",mp-766106,mp-766048,"mp-766106,mp-766048",More than one working ion per transition metal,"['V', 'Si', 'Ge', 'O']",True,True,False,False,False,True,True,0.059789898854166
BAT_00758,Li0-1V(GeO3)2,V(GeO3)2,V(GeO3)2,LiV(GeO3)2,Li,3.464248095833331,89.58944943761956,385.6950722463961,310.3600796210301,1336.1434196018768,0.005072336680854,0.051312337037042,0.0,1,3,Ge-O-V,"V,Ge,O",mp-775220,mp-559680,"mp-775220,mp-559680",,"['V', 'Ge', 'O']",True,True,False,False,False,False,True,0.051312337037042
BAT_00760,Li1-2VGeO5,VGeO5,LiVGeO5,Li2VGeO5,Li,3.305298013333332,123.24758356282584,443.7113419584383,407.3699930983421,1466.598217068693,0.006805001053,0.03159085114583,0.00489665041668,1,3,Ge-O-V,"V,Ge,O",mp-850438,mp-18809,"mp-850438,mp-763317,mp-25277,mp-18809",More than one working ion per transition metal,"['V', 'Ge', 'O']",True,True,False,False,False,False,True,0.03159085114583
BAT_00763,Li0-2MnPHO5,MnPHO5,MnPHO5,Li2MnPHO5,Li,3.519108802083328,296.4786160311596,868.6862041018629,1043.340507304737,3057.00126710322,0.229908032526151,0.02270958171875,0.05510109125,2,4,H-Mn-O-P,"Mn,P,H,O",mp-756230,mp-754995,"mp-756230,mp-755477,mp-754995,mp-776954",More than one working ion per transition metal,"['Mn', 'P', 'H', 'O']",True,True,False,False,True,False,True,0.05510109125
BAT_00764,Li2-3MnP2HO8,MnP2HO8,Li2MnP2HO8,Li3MnP2HO8,Li,3.131206683333336,100.48858089452642,282.2128230966595,314.65051609562374,883.6666778026288,0.076033636401051,0.005188219196435,0.040862552166664,1,4,H-Mn-O-P,"Mn,P,H,O",mp-779443,mp-759656,"mp-779443,mp-759656",More than one working ion per transition metal,"['Mn', 'P', 'H', 'O']",True,True,False,False,True,False,True,0.040862552166664
BAT_00766,Li0-0.5MnPH2O5,MnPH2O5,MnPH2O5,LiMn2P2(H2O5)2,Li,3.094365248333337,78.18621285253445,226.5785730321743,241.93669994967593,701.1168624077172,0.053541497146895,0.0,0.020460008026301,1,4,H-Mn-O-P,"Mn,P,H,O",mp-23895,mp-1235619,"mp-23895,mp-1235619",,"['Mn', 'P', 'H', 'O']",True,True,False,False,True,False,True,0.020460008026301
BAT_00767,Li2-4Mn2P4H3O16,Mn2P4H3O16,Li2Mn2P4H3O16,Li4Mn2P4H3O16,Li,4.351617578333337,102.97383229262915,286.06404526325355,448.1027387129541,1244.8413278967175,0.081544846424895,0.056041920694448,0.030728530474118,1,4,H-Mn-O-P,"Mn,P,H,O",mp-763324,mp-771909,"mp-763324,mp-771909",More than one working ion per transition metal,"['Mn', 'P', 'H', 'O']",True,True,False,False,True,False,True,0.056041920694448
BAT_00768,Li0-1MnP2HO7,MnP2HO7,MnP2HO7,LiMnP2HO7,Li,3.443145730833326,113.16744574852493,324.911376717959,389.6520076983456,1118.7172196456193,0.063433947834164,0.0,0.036730870624988,1,4,H-Mn-O-P,"Mn,P,H,O",mp-734805,mp-783907,"mp-734805,mp-783907",,"['Mn', 'P', 'H', 'O']",True,True,False,False,True,False,True,0.036730870624988
BAT_00769,Li0-2MnVP2(HO5)2,MnVP2(HO5)2,MnVP2(HO5)2,Li2MnVP2(HO5)2,Li,3.985717240833321,155.94997729010214,489.4675862126664,621.5725131927251,1950.8793971968944,0.057212139416648,0.045863040937498,0.015486337619024,2,5,H-Mn-O-P-V,"Mn,V,P,H,O",mp-753350,mp-849445,"mp-753350,mp-753729,mp-759884,mp-849445",,"['Mn', 'V', 'P', 'H', 'O']",True,True,False,False,True,False,True,0.045863040937498
BAT_00770,Li1-3MnVP2(HO5)2,MnVP2(HO5)2,LiMnVP2(HO5)2,Li3MnVP2(HO5)2,Li,3.324273198333334,152.8630869980757,448.6137939282991,508.1586631221998,1491.3148115584784,0.102068209854106,0.064231459779417,0.045464680855261,1,5,H-Mn-O-P-V,"Mn,V,P,H,O",mp-1235750,mp-753439,"mp-1235750,mp-753439",More than one working ion per transition metal,"['Mn', 'V', 'P', 'H', 'O']",True,True,False,False,True,False,True,0.064231459779417
BAT_00771,Li0-2MnH4(SO5)2,MnH4(SO5)2,MnH4(SO5)2,Li2MnH4(SO5)2,Li,4.312993505833337,180.49605856183393,459.2054158127655,778.4783284057036,1980.5499762439551,0.03810056553073,0.018710770637256,0.034266356052627,2,4,H-Mn-O-S,"Mn,H,S,O",mp-772662,mp-772240,"mp-772662,mp-771252,mp-772240",More than one working ion per transition metal,"['Mn', 'H', 'S', 'O']",True,True,True,False,False,False,True,0.034266356052627
BAT_00773,Li1-2MnH4(SO5)2,MnH4(SO5)2,LiMnH4(SO5)2,Li2MnH4(SO5)2,Li,3.7725933683333377,90.24802928091697,224.63481648727247,340.4691167703401,847.4558189766602,0.028128034882998,0.024607253061883,0.056833593421049,1,4,H-Mn-O-S,"Mn,H,S,O",mp-1176828,mp-772273,"mp-1176828,mp-771333,mp-772273",More than one working ion per transition metal,"['Mn', 'H', 'S', 'O']",True,True,True,False,False,False,True,0.056833593421049
BAT_00774,Li0-4MnH6(S2O9)2,MnH6(S2O9)2,MnH6(S2O9)2,Li4MnH6(S2O9)2,Li,4.629674714583328,212.2894282854814,468.3860201210281,982.830998306644,2168.474914018642,0.034771936912155,0.073303116551715,0.062775461249995,1,4,H-Mn-O-S,"Mn,H,S,O",mp-779879,mp-777769,"mp-779879,mp-777769",More than one working ion per transition metal,"['Mn', 'H', 'S', 'O']",True,True,True,False,False,False,True,0.073303116551715
BAT_00775,Li0-1MnH8(SO6)2,MnH8(SO6)2,MnH8(SO6)2,LiMnH8(SO6)2,Li,4.294891955833326,82.19665141485939,171.45817516983996,353.02573695811554,736.3943372988069,0.048927141233389,0.027484716043479,0.035801763186553,1,4,H-Mn-O-S,"Mn,H,S,O",mp-778207,mp-831237,"mp-778207,mp-831237,mp-1176694",,"['Mn', 'H', 'S', 'O']",True,True,True,False,False,False,True,0.035801763186553
BAT_00776,Li0-2NiH12(SO7)2,NiH12(SO7)2,NiH12(SO7)2,Li2NiH12(SO7)2,Li,4.465767995833336,143.78774767204885,304.50910197139257,642.122721746795,1359.8670020237948,0.255655494801442,0.051400144655173,0.045321333064516,1,4,H-Ni-O-S,"Ni,H,S,O",mp-1101430,mp-771658,"mp-1101430,mp-781684,mp-771658",More than one working ion per transition metal,"['Ni', 'H', 'S', 'O']",True,True,True,False,False,False,True,0.051400144655173
BAT_00782,Li0.5-2VP2HO8,VP2HO8,LiV2P4(HO8)2,Li2VP2HO8,Li,4.109640574999999,157.17858711502168,454.8319308150945,645.9474991290652,1869.195757683305,0.059675946190688,0.052371174780947,0.000966306981704,2,4,H-O-P-V,"V,P,H,O",mp-776478,mp-754990,"mp-776478,mp-1176644,mp-779883,mp-850888,mp-850750,mp-780471,mp-850229,mp-779485,mp-778672,mp-781014,mp-780482,mp-780110,mp-775948,mp-779447,mp-780485,mp-779449,mp-1576561,mp-775930,mp-779021,mp-775982,mp-780314,mp-779902,mp-781013,mp-1177498,mp-754990",More than one working ion per transition metal,"['V', 'P', 'H', 'O']",True,True,False,False,True,False,True,0.052371174780947
BAT_00783,Li0.5-1.5VP2HO8,VP2HO8,LiV2P4(HO8)2,Li3V2P4(HO8)2,Li,4.149480028333333,106.2270785943239,309.3873912732597,440.7871410953424,1283.7968011065418,0.042330099015676,0.052112730780947,0.065847691481521,1,4,H-O-P-V,"V,P,H,O",mp-779002,mp-850257,"mp-779002,mp-780941,mp-850257",More than one working ion per transition metal,"['V', 'P', 'H', 'O']",True,True,False,False,True,False,True,0.065847691481521
BAT_00785,Li0-4V2P4H3O16,V2P4H3O16,V2P4H3O16,Li4V2P4H3O16,Li,3.7081659633333337,209.1593280085604,570.7693488832069,775.597501035016,2116.5074724426363,0.097599007125725,0.078679535399997,0.026877941072338,1,4,H-O-P-V,"V,P,H,O",mp-755425,mp-752967,"mp-755425,mp-752967",More than one working ion per transition metal,"['V', 'P', 'H', 'O']",True,True,False,False,True,False,True,0.078679535399997
BAT_00786,Li0.5-1.5VP2HO8,VP2HO8,LiV2P4(HO8)2,Li3V2P4(HO8)2,Li,4.201950488333328,106.2270785943239,309.4787191714037,446.3609247736422,1300.4142551510529,0.046270872018535,0.05462088331428,0.06428335419757,1,4,H-O-P-V,"V,P,H,O",mp-779208,mp-1177507,"mp-779208,mp-1177507,mp-777491,mp-1177492",More than one working ion per transition metal,"['V', 'P', 'H', 'O']",True,True,False,False,True,False,True,0.06428335419757
BAT_00787,Li0.5-1.5VP2HO8,VP2HO8,LiV2P4(HO8)2,Li3V2P4(HO8)2,Li,4.110077793333336,106.2270785943239,313.52437354777766,436.60155678120566,1288.6095653874663,0.036171039506987,0.05428819491428,0.07078069419757,1,4,H-O-P-V,"V,P,H,O",mp-780479,mp-753516,"mp-780479,mp-753516",More than one working ion per transition metal,"['V', 'P', 'H', 'O']",True,True,False,False,True,False,True,0.07078069419757
BAT_00788,Li0-2VPHO5,VPHO5,VPHO5,Li2VPHO5,Li,2.479366997083336,303.18039981610514,881.8527509971066,751.6954774665819,2186.4366071093755,0.140613970655854,0.0,0.06384671421808,2,4,H-O-P-V,"V,P,H,O",mp-1101197,mp-1275571,"mp-1101197,mp-753560,mp-1275571,mp-777547",More than one working ion per transition metal,"['V', 'P', 'H', 'O']",True,True,False,False,True,False,True,0.06384671421808
BAT_00789,Li1-3VSi4(HO6)2,VSi4(HO6)2,LiVSi4(HO6)2,Li3VSi4(HO6)2,Li,3.561756173333326,141.76358190836925,349.21116623496084,504.9273130159788,1243.8050271343022,0.032946980714688,0.097842901500001,0.018298937329546,1,4,H-O-Si-V,"V,Si,H,O",mp-761158,mp-1266205,"mp-761158,mp-1266205,mp-770607",More than one working ion per transition metal,"['V', 'Si', 'H', 'O']",True,True,False,False,False,True,True,0.097842901500001
BAT_00790,Li1-1.5VP2HO8,VP2HO8,LiVP2HO8,Li3V2P4(HO8)2,Li,3.921301188333335,53.11353929716195,154.61502545793712,208.27418476255045,606.2920830623978,0.025995672211029,0.048152974990839,0.063618181111151,1,4,H-O-P-V,"V,P,H,O",mp-780630,mp-781078,"mp-780630,mp-781078",More than one working ion per transition metal,"['V', 'P', 'H', 'O']",True,True,False,False,True,False,True,0.063618181111151
BAT_00794,Li0.5-1KMnO2,KMnO2,K2LiMn2O4,KLiMnO2,Li,2.019857713333327,100.775523103651,311.56745319541517,203.55221765611043,629.3219235603798,0.036749181222864,0.091190587407434,0.0270146955,1,3,K-Mn-O,"K,Mn,O",mp-1290836,mp-770699,"mp-1290836,mp-1305547,mp-762634,mp-770699",,"['K', 'Mn', 'O']",True,True,False,False,False,False,True,0.091190587407434
BAT_00796,Li0-1KMnO2,KMnO2,KMnO2,KLiMnO2,Li,2.435533045833332,201.551046207302,627.4004123293942,490.8842334601649,1528.0544371976978,0.019611449569086,0.241560916041667,0.0,1,3,K-Mn-O,"K,Mn,O",mp-25544,mp-549671,"mp-25544,mp-549671",,"['K', 'Mn', 'O']",True,True,False,False,False,False,True,0.241560916041667
BAT_00803,Li2-3K2NiO4,K2NiO4,K2Li2NiO4,K2Li3NiO4,Li,3.421978100833333,120.88497864046144,357.67298344907294,413.6657496273643,1223.949116622451,0.026262209883304,0.074648506296294,0.0,1,3,K-Ni-O,"K,Ni,O",mp-773004,mp-774432,"mp-773004,mp-764414,mp-774432",More than one working ion per transition metal,"['K', 'Ni', 'O']",True,True,False,False,False,False,True,0.074648506296294
BAT_00825,Li0-1LaTi2O6,LaTi2O6,LaTi2O6,LiLaTi2O6,Li,3.681587303333334,79.393713038941,378.0272130924442,292.2948858886554,1391.7401880356274,0.003795778441476,0.130012440416663,0.118193078874996,1,3,La-O-Ti,"La,Ti,O",mp-1222737,mp-1222315,"mp-1222737,mp-1222315",,"['La', 'Ti', 'O']",True,True,False,False,False,False,True,0.130012440416663
BAT_00829,Li0-1Mg2Mn3O8,Mg2Mn3O8,Mg2Mn3O8,LiMg2Mn3O8,Li,3.689018643333331,76.93608729984683,298.03867414028934,283.8186603942557,1099.470225337875,0.020909499377989,0.041733999230769,0.02494051616072,1,3,Mg-Mn-O,"Mg,Mn,O",mp-756696,mp-756823,"mp-756696,mp-756823",,"['Mg', 'Mn', 'O']",True,True,False,False,False,False,True,0.041733999230769
BAT_00831,Li0-3Mg(NiO2)4,Mg(NiO2)4,Mg(NiO2)4,Li3Mg(NiO2)4,Li,3.645868066666669,197.11957396108937,933.8584698231268,718.6719600196745,3404.724773914338,0.026254223717851,0.036787709786324,0.01156981125,1,3,Mg-Ni-O,"Mg,Ni,O",mp-756552,mp-756610,"mp-756552,mp-756610",,"['Mg', 'Ni', 'O']",True,True,False,False,False,False,True,0.036787709786324
BAT_00832,Li2-4MgNi3O8,MgNi3O8,Li2MgNi3O8,Li4MgNi3O8,Li,3.8209149283333352,150.5090696097644,642.3767595583081,575.0823509215098,2454.4669502107326,0.021034631002684,0.064578111823595,0.012679001527779,1,3,Mg-Ni-O,"Mg,Ni,O",mp-756920,mp-1280637,"mp-756920,mp-1280637,mp-756312",More than one working ion per transition metal,"['Mg', 'Ni', 'O']",True,True,False,False,False,False,True,0.064578111823595
BAT_00833,Li6-13Mg(Ni6O13)2,Mg(Ni6O13)2,Li6Mg(Ni6O13)2,Li13Mg(Ni6O13)2,Li,3.784667343333334,151.93051880396413,705.9151445812623,575.0064729730541,2671.653994861133,0.014432458975099,0.059587534023143,0.009155799316236,2,3,Mg-Ni-O,"Mg,Ni,O",mp-759215,mp-769522,"mp-759215,mp-759044,mp-769522",More than one working ion per transition metal,"['Mg', 'Ni', 'O']",True,True,False,False,False,False,True,0.059587534023143
BAT_00842,Li0-1Na5Mn2O8,Na5Mn2O8,Na5Mn2O8,Na5LiMn2O8,Li,4.07378834083335,74.49798889773545,208.67015497935824,303.4890385871271,850.0780444347979,0.011525139473477,0.054653266095237,0.015544731822916,1,3,Mn-Na-O,"Na,Mn,O",mp-780612,mp-554028,"mp-780612,mp-554028",,"['Na', 'Mn', 'O']",True,True,False,False,False,False,True,0.054653266095237
BAT_00843,Li0-1NaMnP2O7,NaMnP2O7,NaMnP2O7,NaLiMnP2O7,Li,3.35283063333333,103.55573476375471,310.9015248290533,347.2048397732582,1042.400156396893,0.08890957289593,0.004112530227276,0.040037251979161,1,4,Mn-Na-O-P,"Na,Mn,P,O",mp-1192230,mp-775876,"mp-1192230,mp-775876",,"['Na', 'Mn', 'P', 'O']",True,True,False,False,True,False,True,0.040037251979161
BAT_00844,Li0-1Na2Mn(PO3)5,Na2Mn(PO3)5,Na2Mn(PO3)5,Na2LiMn(PO3)5,Li,2.908053188333331,53.31311025954157,138.0021134279604,155.03736027022626,401.31748595091824,0.020143272492367,0.0,0.04157274489584,1,4,Mn-Na-O-P,"Na,Mn,P,O",mp-553997,mp-760056,"mp-553997,mp-760056",,"['Na', 'Mn', 'P', 'O']",True,True,False,False,True,False,True,0.04157274489584
BAT_00845,Li0-4Mn2NbNi3(PO4)6,Mn2NbNi3(PO4)6,Mn2NbNi3(PO4)6,Li4Mn2NbNi3(PO4)6,Li,3.453628375833337,109.79097032472453,374.8441188917031,379.1772105237444,1294.572285518631,0.024690917743684,0.083559047847222,0.099707292687502,1,5,Mn-Nb-Ni-O-P,"Mn,Nb,Ni,P,O",mp-1176556,mp-776611,"mp-1176556,mp-776611",,"['Mn', 'Nb', 'Ni', 'P', 'O']",True,True,False,False,True,False,True,0.099707292687502
BAT_00847,Li0-2Mn3NbO8,Mn3NbO8,Mn3NbO8,Li2Mn3NbO8,Li,3.679167843333336,134.14231432911916,577.4393527960987,493.5320893100078,2124.4962982826196,0.079248789711037,0.067602336030512,0.015383305357151,1,3,Mn-Nb-O,"Mn,Nb,O",mp-1176463,mp-756486,"mp-1176463,mp-756172,mp-756486",,"['Mn', 'Nb', 'O']",True,True,False,False,False,False,True,0.067602336030512
BAT_00848,Li0-3MnNb4O12,MnNb4O12,MnNb4O12,Li3MnNb4O12,Li,3.000005838333327,125.75389172293929,584.7295252888786,377.2624093619549,1754.1919897125106,0.017248307408302,0.055529997836133,0.032361907562496,1,3,Mn-Nb-O,"Mn,Nb,O",mp-775807,mp-780417,"mp-775807,mp-780417",,"['Mn', 'Nb', 'O']",True,True,False,False,False,False,True,0.055529997836133
BAT_00849,Li0-4Mn3Nb(PO4)4,Mn3Nb(PO4)4,Mn3Nb(PO4)4,Li4Mn3Nb(PO4)4,Li,2.250773760833337,161.1222786464371,559.1602785333127,362.64979706307815,1258.5432830230409,0.010234826514328,0.059478223645829,0.113856103251491,1,4,Mn-Nb-O-P,"Mn,Nb,P,O",mp-775197,mp-861478,"mp-775197,mp-861478",,"['Mn', 'Nb', 'P', 'O']",True,True,False,False,True,False,True,0.113856103251491
BAT_00850,Li0-6Mn3Nb(PO4)6,Mn3Nb(PO4)6,Mn3Nb(PO4)6,Li6Mn3Nb(PO4)6,Li,3.885424353333334,185.0090541018037,539.0841121894179,718.8386843943126,2094.5705379958436,0.085054280487388,0.030531528014696,0.064716049312501,1,4,Mn-Nb-O-P,"Mn,Nb,P,O",mp-775181,mp-849778,"mp-775181,mp-849778",More than one working ion per transition metal,"['Mn', 'Nb', 'P', 'O']",True,True,False,False,True,False,True,0.064716049312501
BAT_00851,Li0-8Mn7Nb(PO4)12,Mn7Nb(PO4)12,Mn7Nb(PO4)12,Li8Mn7Nb(PO4)12,Li,4.6994655033333474,128.18637901473065,385.8589106132377,602.4074661769404,1813.330639580696,0.075482349635603,0.055854260845578,0.01247349511506,1,4,Mn-Nb-O-P,"Mn,Nb,P,O",mp-776750,mp-780717,"mp-776750,mp-780717",,"['Mn', 'Nb', 'P', 'O']",True,True,False,False,True,False,True,0.055854260845578
BAT_00852,Li2-4MnNi3O8,MnNi3O8,Li2MnNi3O8,Li4MnNi3O8,Li,3.810892753333338,138.58864570225336,629.5828654044443,528.1464656009988,2399.272779392635,0.021566777474717,0.050990482410716,0.008294953854167,2,3,Mn-Ni-O,"Mn,Ni,O",mp-752530,mp-1177345,"mp-752530,mp-758714,mp-753219,mp-771310,mp-1177345",,"['Mn', 'Ni', 'O']",True,True,False,False,False,False,True,0.050990482410716
BAT_00853,Li1-2MnNiO4,MnNiO4,LiMnNiO4,Li2MnNiO4,Li,3.324719718333331,139.9474434770271,620.2105645374892,465.2860248584113,2062.0262934364373,0.026347491048887,0.0,0.030842478124999,1,3,Mn-Ni-O,"Mn,Ni,O",mp-756366,mp-753347,"mp-756366,mp-763752,mp-753347",,"['Mn', 'Ni', 'O']",True,True,False,False,False,False,True,0.030842478124999
BAT_00854,Li4-5Mn2Ni3O10,Mn2Ni3O10,Li4Mn2Ni3O10,Li5Mn2Ni3O10,Li,4.354066903333352,55.76029579402712,250.48220087433833,242.78405843685135,1090.6162607010529,0.012853628052426,0.059574566282896,0.014908443166668,1,3,Mn-Ni-O,"Mn,Ni,O",mp-758690,mp-754927,"mp-758690,mp-754927",,"['Mn', 'Ni', 'O']",True,True,False,False,False,False,True,0.059574566282896
BAT_00855,Li0-4Mn3NiO8,Mn3NiO8,Mn3NiO8,Li4Mn3NiO8,Li,3.603389043333334,282.66629969922235,1208.1350504901764,1018.5566472557545,4353.380603803266,0.094049921321074,0.080616325000002,0.026144067187495,3,3,Mn-Ni-O,"Mn,Ni,O",mp-1176568,mp-760206,"mp-1176568,mp-757424,mp-753229,mp-757987,mp-863332,mp-760206",,"['Mn', 'Ni', 'O']",True,True,False,False,False,False,True,0.080616325000002
BAT_00856,Li0-4Mn5NiO12,Mn5NiO12,Mn5NiO12,Li4Mn5NiO12,Li,3.462582658333336,193.81321584199085,762.4382444961625,671.0942801302933,2640.005443442524,0.098208516988773,0.055795656388888,0.091175033181817,1,3,Mn-Ni-O,"Mn,Ni,O",mp-755683,mp-753964,"mp-755683,mp-753964",,"['Mn', 'Ni', 'O']",True,True,False,False,False,False,True,0.091175033181817
BAT_00858,Li0-2Mn2NiO6,Mn2NiO6,Mn2NiO6,Li2Mn2NiO6,Li,3.978176190833328,192.5062613716619,782.9252368462078,765.8238255750831,3114.6145364241283,0.046197744723939,0.091131463611112,0.06936146681819,2,3,Mn-Ni-O,"Mn,Ni,O",mp-25285,mp-554979,"mp-25285,mp-25284,mp-554979",,"['Mn', 'Ni', 'O']",True,True,False,False,False,False,True,0.091131463611112
BAT_00859,Li0-8Mn15NiO32,Mn15NiO32,Mn15NiO32,Li8Mn15NiO32,Li,4.020916359583336,147.8424183882713,606.2121276325679,594.4619987377644,2437.5282613756135,0.051457084806271,0.046897841458334,0.005574276339299,1,3,Mn-Ni-O,"Mn,Ni,O",mp-851082,mp-772976,"mp-851082,mp-772976",,"['Mn', 'Ni', 'O']",True,True,False,False,False,False,True,0.046897841458334
BAT_00860,Li0-2Mn3NiO8,Mn3NiO8,Mn3NiO8,Li2Mn3NiO8,Li,4.714856519583333,146.70279613823433,626.3280042085374,691.6826348134588,2953.04667404024,0.053192011356005,0.087658968958335,0.0,1,3,Mn-Ni-O,"Mn,Ni,O",mp-775810,mp-771112,"mp-775810,mp-771112",,"['Mn', 'Ni', 'O']",True,True,False,False,False,False,True,0.087658968958335
BAT_00861,Li4-6Mn5Ni3O16,Mn5Ni3O16,Li4Mn5Ni3O16,Li6Mn5Ni3O16,Li,3.201150853333335,71.62275984151772,322.7022687155671,229.275258784763,1033.0186428714408,0.015379638069027,0.059600283035712,0.08031417683333,1,3,Mn-Ni-O,"Mn,Ni,O",mp-756534,mp-760956,"mp-756534,mp-760956",,"['Mn', 'Ni', 'O']",True,True,False,False,False,False,True,0.08031417683333
BAT_00863,Li3-5Mn2Ni5O12,Mn2Ni5O12,Li3Mn2Ni5O12,Li5Mn2Ni5O12,Li,3.8871196833333297,85.07854512542477,423.08244697644705,330.71048738640144,1644.5721073149766,0.005156444816137,0.059236340426136,0.025864111388892,1,3,Mn-Ni-O,"Mn,Ni,O",mp-758846,mp-771232,"mp-758846,mp-771232",,"['Mn', 'Ni', 'O']",True,True,False,False,False,False,True,0.059236340426136
BAT_00864,Li2-3Mn(NiO3)2,Mn(NiO3)2,Li2Mn(NiO3)2,Li3Mn(NiO3)2,Li,3.670270228333327,92.69242465940796,415.53404094215625,340.20624661945493,1525.1222193290378,0.008461981582735,0.040882076761364,0.024979301944443,1,3,Mn-Ni-O,"Mn,Ni,O",mp-762624,mp-756364,"mp-762624,mp-756364",,"['Mn', 'Ni', 'O']",True,True,False,False,False,False,True,0.040882076761364
BAT_00865,Li1-3Mn2NiO6,Mn2NiO6,LiMn2NiO6,Li3Mn2NiO6,Li,3.379426958333331,187.8242782707056,803.9621347318632,634.7384294175237,2716.931311592072,0.043119466793725,0.080957506999995,0.042024479999991,2,3,Mn-Ni-O,"Mn,Ni,O",mp-762633,mp-756831,"mp-762633,mp-758510,mp-756831",,"['Mn', 'Ni', 'O']",True,True,False,False,False,False,True,0.080957506999995
BAT_00866,Li0-3Mn4NiO8,Mn4NiO8,Mn4NiO8,Li3Mn4NiO8,Li,3.228568393333333,188.18455296185337,866.0985479595864,607.5666998062025,2796.258397454215,0.033450700851406,0.092861897644226,0.016555642395833,1,3,Mn-Ni-O,"Mn,Ni,O",mp-757060,mp-756351,"mp-757060,mp-756351",,"['Mn', 'Ni', 'O']",True,True,False,False,False,False,True,0.092861897644226
BAT_00867,Li0-2Mn3NiO8,Mn3NiO8,Mn3NiO8,Li2Mn3NiO8,Li,4.6047918833333314,146.70279613823433,622.6299070243946,675.5358449196459,2867.081142186519,0.061286354189055,0.089699662500001,0.017472685357143,1,3,Mn-Ni-O,"Mn,Ni,O",mp-757044,mp-769631,"mp-757044,mp-769631",,"['Mn', 'Ni', 'O']",True,True,False,False,False,False,True,0.089699662500001
BAT_00868,Li0-1.33MnNi(PO4)2,MnNi(PO4)2,MnNi(PO4)2,Li4Mn3Ni3(PO4)6,Li,4.107401003333345,114.23278201852246,384.44834923449287,469.1998434764384,1579.083535375604,0.030278244286999,0.08696352986111,0.085407641374997,1,4,Mn-Ni-O-P,"Mn,Ni,P,O",mp-773507,mp-771186,"mp-773507,mp-771186",,"['Mn', 'Ni', 'P', 'O']",True,True,False,False,True,False,True,0.08696352986111
BAT_00869,Li0-1.33MnNi(PO4)2,MnNi(PO4)2,MnNi(PO4)2,Li4Mn3Ni3(PO4)6,Li,3.759833933333344,114.23278201852246,390.8122910588254,429.4962901323118,1469.3893134867194,0.061385580913817,0.032857748749999,0.071469145374996,1,4,Mn-Ni-O-P,"Mn,Ni,P,O",mp-771700,mp-775926,"mp-771700,mp-775926",,"['Mn', 'Ni', 'P', 'O']",True,True,False,False,True,False,True,0.071469145374996
BAT_00871,Li0-2MnNi(PO4)2,MnNi(PO4)2,MnNi(PO4)2,Li2MnNi(PO4)2,Li,4.259741828333337,168.85153770858926,595.1385246734702,719.2639579556815,2535.1364672041727,0.103004116173754,0.040789700833332,0.0044946675,1,4,Mn-Ni-O-P,"Mn,Ni,P,O",mp-775200,mp-778744,"mp-775200,mp-778744",,"['Mn', 'Ni', 'P', 'O']",True,True,False,False,True,False,True,0.040789700833332
BAT_00872,Li0-4Mn3Ni(PO4)4,Mn3Ni(PO4)4,Mn3Ni(PO4)4,Li4Mn3Ni(PO4)4,Li,4.036426480833332,169.8561965866035,586.509927647985,685.6120498357985,2367.4042032299685,0.079463920808534,0.026774568125,0.005478267321428,1,4,Mn-Ni-O-P,"Mn,Ni,P,O",mp-756391,mp-757417,"mp-756391,mp-757417",,"['Mn', 'Ni', 'P', 'O']",True,True,False,False,True,False,True,0.026774568125
BAT_00873,Li0-8Mn7Ni(PO4)12,Mn7Ni(PO4)12,Mn7Ni(PO4)12,Li8Mn7Ni(PO4)12,Li,4.963822425833332,130.86308805304847,395.6514673602525,649.581131191524,1963.9436264966864,0.052616699618184,0.093997776691181,0.019724119989041,1,4,Mn-Ni-O-P,"Mn,Ni,P,O",mp-776812,mp-776162,"mp-776812,mp-776162",,"['Mn', 'Ni', 'P', 'O']",True,True,False,False,True,False,True,0.093997776691181
BAT_00874,Li0-4MnNi3(PO4)4,MnNi3(PO4)4,MnNi3(PO4)4,Li4MnNi3(PO4)4,Li,4.603012318333332,167.85869358426365,617.6345585926914,772.6556343077058,2842.9794814305287,0.044136436229484,0.077606556458333,0.005918952678558,1,4,Mn-Ni-O-P,"Mn,Ni,P,O",mp-775024,mp-757099,"mp-775024,mp-757099",,"['Mn', 'Ni', 'P', 'O']",True,True,False,False,True,False,True,0.077606556458333
BAT_00875,Li0-4Mn5Ni(PO4)6,Mn5Ni(PO4)6,Mn5Ni(PO4)6,Li4Mn5Ni(PO4)6,Li,3.675396595833324,115.1543626879653,375.6637462932699,423.2379526187036,1380.7132543042778,0.063097820565843,0.045617191249999,0.064928506874996,1,4,Mn-Ni-O-P,"Mn,Ni,P,O",mp-772291,mp-867956,"mp-772291,mp-867956",,"['Mn', 'Ni', 'P', 'O']",True,True,False,False,True,False,True,0.064928506874996
BAT_00876,Li0-2Mn2Ni(PO4)3,Mn2Ni(PO4)3,Mn2Ni(PO4)3,Li2Mn2Ni(PO4)3,Li,3.675562125833342,114.6917210922864,384.24506836140233,421.5565461934489,1412.3166203074138,0.068415252210677,0.037629614444446,0.070957070000002,1,4,Mn-Ni-O-P,"Mn,Ni,P,O",mp-759483,mp-774573,"mp-759483,mp-774573",,"['Mn', 'Ni', 'P', 'O']",True,True,False,False,True,False,True,0.070957070000002
BAT_00877,Li0-4Mn2VNi3(PO4)6,Mn2VNi3(PO4)6,Mn2VNi3(PO4)6,Li4Mn2VNi3(PO4)6,Li,3.974795380833332,114.72132279731814,385.492485311007,455.9937839378698,1532.2537499601517,0.02619003069633,0.082972985763888,0.073667603125,1,5,Mn-Ni-O-P-V,"Mn,V,Ni,P,O",mp-759208,mp-770417,"mp-759208,mp-770417",,"['Mn', 'V', 'Ni', 'P', 'O']",True,True,False,False,True,False,True,0.082972985763888
BAT_00878,Li0-4TiMn2Ni3(PO4)6,TiMn2Ni3(PO4)6,TiMn2Ni3(PO4)6,Li4TiMn2Ni3(PO4)6,Li,4.100766288333337,115.1000052664528,384.0583474274534,471.99822138365914,1574.933523883513,0.026797443406176,0.085940542777785,0.071923276968754,1,5,Mn-Ni-O-P-Ti,"Ti,Mn,Ni,P,O",mp-776680,mp-776756,"mp-776680,mp-776756",,"['Ti', 'Mn', 'Ni', 'P', 'O']",True,True,False,False,True,False,True,0.085940542777785
BAT_00879,Li4-1Ti2Mn3Ni3O16,Ti2Mn3Ni3O16,Li4Ti2Mn3Ni3O16,Li10Ti2Mn3Ni3O16,Li,2.457406735000001,211.02732677421065,874.4356113231346,518.5799740839913,2148.843960589314,0.09419832442663,0.045293311723283,0.096795579191175,1,4,Mn-Ni-O-Ti,"Ti,Mn,Ni,O",mp-767719,mp-777402,"mp-767719,mp-777402",More than one working ion per transition metal,"['Ti', 'Mn', 'Ni', 'O']",True,True,False,False,False,False,True,0.096795579191175
BAT_00880,Li0-4Mn3Ni3(TeO8)2,Mn3Ni3(TeO8)2,Mn3Ni3(TeO8)2,Li4Mn3Ni3(TeO8)2,Li,4.182798375833333,121.84585863097884,597.5014114002387,509.65665958367623,2499.2279331630425,0.0913458201002,0.077443134999999,0.001312447996045,1,4,Mn-Ni-O-Te,"Mn,Ni,Te,O",mp-756438,mp-770951,"mp-756438,mp-770951",,"['Mn', 'Ni', 'Te', 'O']",True,True,False,False,False,False,True,0.077443134999999
BAT_00881,Li0-2MnV4NiO12,MnV4NiO12,MnV4NiO12,Li2MnV4NiO12,Li,2.578682458333337,102.4380001097283,345.02314069763827,264.1550739497049,889.7051206360749,0.015882601569449,0.004775887777777,0.063627726749976,1,4,Mn-Ni-O-V,"Mn,V,Ni,O",mp-850419,mp-862462,"mp-850419,mp-862462",,"['Mn', 'V', 'Ni', 'O']",True,True,False,False,False,False,True,0.063627726749976
BAT_00883,Li6-13Mn17O40,Mn17O40,Li6Mn17O40,Li13Mn17O40,Li,4.73399644047618,112.73606231057778,441.56583098127567,533.6921176915761,2090.371072101266,0.005470781257368,0.096944616408735,0.013613862214261,1,2,Mn-O,"Mn,O",mp-758827,mp-759819,"mp-758827,mp-759819",,"['Mn', 'O']",True,True,False,False,False,False,True,0.096944616408735
BAT_00884,Li0.75-1MnO2,MnO2,Li3Mn4O8,LiMnO2,Li,2.747755983333339,71.37328606489606,299.14408334948644,196.11637383498015,821.9749449023184,0.012232567531829,0.056897864000006,0.051785727499999,1,2,Mn-O,"Mn,O",mp-1177617,mp-756516,"mp-1177617,mp-760821,mp-765459,mp-1177674,mp-756516",,"['Mn', 'O']",True,True,False,False,False,False,True,0.056897864000006
BAT_00885,Li5-7Mn5O12,Mn5O12,Li5Mn5O12,Li7Mn5O12,Li,3.519498403333334,104.02887746231264,411.5867464841507,366.1294681291684,1448.57889708413,0.041012704670551,0.084713512651487,0.021580592291654,2,2,Mn-O,"Mn,O",mp-758752,mp-756600,"mp-758752,mp-764759,mp-756600",More than one working ion per transition metal,"['Mn', 'O']",True,True,False,False,False,False,True,0.084713512651487
BAT_00886,Li0-1MnO2,MnO2,MnO2,LiMnO2,Li,3.263265778333331,285.49314425958426,1153.082326352794,931.6400076110824,3762.814095188059,0.249957871725363,0.013758580833332,0.0,2,2,Mn-O,"Mn,O",mp-25424,mp-754656,"mp-25424,mp-796077,mp-758753,mp-769702,mp-754130,mp-758278,mp-1045561,mp-754656,mp-25373",,"['Mn', 'O']",True,True,False,False,False,False,True,0.013758580833332
BAT_00888,Li0.2-1MnO2,MnO2,LiMn5O10,LiMnO2,Li,3.215432392083333,228.39451540766737,935.9565943770936,734.3871230159895,3009.5051511441084,0.069642812596144,0.089629696484371,0.049811869249999,4,2,Mn-O,"Mn,O",mp-759136,mp-756475,"mp-759136,mp-753112,mp-753105,mp-753084,mp-752668,mp-780186,mp-756475",,"['Mn', 'O']",True,True,False,False,False,False,True,0.089629696484371
BAT_00890,Li0-6Mn15O32,Mn15O32,Mn15O32,Li6Mn15O32,Li,4.515828204999996,116.7229306798166,460.45793197744933,527.1007025341751,2079.348916439735,0.039841949824003,0.121703711861702,0.042872005495283,1,2,Mn-O,"Mn,O",mp-776603,mp-761797,"mp-776603,mp-761797,mp-757508",,"['Mn', 'O']",True,True,False,False,False,False,True,0.121703711861702
BAT_00891,Li0-1MnO2,MnO2,MnO2,LiMnO2,Li,3.15127609333333,285.49314425958426,1171.1760268000392,899.6677203157916,3690.699014340079,0.299661296814479,0.029745060833333,0.03998728125,1,2,Mn-O,"Mn,O",mp-510408,mp-2861076,"mp-510408,mp-33009,mp-2861076,mp-1002572",,"['Mn', 'O']",True,True,False,False,False,False,True,0.03998728125
BAT_00892,Li2.5-5Mn3O8,Mn3O8,Li5Mn6O16,Li5Mn3O8,Li,3.621451063333334,204.5825043456792,779.7612297353637,740.8855279020564,2823.867134571241,0.0280490256213099,0.083770461555554,0.038401015937487,3,2,Mn-O,"Mn,O",mp-758809,mp-1174554,"mp-758809,mp-33461,mp-771777,mp-1174554,mp-1174492",More than one working ion per transition metal,"['Mn', 'O']",True,True,False,False,False,False,True,0.083770461555554
BAT_00893,Li0.67-1MnO2,MnO2,Li2Mn3O6,LiMnO2,Li,3.324037740833329,95.1643814198614,395.5349586049128,316.3299954226774,1314.773130221679,0.032710266757776,0.086047820227265,0.032085480833333,1,2,Mn-O,"Mn,O",mp-758273,mp-756747,"mp-758273,mp-756747",,"['Mn', 'O']",True,True,False,False,False,False,True,0.086047820227265
BAT_00895,Li4-9Mn7O16,Mn7O16,Li4Mn7O16,Li9Mn7O16,Li,3.219012367333333,190.61522625359365,745.3759938994599,613.5927707123595,2399.374542675737,0.051662451675757,0.060751937962968,0.029274998906238,1,2,Mn-O,"Mn,O",mp-757932,mp-1100519,"mp-757932,mp-1100519,mp-1100486",More than one working ion per transition metal,"['Mn', 'O']",True,True,False,False,False,False,True,0.060751937962968
BAT_00896,Li0-3Mn5O8,Mn5O8,Mn5O8,Li3Mn5O8,Li,2.824517153333332,189.85323240285405,834.9183727003909,536.2437115376408,2358.241265325406,0.001441909526962,0.079740919711538,0.0526022890625,1,2,Mn-O,"Mn,O",mp-752536,mp-754811,"mp-752536,mp-754811",,"['Mn', 'O']",True,True,False,False,False,False,True,0.079740919711538
BAT_00898,Li3-5.5Mn3O8,Mn3O8,Li3Mn3O8,Li11Mn6O16,Li,2.866596321333331,202.43738013981735,755.069765046427,580.3062492091577,2164.4802108321105,0.040156150513289,0.031071843380949,0.050055609545449,2,2,Mn-O,"Mn,O",mp-770608,mp-779771,"mp-770608,mp-758802,mp-779008,mp-779771",More than one working ion per transition metal,"['Mn', 'O']",True,True,False,False,False,False,True,0.050055609545449
BAT_00899,Li0.17-0.89MnO2,MnO2,LiMn6O12,Li8Mn9O18,Li,3.204278048717946,207.89740508418097,835.6425468445461,666.1610914966639,2677.6310694287376,0.051157297854674,0.035433940942977,0.027648597999999,2,2,Mn-O,"Mn,O",mp-1176651,mp-759775,"mp-1176651,mp-1176672,mp-763655,mp-758757,mp-759775",,"['Mn', 'O']",True,True,False,False,False,False,True,0.035433940942977
BAT_00900,Li0-1MnO2,MnO2,MnO2,LiMnO2,Li,3.665036873333335,285.49314425958426,1147.8495890185245,1046.3429007952495,4206.911068793407,0.126617653203243,0.168055925833334,0.015280234999999,1,2,Mn-O,"Mn,O",mp-510732,mp-18767,"mp-510732,mp-18767",,"['Mn', 'O']",True,True,False,False,False,False,True,0.168055925833334
BAT_00901,Li0-0.25MnO2,MnO2,MnO2,LiMn4O8,Li,3.331042120833335,75.56345980481201,303.4416210065501,251.7050674057255,1010.776820786764,0.019039557832448,0.0,0.027308942211537,1,2,Mn-O,"Mn,O",mp-19395,mp-1003315,"mp-19395,mp-1003549,mp-1016165,mp-1003315,mp-770104",,"['Mn', 'O']",True,True,False,False,False,False,True,0.027308942211537
BAT_00902,Li0-0.5MnO2,MnO2,MnO2,LiMn2O4,Li,4.577147888333333,148.22623728948068,607.8692971115072,678.453409005142,2782.3076696566027,0.004425766496548,0.209875000000001,0.046266695714286,1,2,Mn-O,"Mn,O",mp-1407587,mp-756371,"mp-1407587,mp-756371",,"['Mn', 'O']",True,True,False,False,False,False,True,0.209875000000001
BAT_00903,Li0.1-0.45MnO2,MnO2,LiMn10O20,Li9Mn20O40,Li,3.9120125833333472,104.15820202318191,419.02310258545026,407.4681969720646,1639.2236500216611,0.046688308737625,0.036959117782258,0.010286750815216,1,2,Mn-O,"Mn,O",mp-766948,mp-690161,"mp-766948,mp-705636,mp-690161,mp-673697",,"['Mn', 'O']",True,True,False,False,False,False,True,0.036959117782258
BAT_00904,Li0-9Mn21O40,Mn21O40,Mn21O40,Li9Mn21O40,Li,3.228756005555553,129.95400004296272,581.4715605345001,419.5897580846825,1877.4297931355263,0.041572561299696,0.053272781905739,0.094255350571422,1,2,Mn-O,"Mn,O",mp-766493,mp-530725,"mp-766493,mp-530725",,"['Mn', 'O']",True,True,False,False,False,False,True,0.094255350571422
BAT_00905,Li2-4Mn5O12,Mn5O12,Li2Mn5O12,Li4Mn5O12,Li,4.81353371083333,108.40991972947512,422.3211039985964,521.8348032065638,2032.8568708935927,0.002108138079071,0.084457132171052,0.0,1,2,Mn-O,"Mn,O",mp-758668,mp-691115,"mp-758668,mp-675534,mp-691115",,"['Mn', 'O']",True,True,False,False,False,False,True,0.084457132171052
BAT_00909,Li0-0.5MnO2,MnO2,MnO2,LiMn2O4,Li,3.327431433333328,148.22623728948068,640.3629271912564,493.2126412017427,2130.763732677528,0.127241188282644,0.016567264166667,0.059105272857143,2,2,Mn-O,"Mn,O",mp-644514,mp-1016095,"mp-644514,mp-1003637,mp-1016095",,"['Mn', 'O']",True,True,False,False,False,False,True,0.059105272857143
BAT_00910,Li0-9Mn21O40,Mn21O40,Mn21O40,Li9Mn21O40,Li,3.8565676177777832,129.95400004296272,530.1911548542923,501.17638836638264,2044.7180390432695,0.049009075331603,0.04366786043033,0.005166711714279,1,2,Mn-O,"Mn,O",mp-849596,mp-776365,"mp-849596,mp-776365,mp-1177178",,"['Mn', 'O']",True,True,False,False,False,False,True,0.04366786043033
BAT_00911,Li0-1MnO2,MnO2,MnO2,LiMnO2,Li,3.150337450833334,285.49314425958426,1125.501977395577,899.3997443171321,3545.7110303762583,0.009808180218552,0.015143706666666,0.029270926249999,1,2,Mn-O,"Mn,O",mp-1271850,mp-2506805,"mp-1271850,mp-2506805,mp-755562",,"['Mn', 'O']",True,True,False,False,False,False,True,0.029270926249999
BAT_00912,Li1.62-2MnO3,MnO3,Li13Mn8O24,Li2MnO3,Li,4.666702540000003,86.03583652118262,320.59574457238915,401.50365682442794,1496.1249755091603,0.007939111916712,0.064241670933332,0.0,1,2,Mn-O,"Mn,O",mp-758698,mp-18988,"mp-758698,mp-758586,mp-764763,mp-18988",More than one working ion per transition metal,"['Mn', 'O']",True,True,False,False,False,False,True,0.064241670933332
BAT_00913,Li0-9Mn15O32,Mn15O32,Mn15O32,Li9Mn15O32,Li,4.32901753111111,172.47751078386963,681.4170670633398,746.6581679057772,2949.866429315513,0.049655743719771,0.101399447180851,0.005941570803557,1,2,Mn-O,"Mn,O",mp-867971,mp-769450,"mp-867971,mp-769450,mp-767704",,"['Mn', 'O']",True,True,False,False,False,False,True,0.101399447180851
BAT_00914,Li1-5Mn7O12,Mn7O12,LiMn7O12,Li5Mn7O12,Li,2.8579076608333382,175.38396570434298,762.9884881250317,501.2311791737732,2180.5506453401745,0.024938260217216,0.070046377874996,0.041907281041666,1,2,Mn-O,"Mn,O",mp-753234,mp-754393,"mp-753234,mp-754393",,"['Mn', 'O']",True,True,False,False,False,False,True,0.070046377874996
BAT_00916,Li0.11-0.67MnO2,MnO2,Li3Mn28O56,Li2Mn3O6,Li,3.413455173971626,163.77656747753872,656.7823333400288,559.0439716315177,2241.8970539126785,0.058324292130721,0.037977337571838,0.031172986818175,3,2,Mn-O,"Mn,O",mp-1177832,mp-762412,"mp-1177832,mp-1176738,mp-753228,mp-762412",,"['Mn', 'O']",True,True,False,False,False,False,True,0.037977337571838
BAT_00917,Li0-1MnPO4,MnPO4,MnPO4,LiMnPO4,Li,3.7464543333333222,170.8728823723351,576.3703073719633,640.1674506129899,2159.3450356583508,0.067393933044924,0.0525217475,0.050066248928565,1,3,Mn-O-P,"Mn,P,O",mp-25972,mp-25971,"mp-25972,mp-2234661,mp-25971",,"['Mn', 'P', 'O']",True,True,False,False,True,False,True,0.0525217475
BAT_00918,Li0-2Mn(PO3)5,Mn(PO3)5,Mn(PO3)5,Li2Mn(PO3)5,Li,5.409895708333342,115.60338822726682,297.47355642319854,625.402273839484,1609.300916236518,0.023100911003768,0.067134472301587,0.030802282898549,1,3,Mn-O-P,"Mn,P,O",mp-849736,mp-705355,"mp-849736,mp-705355",More than one working ion per transition metal,"['Mn', 'P', 'O']",True,True,False,False,True,False,True,0.067134472301587
BAT_00919,Li0-1Mn4(PO4)3,Mn4(PO4)3,Mn4(PO4)3,LiMn4(PO4)3,Li,3.376437088333323,52.38682662760285,194.8573286466585,176.88082436552597,657.9235113761331,0.016472899016948,0.028809813947336,0.047636848374992,1,3,Mn-O-P,"Mn,P,O",mp-25932,mp-585189,"mp-25932,mp-585189,mp-729170",,"['Mn', 'P', 'O']",True,True,False,False,True,False,True,0.047636848374992
BAT_00921,Li0-14Mn9(P2O7)8,Mn9(P2O7)8,Mn9(P2O7)8,Li14Mn9(P2O7)8,Li,4.188218449761909,189.20317523204295,541.1178905628586,792.4242292603777,2266.31993275161,0.021789115097113,0.062496966862169,0.035777262947365,2,3,Mn-O-P,"Mn,P,O",mp-504117,mp-705402,"mp-504117,mp-540023,mp-705402",More than one working ion per transition metal,"['Mn', 'P', 'O']",True,True,False,False,True,False,True,0.062496966862169
BAT_00923,Li0-1Mn(PO3)3,Mn(PO3)3,Mn(PO3)3,LiMn(PO3)3,Li,4.327931088333334,89.69858041321287,266.25108809209524,388.2092747497114,1152.3163614563562,0.04561735135959,0.010715820064102,0.000503006785713,1,3,Mn-O-P,"Mn,P,O",mp-25237,mp-19492,"mp-25237,mp-19492",,"['Mn', 'P', 'O']",True,True,False,False,True,False,True,0.010715820064102
BAT_00924,Li0-1MnPO4,MnPO4,MnPO4,LiMnPO4,Li,3.707587988333334,170.8728823723351,588.1442995741866,633.5262462155645,2180.5967405079764,0.108165025892167,0.011608090000001,0.020549734642851,1,3,Mn-O-P,"Mn,P,O",mp-26220,mp-26219,"mp-26220,mp-26219,mp-1663944",,"['Mn', 'P', 'O']",True,True,False,False,True,False,True,0.020549734642851
BAT_00925,Li0-1MnPO4,MnPO4,MnPO4,LiMnPO4,Li,3.797607483333341,170.8728823723351,567.533481490145,648.9081367959177,2155.2693963491993,0.065671567929561,0.002636648750002,0.0,1,3,Mn-O-P,"Mn,P,O",mp-26980,mp-18997,"mp-26980,mp-753779,mp-1978995,mp-18997",,"['Mn', 'P', 'O']",True,True,False,False,True,False,True,0.002636648750002
BAT_00926,Li0-1Mn(PO3)3,Mn(PO3)3,Mn(PO3)3,LiMn(PO3)3,Li,4.965640293333328,89.69858041321287,241.14040916635165,445.41088515464946,1197.416532107321,0.054812021443186,0.059228674679487,0.0,1,3,Mn-O-P,"Mn,P,O",mp-704236,mp-26019,"mp-704236,mp-26019",,"['Mn', 'P', 'O']",True,True,False,False,True,False,True,0.059228674679487
BAT_00927,Li0-1MnPO4,MnPO4,MnPO4,LiMnPO4,Li,4.546071956666669,170.8728823723351,551.951625347792,776.800418707675,2509.2118054301845,0.057215736139496,0.155618313055557,0.024203644642851,2,3,Mn-O-P,"Mn,P,O",mp-26284,mp-31940,"mp-26284,mp-1176666,mp-31940",,"['Mn', 'P', 'O']",True,True,False,False,True,False,True,0.155618313055557
BAT_00928,Li0-1Mn(PO3)4,Mn(PO3)4,Mn(PO3)4,LiMn(PO3)4,Li,5.438288473333335,70.94714132443546,181.6714380990518,385.8310208806285,987.981687747964,0.010081398919854,0.042207412254903,0.023214436249987,1,3,Mn-O-P,"Mn,P,O",mp-26274,mp-31950,"mp-26274,mp-31950",,"['Mn', 'P', 'O']",True,True,False,False,True,False,True,0.042207412254903
BAT_00929,Li3-9Mn3P8O29,Mn3P8O29,Li3Mn3P8O29,Li9Mn3P8O29,Li,4.897374787499998,171.2452886863373,458.8635735938243,838.6523592906268,2247.2268962205453,0.018969462466735,0.079383918275197,0.0,2,3,Mn-O-P,"Mn,P,O",mp-1177655,mp-26035,"mp-1177655,mp-776277,mp-704284,mp-26035",More than one working ion per transition metal,"['Mn', 'P', 'O']",True,True,False,False,True,False,True,0.079383918275197
BAT_00930,Li0-1Mn4(PO4)3,Mn4(PO4)3,Mn4(PO4)3,LiMn4(PO4)3,Li,3.363426568333328,52.38682662760285,190.23343637474116,176.19924450995126,639.8361940881522,0.004387586397114,0.024567154999969,0.044256848374992,1,3,Mn-O-P,"Mn,P,O",mp-25970,mp-25969,"mp-25970,mp-25969",,"['Mn', 'P', 'O']",True,True,False,False,True,False,True,0.044256848374992
BAT_00931,Li1-2MnP2O7,MnP2O7,LiMnP2O7,Li2MnP2O7,Li,4.052284408333326,110.401669147061,276.9059348960709,447.3789625386097,1122.101602554311,0.018109006390311,0.045775441590921,0.023967148749973,1,3,Mn-O-P,"Mn,P,O",mp-540193,mp-26257,"mp-540193,mp-26257",More than one working ion per transition metal,"['Mn', 'P', 'O']",True,True,False,False,True,False,True,0.045775441590921
BAT_00932,Li0-1Mn3P3O13,Mn3P3O13,Mn3P3O13,LiMn3P3O13,Li,4.711667403333341,56.70247601514442,182.5949219277296,267.1632079288466,860.3265416610798,0.020742906179189,0.039883818421055,0.018888072500012,1,3,Mn-O-P,"Mn,P,O",mp-1047928,mp-1013917,"mp-1047928,mp-1013917",,"['Mn', 'P', 'O']",True,True,False,False,True,False,True,0.039883818421055
BAT_00933,Li1-5Mn2(PO4)3,Mn2(PO4)3,LiMn2(PO4)3,Li5Mn2(PO4)3,Li,3.86162499770833,249.60914713848976,728.6522488113702,963.8969222466488,2813.781738646377,0.194957344620235,0.015853570694454,0.03917676806818,2,3,Mn-O-P,"Mn,P,O",mp-26118,mp-849398,"mp-26118,mp-759018,mp-26040,mp-776243,mp-766527,mp-766502,mp-759126,mp-1177925,mp-26039,mp-31969,mp-773057,mp-758937,mp-1244614,mp-779625,mp-760127,mp-849398,mp-778881,mp-780484",More than one working ion per transition metal,"['Mn', 'P', 'O']",True,True,False,False,True,False,True,0.03917676806818
BAT_00934,Li0-1MnP2O7,MnP2O7,MnP2O7,LiMnP2O7,Li,4.536827918333333,113.65114030113016,354.3799116181087,515.6156662685861,1607.760676725535,0.051294483460389,0.030568915249999,0.013826801590922,1,3,Mn-O-P,"Mn,P,O",mp-26340,mp-26339,"mp-26340,mp-26339",,"['Mn', 'P', 'O']",True,True,False,False,True,False,True,0.030568915249999
BAT_00935,Li0-1MnPO4,MnPO4,MnPO4,LiMnPO4,Li,3.900206260833333,170.8728823723351,548.4568642244999,666.4394856352192,2139.094895645412,0.094731169356238,0.069885098888891,0.042984560476185,1,3,Mn-O-P,"Mn,P,O",mp-27066,mp-1172916,"mp-27066,mp-1176684,mp-1172916,mp-690868",,"['Mn', 'P', 'O']",True,True,False,False,True,False,True,0.069885098888891
BAT_00936,Li0-6Mn3(PO4)4,Mn3(PO4)4,Mn3(PO4)4,Li6Mn3(PO4)4,Li,4.150598373888897,274.256158031267,773.2300776623343,1138.3271635535932,3209.3675029872707,0.224899319321994,0.13335079047102,0.081087025086204,2,3,Mn-O-P,"Mn,P,O",mp-26060,mp-780723,"mp-26060,mp-585338,mp-780723",More than one working ion per transition metal,"['Mn', 'P', 'O']",True,True,False,False,True,False,True,0.13335079047102
BAT_00937,Li0-1MnPO4,MnPO4,MnPO4,LiMnPO4,Li,4.234417403333329,170.8728823723351,489.7176014599198,723.5471068751447,2073.6687343405397,0.098925178224841,0.089081475833335,0.011694148928566,1,3,Mn-O-P,"Mn,P,O",mp-540118,mp-26057,"mp-540118,mp-26057",,"['Mn', 'P', 'O']",True,True,False,False,True,False,True,0.089081475833335
BAT_00938,Li0-2MnP2O7,MnP2O7,MnP2O7,Li2MnP2O7,Li,4.000639058333339,220.80333829412203,638.1054781365391,883.354459389854,2552.829699169509,0.112571277801983,0.026244321249999,0.040063251249971,2,3,Mn-O-P,"Mn,P,O",mp-697742,mp-540421,"mp-697742,mp-26379,mp-540421",More than one working ion per transition metal,"['Mn', 'P', 'O']",True,True,False,False,True,False,True,0.040063251249971
BAT_00940,Li0-1MnP2O7,MnP2O7,MnP2O7,LiMnP2O7,Li,5.407387925833338,113.65114030113016,356.6456193249843,614.555803821522,1928.521215739273,0.071846284381102,0.121272676499999,0.017142947500013,1,3,Mn-O-P,"Mn,P,O",mp-697788,mp-26397,"mp-697788,mp-26397",,"['Mn', 'P', 'O']",True,True,False,False,True,False,True,0.121272676499999
BAT_00941,Li0-1Mn4(PO4)3,Mn4(PO4)3,Mn4(PO4)3,LiMn4(PO4)3,Li,4.447853668333356,52.38682662760285,186.67739328400407,233.00893898792685,830.3137285131661,0.008445654001766,0.062347607368391,0.025926923124991,1,3,Mn-O-P,"Mn,P,O",mp-26394,mp-26393,"mp-26394,mp-26393",,"['Mn', 'P', 'O']",True,True,False,False,True,False,True,0.062347607368391
BAT_00942,Li0-5Mn2(PO4)3,Mn2(PO4)3,Mn2(PO4)3,Li5Mn2(PO4)3,Li,4.017643297333335,312.0114339231122,866.5029147793747,1253.5506461925545,3481.299627683153,0.201325565996927,0.046424452794105,0.050329882272724,5,3,Mn-O-P,"Mn,P,O",mp-26062,mp-768651,"mp-26062,mp-26061,mp-26846,mp-697792,mp-759308,mp-774345,mp-780607,mp-32024,mp-26601,mp-760033,mp-772945,mp-764125,mp-768651,mp-768628",More than one working ion per transition metal,"['Mn', 'P', 'O']",True,True,False,False,True,False,True,0.050329882272724
BAT_00943,Li0-2MnP2O7,MnP2O7,MnP2O7,Li2MnP2O7,Li,4.026647520833333,220.80333829412203,624.6711396691062,889.0972147337503,2515.3304958847393,0.121519687835453,0.009338634249999,0.021640434999972,2,3,Mn-O-P,"Mn,P,O",mp-540416,mp-540223,"mp-540416,mp-540415,mp-540033,mp-540223",More than one working ion per transition metal,"['Mn', 'P', 'O']",True,True,False,False,True,False,True,0.021640434999972
BAT_00944,Li0-0.5MnPO4,MnPO4,MnPO4,LiMn2(PO4)2,Li,4.06187906833333,87.36959641448958,250.11358564139144,354.884734884746,1015.9311382225636,0.036602961974525,0.082084140416666,0.054224477499993,1,3,Mn-O-P,"Mn,P,O",mp-540146,mp-1176680,"mp-540146,mp-1176680",,"['Mn', 'P', 'O']",True,True,False,False,True,False,True,0.082084140416666
BAT_00945,Li1-2MnP2O7,MnP2O7,LiMnP2O7,Li2MnP2O7,Li,4.051171003333342,110.401669147061,311.411611049208,447.2560407681748,1261.5816887838723,0.008020185627112,0.046860550909104,0.025054616041638,1,3,Mn-O-P,"Mn,P,O",mp-697744,mp-26413,"mp-697744,mp-26413",More than one working ion per transition metal,"['Mn', 'P', 'O']",True,True,False,False,True,False,True,0.046860550909104
BAT_00948,Li0-1MnP2O7,MnP2O7,MnP2O7,LiMnP2O7,Li,4.879427273333339,113.65114030113016,366.6681558750384,554.5524736307683,1789.1306000395025,0.108728839162103,0.052996513249999,0.003070131136376,1,3,Mn-O-P,"Mn,P,O",mp-27032,mp-27031,"mp-27032,mp-27031",,"['Mn', 'P', 'O']",True,True,False,False,True,False,True,0.052996513249999
BAT_00949,Li1-3Mn2(PO4)3,Mn2(PO4)3,LiMn2(PO4)3,Li3Mn2(PO4)3,Li,4.497210830833329,128.9732024538312,424.642781270383,580.0196829626293,1909.708115164355,0.056964856163744,0.061434238472232,0.028542203250025,1,3,Mn-O-P,"Mn,P,O",mp-32023,mp-26453,"mp-32023,mp-26453",More than one working ion per transition metal,"['Mn', 'P', 'O']",True,True,False,False,True,False,True,0.061434238472232
BAT_00951,Li0-1MnPO4,MnPO4,MnPO4,LiMnPO4,Li,4.206166843333325,170.8728823723351,493.8097310073079,718.7198522593114,2077.0461174782868,0.027676897105091,0.084943009722223,0.012182686547613,1,3,Mn-O-P,"Mn,P,O",mp-694547,mp-26071,"mp-694547,mp-26071",,"['Mn', 'P', 'O']",True,True,False,False,True,False,True,0.084943009722223
BAT_00952,Li0-2MnP2O7,MnP2O7,MnP2O7,Li2MnP2O7,Li,4.247790099583331,220.80333829412203,622.5868606337289,937.9262343607204,2644.6183027306206,0.038870831107834,0.072622637499999,0.037520007916639,2,3,Mn-O-P,"Mn,P,O",mp-585266,mp-31953,"mp-585266,mp-935620,mp-26555,mp-31953",More than one working ion per transition metal,"['Mn', 'P', 'O']",True,True,False,False,True,False,True,0.072622637499999
BAT_00953,Li3-4Mn(PO4)2,Mn(PO4)2,Li3Mn(PO4)2,Li4Mn(PO4)2,Li,4.041787503333329,98.3018351816018,256.1619574303642,397.3151289917307,1035.3521983714504,0.023543212088019,0.029951626607193,0.010621523999999,1,3,Mn-O-P,"Mn,P,O",mp-881278,mp-26081,"mp-881278,mp-760997,mp-26081",More than one working ion per transition metal,"['Mn', 'P', 'O']",True,True,False,False,True,False,True,0.029951626607193
BAT_00954,Li0-1Mn4(PO4)3,Mn4(PO4)3,Mn4(PO4)3,LiMn4(PO4)3,Li,4.095810958333321,52.38682662760285,162.92156439319598,214.56653857364356,667.2959287904599,0.025939804647934,0.060471764473653,0.041747007874993,1,3,Mn-O-P,"Mn,P,O",mp-705354,mp-31931,"mp-705354,mp-585388,mp-31931",,"['Mn', 'P', 'O']",True,True,False,False,True,False,True,0.060471764473653
BAT_00955,Li1-2Mn(PO3)4,Mn(PO3)4,LiMn(PO3)4,Li2Mn(PO3)4,Li,4.764521593333318,69.66709452297067,190.84118259870576,331.93037619948706,909.2669353888002,0.024296112657451,0.091546015416652,0.048428925087752,1,3,Mn-O-P,"Mn,P,O",mp-689967,mp-540477,"mp-689967,mp-540477",More than one working ion per transition metal,"['Mn', 'P', 'O']",True,True,False,False,True,False,True,0.091546015416652
BAT_00956,Li1-2Mn(PO4)2,Mn(PO4)2,LiMn(PO4)2,Li2Mn(PO4)2,Li,5.18018951833334,103.57549213489786,293.42896048903117,536.5406787134152,1520.017625500727,0.002805136997757,0.079415136458342,0.004694524423081,1,3,Mn-O-P,"Mn,P,O",mp-753867,mp-753291,"mp-753867,mp-753291",More than one working ion per transition metal,"['Mn', 'P', 'O']",True,True,False,False,True,False,True,0.079415136458342
BAT_00957,Li1-3Mn(PO4)2,Mn(PO4)2,LiMn(PO4)2,Li3Mn(PO4)2,Li,4.493124225833331,201.73956317017007,621.459961221103,906.4409185889248,2792.2968071479804,0.059943619233691,0.076821810625008,0.02821876500005,2,3,Mn-O-P,"Mn,P,O",mp-867825,mp-31972,"mp-867825,mp-1101557,mp-31972",More than one working ion per transition metal,"['Mn', 'P', 'O']",True,True,False,False,True,False,True,0.076821810625008
BAT_00958,Li1-2MnP2O7,MnP2O7,LiMnP2O7,Li2MnP2O7,Li,3.943506073333329,110.401669147061,305.83610823952915,435.3696527875719,1206.0665502872123,0.057256430655618,0.017101070681831,0.006747169999972,1,3,Mn-O-P,"Mn,P,O",mp-31960,mp-1101535,"mp-31960,mp-1101535",More than one working ion per transition metal,"['Mn', 'P', 'O']",True,True,False,False,True,False,True,0.017101070681831
BAT_00959,Li0.5-1MnPO4,MnPO4,LiMn2(PO4)2,LiMnPO4,Li,4.163795528333343,85.43644118616756,244.8010372571217,355.7398717676791,1019.3014642625674,0.003575539428858,0.08264630288461,0.049456714285708,1,3,Mn-O-P,"Mn,P,O",mp-753423,mp-857355,"mp-753423,mp-857355",,"['Mn', 'P', 'O']",True,True,False,False,True,False,True,0.08264630288461
BAT_00960,Li0-2Mn3(P2O7)2,Mn3(P2O7)2,Mn3(P2O7)2,Li2Mn3(P2O7)2,Li,3.994505840833317,101.7939895135686,322.04817815736374,406.6166856736752,1286.423328679318,0.041348009772475,0.018519525714294,0.008266204782615,1,3,Mn-O-P,"Mn,P,O",mp-694554,mp-26083,"mp-694554,mp-26083",,"['Mn', 'P', 'O']",True,True,False,False,True,False,True,0.018519525714294
BAT_00961,Li0-1Mn2P2O9,Mn2P2O9,Mn2P2O9,LiMn2P2O9,Li,4.71563363333333,83.0386244073698,269.8939369522879,391.579730121127,1272.7209265249542,0.000548048714217,0.052275500192309,0.02111315517858,1,3,Mn-O-P,"Mn,P,O",mp-1040954,mp-1097049,"mp-1040954,mp-1097049",,"['Mn', 'P', 'O']",True,True,False,False,True,False,True,0.052275500192309
BAT_00962,Li0.5-1.75MnP2O7,MnP2O7,LiMn2(P2O7)2,Li7Mn4(P2O7)4,Li,4.7548467473333345,138.9956141661001,410.80977570280385,660.9028439112802,1953.3375257732137,0.045968971930546,0.097221177380959,0.012438380585105,3,3,Mn-O-P,"Mn,P,O",mp-849633,mp-1176940,"mp-849633,mp-1177888,mp-849626,mp-849621,mp-849756,mp-1177764,mp-849717,mp-1177785,mp-777776,mp-1176663,mp-849674,mp-1176822,mp-1176713,mp-1176685,mp-849692,mp-776469,mp-849721,mp-849723,mp-849605,mp-1176710,mp-1177392,mp-1177157,mp-1177149,mp-849726,mp-849659,mp-849607,mp-1177128,mp-1177416,mp-1177173,mp-1177698,mp-849996,mp-753725,mp-849745,mp-849644,mp-849655,mp-1177664,mp-849650,mp-1176940,mp-1177074,mp-1176910,mp-849679,mp-1176911,mp-1177127,mp-849806,mp-1176957,mp-1176907,mp-1177028,mp-1177043,mp-554804",More than one working ion per transition metal,"['Mn', 'P', 'O']",True,True,False,False,True,False,True,0.097221177380959
BAT_00963,Li1-3Mn(PO4)2,Mn(PO4)2,LiMn(PO4)2,Li3Mn(PO4)2,Li,4.595243854583328,201.73956317017007,613.151814181152,927.042487884049,2817.582106042557,0.029425151172906,0.082473657708342,0.018474686964336,2,3,Mn-O-P,"Mn,P,O",mp-754179,mp-753513,"mp-754179,mp-766444,mp-753513",More than one working ion per transition metal,"['Mn', 'P', 'O']",True,True,False,False,True,False,True,0.082473657708342
BAT_00964,Li0-1MnPO4,MnPO4,MnPO4,LiMnPO4,Li,4.307593643333338,170.8728823723351,566.7424618380106,736.050941925116,2441.2962260205018,0.069917162550801,0.130776221666668,0.036978753928564,2,3,Mn-O-P,"Mn,P,O",mp-697761,mp-26607,"mp-697761,mp-755395,mp-26607,mp-859086,mp-857359",,"['Mn', 'P', 'O']",True,True,False,False,True,False,True,0.130776221666668
BAT_00965,Li0-1MnP2O7,MnP2O7,MnP2O7,LiMnP2O7,Li,4.439181300833344,113.65114030113016,328.8767078164694,504.518016843164,1459.9433316185025,0.088832241820707,0.011721759749999,0.005569989090922,1,3,Mn-O-P,"Mn,P,O",mp-26632,mp-1101530,"mp-26632,mp-1101530,mp-782650,mp-705357",,"['Mn', 'P', 'O']",True,True,False,False,True,False,True,0.011721759749999
BAT_00966,Li0-1Mn(PO3)4,Mn(PO3)4,Mn(PO3)4,LiMn(PO3)4,Li,5.404884023333329,70.94714132443546,170.52365932023494,383.46107064561306,921.6606018602732,0.00303940476999,0.051616149313725,0.033956268472208,1,3,Mn-O-P,"Mn,P,O",mp-32018,mp-540331,"mp-32018,mp-540331",,"['Mn', 'P', 'O']",True,True,False,False,True,False,True,0.051616149313725
BAT_00967,Li1-2Mn(PO3)4,Mn(PO3)4,LiMn(PO3)4,Li2Mn(PO3)4,Li,4.9129216308333294,69.66709452297067,191.4136044911759,342.2689756392127,940.4000379404736,0.04212165630412,0.055229903472208,0.006213659166699,1,3,Mn-O-P,"Mn,P,O",mp-694557,mp-26095,"mp-694557,mp-26095",More than one working ion per transition metal,"['Mn', 'P', 'O']",True,True,False,False,True,False,True,0.055229903472208
BAT_00968,Li0-1Mn(PO3)3,Mn(PO3)3,Mn(PO3)3,LiMn(PO3)3,Li,4.989347755833326,89.69858041321287,228.9198917573856,447.5374108860988,1142.1609482053198,0.115051738642869,0.117870976794871,0.052760176071428,1,3,Mn-O-P,"Mn,P,O",mp-557190,mp-775915,"mp-557190,mp-775915",,"['Mn', 'P', 'O']",True,True,False,False,True,False,True,0.117870976794871
BAT_00969,Li0-2Mn3(P2O7)2,Mn3(P2O7)2,Mn3(P2O7)2,Li2Mn3(P2O7)2,Li,4.239662735833325,101.7939895135686,328.83370982961156,431.5721840724851,1394.1440258504326,0.025904084417243,0.058440609285723,0.023397898913048,1,3,Mn-O-P,"Mn,P,O",mp-706469,mp-32027,"mp-706469,mp-32027",,"['Mn', 'P', 'O']",True,True,False,False,True,False,True,0.058440609285723
BAT_00970,Li0-1Mn2P3O11,Mn2P3O11,Mn2P3O11,LiMn2P3O11,Li,4.240917493333318,69.48217080607819,220.01609540962968,294.6681536462705,933.0701078375909,0.003105181214136,0.034591266093749,0.040928020441187,1,3,Mn-O-P,"Mn,P,O",mp-25830,mp-25829,"mp-25830,mp-25829",,"['Mn', 'P', 'O']",True,True,False,False,True,False,True,0.040928020441187
BAT_00971,Li0-1Mn(PO3)4,Mn(PO3)4,Mn(PO3)4,LiMn(PO3)4,Li,5.113220223333319,70.94714132443546,171.37624551083218,362.7683578077904,876.284484344923,0.062606719380007,0.034900171666667,0.034372500694431,1,3,Mn-O-P,"Mn,P,O",mp-32028,mp-26783,"mp-32028,mp-26783",,"['Mn', 'P', 'O']",True,True,False,False,True,False,True,0.034900171666667
BAT_00972,Li0-2MnP2O7,MnP2O7,MnP2O7,Li2MnP2O7,Li,4.027959809583334,220.80333829412203,637.0904521253351,889.3869724705562,2566.174736230125,0.117710345454079,0.008051348249999,0.020348981874972,1,3,Mn-O-P,"Mn,P,O",mp-26734,mp-695780,"mp-26734,mp-695780",More than one working ion per transition metal,"['Mn', 'P', 'O']",True,True,False,False,True,False,True,0.020348981874972
BAT_00973,Li1-3Mn(PO4)2,Mn(PO4)2,LiMn(PO4)2,Li3Mn(PO4)2,Li,5.499462983333335,201.73956317017007,619.6158508818542,1109.4592599281873,3407.5544358113443,0.076211100464685,0.232337290625009,0.017755068214336,1,3,Mn-O-P,"Mn,P,O",mp-753895,mp-863426,"mp-753895,mp-863426",More than one working ion per transition metal,"['Mn', 'P', 'O']",True,True,False,False,True,False,True,0.232337290625009
BAT_00974,Li0-1MnP2O7,MnP2O7,MnP2O7,LiMnP2O7,Li,4.689458235833332,113.65114030113016,357.3231152206759,532.9622758969845,1675.6518255252215,0.060401886548921,0.030622465249998,0.0,1,3,Mn-O-P,"Mn,P,O",mp-26138,mp-31924,"mp-26138,mp-31924",,"['Mn', 'P', 'O']",True,True,False,False,True,False,True,0.030622465249998
BAT_00975,Li0.5-1MnPO4,MnPO4,LiMn2(PO4)2,LiMnPO4,Li,3.9772598383333433,85.43644118616756,254.03486331458583,339.80292625987295,1010.3626593976026,0.021160381994088,0.070129749423071,0.051158178214278,1,3,Mn-O-P,"Mn,P,O",mp-753476,mp-25831,"mp-753476,mp-25831",,"['Mn', 'P', 'O']",True,True,False,False,True,False,True,0.070129749423071
BAT_00976,Li0-1MnPO4,MnPO4,MnPO4,LiMnPO4,Li,3.197402790833341,170.8728823723351,478.1600557048559,546.3494309750415,1528.8702965757325,0.034677408347819,0.119482589583334,0.185897191071422,1,3,Mn-O-P,"Mn,P,O",mp-705467,mp-585279,"mp-705467,mp-585279",,"['Mn', 'P', 'O']",True,True,False,False,True,False,True,0.185897191071422
BAT_00977,Li1-2Mn(PO3)4,Mn(PO3)4,LiMn(PO3)4,Li2Mn(PO3)4,Li,5.41454916583334,69.66709452297067,213.9237372247568,377.2159085353833,1158.3005929422577,0.027693545526825,0.119332985277764,0.04054144535091,1,3,Mn-O-P,"Mn,P,O",mp-704184,mp-25887,"mp-704184,mp-25887",More than one working ion per transition metal,"['Mn', 'P', 'O']",True,True,False,False,True,False,True,0.119332985277764
BAT_00978,Li0-1MnPO4,MnPO4,MnPO4,LiMnPO4,Li,4.318775325833333,170.8728823723351,478.48127459661765,737.9615882436624,2066.453122601156,0.036658776006949,0.103258166666668,0.011794466428566,1,3,Mn-O-P,"Mn,P,O",mp-26820,mp-861056,"mp-26820,mp-753872,mp-861056,mp-26819",,"['Mn', 'P', 'O']",True,True,False,False,True,False,True,0.103258166666668
BAT_00979,Li0-3Mn3(PO4)4,Mn3(PO4)4,Mn3(PO4)4,Li3Mn3(PO4)4,Li,5.3289678600000014,142.17724606073187,423.25355448877315,757.6579746809518,2255.504588501431,0.105673144596013,0.140110215326092,0.003012091923087,1,3,Mn-O-P,"Mn,P,O",mp-26144,mp-26143,"mp-26144,mp-26143,mp-1244727",,"['Mn', 'P', 'O']",True,True,False,False,True,False,True,0.140110215326092
BAT_00980,Li0-4Mn5(P3O11)2,Mn5(P3O11)2,Mn5(P3O11)2,Li4Mn5(P3O11)2,Li,3.74341100958333,127.58302668789992,388.6377802429278,477.5957067394485,1454.830945301403,0.02852144536883,0.027682989848484,0.034964707027042,1,3,Mn-O-P,"Mn,P,O",mp-31954,mp-25857,"mp-31954,mp-25857",,"['Mn', 'P', 'O']",True,True,False,False,True,False,True,0.034964707027042
BAT_00981,Li2-3Mn(PO4)2,Mn(PO4)2,Li2Mn(PO4)2,Li3Mn(PO4)2,Li,4.475758013333338,100.86978158508504,306.89886468457513,451.4687332326279,1373.6050528948908,0.048648504276882,0.041632795192312,0.016905790000049,1,3,Mn-O-P,"Mn,P,O",mp-758816,mp-1663233,"mp-758816,mp-1663233,mp-1663957,mp-759826,mp-754753",More than one working ion per transition metal,"['Mn', 'P', 'O']",True,True,False,False,True,False,True,0.041632795192312
BAT_00982,Li0-3Mn3(PO4)4,Mn3(PO4)4,Mn3(PO4)4,Li3Mn3(PO4)4,Li,4.816141371666669,142.17724606073187,400.02487242065627,684.7457168627227,1926.5763377608037,0.021200261014386,0.094573069673917,0.021901519423087,1,3,Mn-O-P,"Mn,P,O",mp-697730,mp-1101551,"mp-697730,mp-1101551,mp-705468",,"['Mn', 'P', 'O']",True,True,False,False,True,False,True,0.094573069673917
BAT_00983,Li0-1Mn(PO3)3,Mn(PO3)3,Mn(PO3)3,LiMn(PO3)3,Li,3.676581288333342,89.69858041321287,248.42116032287367,329.7841223372821,913.3405896691348,0.049307479525249,0.008724037564102,0.04517848017857,1,3,Mn-O-P,"Mn,P,O",mp-504351,mp-26937,"mp-504351,mp-26937",,"['Mn', 'P', 'O']",True,True,False,False,True,False,True,0.04517848017857
BAT_00984,Li0-1Mn2P3O10,Mn2P3O10,Mn2P3O10,LiMn2P3O10,Li,4.432370943333329,72.48886731348593,189.7073276892744,321.2975491954402,840.8532469873542,0.0419208124055,0.080089244333334,0.0439713596875,1,3,Mn-O-P,"Mn,P,O",mp-697794,mp-26927,"mp-697794,mp-26927",,"['Mn', 'P', 'O']",True,True,False,False,True,False,True,0.080089244333334
BAT_00985,Li0.5-1MnPO4,MnPO4,LiMn2(PO4)2,LiMnPO4,Li,4.124118988333355,85.43644118616756,268.9325666646782,352.3500493914995,1109.109904763025,0.011551068996411,0.062162258653842,0.03326985464285,1,3,Mn-O-P,"Mn,P,O",mp-753420,mp-1663809,"mp-753420,mp-1663809,mp-690866",,"['Mn', 'P', 'O']",True,True,False,False,True,False,True,0.062162258653842
BAT_00986,Li0-1Mn4(PO4)3,Mn4(PO4)3,Mn4(PO4)3,LiMn4(PO4)3,Li,3.600855243333318,52.38682662760285,163.70464082930138,188.6373793435972,589.4767142881875,0.037735929285795,0.035037654999968,0.042332389624993,1,3,Mn-O-P,"Mn,P,O",mp-504398,mp-27085,"mp-504398,mp-27085",,"['Mn', 'P', 'O']",True,True,False,False,True,False,True,0.042332389624993
BAT_00987,Li0-3Mn2P5O16,Mn2P5O16,Mn2P5O16,Li3Mn2P5O16,Li,4.053939513333332,148.46867536900768,405.2349744915185,601.8830295706795,1642.798075275792,0.035444919106478,0.003498224384085,0.014541953782051,2,3,Mn-O-P,"Mn,P,O",mp-27026,mp-26187,"mp-27026,mp-26188,mp-26187",More than one working ion per transition metal,"['Mn', 'P', 'O']",True,True,False,False,True,False,True,0.014541953782051
BAT_00988,Li0-6Mn9(PO4)8,Mn9(PO4)8,Mn9(PO4)8,Li6Mn9(PO4)8,Li,3.700166015000002,124.0944034187114,405.7874532108817,459.169894181616,1501.4809436843082,0.016970911064002,0.043230361020395,0.047418493545456,1,3,Mn-O-P,"Mn,P,O",mp-704227,mp-25923,"mp-704227,mp-25923",,"['Mn', 'P', 'O']",True,True,False,False,True,False,True,0.047418493545456
BAT_00989,Li1-5Mn3(PO4)4,Mn3(PO4)4,LiMn3(PO4)4,Li5Mn3(PO4)4,Li,4.291784965833334,185.0277469784107,587.806384351331,794.0993027439572,2522.7386031798924,0.08226379282368,0.061709961145838,0.012032993571429,3,3,Mn-O-P,"Mn,P,O",mp-758525,mp-755112,"mp-758525,mp-758818,mp-758480,mp-758852,mp-755112",More than one working ion per transition metal,"['Mn', 'P', 'O']",True,True,False,False,True,False,True,0.061709961145838
BAT_00990,Li0-1MnPO4,MnPO4,MnPO4,LiMnPO4,Li,4.020357123333345,170.8728823723351,563.3127435724381,686.9700098301182,2264.7184012859016,0.026339893909823,0.092887265000001,0.045536293928564,1,3,Mn-O-P,"Mn,P,O",mp-689981,mp-26941,"mp-689981,mp-26941",,"['Mn', 'P', 'O']",True,True,False,False,True,False,True,0.092887265000001
BAT_00991,Li0-2MnP2O7,MnP2O7,MnP2O7,Li2MnP2O7,Li,4.109094549583337,220.80333829412203,598.0610500173659,907.3017939141826,2457.4894009444456,0.203812027019146,0.007739515249999,0.006566664374972,2,3,Mn-O-P,"Mn,P,O",mp-26982,mp-770967,"mp-26982,mp-26981,mp-781754,mp-770967",More than one working ion per transition metal,"['Mn', 'P', 'O']",True,True,False,False,True,False,True,0.007739515249999
BAT_00992,Li0-2Mn(PO3)4,Mn(PO3)4,Mn(PO3)4,Li2Mn(PO3)4,Li,4.704670653333328,139.33418904594134,335.36851295963925,655.5214702104383,1577.798400973253,0.192051955340565,0.061004457549019,0.042273667456173,2,3,Mn-O-P,"Mn,P,O",mp-759549,mp-31979,"mp-759549,mp-31980,mp-31979",More than one working ion per transition metal,"['Mn', 'P', 'O']",True,True,False,False,True,False,True,0.061004457549019
BAT_00993,Li0-2Mn(PO3)4,Mn(PO3)4,Mn(PO3)4,Li2Mn(PO3)4,Li,4.569194618333346,139.33418904594134,345.96651492576586,636.6450267385562,1580.7883381223526,0.068716055460513,0.018915685637256,0.018875927850909,2,3,Mn-O-P,"Mn,P,O",mp-26984,mp-780694,"mp-26984,mp-26983,mp-780694",More than one working ion per transition metal,"['Mn', 'P', 'O']",True,True,False,False,True,False,True,0.018915685637256
BAT_00994,Li0-1Mn2P3O10,Mn2P3O10,Mn2P3O10,LiMn2P3O10,Li,4.38721299333334,72.48886731348593,235.93750722908004,318.0241005497419,1035.1080973300989,0.017699153640052,0.030175930666668,0.0,1,3,Mn-O-P,"Mn,P,O",mp-26978,mp-26977,"mp-26978,mp-26977",,"['Mn', 'P', 'O']",True,True,False,False,True,False,True,0.030175930666668
BAT_00995,Li3-5Mn2(PO4)3,Mn2(PO4)3,Li3Mn2(PO4)3,Li5Mn2(PO4)3,Li,3.479499762083326,124.80457356924488,339.59492009550286,434.2574840410985,1181.6204436770083,0.038316446366887,0.061974031625025,0.083820740454543,1,3,Mn-O-P,"Mn,P,O",mp-860928,mp-1177120,"mp-860928,mp-1177120",More than one working ion per transition metal,"['Mn', 'P', 'O']",True,True,False,False,True,False,True,0.083820740454543
BAT_00996,Li0.5-1MnPO5,MnPO5,LiMn2(PO5)2,LiMnPO5,Li,4.633391458333325,77.52823567041614,266.3879600739262,359.2186649349592,1234.2796988093685,0.004456464782363,0.055605461333341,0.030557947500003,1,3,Mn-O-P,"Mn,P,O",mp-766128,mp-1180529,"mp-766128,mp-1180529,mp-757759,mp-757764",,"['Mn', 'P', 'O']",True,True,False,False,True,False,True,0.055605461333341
BAT_00997,Li0-1MnPO4,MnPO4,MnPO4,LiMnPO4,Li,3.840762836666667,170.8728823723351,406.4209335750918,656.2822164097796,1560.9664177185848,0.21528727809807,0.087783571666667,0.066818026309518,1,3,Mn-O-P,"Mn,P,O",mp-756329,mp-860939,"mp-756329,mp-860939",,"['Mn', 'P', 'O']",True,True,False,False,True,False,True,0.087783571666667
BAT_00998,Li0-2MnP2O7,MnP2O7,MnP2O7,Li2MnP2O7,Li,3.8615735220833303,220.80333829412203,612.9698996280746,852.64832474419,2367.02833423785,0.200025090656381,0.001116591999998,0.042301066249972,2,3,Mn-O-P,"Mn,P,O",mp-770531,mp-776396,"mp-770531,mp-776395,mp-776396",More than one working ion per transition metal,"['Mn', 'P', 'O']",True,True,False,False,True,False,True,0.042301066249972
BAT_00999,Li0-1Mn(PO3)3,Mn(PO3)3,Mn(PO3)3,LiMn(PO3)3,Li,4.50240873333333,89.69858041321287,263.5186491173987,403.8596718200516,1186.4686671823772,0.04375812859028,0.045580562179488,0.020414721249999,1,3,Mn-O-P,"Mn,P,O",mp-763790,mp-1663238,"mp-763790,mp-1663238",,"['Mn', 'P', 'O']",True,True,False,False,True,False,True,0.045580562179488
BAT_01000,Li0-2MnP2O7,MnP2O7,MnP2O7,Li2MnP2O7,Li,3.965911017083333,220.80333829412203,615.4845506863709,875.6863919494368,2440.9569604116637,0.165570662586504,0.006473888999999,0.029375897916639,2,3,Mn-O-P,"Mn,P,O",mp-771388,mp-775905,"mp-771388,mp-776412,mp-775905",More than one working ion per transition metal,"['Mn', 'P', 'O']",True,True,False,False,True,False,True,0.029375897916639
BAT_01001,Li0-1Mn(PO3)3,Mn(PO3)3,Mn(PO3)3,LiMn(PO3)3,Li,3.492629453333326,89.69858041321287,244.06391450627808,313.2839038733751,852.4248163004537,0.105533413138723,0.0,0.050217004940476,1,3,Mn-O-P,"Mn,P,O",mp-771905,mp-1176762,"mp-771905,mp-1176762,mp-780845",,"['Mn', 'P', 'O']",True,True,False,False,True,False,True,0.050217004940476
BAT_01002,Li0-2MnP2O7,MnP2O7,MnP2O7,Li2MnP2O7,Li,4.001296423333334,220.80333829412203,602.0344273337458,883.4996077763305,2408.918200814049,0.194429949568943,0.0,0.018083422708306,2,3,Mn-O-P,"Mn,P,O",mp-771660,mp-775903,"mp-771660,mp-780706,mp-775903",More than one working ion per transition metal,"['Mn', 'P', 'O']",True,True,False,False,True,False,True,0.018083422708306
BAT_01003,Li3-4MnP2O9,MnP2O9,Li3MnP2O9,Li4MnP2O9,Li,4.732444263333325,92.853014277811,263.12179905589943,439.421714752234,1245.209248500035,0.028189362718268,0.049930732166665,0.01904708859375,1,3,Mn-O-P,"Mn,P,O",mp-867845,mp-757635,"mp-867845,mp-757635",More than one working ion per transition metal,"['Mn', 'P', 'O']",True,True,False,False,True,False,True,0.049930732166665
BAT_01004,Li0-2MnP2O7,MnP2O7,MnP2O7,Li2MnP2O7,Li,5.059318233333333,220.80333829412203,625.6697877890851,1117.1143554123198,3165.462565407116,0.060260305226491,0.229710929249999,0.033172228749972,2,3,Mn-O-P,"Mn,P,O",mp-757059,mp-1177902,"mp-757059,mp-1236742,mp-1235163,mp-1177902",More than one working ion per transition metal,"['Mn', 'P', 'O']",True,True,False,False,True,False,True,0.229710929249999
BAT_01005,Li1.5-3Mn2(PO4)3,Mn2(PO4)3,Li3Mn4(PO4)6,Li3Mn2(PO4)3,Li,3.4066562333333312,96.72990184037342,321.7865776547214,329.5255230542294,1096.2162505704566,0.104582414439511,0.023598087432429,0.081010577500025,2,3,Mn-O-P,"Mn,P,O",mp-766211,mp-863434,"mp-766211,mp-767614,mp-778246,mp-863434",More than one working ion per transition metal,"['Mn', 'P', 'O']",True,True,False,False,True,False,True,0.081010577500025
BAT_01007,Li0-1MnPO4,MnPO4,MnPO4,LiMnPO4,Li,3.517563238333328,170.8728823723351,583.2220917907008,601.056169460981,2051.520589866835,0.106409370142946,0.0,0.037746336071422,1,3,Mn-O-P,"Mn,P,O",mp-777460,mp-776296,"mp-777460,mp-776296",,"['Mn', 'P', 'O']",True,True,False,False,True,False,True,0.037746336071422
BAT_01008,Li0-2MnP2O7,MnP2O7,MnP2O7,Li2MnP2O7,Li,3.660773034583333,220.80333829412203,564.9944697687914,808.3109067731033,2068.3165196183,0.221623497696321,0.005803036749998,0.079673184791639,1,3,Mn-O-P,"Mn,P,O",mp-755561,mp-1177905,"mp-755561,mp-1177905",More than one working ion per transition metal,"['Mn', 'P', 'O']",True,True,False,False,True,False,True,0.079673184791639
BAT_01009,Li0-1MnPO4,MnPO4,MnPO4,LiMnPO4,Li,3.8882881633333337,170.8728823723351,556.9857234281109,664.4030059629996,2165.720995551177,0.085186918442008,0.069808133888889,0.044621175833327,2,3,Mn-O-P,"Mn,P,O",mp-849889,mp-859101,"mp-849889,mp-766388,mp-859101",,"['Mn', 'P', 'O']",True,True,False,False,True,False,True,0.069808133888889
BAT_01010,Li0.5-1MnPO4,MnPO4,LiMn2(PO4)2,LiMnPO4,Li,4.608270325833335,85.43644118616756,241.58057581582472,393.714216663021,1113.268598829795,0.011741268102966,0.07549791288461,0.011070723749994,1,3,Mn-O-P,"Mn,P,O",mp-766455,mp-857356,"mp-766455,mp-857356",,"['Mn', 'P', 'O']",True,True,False,False,True,False,True,0.07549791288461
BAT_01011,Li0.5-1MnPO5,MnPO5,LiMn2(PO5)2,LiMnPO5,Li,5.078652138333345,77.52823567041614,262.18959815934346,393.7389398687704,1331.56976334071,0.001173806079038,0.075867675333341,0.021724980625003,1,3,Mn-O-P,"Mn,P,O",mp-766439,mp-757358,"mp-766439,mp-757358",,"['Mn', 'P', 'O']",True,True,False,False,True,False,True,0.075867675333341
BAT_01013,Li0-0.67MnPO4,MnPO4,MnPO4,Li2Mn3(PO4)3,Li,3.613919270833325,115.62075179254468,393.45817539066326,417.8440630113139,1421.9260823112363,0.036515700375798,0.024829921666668,0.039133761499996,2,3,Mn-O-P,"Mn,P,O",mp-768444,mp-778864,"mp-768444,mp-768446,mp-768447,mp-768470,mp-768460,mp-778864",,"['Mn', 'P', 'O']",True,True,False,False,True,False,True,0.039133761499996
BAT_01015,Li0-2MnP2O7,MnP2O7,MnP2O7,Li2MnP2O7,Li,3.880422472083336,220.80333829412203,637.1192098986406,856.8102358275302,2472.291699486665,0.152894159567176,0.006082279999999,0.043297647916638,2,3,Mn-O-P,"Mn,P,O",mp-770558,mp-776393,"mp-770558,mp-775933,mp-776393",More than one working ion per transition metal,"['Mn', 'P', 'O']",True,True,False,False,True,False,True,0.043297647916638
BAT_01016,Li0-0.67MnPO4,MnPO4,MnPO4,Li2Mn3(PO4)3,Li,3.588491035833333,115.62075179254468,370.70000782922307,414.9040313638573,1330.2536550785137,0.066269520951882,0.049600942222223,0.063970503499995,1,3,Mn-O-P,"Mn,P,O",mp-772269,mp-772041,"mp-772269,mp-772041",,"['Mn', 'P', 'O']",True,True,False,False,True,False,True,0.063970503499995
BAT_01020,Li0-4Mn7(PO4)6,Mn7(PO4)6,Mn7(PO4)6,Li4Mn7(PO4)6,Li,3.324190938333321,109.15338613925306,367.87836623243527,362.84669709250295,1222.8979314387282,0.105651491569764,0.009978063783783,0.053648170000001,1,3,Mn-O-P,"Mn,P,O",mp-770696,mp-849324,"mp-770696,mp-849324",,"['Mn', 'P', 'O']",True,True,False,False,True,False,True,0.053648170000001
BAT_01021,Li0-1Mn2PO5,Mn2PO5,Mn2PO5,LiMn2PO5,Li,2.386426878333329,117.65983528113648,407.3637140971773,280.7865934151762,972.1437165791976,0.085699258671302,0.004441167499999,0.081454936666645,1,3,Mn-O-P,"Mn,P,O",mp-770538,mp-776397,"mp-770538,mp-776397",,"['Mn', 'P', 'O']",True,True,False,False,True,False,True,0.081454936666645
BAT_01022,Li0-6Mn3Sb(PO4)6,Mn3Sb(PO4)6,Mn3Sb(PO4)6,Li6Mn3Sb(PO4)6,Li,3.908013398333333,179.06485165522767,549.5783068775675,699.7878394392004,2147.7593867108817,0.080260960221079,0.06814966264705,0.095226444423097,1,4,Mn-O-P-Sb,"Mn,Sb,P,O",mp-775275,mp-1177012,"mp-775275,mp-1177012",More than one working ion per transition metal,"['Mn', 'Sb', 'P', 'O']",True,True,False,False,True,False,True,0.095226444423097
BAT_01023,Li0-4Mn3Sb(PO4)4,Mn3Sb(PO4)4,Mn3Sb(PO4)4,Li4Mn3Sb(PO4)4,Li,3.106594598333328,154.42564500355724,537.8855904810664,479.737874612191,1670.9924699098135,0.060112490597981,0.071106280520865,0.088532844553571,1,4,Mn-O-P-Sb,"Mn,Sb,P,O",mp-756463,mp-753896,"mp-756463,mp-753896",More than one working ion per transition metal,"['Mn', 'Sb', 'P', 'O']",True,True,False,False,True,False,True,0.088532844553571
BAT_01024,Li0-8Mn7Sb(PO4)12,Mn7Sb(PO4)12,Mn7Sb(PO4)12,Li8Mn7Sb(PO4)12,Li,4.706164064583338,126.0126394323758,386.6536924696164,593.0361553799443,1819.6557129389655,0.08201719821797,0.057873607867635,0.013575167582166,1,4,Mn-O-P-Sb,"Mn,Sb,P,O",mp-776832,mp-1176842,"mp-776832,mp-1176842",More than one working ion per transition metal,"['Mn', 'Sb', 'P', 'O']",True,True,False,False,True,False,True,0.057873607867635
BAT_01025,Li0-4Mn5Sb(PO4)6,Mn5Sb(PO4)6,Mn5Sb(PO4)6,Li4Mn5Sb(PO4)6,Li,3.076132053333329,107.8484427877532,357.3713301415647,331.7560517614934,1099.3214035908345,0.072621918985809,0.040978394791678,0.098587396750014,1,4,Mn-O-P-Sb,"Mn,Sb,P,O",mp-772211,mp-1177350,"mp-772211,mp-1177350",,"['Mn', 'Sb', 'P', 'O']",True,True,False,False,True,False,True,0.098587396750014
BAT_01026,Li0-4Mn3Sn(PO4)4,Mn3Sn(PO4)4,Mn3Sn(PO4)4,Li4Mn3Sn(PO4)4,Li,3.209132739583336,155.1070920797266,538.4901700671452,497.75924733461784,1728.0864347062743,0.083760112087571,0.018703745833344,0.032501567380952,1,4,Mn-O-P-Sn,"Mn,Sn,P,O",mp-756099,mp-757170,"mp-756099,mp-757170",More than one working ion per transition metal,"['Mn', 'Sn', 'P', 'O']",True,True,False,False,True,False,True,0.032501567380952
BAT_01027,Li0-2MnSn(PO4)2,MnSn(PO4)2,MnSn(PO4)2,Li2MnSn(PO4)2,Li,2.61318692583333,142.00484562828896,507.0312049428442,371.08520600082505,1324.9673157461602,0.111878617063122,0.024661303333332,0.057405110833333,1,4,Mn-O-P-Sn,"Mn,Sn,P,O",mp-775753,mp-860889,"mp-775753,mp-860889",More than one working ion per transition metal,"['Mn', 'Sn', 'P', 'O']",True,True,False,False,True,False,True,0.057405110833333
BAT_01028,Li0-8Mn7Sn(PO4)12,Mn7Sn(PO4)12,Mn7Sn(PO4)12,Li8Mn7Sn(PO4)12,Li,4.81758314708333,126.23892583367224,388.0903383260595,608.1665216022019,1869.657473465492,0.060129808190973,0.070559715919107,0.012303670493419,1,4,Mn-O-P-Sn,"Mn,Sn,P,O",mp-778765,mp-1176895,"mp-778765,mp-1176895",More than one working ion per transition metal,"['Mn', 'Sn', 'P', 'O']",True,True,False,False,True,False,True,0.070559715919107
BAT_01029,Li0-6Mn3Sn(PO4)6,Mn3Sn(PO4)6,Mn3Sn(PO4)6,Li6Mn3Sn(PO4)6,Li,4.116925795,179.67507381238357,560.9736603889744,739.708946096731,2309.4869327709384,0.060295421477187,0.064467456397046,0.065581753125,1,4,Mn-O-P-Sn,"Mn,Sn,P,O",mp-778517,mp-776373,"mp-778517,mp-776373",More than one working ion per transition metal,"['Mn', 'Sn', 'P', 'O']",True,True,False,False,True,False,True,0.065581753125
BAT_01030,Li0-4Mn5Sn(PO4)6,Mn5Sn(PO4)6,Mn5Sn(PO4)6,Li4Mn5Sn(PO4)6,Li,3.3446483333333292,108.18037041050636,359.7630843834562,361.8252955928823,1203.2810005779847,0.069640747108817,0.038227230277785,0.08072129378124,1,4,Mn-O-P-Sn,"Mn,Sn,P,O",mp-774344,mp-850367,"mp-774344,mp-850367",,"['Mn', 'Sn', 'P', 'O']",True,True,False,False,True,False,True,0.08072129378124
BAT_01032,Li0-8TiMn7(PO4)12,TiMn7(PO4)12,TiMn7(PO4)12,Li8TiMn7(PO4)12,Li,4.78983663708333,131.73354809546896,392.8061128056939,630.9821750006562,1881.477110387,0.062581690972753,0.065973135367634,0.011601511874997,1,4,Mn-O-P-Ti,"Ti,Mn,P,O",mp-778073,mp-776113,"mp-778073,mp-776113",,"['Ti', 'Mn', 'P', 'O']",True,True,False,False,True,False,True,0.065973135367634
BAT_01033,Li0-4MnV3(PO4)4,MnV3(PO4)4,MnV3(PO4)4,Li4MnV3(PO4)4,Li,2.769210095833334,174.20187744286542,574.4968839543353,482.4015977279041,1590.902571071137,0.05354947424988,0.032717555863095,0.005918405178572,1,4,Mn-O-P-V,"Mn,V,P,O",mp-775134,mp-757477,"mp-775134,mp-757477",,"['Mn', 'V', 'P', 'O']",True,True,False,False,True,False,True,0.032717555863095
BAT_01034,Li0-8TiMn3(PO4)6,TiMn3(PO4)6,TiMn3(PO4)6,Li8TiMn3(PO4)6,Li,3.876779854583338,255.85000497228592,695.8936306044029,991.874145071605,2697.8264080600084,0.122211731010814,0.051778984705884,0.083325121250005,2,4,Mn-O-P-Ti,"Ti,Mn,P,O",mp-774461,mp-780178,"mp-774461,mp-757139,mp-780178",More than one working ion per transition metal,"['Ti', 'Mn', 'P', 'O']",True,True,False,False,True,False,True,0.083325121250005
BAT_01036,Li0-4TiMn3(PO4)4,TiMn3(PO4)4,TiMn3(PO4)4,Li4TiMn3(PO4)4,Li,2.607301638333336,172.82063389974044,570.9697850084051,450.595521904599,1488.6904558912474,0.044444792867708,0.021924702291682,0.080683153354589,1,4,Mn-O-P-Ti,"Ti,Mn,P,O",mp-771949,mp-756813,"mp-771949,mp-756813",,"['Ti', 'Mn', 'P', 'O']",True,True,False,False,True,False,True,0.080683153354589
BAT_01037,Li0-3MnV(P2O7)2,MnV(P2O7)2,MnV(P2O7)2,Li3MnV(P2O7)2,Li,4.033616751666665,169.41903570925112,470.9736895784279,683.3714604880482,1899.7273638778029,0.071997385774961,0.009545055541681,0.0,3,4,Mn-O-P-V,"Mn,V,P,O",mp-774043,mp-850951,"mp-774043,mp-759232,mp-764462,mp-764481,mp-761236,mp-764488,mp-1176615,mp-764484,mp-1176650,mp-764622,mp-850939,mp-850951",More than one working ion per transition metal,"['Mn', 'V', 'P', 'O']",True,True,False,False,True,False,True,0.009545055541681
BAT_01038,Li3-4MnV(PO4)3,MnV(PO4)3,Li3MnV(PO4)3,Li4MnV(PO4)3,Li,3.4087186483333523,64.03295307585466,180.92350278416873,218.27032125752032,616.7173178621872,0.036978260075598,0.033642366687497,0.028258668333331,1,4,Mn-O-P-V,"Mn,V,P,O",mp-774297,mp-768106,"mp-774297,mp-768106",More than one working ion per transition metal,"['Mn', 'V', 'P', 'O']",True,True,False,False,True,False,True,0.033642366687497
BAT_01039,Li0-6MnV3(PO4)6,MnV3(PO4)6,MnV3(PO4)6,Li6MnV3(PO4)6,Li,3.7684229483333382,196.2911128557039,562.5847959652904,739.7079342393237,2120.057455499029,0.053053912574449,0.020968346642144,0.024978624140631,1,4,Mn-O-P-V,"Mn,V,P,O",mp-774413,mp-777761,"mp-774413,mp-777761,mp-759256,mp-1176973,mp-778215,mp-777372,mp-1176964",More than one working ion per transition metal,"['Mn', 'V', 'P', 'O']",True,True,False,False,True,False,True,0.024978624140631
BAT_01040,Li1-4MnV(PO4)3,MnV(PO4)3,LiMnV(PO4)3,Li4MnV(PO4)3,Li,3.706104261666671,192.098859227564,543.3891536350696,711.9384008445808,2013.856858030377,0.077025608441087,0.036279066666677,0.025754849285712,3,4,Mn-O-P-V,"Mn,V,P,O",mp-768544,mp-768584,"mp-768544,mp-768529,mp-1176624,mp-768527,mp-779088,mp-1177959,mp-768550,mp-768567,mp-1177895,mp-768580,mp-768596,mp-768531,mp-768561,mp-768560,mp-768587,mp-768565,mp-768551,mp-768577,mp-768834,mp-768564,mp-768584",More than one working ion per transition metal,"['Mn', 'V', 'P', 'O']",True,True,False,False,True,False,True,0.036279066666677
BAT_01041,Li0-12Mn7V(PO4)12,Mn7V(PO4)12,Mn7V(PO4)12,Li12Mn7V(PO4)12,Li,4.475340059999993,193.92600280630433,575.678685225379,867.8848090347248,2576.3578816772647,0.098964818845361,0.059187617095592,0.011519824450001,2,4,Mn-O-P-V,"Mn,V,P,O",mp-772136,mp-1178090,"mp-772136,mp-780716,mp-1178090",More than one working ion per transition metal,"['Mn', 'V', 'P', 'O']",True,True,False,False,True,False,True,0.059187617095592
BAT_01042,Li0-4Mn3V(PO4)4,Mn3V(PO4)4,Mn3V(PO4)4,Li4Mn3V(PO4)4,Li,3.465227093333329,171.96831964466924,570.4268684223896,595.9092804277141,1976.6586392225504,0.063853732981212,0.029131538437507,0.003168419107115,1,4,Mn-O-P-V,"Mn,V,P,O",mp-756523,mp-757332,"mp-756523,mp-757332",,"['Mn', 'V', 'P', 'O']",True,True,False,False,True,False,True,0.029131538437507
BAT_01043,Li0-2MnV(PO4)2,MnV(PO4)2,MnV(PO4)2,Li2MnV(PO4)2,Li,3.118112198333333,173.07789286794682,573.5258367834209,539.6762890133748,1788.317907733717,0.052420639569206,0.034241123392858,0.003355727142857,1,4,Mn-O-P-V,"Mn,V,P,O",mp-1176429,mp-757718,"mp-1176429,mp-757718",,"['Mn', 'V', 'P', 'O']",True,True,False,False,True,False,True,0.034241123392858
BAT_01044,Li0-4Mn5V(PO4)6,Mn5V(PO4)6,Mn5V(PO4)6,Li4Mn5V(PO4)6,Li,3.325250495833335,116.12126259926691,367.91597109291496,386.1322860350052,1223.4127653017183,0.066603824141733,0.038183029791666,0.081276374249997,1,4,Mn-O-P-V,"Mn,V,P,O",mp-772144,mp-775798,"mp-772144,mp-775798",,"['Mn', 'V', 'P', 'O']",True,True,False,False,True,False,True,0.081276374249997
BAT_01045,Li3-4MnV(PO4)3,MnV(PO4)3,Li3MnV(PO4)3,Li4MnV(PO4)3,Li,3.479948228333318,64.03295307585466,182.25974577536564,222.83136161127092,634.2544794074646,0.034656158995896,0.045458559187497,0.036120300238095,1,4,Mn-O-P-V,"Mn,V,P,O",mp-777816,mp-768721,"mp-777816,mp-768721",More than one working ion per transition metal,"['Mn', 'V', 'P', 'O']",True,True,False,False,True,False,True,0.045458559187497
BAT_01046,Li0-4Mn5P6WO24,Mn5P6WO24,Mn5P6WO24,Li4Mn5P6WO24,Li,3.070848658333337,101.50899638714463,356.9649347632796,311.71876536422667,1096.1852909898644,0.048052964202944,0.044504257034729,0.08088146959375,1,4,Mn-O-P-W,"Mn,P,W,O",mp-771764,mp-771110,"mp-771764,mp-771110",,"['Mn', 'P', 'W', 'O']",True,True,False,False,True,False,True,0.08088146959375
BAT_01047,Li0-2MnV2(PO4)3,MnV2(PO4)3,MnV2(PO4)3,Li2MnV2(PO4)3,Li,2.409143143333328,117.64913705742066,371.13141206852896,283.43361186096797,894.1086966605127,0.052310393678821,0.007640530317452,0.060495244080136,1,4,Mn-O-P-V,"Mn,V,P,O",mp-775212,mp-757262,"mp-775212,mp-757262",,"['Mn', 'V', 'P', 'O']",True,True,False,False,True,False,True,0.060495244080136
BAT_01048,Li0-6Mn3V(PO4)6,Mn3V(PO4)6,Mn3V(PO4)6,Li6Mn3V(PO4)6,Li,3.965019638333335,194.39445425131225,573.1640813008676,770.777828689544,2272.606838345224,0.049077514041062,0.039944859044124,0.062036025875,1,4,Mn-O-P-V,"Mn,V,P,O",mp-774638,mp-752805,"mp-774638,mp-752805",More than one working ion per transition metal,"['Mn', 'V', 'P', 'O']",True,True,False,False,True,False,True,0.062036025875
BAT_01049,Li2-4MnV(PO4)3,MnV(PO4)3,Li2MnV(PO4)3,Li4MnV(PO4)3,Li,3.37340196833333,128.06590615170933,363.0971590126475,432.0177798885678,1224.8726709095054,0.066719778124931,0.01126919009868,0.028141952142856,2,4,Mn-O-P-V,"Mn,V,P,O",mp-768547,mp-768583,"mp-768547,mp-768549,mp-768545,mp-768548,mp-1177909,mp-1177980,mp-778000,mp-768583",More than one working ion per transition metal,"['Mn', 'V', 'P', 'O']",True,True,False,False,True,False,True,0.028141952142856
BAT_01050,Li0-6Mn3P6WO24,Mn3P6WO24,Mn3P6WO24,Li6Mn3P6WO24,Li,3.673914541666661,167.4868720146831,540.7908322394471,615.3324546330073,1986.819302564521,0.091228041672888,0.016140543198513,0.079101824406246,1,4,Mn-O-P-W,"Mn,P,W,O",mp-1176455,mp-769612,"mp-1176455,mp-769612",More than one working ion per transition metal,"['Mn', 'P', 'W', 'O']",True,True,False,False,True,False,True,0.079101824406246
BAT_01051,Li0-0.5MnSO5,MnSO5,MnSO5,LiMn2(SO5)2,Li,4.66860307333332,78.61029934926262,247.2858851237664,367.00028513761976,1154.479643280766,0.038318648248429,0.081970641785711,0.069675650416664,1,3,Mn-O-S,"Mn,S,O",mp-2224849,mp-1235338,"mp-2224849,mp-1104701,mp-1235338",,"['Mn', 'S', 'O']",True,True,True,False,False,False,True,0.081970641785711
BAT_01052,Li1-2Mn(SO4)2,Mn(SO4)2,LiMn(SO4)2,Li2Mn(SO4)2,Li,4.422175728333333,102.70921451496037,283.6797492891446,454.19819550423944,1254.4817019261404,0.084590563045043,0.0128496734375,0.013533118653851,1,3,Mn-O-S,"Mn,S,O",mp-780520,mp-758969,"mp-780520,mp-758969",More than one working ion per transition metal,"['Mn', 'S', 'O']",True,True,True,False,False,False,True,0.013533118653851
BAT_01053,Li0-1Mn2(SO4)3,Mn2(SO4)3,Mn2(SO4)3,LiMn2(SO4)3,Li,4.2542656233333584,66.17569764494422,184.96721335202145,281.5289955909884,786.8996572072715,0.038530152483263,0.007748040882353,0.015752703472218,1,3,Mn-O-S,"Mn,S,O",mp-778822,mp-768608,"mp-778822,mp-768608",,"['Mn', 'S', 'O']",True,True,True,False,False,False,True,0.015752703472218
BAT_01054,Li0-1Mn(SO4)2,Mn(SO4)2,Mn(SO4)2,LiMn(SO4)2,Li,5.108003853333348,105.51587886007138,287.61313492202197,538.9755158050993,1469.1290014509725,0.069086330533403,0.033983541515156,0.016735247256945,1,3,Mn-O-S,"Mn,S,O",mp-771239,mp-773112,"mp-771239,mp-773112",,"['Mn', 'S', 'O']",True,True,True,False,False,False,True,0.033983541515156
BAT_01055,Li0-2Mn2(SO4)3,Mn2(SO4)3,Mn2(SO4)3,Li2Mn2(SO4)3,Li,4.586267418333333,130.12136688808278,372.9333006454421,596.7713853878118,1710.3718459617005,0.091108093896627,0.035496636176471,0.012794903157895,1,3,Mn-O-S,"Mn,S,O",mp-768543,mp-768742,"mp-768543,mp-768742",,"['Mn', 'S', 'O']",True,True,True,False,False,False,True,0.035496636176471
BAT_01056,Li0-1Mn2(SO4)3,Mn2(SO4)3,Mn2(SO4)3,LiMn2(SO4)3,Li,4.341158590833349,66.17569764494422,190.9827618884264,287.27919833573986,829.0864574730222,0.076492418283266,0.0,0.003607722222217,1,3,Mn-O-S,"Mn,S,O",mp-768472,mp-768898,"mp-768472,mp-768898",,"['Mn', 'S', 'O']",True,True,True,False,False,False,True,0.003607722222217
BAT_01057,Li0-4Mn3SbO8,Mn3SbO8,Mn3SbO8,Li4Mn3SbO8,Li,3.094801727083333,242.36456106446408,1073.5067139076752,750.0702621660975,3322.2904322370273,0.067797599118042,0.1001162203125,0.039910924999999,3,3,Mn-O-Sb,"Mn,Sb,O",mp-754156,mp-1309272,"mp-754156,mp-2214642,mp-752791,mp-756729,mp-1309272,mp-773086,mp-1299412",More than one working ion per transition metal,"['Mn', 'Sb', 'O']",True,True,False,False,False,False,True,0.1001162203125
BAT_01058,Li0-1Mn(SO4)2,Mn(SO4)2,Mn(SO4)2,LiMn(SO4)2,Li,5.296113933333335,105.51587886007138,286.1663161628236,558.8241162187363,1515.5694142806024,0.054029557015248,0.046224714848489,0.012280482812501,1,3,Mn-O-S,"Mn,S,O",mp-773014,mp-774465,"mp-773014,mp-774465",,"['Mn', 'S', 'O']",True,True,True,False,False,False,True,0.046224714848489
BAT_01059,Li0-2Mn3SbO8,Mn3SbO8,Mn3SbO8,Li2Mn3SbO8,Li,3.903640515833328,125.10863641194578,576.7628873481144,488.3791419783324,2251.474975081114,0.096963423894957,0.0571670040625,0.0,1,3,Mn-O-Sb,"Mn,Sb,O",mp-774654,mp-763186,"mp-774654,mp-763186",,"['Mn', 'Sb', 'O']",True,True,False,False,False,False,True,0.0571670040625
BAT_01060,Li4-6Mn5SbO12,Mn5SbO12,Li4Mn5SbO12,Li6Mn5SbO12,Li,2.690329913333333,85.07204563788075,340.22997122637946,228.8718691680491,915.330869002868,0.003520205517296,0.068705574090905,0.034415536874993,1,3,Mn-O-Sb,"Mn,Sb,O",mp-1177353,mp-1639020,"mp-1177353,mp-1639020,mp-760026",More than one working ion per transition metal,"['Mn', 'Sb', 'O']",True,True,False,False,False,False,True,0.068705574090905
BAT_01061,Li0-3Mn(SbO3)4,Mn(SbO3)4,Mn(SbO3)4,Li3Mn(SbO3)4,Li,3.617242846666674,106.52503855021722,585.5121872975942,385.326933686665,2117.939771138381,0.084348586790213,0.038389943235298,0.063689552281246,1,3,Mn-O-Sb,"Mn,Sb,O",mp-757065,mp-757166,"mp-757065,mp-757166",More than one working ion per transition metal,"['Mn', 'Sb', 'O']",True,True,False,False,False,False,True,0.063689552281246
BAT_01062,Li0-4Mn5Sb3O16,Mn5Sb3O16,Mn5Sb3O16,Li4Mn5Sb3O16,Li,3.647356953333333,116.05831616912404,543.8680911658215,423.3061064716131,1983.6810640097865,0.115463451029063,0.09870332421875,0.038143940178557,1,3,Mn-O-Sb,"Mn,Sb,O",mp-771391,mp-756961,"mp-771391,mp-756961",,"['Mn', 'Sb', 'O']",True,True,False,False,False,False,True,0.09870332421875
BAT_01063,Li0-2Mn3SbO8,Mn3SbO8,Mn3SbO8,Li2Mn3SbO8,Li,3.900845125833339,125.10863641194578,550.8889879568412,488.02941454719416,2148.9326235467056,0.048805154589053,0.096651618229167,0.03424329642857,1,3,Mn-O-Sb,"Mn,Sb,O",mp-774390,mp-776741,"mp-774390,mp-776741",,"['Mn', 'Sb', 'O']",True,True,False,False,False,False,True,0.096651618229167
BAT_01064,Li0-5Mn5(SeO3)8,Mn5(SeO3)8,Mn5(SeO3)8,Li5Mn5(SeO3)8,Li,4.140255915333329,101.13302212131994,374.3942967475439,418.7165930733313,1550.0882017760805,0.041452447048593,0.080342192252257,9.546416665973116e-05,1,3,Mn-O-Se,"Mn,Se,O",mp-776755,mp-774707,"mp-776755,mp-774707",,"['Mn', 'Se', 'O']",True,True,False,False,False,False,True,0.080342192252257
BAT_01065,Li0-4Ti3Mn3(SbO8)2,Ti3Mn3(SbO8)2,Ti3Mn3(SbO8)2,Li4Ti3Mn3(SbO8)2,Li,3.155272040833329,128.2843928175498,562.495948969727,404.7721579324949,1774.8277408661904,0.087682487706037,0.084447255833332,0.070397982321431,1,4,Mn-O-Sb-Ti,"Ti,Mn,Sb,O",mp-763292,mp-758701,"mp-763292,mp-758701",,"['Ti', 'Mn', 'Sb', 'O']",True,True,False,False,False,False,True,0.084447255833332
BAT_01066,Li3-4MnSi2O7,MnSi2O7,Li3MnSi2O7,Li4MnSi2O7,Li,3.8219092658333462,106.83463363242213,299.5947740963762,408.31227619166486,1145.0240431141883,0.006385459081565,0.097893462731571,0.023302023571424,1,3,Mn-O-Si,"Mn,Si,O",mp-753370,mp-752722,"mp-753370,mp-752722",More than one working ion per transition metal,"['Mn', 'Si', 'O']",True,True,False,False,False,True,True,0.097893462731571
BAT_01067,Li0-2Mn3(SeO3)4,Mn3(SeO3)4,Mn3(SeO3)4,Li2Mn3(SeO3)4,Li,3.830800208333333,78.07822738123598,291.07834517152867,299.1020897183362,1115.062985324414,0.026766008198522,0.043571368596485,0.0,1,3,Mn-O-Se,"Mn,Se,O",mp-773071,mp-773051,"mp-773071,mp-773051",,"['Mn', 'Se', 'O']",True,True,False,False,False,False,True,0.043571368596485
BAT_01068,Li0-2Mn(SiO3)2,Mn(SiO3)2,Mn(SiO3)2,Li2Mn(SiO3)2,Li,3.1748533633333382,242.56112056831003,708.1787114549801,770.0959894502024,2248.363563903913,0.236520522292266,0.109417794166667,0.085169140378785,2,3,Mn-O-Si,"Mn,Si,O",mp-1142713,mp-757169,"mp-1142713,mp-753447,mp-757169",More than one working ion per transition metal,"['Mn', 'Si', 'O']",True,True,False,False,False,True,True,0.109417794166667
BAT_01069,Li0-2Mn2Si2O7,Mn2Si2O7,Mn2Si2O7,Li2Mn2Si2O7,Li,3.196446490833335,183.61902025801152,605.3365780068576,586.9283729539761,1934.9259805430795,0.052737374113593,0.088505159261369,0.030063364871796,1,3,Mn-O-Si,"Mn,Si,O",mp-756726,mp-859108,"mp-756726,mp-754573,mp-859108",,"['Mn', 'Si', 'O']",True,True,False,False,False,True,True,0.088505159261369
BAT_01070,Li1.5-2MnSiO4,MnSiO4,Li3Mn2(SiO4)2,Li2MnSiO4,Li,4.104373148333342,83.28451611484627,249.36946481834804,341.83073161371055,1023.5053354146836,0.002257909143577,0.090139473361104,0.005338674999999,1,3,Mn-O-Si,"Mn,Si,O",mp-754026,mp-831245,"mp-754026,mp-831245",More than one working ion per transition metal,"['Mn', 'Si', 'O']",True,True,False,False,False,True,True,0.090139473361104
BAT_01071,Li1.5-2MnSiO4,MnSiO4,Li3Mn2(SiO4)2,Li2MnSiO4,Li,3.961298523333316,83.28451611484627,246.9195662303846,329.9148307022703,978.1221130905255,0.004919555016954,0.084394710361103,0.008895123749999,1,3,Mn-O-Si,"Mn,Si,O",mp-769543,mp-783909,"mp-769543,mp-783909",More than one working ion per transition metal,"['Mn', 'Si', 'O']",True,True,False,False,False,True,True,0.084394710361103
BAT_01072,Li1.5-2MnSiO4,MnSiO4,Li3Mn2(SiO4)2,Li2MnSiO4,Li,4.175312823333319,83.28451611484627,254.0335402451265,347.73890811942806,1060.6694981422374,0.004415864907834,0.089174198361104,0.0,1,3,Mn-O-Si,"Mn,Si,O",mp-753965,mp-559240,"mp-753965,mp-559240",More than one working ion per transition metal,"['Mn', 'Si', 'O']",True,True,False,False,False,True,True,0.089174198361104
BAT_01073,Li0-1Mn(Si2O5)2,Mn(Si2O5)2,Mn(Si2O5)2,LiMn(Si2O5)2,Li,5.04008284083334,80.19232391337705,223.04715452957643,404.1759557223607,1124.1761362412203,0.086047123297462,0.178059205499996,0.066113771591204,1,3,Mn-O-Si,"Mn,Si,O",mp-1043728,mp-849757,"mp-1043728,mp-849757",,"['Mn', 'Si', 'O']",True,True,False,False,False,True,True,0.178059205499996
BAT_01074,Li0-2Mn4Si4O13,Mn4Si4O13,Mn4Si4O13,Li2Mn4Si4O13,Li,3.41580771833333,96.76177237900797,335.2681212685043,330.51960893182826,1145.211436340072,0.042007004483316,0.072556319285736,0.014719437173914,1,3,Mn-O-Si,"Mn,Si,O",mp-766688,mp-860880,"mp-766688,mp-860880",,"['Mn', 'Si', 'O']",True,True,False,False,False,True,True,0.072556319285736
BAT_01075,Li1.5-2MnSiO4,MnSiO4,Li3Mn2(SiO4)2,Li2MnSiO4,Li,3.961143553333333,83.28451611484627,240.56375230641203,329.9019241008094,952.9075566142208,0.020855547158458,0.089625137694437,0.013808334999998,1,3,Mn-O-Si,"Mn,Si,O",mp-1312705,mp-755842,"mp-1312705,mp-1177640,mp-755842",More than one working ion per transition metal,"['Mn', 'Si', 'O']",True,True,False,False,False,True,True,0.089625137694437
BAT_01076,Li1.5-2MnSiO4,MnSiO4,Li3Mn2(SiO4)2,Li2MnSiO4,Li,4.022318893333339,83.28451611484627,249.39556329085127,334.9968826908711,1003.1484861383016,0.006839579917761,0.091163601361104,0.011427185937499,1,3,Mn-O-Si,"Mn,Si,O",mp-774356,mp-774639,"mp-774356,mp-774639",More than one working ion per transition metal,"['Mn', 'Si', 'O']",True,True,False,False,False,True,True,0.091163601361104
BAT_01077,Li2-4Mn2Si3O10,Mn2Si3O10,Li2Mn2Si3O10,Li4Mn2Si3O10,Li,3.345647345833332,140.3620924273829,412.4261095685099,469.6020619852864,1379.8323188302522,0.005445510251302,0.071269032406972,0.014194188771927,1,3,Mn-O-Si,"Mn,Si,O",mp-766544,mp-757670,"mp-766544,mp-778120,mp-757670",More than one working ion per transition metal,"['Mn', 'Si', 'O']",True,True,False,False,False,True,True,0.071269032406972
BAT_01078,Li1.5-2MnSiO4,MnSiO4,Li3Mn2(SiO4)2,Li2MnSiO4,Li,4.239418978333338,83.28451611484627,251.58248483157135,353.077958218588,1066.5635608112227,0.015297182135592,0.093645910694436,0.000185595624998,1,3,Mn-O-Si,"Mn,Si,O",mp-769538,mp-759726,"mp-769538,mp-759726",More than one working ion per transition metal,"['Mn', 'Si', 'O']",True,True,False,False,False,True,True,0.093645910694436
BAT_01079,Li1.5-2MnSiO4,MnSiO4,Li3Mn2(SiO4)2,Li2MnSiO4,Li,3.998338128333334,83.28451611484627,246.87859372425132,332.9996562817819,987.1040943569888,0.002778731127911,0.087598725027771,0.009583912187499,1,3,Mn-O-Si,"Mn,Si,O",mp-774171,mp-780709,"mp-774171,mp-780709",More than one working ion per transition metal,"['Mn', 'Si', 'O']",True,True,False,False,False,True,True,0.087598725027771
BAT_01080,Li1.5-2MnSiO4,MnSiO4,Li3Mn2(SiO4)2,Li2MnSiO4,Li,3.830646998333326,83.28451611484627,252.9260523408587,319.0335816629794,968.870423199808,0.020803052025519,0.087134452361103,0.019629352187498,1,3,Mn-O-Si,"Mn,Si,O",mp-778489,mp-768020,"mp-778489,mp-768020",More than one working ion per transition metal,"['Mn', 'Si', 'O']",True,True,False,False,False,True,True,0.087134452361103
BAT_01081,Li0-2Mn3Si3O10,Mn3Si3O10,Mn3Si3O10,Li2Mn3Si3O10,Li,3.25969762583333,126.73693997051843,424.51833861467173,413.12410232728024,1383.801420504955,0.055798448357562,0.072076440312516,0.015567829120371,1,3,Mn-O-Si,"Mn,Si,O",mp-861258,mp-767709,"mp-861258,mp-767709",,"['Mn', 'Si', 'O']",True,True,False,False,False,True,True,0.072076440312516
BAT_01082,Li1.5-2MnSiO4,MnSiO4,Li3Mn2(SiO4)2,Li2MnSiO4,Li,3.999739583333341,83.28451611484627,250.71591093283087,333.1163757833142,1002.79835312952,0.016422322037834,0.088962606361104,0.010774959999999,1,3,Mn-O-Si,"Mn,Si,O",mp-780287,mp-780666,"mp-780287,mp-780666",More than one working ion per transition metal,"['Mn', 'Si', 'O']",True,True,False,False,False,True,True,0.088962606361104
BAT_01084,Li0-2Mn3SnO8,Mn3SnO8,Mn3SnO8,Li2Mn3SnO8,Li,3.690944910833335,126.0056278166776,586.1106846952554,465.07983072632544,2163.302248860994,0.09548562187147,0.044122436458334,0.003643716785726,1,3,Mn-O-Sn,"Mn,Sn,O",mp-753706,mp-772578,"mp-753706,mp-772578",,"['Mn', 'Sn', 'O']",True,True,False,False,False,False,True,0.044122436458334
BAT_01086,Li0-2Mn3SnO8,Mn3SnO8,Mn3SnO8,Li2Mn3SnO8,Li,3.824538182083334,126.0056278166776,560.1135086042468,481.9133347422653,2142.175499957604,0.054652194070572,0.088739493749999,0.022802155714297,1,3,Mn-O-Sn,"Mn,Sn,O",mp-770865,mp-774798,"mp-770865,mp-774798,mp-1177993",,"['Mn', 'Sn', 'O']",True,True,False,False,False,False,True,0.088739493749999
BAT_01087,Li0-2Mn3SnO8,Mn3SnO8,Mn3SnO8,Li2Mn3SnO8,Li,3.905928695833336,126.0056278166776,560.3482844648704,492.1689975256562,2188.6804439523185,0.051951299455375,0.095534486458333,0.016999218928583,1,3,Mn-O-Sn,"Mn,Sn,O",mp-849767,mp-1282790,"mp-849767,mp-1282790,mp-756918",,"['Mn', 'Sn', 'O']",True,True,False,False,False,False,True,0.095534486458333
BAT_01088,Li0-4Mn5SnO12,Mn5SnO12,Mn5SnO12,Li4Mn5SnO12,Li,3.180586703333337,174.8425284395226,715.6875310599019,556.1018211319264,2276.3062450305883,0.02018544598565,0.069852021805558,0.089170814545444,1,3,Mn-O-Sn,"Mn,Sn,O",mp-757467,mp-756595,"mp-757467,mp-756595",,"['Mn', 'Sn', 'O']",True,True,False,False,False,False,True,0.089170814545444
BAT_01089,Li1-2MnSnO4,MnSnO4,LiMnSnO4,Li2MnSnO4,Li,2.035936613333338,106.55481287301,512.533694180955,216.9388448550436,1043.4861135499984,0.030298618399366,0.001761423571409,0.040123829687499,1,3,Mn-O-Sn,"Mn,Sn,O",mp-755934,mp-773184,"mp-755934,mp-773184",More than one working ion per transition metal,"['Mn', 'Sn', 'O']",True,True,False,False,False,False,True,0.040123829687499
BAT_01090,Li0-4Mn3Sn3(TeO8)2,Mn3Sn3(TeO8)2,Mn3Sn3(TeO8)2,Li4Mn3Sn3(TeO8)2,Li,3.292506694583328,101.1473466952717,504.287986109475,333.02831613352294,1660.371570263391,0.100190712377439,0.101436790520835,0.054243640714283,1,4,Mn-O-Sn-Te,"Mn,Sn,Te,O",mp-772482,mp-774292,"mp-772482,mp-774292",More than one working ion per transition metal,"['Mn', 'Sn', 'Te', 'O']",True,True,False,False,False,False,True,0.101436790520835
BAT_01091,Li0-4Ti3Mn3(SnO8)2,Ti3Mn3(SnO8)2,Ti3Mn3(SnO8)2,Li4Ti3Mn3(SnO8)2,Li,3.602476883333335,129.22767231080798,568.945827878127,465.5397021866611,2049.6141927998997,0.090165563428717,0.098574313229166,0.031066647890634,1,4,Mn-O-Sn-Ti,"Ti,Mn,Sn,O",mp-776644,mp-1177280,"mp-776644,mp-1177280",,"['Ti', 'Mn', 'Sn', 'O']",True,True,False,False,False,False,True,0.098574313229166
BAT_01092,Li0-2Mn3TeO8,Mn3TeO8,Mn3TeO8,Li2Mn3TeO8,Li,3.646107943333338,123.4262762592944,564.7175830498617,450.0255262850684,2059.021265298105,0.089021758468015,0.066054693541667,0.003369354598205,1,3,Mn-O-Te,"Mn,Te,O",mp-770922,mp-753235,"mp-770922,mp-753235",,"['Mn', 'Te', 'O']",True,True,False,False,False,False,True,0.066054693541667
BAT_01093,Li0-4Mn5Te3O16,Mn5Te3O16,Mn5Te3O16,Li4Mn5Te3O16,Li,3.40329837083333,113.89804704749902,521.0723792391465,387.62903795785144,1773.3647793508346,0.103963353755537,0.134718303255202,0.083384723035718,1,3,Mn-O-Te,"Mn,Te,O",mp-771044,mp-773469,"mp-771044,mp-773469",,"['Mn', 'Te', 'O']",True,True,False,False,False,False,True,0.134718303255202
BAT_01094,Li0-2Mn3TeO8,Mn3TeO8,Mn3TeO8,Li2Mn3TeO8,Li,3.985719340833332,123.4262762592944,532.2931271271099,491.9424964537076,2121.5710117831773,0.062524774451923,0.127949698958333,0.007906302455348,1,3,Mn-O-Te,"Mn,Te,O",mp-756833,mp-1303020,"mp-756833,mp-1303020,mp-755971",,"['Mn', 'Te', 'O']",True,True,False,False,False,False,True,0.127949698958333
BAT_01095,Li0-3Mn3TeO8,Mn3TeO8,Mn3TeO8,Li3Mn3TeO8,Li,3.196099295,182.22699711273805,789.1152492642944,582.4155770019893,2522.090691847361,0.079791144262307,0.074753158958334,0.050630754749998,1,3,Mn-O-Te,"Mn,Te,O",mp-772541,mp-1290858,"mp-772541,mp-1290858,mp-756611",,"['Mn', 'Te', 'O']",True,True,False,False,False,False,True,0.074753158958334
BAT_01097,Li1-4Ti2Mn3O10,Ti2Mn3O10,LiTi2Mn3O10,Li4Ti2Mn3O10,Li,3.171232440000005,179.35164647276503,675.0066496598233,568.765759461845,2140.6029846169504,0.057548706620121,0.069789244609383,0.041625892631572,3,3,Mn-O-Ti,"Ti,Mn,O",mp-753655,mp-752796,"mp-753655,mp-1302395,mp-752542,mp-753035,mp-752796,mp-759056",,"['Ti', 'Mn', 'O']",True,True,False,False,False,False,True,0.069789244609383
BAT_01098,Li0-4Ti3Mn3(TeO8)2,Ti3Mn3(TeO8)2,Ti3Mn3(TeO8)2,Li4Ti3Mn3(TeO8)2,Li,3.244866485833331,126.5161421946277,542.9718118733462,410.52798972427166,1761.8710351000211,0.087689469513611,0.088857067673604,0.055962903437509,1,4,Mn-O-Te-Ti,"Ti,Mn,Te,O",mp-756447,mp-758152,"mp-756447,mp-758152",,"['Ti', 'Mn', 'Te', 'O']",True,True,False,False,False,False,True,0.088857067673604
BAT_01099,Li0-4TiMn5O12,TiMn5O12,TiMn5O12,Li4TiMn5O12,Li,3.1113901558333312,197.6823752279974,743.8909986697382,615.0669962661419,2314.535130274049,0.10185248258994,0.05471962236111,0.09408561431819,1,3,Mn-O-Ti,"Ti,Mn,O",mp-757064,mp-754620,"mp-757064,mp-754620",,"['Ti', 'Mn', 'O']",True,True,False,False,False,False,True,0.09408561431819
BAT_01100,Li0-4Mn3V3(TeO8)2,Mn3V3(TeO8)2,Mn3V3(TeO8)2,Li4Mn3V3(TeO8)2,Li,3.340922408333338,125.15385976895732,548.0206285788461,418.1293345915179,1830.8943982479884,0.000284163717182,0.118491387721348,0.081600403494359,1,4,Mn-O-Te-V,"Mn,V,Te,O",mp-772284,mp-1177458,"mp-772284,mp-1177458,mp-753718",,"['Mn', 'V', 'Te', 'O']",True,True,False,False,False,False,True,0.118491387721348
BAT_01101,Li0-2TiMnO4,TiMnO4,TiMnO4,Li2TiMnO4,Li,2.886352849583336,296.665841697438,1124.278414698807,856.2822975574392,3245.064205990938,0.159956386317304,0.053147532083333,0.059238042187503,1,3,Mn-O-Ti,"Ti,Mn,O",mp-775296,mp-754547,"mp-775296,mp-754547",,"['Ti', 'Mn', 'O']",True,True,False,False,False,False,True,0.059238042187503
BAT_01102,Li0-2TiMn2O6,TiMn2O6,TiMn2O6,Li2TiMn2O6,Li,3.331597120833334,200.2939386172903,732.8862323821169,667.298709217733,2441.68166170265,0.11133047764132,0.092105241111113,0.071562251079538,1,3,Mn-O-Ti,"Ti,Mn,O",mp-1101349,mp-776053,"mp-1101349,mp-776053",,"['Ti', 'Mn', 'O']",True,True,False,False,False,False,True,0.092105241111113
BAT_01103,Li0-3TiMn2O6,TiMn2O6,TiMn2O6,Li3TiMn2O6,Li,3.085393151666665,292.84569584174324,1116.729609044903,903.5441044451736,3445.549888010537,0.115328615886989,0.084978815000001,0.05486206333333,1,3,Mn-O-Ti,"Ti,Mn,O",mp-775831,mp-1292456,"mp-775831,mp-1292456,mp-762163,mp-1304913",,"['Ti', 'Mn', 'O']",True,True,False,False,False,False,True,0.084978815000001
BAT_01105,Li0-2TiMn3O8,TiMn3O8,TiMn3O8,Li2TiMn3O8,Li,3.6671511283333342,151.18234998121756,592.3773552939954,554.408525317707,2172.337286865492,0.062770937691433,0.093979825625,0.054284636428577,1,3,Mn-O-Ti,"Ti,Mn,O",mp-756589,mp-756866,"mp-756589,mp-756866",,"['Ti', 'Mn', 'O']",True,True,False,False,False,False,True,0.093979825625
BAT_01106,Li0-3TiMn3O8,TiMn3O8,TiMn3O8,Li3TiMn3O8,Li,3.284870983333334,222.41933982006267,861.311848889564,730.6188355070802,2829.298300018514,0.051449243910839,0.074984988125001,0.062262205666665,1,3,Mn-O-Ti,"Ti,Mn,O",mp-756808,mp-755233,"mp-756808,mp-755233",,"['Ti', 'Mn', 'O']",True,True,False,False,False,False,True,0.074984988125001
BAT_01107,Li0-4Ti5Mn3O16,Ti5Mn3O16,Ti5Mn3O16,Li4Ti5Mn3O16,Li,3.531012653333332,155.84441586196465,590.5905422605581,550.2886043599391,2085.382677661025,0.117603519659855,0.094524101979166,0.040235199285719,1,3,Mn-O-Ti,"Ti,Mn,O",mp-776100,mp-777417,"mp-776100,mp-777417",,"['Ti', 'Mn', 'O']",True,True,False,False,False,False,True,0.094524101979166
BAT_01108,Li0-5TiMn9O20,TiMn9O20,TiMn9O20,Li5TiMn9O20,Li,3.827004702333333,149.39470059371743,595.407844420555,571.734221675837,2278.628620403618,0.070282786989708,0.05924994125,0.015265664571424,1,3,Mn-O-Ti,"Ti,Mn,O",mp-771265,mp-778500,"mp-771265,mp-778500,mp-775413",,"['Ti', 'Mn', 'O']",True,True,False,False,False,False,True,0.05924994125
BAT_01109,Li1-2TiMnO4,TiMnO4,LiTiMnO4,Li2TiMnO4,Li,2.201534298333333,148.332920848719,562.9275779402818,326.56001282041836,1239.304370313241,0.029498028070548,0.019573659285709,0.067305207500004,1,3,Mn-O-Ti,"Ti,Mn,O",mp-1301329,mp-755668,"mp-1301329,mp-850215,mp-755668",,"['Ti', 'Mn', 'O']",True,True,False,False,False,False,True,0.067305207500004
BAT_01110,Li0-2Ti3MnO8,Ti3MnO8,Ti3MnO8,Li2Ti3MnO8,Li,3.496692439583332,157.46299736878825,580.7638096266688,550.599672413572,2030.7524223051864,0.126470826917486,0.094078804374999,0.033434965535716,1,3,Mn-O-Ti,"Ti,Mn,O",mp-782664,mp-777480,"mp-782664,mp-777480",,"['Ti', 'Mn', 'O']",True,True,False,False,False,False,True,0.094078804374999
BAT_01111,Li1-4TiMn3O8,TiMn3O8,LiTiMn3O8,Li4TiMn3O8,Li,3.022588838888888,218.22921053443207,854.7446529782944,659.6171760809077,2583.5416481921484,0.030778877233265,0.088664221826926,0.048157182083333,2,3,Mn-O-Ti,"Ti,Mn,O",mp-759309,mp-760999,"mp-759309,mp-759205,mp-760999",,"['Ti', 'Mn', 'O']",True,True,False,False,False,False,True,0.088664221826926
BAT_01112,Li0-2.5TiMn4O10,TiMn4O10,TiMn4O10,Li5Ti2Mn8O20,Li,3.875351341333332,150.58173219878378,590.3883621489639,583.5571178568534,2287.9623311615765,0.067591724260124,0.081586304833331,0.018447306142861,1,3,Mn-O-Ti,"Ti,Mn,O",mp-777945,mp-771355,"mp-777945,mp-771355",,"['Ti', 'Mn', 'O']",True,True,False,False,False,False,True,0.081586304833331
BAT_01113,Li0-3TiMn3O8,TiMn3O8,TiMn3O8,Li3TiMn3O8,Li,3.133525914999997,222.41933982006267,909.4152809576576,696.9567653233572,2849.6763503778234,0.120591291246597,0.041953722291667,0.066106206666666,2,3,Mn-O-Ti,"Ti,Mn,O",mp-755307,mp-765565,"mp-755307,mp-771575,mp-771146,mp-765565",,"['Ti', 'Mn', 'O']",True,True,False,False,False,False,True,0.066106206666666
BAT_01115,Li0-3MnV4O12,MnV4O12,MnV4O12,Li3MnV4O12,Li,3.663346419999996,170.52186517428908,502.3953068994745,624.680664317954,1840.4480489549896,0.075661901925746,0.056187780735294,0.049550091249963,1,3,Mn-O-V,"Mn,V,O",mp-752792,mp-1282819,"mp-752792,mp-1282819,mp-754783",,"['Mn', 'V', 'O']",True,True,False,False,False,False,True,0.056187780735294
BAT_01116,Li0-1MnVO4,MnVO4,MnVO4,LiMnVO4,Li,3.546131023333334,151.57653161310955,534.6744139691325,537.5102411625137,1896.025526758511,0.094101328142424,0.025497356458334,0.0,1,3,Mn-O-V,"Mn,V,O",mp-25321,mp-19107,"mp-25321,mp-19107",,"['Mn', 'V', 'O']",True,True,False,False,False,False,True,0.025497356458334
BAT_01117,Li1-2MnVO4,MnVO4,LiMnVO4,Li2MnVO4,Li,2.506070413333337,145.8511419682753,582.787544408132,365.51323163757496,1460.5066223004085,0.021416850462561,0.087697268571425,0.057714573437499,1,3,Mn-O-V,"Mn,V,O",mp-753949,mp-753760,"mp-753949,mp-753760",,"['Mn', 'V', 'O']",True,True,False,False,False,False,True,0.087697268571425
BAT_01119,Li3-5Mn2V5O12,Mn2V5O12,Li3Mn2V5O12,Li5Mn2V5O12,Li,2.465762598333332,90.65558834978349,377.3245769037744,223.53515908279903,930.3928291612758,0.010696874182452,0.088332621772728,0.061515500625001,1,3,Mn-O-V,"Mn,V,O",mp-757617,mp-774681,"mp-757617,mp-774681",,"['Mn', 'V', 'O']",True,True,False,False,False,False,True,0.088332621772728
BAT_01121,Li0-3MnV3O8,MnV3O8,MnV3O8,Li3MnV3O8,Li,2.5117263233333342,225.4873393012056,829.3838924415383,566.3624857012333,2083.1853547940746,0.105262124953769,0.057519239166667,0.092455581966658,2,3,Mn-O-V,"Mn,V,O",mp-756087,mp-867644,"mp-756087,mp-1177893,mp-867644",,"['Mn', 'V', 'O']",True,True,False,False,False,False,True,0.092455581966658
BAT_01122,Li0-2Mn3VO8,Mn3VO8,Mn3VO8,Li2Mn3VO8,Li,3.545538465833329,149.88266469080722,614.8314084424175,531.414753022856,2179.908408635074,0.112956350659562,0.064374684895833,0.059519494758071,1,3,Mn-O-V,"Mn,V,O",mp-771315,mp-781772,"mp-771315,mp-781772",,"['Mn', 'V', 'O']",True,True,False,False,False,False,True,0.064374684895833
BAT_01123,Li0-4Mn2V3O12,Mn2V3O12,Mn2V3O12,Li4Mn2V3O12,Li,3.9242272520833312,222.20806811862815,675.1752092845585,871.9949565439099,2649.540956205531,0.091709343694758,0.075072934411766,0.033113832782709,2,3,Mn-O-V,"Mn,V,O",mp-849562,mp-760844,"mp-849562,mp-774814,mp-760844",,"['Mn', 'V', 'O']",True,True,False,False,False,False,True,0.075072934411766
BAT_01125,Li0-4MnV3O8,MnV3O8,MnV3O8,Li4MnV3O8,Li,2.363222448333332,294.9092483627233,926.6891368587478,696.9361559518978,2189.972570851233,0.280339134840295,0.059734876666668,0.10800002015625,1,3,Mn-O-V,"Mn,V,O",mp-774945,mp-756896,"mp-774945,mp-756896",,"['Mn', 'V', 'O']",True,True,False,False,False,False,True,0.10800002015625
BAT_01126,Li0-4Mn3VO8,Mn3VO8,Mn3VO8,Li4Mn3VO8,Li,2.9265328108333333,288.5643169039416,1158.0670022069337,844.492941455093,3389.1210791019894,0.072697021168241,0.113040219895832,0.136482870312499,1,3,Mn-O-V,"Mn,V,O",mp-756398,mp-773098,"mp-756398,mp-773098,mp-804062",,"['Mn', 'V', 'O']",True,True,False,False,False,False,True,0.136482870312499
BAT_01127,Li0-2MnV5O12,MnV5O12,MnV5O12,Li2MnV5O12,Li,2.467122138333342,103.97836440524532,344.58934686094415,256.5273247318723,850.1440062744622,0.008937841548974,0.061509615000002,0.098953404666657,1,3,Mn-O-V,"Mn,V,O",mp-756126,mp-776140,"mp-756126,mp-776140",,"['Mn', 'V', 'O']",True,True,False,False,False,False,True,0.098953404666657
BAT_01129,Li0-3MnV4O12,MnV4O12,MnV4O12,Li3MnV4O12,Li,3.586949089999994,170.52186517428908,667.0530451861255,611.653249112018,2392.685313412098,0.027271428934595,0.068811376617645,0.071739747249962,1,3,Mn-O-V,"Mn,V,O",mp-758590,mp-756140,"mp-758590,mp-756140",,"['Mn', 'V', 'O']",True,True,False,False,False,False,True,0.071739747249962
BAT_01130,Li3-4MnV3O8,MnV3O8,Li3MnV3O8,Li4MnV3O8,Li,2.547217723333337,73.72731209068083,291.9943924026573,187.79951605111043,743.7732914419978,0.008082336633948,0.062078767299991,0.038515847031249,1,3,Mn-O-V,"Mn,V,O",mp-757175,mp-759213,"mp-757175,mp-759213,mp-1177391,mp-1408159",,"['Mn', 'V', 'O']",True,True,False,False,False,False,True,0.062078767299991
BAT_01131,Li0-1MnVO4,MnVO4,MnVO4,LiMnVO4,Li,3.699111768333336,151.57653161310955,573.0230300044982,560.6985318932035,2119.6762338156655,0.057176871497692,0.078681213125001,0.023731770714283,1,3,Mn-O-V,"Mn,V,O",mp-756542,mp-861234,"mp-756542,mp-861234",,"['Mn', 'V', 'O']",True,True,False,False,False,False,True,0.078681213125001
BAT_01132,Li0-5Mn3V2O10,Mn3V2O10,Mn3V2O10,Li5Mn3V2O10,Li,3.115283914333334,290.4389429417727,1148.0745615614942,904.7997670424816,3576.578214087818,0.005481098505827,0.10107246799998,0.049905247374996,1,3,Mn-O-V,"Mn,V,O",mp-772119,mp-756863,"mp-772119,mp-756863",,"['Mn', 'V', 'O']",True,True,False,False,False,False,True,0.10107246799998
BAT_01133,Li3-4Mn3WO8,Mn3WO8,Li3Mn3WO8,Li4Mn3WO8,Li,2.126393193333332,53.133966304368,265.3166576760211,112.98370428441078,564.1675349602413,0.003268596747578,0.08607234266667,0.0928985121875,1,3,Mn-O-W,"Mn,W,O",mp-756701,mp-773363,"mp-756701,mp-773363",,"['Mn', 'W', 'O']",True,True,False,False,False,False,True,0.0928985121875
BAT_01149,Li0-1Ti(SO4)2,Ti(SO4)2,Ti(SO4)2,LiTi(SO4)2,Li,2.787166603333337,108.53737425896514,301.087760384025,302.5117447480791,839.1817504147846,0.042924588954776,0.003248894356061,0.088063802612847,1,3,O-S-Ti,"Ti,S,O",mp-780570,mp-1176809,"mp-780570,mp-1176809",,"['Ti', 'S', 'O']",True,True,True,False,False,False,True,0.088063802612847
BAT_01151,Li0-2V2(SO4)3,V2(SO4)3,V2(SO4)3,Li2V2(SO4)3,Li,3.139078588333324,132.69610283856872,380.0578100059772,416.54349517582784,1193.0313337186176,0.099277950152375,0.061211390735294,0.050706453549384,1,3,O-S-V,"V,S,O",mp-25278,mp-558327,"mp-25278,mp-558327",,"['V', 'S', 'O']",True,True,True,False,False,False,True,0.061211390735294
BAT_01154,Li0-2V2(SO4)3,V2(SO4)3,V2(SO4)3,Li2V2(SO4)3,Li,2.678340250833334,132.69610283856872,361.9247588356586,355.40531336125804,969.357649362692,0.113787237543323,0.0,0.044437139470436,1,3,O-S-V,"V,S,O",mp-770389,mp-770191,"mp-770389,mp-1176597,mp-770191",,"['V', 'S', 'O']",True,True,True,False,False,False,True,0.044437139470436
BAT_01155,Li0-1V(SO4)2,V(SO4)2,V(SO4)2,LiV(SO4)2,Li,4.68184435000001,107.20262274067515,286.32657675812834,501.9059935836126,1340.5364656498873,0.028265060125028,0.012826368863586,0.01458699465278,1,3,O-S-V,"V,S,O",mp-771320,mp-771941,"mp-771320,mp-771941",,"['V', 'S', 'O']",True,True,True,False,False,False,True,0.01458699465278
BAT_01156,Li0-2V(SO4)2,V(SO4)2,V(SO4)2,Li2V(SO4)2,Li,3.681827723333332,208.61347923039807,577.6556688221791,768.0788912915019,2126.828656010157,0.138429294655322,0.0,0.034818142882246,2,3,O-S-V,"V,S,O",mp-849323,mp-759347,"mp-849323,mp-1176627,mp-759347",More than one working ion per transition metal,"['V', 'S', 'O']",True,True,True,False,False,False,True,0.034818142882246
BAT_01158,Li1-3V(SO4)3,V(SO4)3,LiV(SO4)3,Li3V(SO4)3,Li,4.042805750833335,148.9168489567306,396.6291717925439,602.0418933582497,1603.4946966711595,0.06477254591745,0.02428851480392,0.07879372552632,1,3,O-S-V,"V,S,O",mp-772428,mp-772425,"mp-772428,mp-761173,mp-772425",More than one working ion per transition metal,"['V', 'S', 'O']",True,True,True,False,False,False,True,0.07879372552632
BAT_01163,Li0-1TiSiO4,TiSiO4,TiSiO4,LiTiSiO4,Li,2.027175640833332,182.4581689793588,622.9436366471728,369.874755626008,1262.8161658232789,0.053135065535344,0.155671372499998,0.065894769833327,1,3,O-Si-Ti,"Ti,Si,O",mp-1095481,mp-1176604,"mp-1095481,mp-1176604,mp-753349",,"['Ti', 'Si', 'O']",True,True,False,False,False,True,True,0.155671372499998
BAT_01167,Li1-2VSiO5,VSiO5,LiVSiO5,Li2VSiO5,Li,3.389559458333342,155.0060792879593,474.9005394129388,525.4023221496705,1609.703615134733,0.000884835769015,0.054174595312497,0.0,1,3,O-Si-V,"V,Si,O",mp-754539,mp-18860,"mp-754539,mp-763247,mp-25243,mp-18860",More than one working ion per transition metal,"['V', 'Si', 'O']",True,True,False,False,False,True,True,0.054174595312497
BAT_01168,Li0.5-1VSiO4,VSiO4,LiV2(SiO4)2,LiVSiO4,Li,3.441094628333336,89.3587634276257,312.5387492684376,307.49196082531216,1075.47541125364,0.025734007568929,0.071798876153806,0.004977611517885,1,3,O-Si-V,"V,Si,O",mp-762820,mp-753702,"mp-762820,mp-752915,mp-753702,mp-766121",,"['V', 'Si', 'O']",True,True,False,False,False,True,True,0.071798876153806
BAT_01169,Li0.5-1VSiO4,VSiO4,LiV2(SiO4)2,LiVSiO4,Li,3.453059493333332,89.3587634276257,306.945162696665,308.5611263662903,1059.8999079824632,0.007094856722686,0.077867955384576,0.009758551875028,1,3,O-Si-V,"V,Si,O",mp-754643,mp-766923,"mp-754643,mp-766923",,"['V', 'Si', 'O']",True,True,False,False,False,True,True,0.077867955384576
BAT_01170,Li0-1V(SiO3)2,V(SiO3)2,V(SiO3)2,LiV(SiO3)2,Li,3.24831098333333,127.5957815041278,399.1660444759995,414.47077848685814,1296.61544644511,0.045627051202625,0.093366923888893,0.029251357375006,1,3,O-Si-V,"V,Si,O",mp-753907,mp-757307,"mp-753907,mp-757307",,"['V', 'Si', 'O']",True,True,False,False,False,True,True,0.093366923888893
BAT_01171,Li0.5-1VSiO4,VSiO4,LiV2(SiO4)2,LiVSiO4,Li,3.372263413333333,89.3587634276257,313.83305262602255,301.34128856769087,1058.3277212654505,0.012620380996877,0.076067617692269,0.013857958303599,1,3,O-Si-V,"V,Si,O",mp-778032,mp-753374,"mp-778032,mp-777484,mp-753374",,"['V', 'Si', 'O']",True,True,False,False,False,True,True,0.076067617692269
BAT_01172,Li2-3VSi2O7,VSi2O7,Li2VSi2O7,Li3VSi2O7,Li,3.316359190000004,111.70481360857832,316.94400981800237,370.4532851780463,1051.1001796753835,0.017870791082745,0.094419944583362,0.02513740818911,1,3,O-Si-V,"V,Si,O",mp-1177775,mp-1253145,"mp-1177775,mp-1253145,mp-766120",More than one working ion per transition metal,"['V', 'Si', 'O']",True,True,False,False,False,True,True,0.094419944583362
BAT_01173,Li1-2VSiO5,VSiO5,LiVSiO5,Li2VSiO5,Li,3.39869590583334,155.0060792879593,468.3421119236483,526.8185270552653,1591.7524183242435,0.009318104281826,0.088735903437497,0.029706001944443,2,3,O-Si-V,"V,Si,O",mp-780114,mp-766036,"mp-780114,mp-779630,mp-766036",More than one working ion per transition metal,"['V', 'Si', 'O']",True,True,False,False,False,True,True,0.088735903437497
BAT_01174,Li0-2V2Si4O11,V2Si4O11,V2Si4O11,Li2V2Si4O11,Li,2.43101675583333,132.6476348222565,405.4566568315103,322.46862287456634,985.6719265215662,0.068614157439638,0.092720820955882,0.013355919078939,1,3,O-Si-V,"V,Si,O",mp-867855,mp-756730,"mp-867855,mp-756730",,"['V', 'Si', 'O']",True,True,False,False,False,True,True,0.092720820955882
BAT_01175,Li0-1V(SiO3)2,V(SiO3)2,V(SiO3)2,LiV(SiO3)2,Li,3.232427735833345,127.5957815041278,407.6736477623321,412.444143109274,1317.7756061953155,0.026588807289217,0.067616735277782,0.007664512375006,1,3,O-Si-V,"V,Si,O",mp-1265975,mp-19043,"mp-1265975,mp-25239,mp-19043",,"['V', 'Si', 'O']",True,True,False,False,False,True,True,0.067616735277782
BAT_01176,Li0-2V3Si3O10,V3Si3O10,V3Si3O10,Li2V3Si3O10,Li,2.284670235833336,130.43447925385814,435.8219774013194,297.99977247771045,995.7094998908232,0.044586651022703,0.099466384375007,0.029973267847214,1,3,O-Si-V,"V,Si,O",mp-1101243,mp-767778,"mp-1101243,mp-767778",,"['V', 'Si', 'O']",True,True,False,False,False,True,True,0.099466384375007
BAT_01177,Li0-2V4Si4O13,V4Si4O13,V4Si4O13,Li2V4Si4O13,Li,2.23085413583333,99.63705544668166,343.3821536062984,222.27573722548465,766.0354975439667,0.046111930674157,0.065547243273833,0.019753298043506,1,3,O-Si-V,"V,Si,O",mp-766894,mp-767720,"mp-766894,mp-767720",,"['V', 'Si', 'O']",True,True,False,False,False,True,True,0.065547243273833
BAT_01178,Li0.5-1VSiO4,VSiO4,LiV2(SiO4)2,LiVSiO4,Li,3.9020048283333377,89.3587634276257,330.50388178753497,348.6783263484919,1289.627742517872,0.009264114113513,0.15457002576919,0.048914379017885,1,3,O-Si-V,"V,Si,O",mp-756291,mp-766083,"mp-756291,mp-766083,mp-802523",,"['V', 'Si', 'O']",True,True,False,False,False,True,True,0.15457002576919
BAT_01180,Li1-3V(Si2O5)3,V(Si2O5)3,LiV(Si2O5)3,Li3V(Si2O5)3,Li,2.915834747083328,111.61040603480716,291.43066964775807,325.43750005236944,849.7636729246955,0.015192161266284,0.049884074782605,0.034445965750029,2,3,O-Si-V,"V,Si,O",mp-775301,mp-757761,"mp-775301,mp-775292,mp-757761",More than one working ion per transition metal,"['V', 'Si', 'O']",True,True,False,False,False,True,True,0.049884074782605
BAT_01181,Li0-1V(SiO3)2,V(SiO3)2,V(SiO3)2,LiV(SiO3)2,Li,3.374197618333331,127.5957815041278,413.47866298780286,430.5333820606081,1395.1587198850943,0.018444969582438,0.074852819583338,0.0,1,3,O-Si-V,"V,Si,O",mp-766689,mp-765346,"mp-766689,mp-765346",,"['V', 'Si', 'O']",True,True,False,False,False,True,True,0.074852819583338
BAT_01182,Li0-0.5VZnSiO5,VZnSiO5,VZnSiO5,LiV2Zn2(SiO5)2,Li,2.214200378333335,58.80006481989941,236.3000598742271,130.1951257702459,523.2156819737033,0.031359334288498,0.049559009062499,0.080625238590678,1,4,O-Si-V-Zn,"V,Zn,Si,O",mp-1046716,mp-1235640,"mp-1046716,mp-1235640,mp-1236180,mp-1236082,mp-1235244",,"['V', 'Zn', 'Si', 'O']",True,True,False,False,False,True,True,0.080625238590678
BAT_01186,Li1-4V(TeO4)3,V(TeO4)3,LiV(TeO4)3,Li4V(TeO4)3,Li,3.636997131666665,123.03695883538134,577.0151143425882,447.4850663732715,2098.602315792306,0.073674477062708,0.026324398750003,0.030954176531247,1,3,O-Te-V,"V,Te,O",mp-764607,mp-1566890,"mp-764607,mp-756502,mp-1566890,mp-755674",More than one working ion per transition metal,"['V', 'Te', 'O']",True,True,False,False,False,False,True,0.030954176531247
BAT_01187,Li2-4Ti(TeO4)3,Ti(TeO4)3,Li2Ti(TeO4)3,Li4Ti(TeO4)3,Li,3.487985610833331,82.41236297123166,383.11030990284365,287.4531361984297,1336.283248303017,0.056860893858752,0.009614493888892,0.029828124187499,1,3,O-Te-Ti,"Ti,Te,O",mp-758894,mp-850190,"mp-758894,mp-756432,mp-850190",More than one working ion per transition metal,"['Ti', 'Te', 'O']",True,True,False,False,False,False,True,0.029828124187499
BAT_01188,Li1-4V(TeO4)3,V(TeO4)3,LiV(TeO4)3,Li4V(TeO4)3,Li,3.349824710000002,123.03695883538134,589.1690003425388,412.1522449500135,1973.612875713436,0.156060469841783,0.048803521102944,0.093137293781247,1,3,O-Te-V,"V,Te,O",mp-761280,mp-771275,"mp-761280,mp-771275",More than one working ion per transition metal,"['V', 'Te', 'O']",True,True,False,False,False,False,True,0.093137293781247
BAT_01189,Li1-4VTe(WO6)2,VTe(WO6)2,LiVTe(WO6)2,Li4VTe(WO6)2,Li,3.202911608333328,104.96961002170907,600.9587233491553,336.2083824607544,1924.8176711441863,0.080553149303328,0.05030554477941,0.057561617000001,1,4,O-Te-V-W,"V,Te,W,O",mp-753012,mp-775927,"mp-753012,mp-775927",More than one working ion per transition metal,"['V', 'Te', 'W', 'O']",True,True,False,False,False,False,True,0.057561617000001
BAT_01190,Li0-0.5TiO2,TiO2,TiO2,LiTi2O4,Li,2.098045070833334,160.8031622796062,604.9779366102864,337.37228199514044,1269.2709778681324,0.059411943477676,0.111541038749999,0.040692225714284,1,2,O-Ti,"Ti,O",mp-756587,mp-776170,"mp-756587,mp-776170",,"['Ti', 'O']",True,True,False,False,False,False,True,0.111541038749999
BAT_01203,Li4-7Ti11O24,Ti11O24,Li4Ti11O24,Li7Ti11O24,Li,2.524116049999998,83.83238311460097,296.80148466382747,211.60266372931315,749.1613911037953,0.005002750834358,0.059945348205122,0.0,1,2,O-Ti,"Ti,O",mp-759812,mp-766823,"mp-759812,mp-767194,mp-766823",,"['Ti', 'O']",True,True,False,False,False,False,True,0.059945348205122
BAT_01204,Li4-6Ti9O20,Ti9O20,Li4Ti9O20,Li6Ti9O20,Li,2.759122998333315,67.64318462001116,235.4959476849109,186.6358663655792,649.7622852717369,0.000189182141475,0.06478981515151,0.003127741428579,1,2,O-Ti,"Ti,O",mp-767633,mp-768114,"mp-767633,mp-768114",,"['Ti', 'O']",True,True,False,False,False,False,True,0.06478981515151
BAT_01208,Li4-8Ti15O32,Ti15O32,Li4Ti15O32,Li8Ti15O32,Li,2.684563500833338,83.39538990670934,294.68351584552227,223.8802198813169,791.0966109361318,0.007439050949797,0.086162879411764,0.010985033363651,1,2,O-Ti,"Ti,O",mp-759678,mp-759713,"mp-759678,mp-766828,mp-759713",,"['Ti', 'O']",True,True,False,False,False,False,True,0.086162879411764
BAT_01214,Li1-4TiV3O10,TiV3O10,LiTiV3O10,Li4TiV3O10,Li,3.093052181666668,206.98815016132517,643.3772192666111,640.2251494356348,1989.9993116872256,0.013325724089418,0.069599992166667,0.04796222881944,1,3,O-Ti-V,"Ti,V,O",mp-756940,mp-754484,"mp-756940,mp-754484",,"['Ti', 'V', 'O']",True,True,False,False,False,False,True,0.069599992166667
BAT_01218,Li1-5Ti2V3O10,Ti2V3O10,LiTi2V3O10,Li5Ti2V3O10,Li,2.282388664583327,241.8592456562056,945.366021835533,552.0168007103979,2157.6926921196546,0.029739939718401,0.072528359895823,0.011119066625002,3,3,O-Ti-V,"Ti,V,O",mp-754024,mp-760954,"mp-754024,mp-759328,mp-1293112,mp-752510,mp-760954,mp-1305527",,"['Ti', 'V', 'O']",True,True,False,False,False,False,True,0.072528359895823
BAT_01219,Li1-4TiV3O8,TiV3O8,LiTiV3O8,Li4TiV3O8,Li,2.508448786666666,225.56960453743443,878.105060527225,565.8298008108071,2202.681573645377,0.024346508071475,0.10262288641026,0.020228368984375,3,3,O-Ti-V,"Ti,V,O",mp-782720,mp-764005,"mp-782720,mp-754709,mp-1280539,mp-769560,mp-1306174,mp-756307,mp-764005,mp-760975,mp-800301",,"['Ti', 'V', 'O']",True,True,False,False,False,False,True,0.10262288641026
BAT_01221,Li1-3TiV2O6,TiV2O6,LiTiV2O6,Li3TiV2O6,Li,2.249222745833333,201.08445414487855,784.0536202664312,452.2837280961407,1763.511236656228,0.028118406312728,0.072047291374985,0.018697208645831,2,3,O-Ti-V,"Ti,V,O",mp-849731,mp-1273419,"mp-849731,mp-1176571,mp-752814,mp-1276468,mp-1273419,mp-1275879,mp-759411",,"['Ti', 'V', 'O']",True,True,False,False,False,False,True,0.072047291374985
BAT_01223,Li1-3Ti2V3O12,Ti2V3O12,LiTi2V3O12,Li3Ti2V3O12,Li,2.353501049583333,116.1810753020439,346.0174470969267,273.4322826650806,814.3524249167625,0.012409555174401,0.006644914027777,0.087978297500006,1,3,O-Ti-V,"Ti,V,O",mp-764774,mp-760212,"mp-764774,mp-757803,mp-760212",,"['Ti', 'V', 'O']",True,True,False,False,False,False,True,0.087978297500006
BAT_01224,Li1-2TiVO5,TiVO5,LiTiVO5,Li2TiVO5,Li,3.289108493333334,139.0929932941363,428.35545988478555,457.4919456069003,1408.907581272755,0.017185463165207,0.082974365000001,0.030157901388897,1,3,O-Ti-V,"Ti,V,O",mp-756178,mp-755429,"mp-756178,mp-755429",,"['Ti', 'V', 'O']",True,True,False,False,False,False,True,0.082974365000001
BAT_01226,Li0-2Ti3VO8,Ti3VO8,Ti3VO8,Li2Ti3VO8,Li,2.7304851033333333,159.33360112599763,592.1484333547414,435.0580243349917,1616.8524762372926,0.088214705719453,0.114388919583348,0.036527025535722,1,3,O-Ti-V,"Ti,V,O",mp-756455,mp-771076,"mp-756455,mp-771076",,"['Ti', 'V', 'O']",True,True,False,False,False,False,True,0.114388919583348
BAT_01227,Li0-4Ti3V5O16,Ti3V5O16,Ti3V5O16,Li4Ti3V5O16,Li,2.780888373333331,157.1789413871588,603.3652686496046,437.097090636391,1677.8914604608271,0.075462631724227,0.107978601458334,0.0749842353125,2,3,O-Ti-V,"Ti,V,O",mp-776195,mp-777694,"mp-776195,mp-2215221,mp-1235238,mp-777694",,"['Ti', 'V', 'O']",True,True,False,False,False,False,True,0.107978601458334
BAT_01228,Li0-2TiVO4,TiVO4,TiVO4,Li2TiVO4,Li,2.070466623333332,303.37618827033504,1215.321813877964,628.1302721278179,2516.283252243248,0.046428722229221,0.022670830416682,0.025746037656252,1,3,O-Ti-V,"Ti,V,O",mp-1276433,mp-1283290,"mp-1276433,mp-1274758,mp-755748,mp-1275288,mp-1279004,mp-2224111,mp-1272170,mp-1283290,mp-1281672,mp-755702,mp-1278326",,"['Ti', 'V', 'O']",True,True,False,False,False,False,True,0.025746037656252
BAT_01234,Li1-4.75V3O8,V3O8,LiV3O8,Li19V12O32,Li,2.755531666666669,320.29615493801526,1145.526428563482,882.586197643275,3156.5343489102493,0.016575833174458,0.003030764375001,0.060488143551587,3,2,O-V,"V,O",mp-27503,mp-1223171,"mp-27503,mp-756858,mp-755827,mp-766385,mp-756397,mp-28699,mp-1223171",More than one working ion per transition metal,"['V', 'O']",True,True,False,False,False,False,True,0.060488143551587
BAT_01235,Li0-3V12O29,V12O29,V12O29,Li3V12O29,Li,3.60359976333333,73.35478456241881,251.9333584586684,264.3412842884999,907.8669909174284,0.005894882763512,0.033319398170734,0.031536703181824,1,2,O-V,"V,O",mp-773019,mp-772492,"mp-773019,mp-773021,mp-772492",,"['V', 'O']",True,True,False,False,False,False,True,0.033319398170734
BAT_01236,Li0.38-0.69VO2,VO2,Li3V8O16,Li11V16O32,Li,2.649366319333334,95.48796264519208,362.39108498281206,252.98259213393143,960.1067349801264,0.010592177569765,0.051280869074071,0.037512302182202,1,2,O-V,"V,O",mp-1177934,mp-758440,"mp-1177934,mp-758440",,"['V', 'O']",True,True,False,False,False,False,True,0.051280869074071
BAT_01240,Li0-2.5V9O22,V9O22,V9O22,Li5V18O44,Li,3.548118865333326,80.940646077724,277.05431054691013,287.1870333206404,983.02162597341,0.005911503363545,0.035077552419355,0.037135503955223,2,2,O-V,"V,O",mp-849581,mp-773027,"mp-849581,mp-774591,mp-773031,mp-767268,mp-773027",,"['V', 'O']",True,True,False,False,False,False,True,0.037135503955223
BAT_01241,Li1-2VO3,VO3,LiVO3,Li2VO3,Li,3.272292910833333,237.5560831414869,823.505312106515,777.3530867892216,2694.7505948397406,0.012904759146779,0.110586672500007,0.02386858583334,1,2,O-V,"V,O",mp-754098,mp-861577,"mp-754098,mp-861577",More than one working ion per transition metal,"['V', 'O']",True,True,False,False,False,False,True,0.110586672500007
BAT_01242,Li0-1V2O5,V2O5,V2O5,LiV2O5,Li,3.112703815833332,141.94120963962638,440.46248016224376,441.820944869264,1371.0292427324296,0.003824572600543,0.008959156071428,0.070097905625001,1,2,O-V,"V,O",mp-25280,mp-627993,"mp-25280,mp-627993",,"['V', 'O']",True,True,False,False,False,False,True,0.070097905625001
BAT_01243,Li0.36-0.73VO2,VO2,Li4V11O22,Li8V11O22,Li,2.8047321133333383,110.76464875180778,426.48259531311606,310.6651673762828,1196.1694308524432,0.012653198658869,0.086632170495487,0.049833777225608,1,2,O-V,"V,O",mp-758647,mp-768084,"mp-758647,mp-768084",,"['V', 'O']",True,True,False,False,False,False,True,0.086632170495487
BAT_01244,Li1-2VO3,VO3,LiVO3,Li2VO3,Li,3.150589805833331,237.5560831414869,822.110683547462,748.4417738592639,2590.1335388513057,0.003162421656268,0.084545015500006,0.022451055833339,1,2,O-V,"V,O",mp-763200,mp-774192,"mp-763200,mp-762268,mp-752603,mp-774192",More than one working ion per transition metal,"['V', 'O']",True,True,False,False,False,False,True,0.084545015500006
BAT_01245,Li0-1VO2,VO2,VO2,LiVO2,Li,2.948688788333332,298.1875111437406,1176.4889388450251,879.2621709305685,3469.099743570505,0.027620072541691,0.138130571666666,0.0,2,2,O-V,"V,O",mp-714944,mp-19340,"mp-714944,mp-25199,mp-1222527,mp-754922,mp-1272159,mp-1276849,mp-19340,mp-1276026",,"['V', 'O']",True,True,False,False,False,False,True,0.138130571666666
BAT_01246,Li0-0.67V2O5,V2O5,V2O5,Li2V6O15,Li,3.531303618333344,95.80134881332242,315.5448162285222,338.30364970570025,1114.2845512941103,0.015606292177324,0.02981807357143,0.034135575869564,2,2,O-V,"V,O",mp-25207,mp-27751,"mp-25207,mp-1235348,mp-1235427,mp-1235037,mp-776037,mp-27751,mp-755630",,"['V', 'O']",True,True,False,False,False,False,True,0.034135575869564
BAT_01247,Li0-1V2O5,V2O5,V2O5,LiV2O5,Li,3.6379150808333423,141.94120963962638,451.970935231576,516.3700671397238,1644.2318813773002,0.016409184455228,0.003877444642856,0.0,1,2,O-V,"V,O",mp-776152,mp-777667,"mp-776152,mp-777667",,"['V', 'O']",True,True,False,False,False,False,True,0.003877444642856
BAT_01248,Li0-1V2O5,V2O5,V2O5,LiV2O5,Li,3.203716033333326,141.94120963962638,437.441977309452,454.7393291131979,1401.4398763593244,0.014693703264145,0.0,0.050882116875001,1,2,O-V,"V,O",mp-25279,mp-555869,"mp-25279,mp-555869,mp-18934",,"['V', 'O']",True,True,False,False,False,False,True,0.050882116875001
BAT_01249,Li0-1V2O5,V2O5,V2O5,LiV2O5,Li,3.497991530833336,141.94120963962638,444.4430657282213,496.5091491956522,1554.658079854922,0.052290661947186,0.012942245000001,0.025422144062501,1,2,O-V,"V,O",mp-25288,mp-19408,"mp-25288,mp-19408",,"['V', 'O']",True,True,False,False,False,False,True,0.025422144062501
BAT_01250,Li0-4V5O12,V5O12,V5O12,Li4V5O12,Li,2.880517924583328,225.9515090628643,669.9369279511114,650.8573719422328,1929.765329303466,0.028544629558401,0.002569260882353,0.075443405873008,3,2,O-V,"V,O",mp-778252,mp-851075,"mp-778252,mp-776130,mp-776224,mp-851075",,"['V', 'O']",True,True,False,False,False,False,True,0.075443405873008
BAT_01251,Li0-0.25VO2,VO2,VO2,LiV4O8,Li,2.190126183333338,79.12992931656154,286.3863316134602,173.30453008151775,627.2222034154232,0.023879826359689,0.038333638333334,0.079572726794868,1,2,O-V,"V,O",mp-777469,mp-1236354,"mp-777469,mp-1236354,mp-1232998,mp-1235567",,"['V', 'O']",True,True,False,False,False,False,True,0.079572726794868
BAT_01252,Li0-3V5O12,V5O12,V5O12,Li3V5O12,Li,3.110199269999995,171.97954291495566,524.2198466268942,534.890648829028,1630.4281842984758,0.001651460529605,0.032232852058823,0.0757749245,1,2,O-V,"V,O",mp-754451,mp-777675,"mp-754451,mp-777675",,"['V', 'O']",True,True,False,False,False,False,True,0.0757749245
BAT_01253,Li0.2-1VO2,VO2,LiV5O10,LiVO2,Li,2.55168825833334,238.55000891499253,936.6093595196584,608.7052567737001,2389.9351053314226,0.014284078489071,0.078866111458339,0.048101107249999,4,2,O-V,"V,O",mp-762390,mp-758901,"mp-762390,mp-762287,mp-1275592,mp-762265,mp-762292,mp-758901",,"['V', 'O']",True,True,False,False,False,False,True,0.078866111458339
BAT_01254,Li0-1.29V2O5,V2O5,V2O5,Li9V14O35,Li,3.274884940555558,180.5990513146054,560.7260917251731,591.4411134288216,1836.3134335673435,0.052716985551243,0.025970106530612,0.055640780862075,1,2,O-V,"V,O",mp-831269,mp-779050,"mp-831269,mp-779050",,"['V', 'O']",True,True,False,False,False,False,True,0.055640780862075
BAT_01255,Li0-3V5O12,V5O12,V5O12,Li3V5O12,Li,3.373610086666659,171.97954291495566,670.7367981686837,580.191920678216,2262.8044278003704,0.010566504633955,0.070659521470588,0.068925971,1,2,O-V,"V,O",mp-777580,mp-1177476,"mp-777580,mp-1177476",,"['V', 'O']",True,True,False,False,False,False,True,0.070659521470588
BAT_01257,Li0-1V2O5,V2O5,V2O5,LiV2O5,Li,3.205333038333333,141.94120963962638,423.5230665085956,454.96884875889225,1357.5324775762472,0.073078872187342,0.011343075,0.060605181875001,1,2,O-V,"V,O",mp-25233,mp-19013,"mp-25233,mp-19013",,"['V', 'O']",True,True,False,False,False,False,True,0.060605181875001
BAT_01258,Li0-2V3O7,V3O7,V3O7,Li2V3O7,Li,3.257947202500003,192.33053437566815,577.5248149960311,626.6027264245388,1881.5453553906511,0.091834592328156,0.082158660000001,0.069753757361107,1,2,O-V,"V,O",mp-764115,mp-772164,"mp-764115,mp-760992,mp-772164",,"['V', 'O']",True,True,False,False,False,False,True,0.082158660000001
BAT_01259,Li0-0.25VO2,VO2,VO2,LiV4O8,Li,2.231662093333331,79.12992931656154,298.6687393991809,176.59126370391627,666.5277041808032,0.03358212978342,0.020010723333333,0.059464196794868,1,2,O-V,"V,O",mp-541404,mp-1210897,"mp-541404,mp-1210897",,"['V', 'O']",True,True,False,False,False,False,True,0.059464196794868
BAT_01260,Li0-3V6O13,V6O13,V6O13,Li3V6O13,Li,2.587638883333335,150.43934361944483,544.6753129811439,389.28269513282015,1409.4230186617622,0.06827861343896,0.016361282368421,0.083812208181816,2,2,O-V,"V,O",mp-870306,mp-542665,"mp-870306,mp-19457,mp-18896,mp-555660,mp-542665,mp-774495,mp-31372",,"['V', 'O']",True,True,False,False,False,False,True,0.083812208181816
BAT_01261,Li0-0.2VO2,VO2,VO2,LiV5O10,Li,2.490982693333312,63.56446787352769,251.25636593604136,158.33798938389882,625.8752591365006,0.005192609905242,0.051628716999999,0.065501002083339,1,2,O-V,"V,O",mp-849511,mp-1222710,"mp-849511,mp-1222710",,"['V', 'O']",True,True,False,False,False,False,True,0.065501002083339
BAT_01263,Li0-1V3Zn2O8,V3Zn2O8,V3Zn2O8,LiV3Zn2O8,Li,3.594559968333333,64.02973000146422,295.0545377092644,230.15870424645507,1060.5912297248196,0.013979280650615,0.046206723846148,0.0,1,3,O-V-Zn,"V,Zn,O",mp-755946,mp-1280709,"mp-755946,mp-1280709,mp-1290989,mp-754080,mp-1302478",,"['V', 'Zn', 'O']",True,True,False,False,False,False,True,0.046206723846148
BAT_01291,Li4-6V2C4SO16,V2C4SO16,Li4V2C4SO16,Li6V2C4SO16,Li,2.543221765833327,111.75963809126708,296.38985490894765,284.22954413536587,753.7851301766176,0.027283457766941,0.066429719722227,0.071695825020222,1,4,C-O-S-V,"V,C,S,O",mp-776347,mp-776436,"mp-776347,mp-769578,mp-776436",More than one working ion per transition metal,"['V', 'C', 'S', 'O']",True,True,True,False,False,False,True,0.071695825020222
BAT_01292,Li0.5-2V(CO3)2,V(CO3)2,LiV2(CO3)4,Li2V(CO3)2,Li,2.72730550333333,217.49588278185576,509.6174509391096,593.1777180632962,1389.8824785409372,0.04093635442497,0.078646820789474,0.082917301448867,2,3,C-O-V,"V,C,O",mp-752765,mp-1571048,"mp-752765,mp-753641,mp-1571048,mp-1571229,mp-766441",More than one working ion per transition metal,"['V', 'C', 'O']",True,True,False,False,False,False,True,0.082917301448867
BAT_01293,Li1-3VSiCO7,VSiCO7,LiVSiCO7,Li3VSiCO7,Li,3.360515679583334,239.45233795189233,648.1921670759625,804.6833362002216,2178.2599408418723,0.078905405749129,0.09206857659091,0.034039488125002,2,4,C-O-Si-V,"V,Si,C,O",mp-770650,mp-768601,"mp-770650,mp-770349,mp-770348,mp-772542,mp-768601",More than one working ion per transition metal,"['V', 'Si', 'C', 'O']",True,True,False,False,False,True,True,0.09206857659091
BAT_01294,Li0-1.5V(CO3)2,V(CO3)2,V(CO3)2,Li3V2(CO3)4,Li,2.954002850000008,221.6576302141571,568.5566800729766,654.7772713768682,1679.518053322116,0.165959330915251,0.061617770000005,0.073295556473213,2,3,C-O-V,"V,C,O",mp-763508,mp-752905,"mp-763508,mp-1314097,mp-763558,mp-753909,mp-752905",More than one working ion per transition metal,"['V', 'C', 'O']",True,True,False,False,False,False,True,0.073295556473213
BAT_01295,Li0-2V(CO3)2,V(CO3)2,V(CO3)2,Li2V(CO3)2,Li,2.8716647508333373,289.9945103758077,635.105204560084,832.7670133813793,1823.809229005989,0.20374960071506,0.062563613333338,0.068579756903412,2,3,C-O-V,"V,C,O",mp-758621,mp-759519,"mp-758621,mp-758570,mp-757720,mp-759519,mp-759889",More than one working ion per transition metal,"['V', 'C', 'O']",True,True,False,False,False,False,True,0.068579756903412
BAT_01296,Li0-2V(CO3)2,V(CO3)2,V(CO3)2,Li2V(CO3)2,Li,3.042650575833332,289.9945103758077,793.1825773406698,882.3519639834565,2413.3774256865554,0.044336898836361,0.078162138333338,0.050253854630685,1,3,C-O-V,"V,C,O",mp-757524,mp-752552,"mp-757524,mp-752552,mp-758928",More than one working ion per transition metal,"['V', 'C', 'O']",True,True,False,False,False,False,True,0.078162138333338
BAT_01297,Li0-2V(CO3)2,V(CO3)2,V(CO3)2,Li2V(CO3)2,Li,2.909366055833335,289.9945103758077,683.2218225416876,843.700184865383,1987.742379107373,0.16719049770167,0.048008773888893,0.049816469176139,1,3,C-O-V,"V,C,O",mp-762249,mp-1567493,"mp-762249,mp-1567493,mp-753598",More than one working ion per transition metal,"['V', 'C', 'O']",True,True,False,False,False,False,True,0.049816469176139
BAT_01298,Li0-1V(CO3)2,V(CO3)2,V(CO3)2,LiV(CO3)2,Li,4.034132813333334,150.65450224290737,458.3070108810422,607.7602709745129,1848.8713511759297,0.180048486453278,0.075185749444449,0.0,1,3,C-O-V,"V,C,O",mp-752541,mp-762019,"mp-752541,mp-762019",,"['V', 'C', 'O']",True,True,False,False,False,False,True,0.075185749444449
BAT_01299,Li1.5-2VCO5,VCO5,Li3V2(CO5)2,Li2VCO5,Li,3.969401265833345,85.44690452334704,268.8589105243956,339.17305097651473,1067.20889976611,0.006145360939291,0.071521205441168,0.037473726111115,1,3,C-O-V,"V,C,O",mp-758380,mp-1177806,"mp-758380,mp-1177806,mp-758001",More than one working ion per transition metal,"['V', 'C', 'O']",True,True,False,False,False,False,True,0.071521205441168
BAT_01300,Li4-5V(CO3)4,V(CO3)4,Li4V(CO3)4,Li5V(CO3)4,Li,3.530774573333336,82.29338101591672,197.86485705624767,290.55937724463104,698.6162062504345,0.02117072755081,0.062896327261913,0.052159516704549,1,3,C-O-V,"V,C,O",mp-759521,mp-765146,"mp-759521,mp-765146",More than one working ion per transition metal,"['V', 'C', 'O']",True,True,False,False,False,False,True,0.062896327261913
BAT_01301,Li0.67-1.33V(CO3)2,V(CO3)2,Li2V3(CO3)6,Li4V3(CO3)6,Li,2.861822603333334,99.14688870901011,284.436706721968,283.74080715761977,814.0073965146227,0.024006006631726,0.051498968103457,0.0549825540625,1,3,C-O-V,"V,C,O",mp-758280,mp-758087,"mp-758280,mp-758087",More than one working ion per transition metal,"['V', 'C', 'O']",True,True,False,False,False,False,True,0.0549825540625
BAT_01302,Li0.5-2V(CO3)2,V(CO3)2,LiV2(CO3)4,Li2V(CO3)2,Li,2.503060608333331,217.49588278185576,556.3754143730242,544.4053766659472,1392.6413831622522,0.164000924700643,0.051400911052631,0.089965592357958,1,3,C-O-V,"V,C,O",mp-758175,mp-760222,"mp-758175,mp-760222",More than one working ion per transition metal,"['V', 'C', 'O']",True,True,False,False,False,False,True,0.089965592357958
BAT_01303,Li2-3V(CO3)3,V(CO3)3,Li2V(CO3)3,Li3V(CO3)3,Li,3.533908578333329,106.44327977055548,249.99272944558348,376.1608194871005,883.4514511087104,0.051534357952837,0.062919614666662,0.047959169375004,1,3,C-O-V,"V,C,O",mp-758564,mp-758041,"mp-758564,mp-758041",More than one working ion per transition metal,"['V', 'C', 'O']",True,True,False,False,False,False,True,0.062919614666662
BAT_01304,Li0.5-1V(CO3)2,V(CO3)2,LiV2(CO3)4,LiV(CO3)2,Li,3.016375198333326,75.32725112145368,187.49528585351953,227.2152520413791,565.5561300529736,0.014909254025669,0.086010660789474,0.098764421250006,1,3,C-O-V,"V,C,O",mp-758669,mp-758080,"mp-758669,mp-758080",,"['V', 'C', 'O']",True,True,False,False,False,False,True,0.098764421250006
BAT_01328,Li0-0.5FeClO,FeClO,FeClO,LiFe2(ClO)2,Li,2.241965373333333,120.98036139244265,383.591987079181,271.2337810952093,859.9999525196514,0.078330426465617,0.0,0.073721966428573,1,3,Cl-Fe-O,"Fe,Cl,O",mp-540828,mp-755254,"mp-540828,mp-755254",,"['Fe', 'Cl', 'O']",True,True,False,False,False,False,True,0.073721966428573
BAT_01329,Li0-1FeMoClO4,FeMoClO4,FeMoClO4,LiFeMoClO4,Li,3.429463618333334,103.81065187690864,345.74649393547406,356.01485380732527,1185.7250221180152,0.005862801682131,0.017469826083332,0.0,1,4,Cl-Fe-Mo-O,"Fe,Mo,Cl,O",mp-23123,mp-561410,"mp-23123,mp-25247,mp-1272202,mp-561410,mp-1320145",,"['Fe', 'Mo', 'Cl', 'O']",True,True,False,False,False,False,True,0.017469826083332
BAT_01330,Li0-1FeWClO4,FeWClO4,FeWClO4,LiFeWClO4,Li,3.3897662183333392,77.44378309704814,341.9608547089167,262.5163197623083,1159.1673532846812,0.009435763018097,0.07392136232143,0.036925224374998,1,4,Cl-Fe-O-W,"Fe,W,Cl,O",mp-556603,mp-1210860,"mp-556603,mp-1210860,mp-1275809",,"['Fe', 'W', 'Cl', 'O']",True,True,False,False,False,False,True,0.07392136232143
BAT_01345,Li4-1Cr2Fe3Co3O16,Cr2Fe3Co3O16,Li4Cr2Fe3Co3O16,Li10Cr2Fe3Co3O16,Li,2.669002409999999,207.83667678961464,881.55777340148,554.7165912378724,2352.879821762783,0.12340604830081,0.110523811442219,0.100741340637251,1,4,Co-Cr-Fe-O,"Cr,Fe,Co,O",mp-774878,mp-774310,"mp-774878,mp-774310,mp-1178098",More than one working ion per transition metal,"['Cr', 'Fe', 'Co', 'O']",True,True,False,False,False,False,True,0.110523811442219
BAT_01346,Li0-4Mn3Cr2Co3O16,Mn3Cr2Co3O16,Mn3Cr2Co3O16,Li4Mn3Cr2Co3O16,Li,4.491751610833323,146.98623114218162,647.6212512939758,660.2256405032135,2908.953798709608,0.112759035621883,0.129017274062499,0.096939556398811,1,4,Co-Cr-Mn-O,"Mn,Cr,Co,O",mp-772635,mp-769581,"mp-772635,mp-769581",,"['Mn', 'Cr', 'Co', 'O']",True,True,False,False,False,False,True,0.129017274062499
BAT_01347,Li0-4Mn2Cr3Co3O16,Mn2Cr3Co3O16,Mn2Cr3Co3O16,Li4Mn2Cr3Co3O16,Li,4.009209343333336,147.58151537873138,668.4609676892035,591.6851903597023,2679.999957313198,0.037630712614701,0.081583123541666,0.121152606726203,1,4,Co-Cr-Mn-O,"Mn,Cr,Co,O",mp-1176520,mp-758129,"mp-1176520,mp-757903,mp-758129,mp-1177438",,"['Mn', 'Cr', 'Co', 'O']",True,True,False,False,False,False,True,0.121152606726203
BAT_01349,Li1-3Cr(CoO3)2,Cr(CoO3)2,LiCr(CoO3)2,Li3Cr(CoO3)2,Li,3.497531378333332,186.97714840211145,811.9366089102753,653.9584435676728,2839.7737668812465,0.034702649731735,0.07865080887499,0.05856329833333,1,3,Co-Cr-O,"Cr,Co,O",mp-1305214,mp-1283691,"mp-1305214,mp-1283691",,"['Cr', 'Co', 'O']",True,True,False,False,False,False,True,0.07865080887499
BAT_01350,Li0-4CrCo3O8,CrCo3O8,CrCo3O8,Li4CrCo3O8,Li,3.405803155833333,278.7792556099127,1233.29022536038,949.4672685371082,4200.343741590785,0.044693031399207,0.069345005833338,0.122775016874999,4,3,Co-Cr-O,"Cr,Co,O",mp-753507,mp-756706,"mp-753507,mp-758629,mp-752954,mp-759149,mp-1275494,mp-1314550,mp-849768,mp-756706",,"['Cr', 'Co', 'O']",True,True,False,False,False,False,True,0.122775016874999
BAT_01351,Li0.67-1.33CrCoO4,CrCoO4,Li2Cr3(CoO4)3,Li4Cr3(CoO4)3,Li,3.7742428583333463,97.01109022653576,413.0832860003513,366.14341446663445,1559.0766420836967,0.001642756865696,0.06205838302778,0.045809981212112,1,3,Co-Cr-O,"Cr,Co,O",mp-753037,mp-753039,"mp-753037,mp-753039",,"['Cr', 'Co', 'O']",True,True,False,False,False,False,True,0.06205838302778
BAT_01352,Li0-4Mn3CrCo2(PO4)6,Mn3CrCo2(PO4)6,Mn3CrCo2(PO4)6,Li4Mn3CrCo2(PO4)6,Li,3.775932283333337,114.99465060553298,379.0798607024182,434.2120136320695,1431.3798839877654,0.069187608847991,0.06221905388888,0.087041517777774,1,5,Co-Cr-Mn-O-P,"Mn,Cr,Co,P,O",mp-757284,mp-758445,"mp-757284,mp-758445",,"['Mn', 'Cr', 'Co', 'P', 'O']",True,True,False,False,True,False,True,0.087041517777774
BAT_01353,Li0-3Cr(CoO3)2,Cr(CoO3)2,Cr(CoO3)2,Li3Cr(CoO3)2,Li,3.68891499,280.4657226031672,1222.012282297946,1034.6142082920053,4507.899426133004,0.079583764473466,0.086266191111122,0.05831520583333,2,3,Co-Cr-O,"Cr,Co,O",mp-752462,mp-1277232,"mp-752462,mp-756072,mp-1316235,mp-1277232,mp-1279412,mp-761831",,"['Cr', 'Co', 'O']",True,True,False,False,False,False,True,0.086266191111122
BAT_01354,Li0-4CrCo5O12,CrCo5O12,CrCo5O12,Li4CrCo5O12,Li,4.019933678333328,189.26968947045697,851.6513404923642,760.8515989899807,3423.5819058429793,0.016810319064848,0.106709369444454,0.066068823661619,1,3,Co-Cr-O,"Cr,Co,O",mp-756950,mp-771079,"mp-756950,mp-771079",,"['Cr', 'Co', 'O']",True,True,False,False,False,False,True,0.106709369444454
BAT_01355,Li1-3Cr2CoO6,Cr2CoO6,LiCr2CoO6,Li3Cr2CoO6,Li,3.685072813333332,191.6137967490254,808.532513526119,706.1107930594123,2979.501184291166,0.025188150070457,0.092602951180555,0.025084511666667,2,3,Co-Cr-O,"Cr,Co,O",mp-763359,mp-753687,"mp-763359,mp-758963,mp-1272899,mp-759210,mp-753687",,"['Cr', 'Co', 'O']",True,True,False,False,False,False,True,0.092602951180555
BAT_01356,Li0-2Cr3(CoO6)2,Cr3(CoO6)2,Cr3(CoO6)2,Li2Cr3(CoO6)2,Li,4.74963052083334,111.73580821710124,335.4207521764252,530.7038049779247,1593.124641858025,0.04342294381006,0.071986044499999,0.002351124802634,1,3,Co-Cr-O,"Cr,Co,O",mp-772720,mp-772115,"mp-772720,mp-772115",,"['Cr', 'Co', 'O']",True,True,False,False,False,False,True,0.071986044499999
BAT_01357,Li0-2CrCo3O8,CrCo3O8,CrCo3O8,Li2CrCo3O8,Li,4.524467178333329,144.60988235146408,662.0720115415594,654.2826663618433,2995.5230859129106,0.011239206292987,0.103458840000004,0.01959783575397,1,3,Co-Cr-O,"Cr,Co,O",mp-754623,mp-761748,"mp-754623,mp-761748",,"['Cr', 'Co', 'O']",True,True,False,False,False,False,True,0.103458840000004
BAT_01358,Li0-2Cr(CoO3)2,Cr(CoO3)2,Cr(CoO3)2,Li2Cr(CoO3)2,Li,3.843018160833328,191.61647155239905,843.2899045588058,736.3855800906723,3240.778418066895,0.015933454249012,0.089747240000011,0.078006830164148,1,3,Co-Cr-O,"Cr,Co,O",mp-755124,mp-757009,"mp-755124,mp-757009,mp-1638651,mp-1643671",,"['Cr', 'Co', 'O']",True,True,False,False,False,False,True,0.089747240000011
BAT_01359,Li1-2CrCoO4,CrCoO4,LiCrCoO4,Li2CrCoO4,Li,3.051329638333333,141.95030983770064,607.5978053876768,433.1371875783756,1853.9811917657064,0.051883929178187,0.026803994543652,0.048755468749999,1,3,Co-Cr-O,"Cr,Co,O",mp-762011,mp-1275616,"mp-762011,mp-1312869,mp-1308550,mp-1306460,mp-1308819,mp-763114,mp-1275616,mp-757085,mp-801858",,"['Cr', 'Co', 'O']",True,True,False,False,False,False,True,0.048755468749999
BAT_01360,Li2-4Cr3CoO8,Cr3CoO8,Li2Cr3CoO8,Li4Cr3CoO8,Li,3.655575148333331,144.60683551574698,621.9941686700024,528.6211541904904,2273.746425398311,0.018648897934732,0.083283019047615,0.012257426875,1,3,Co-Cr-O,"Cr,Co,O",mp-756128,mp-768691,"mp-756128,mp-756512,mp-768691",,"['Cr', 'Co', 'O']",True,True,False,False,False,False,True,0.083283019047615
BAT_01361,Li2-4Cr3CoO8,Cr3CoO8,Li2Cr3CoO8,Li4Cr3CoO8,Li,3.56566410333333,144.60683551574698,604.1595693201857,515.6194024951263,2154.230089010311,0.012105198899943,0.080710029761902,0.021244941875,2,3,Co-Cr-O,"Cr,Co,O",mp-763336,mp-1177445,"mp-763336,mp-759061,mp-763184,mp-1177445",,"['Cr', 'Co', 'O']",True,True,False,False,False,False,True,0.080710029761902
BAT_01362,Li0-3Cr3(CoO6)2,Cr3(CoO6)2,Cr3(CoO6)2,Li3Cr3(CoO6)2,Li,3.681102613333341,165.21331185725208,528.1003604693396,608.1671540351869,1943.9916170259655,0.029870189813099,0.019391741999999,0.080635509520831,1,3,Co-Cr-O,"Cr,Co,O",mp-861261,mp-765542,"mp-861261,mp-765542",,"['Cr', 'Co', 'O']",True,True,False,False,False,False,True,0.080635509520831
BAT_01363,Li0-4Cr3Co5O16,Cr3Co5O16,Cr3Co5O16,Li4Cr3Co5O16,Li,3.870839365833337,145.9758418314647,647.420642321133,565.0490350218944,2506.061308549746,0.11874305862847,0.091417700833338,0.097662704077379,1,3,Co-Cr-O,"Cr,Co,O",mp-756555,mp-770878,"mp-756555,mp-770878",,"['Cr', 'Co', 'O']",True,True,False,False,False,False,True,0.097662704077379
BAT_01364,Li0-2CrCo3O8,CrCo3O8,CrCo3O8,Li2CrCo3O8,Li,4.157515350833333,144.60988235146408,680.5086000758079,601.2178057584142,2829.224951189273,0.0785840071179,0.065202855833338,0.039228681825398,1,3,Co-Cr-O,"Cr,Co,O",mp-861562,mp-765293,"mp-861562,mp-765293",,"['Cr', 'Co', 'O']",True,True,False,False,False,False,True,0.065202855833338
BAT_01365,Li0-7Cr3Co(PO4)6,Cr3Co(PO4)6,Cr3Co(PO4)6,Li7Cr3Co(PO4)6,Li,4.286054431904757,225.13154100484005,664.8392139940621,964.9260390853424,2849.5370596433254,0.044161743604336,0.086379052205875,0.074386135304875,2,4,Co-Cr-O-P,"Cr,Co,P,O",mp-757861,mp-780115,"mp-757861,mp-770502,mp-780115",More than one working ion per transition metal,"['Cr', 'Co', 'P', 'O']",True,True,False,False,True,False,True,0.086379052205875
BAT_01366,Li0-4Cr3Co(PO4)4,Cr3Co(PO4)4,Cr3Co(PO4)4,Li4Cr3Co(PO4)4,Li,3.051595750833333,172.19872817202062,580.6969906527496,525.4809071886423,1772.0524691976343,0.122554234101645,0.044367887083332,0.036807637142852,1,4,Co-Cr-O-P,"Cr,Co,P,O",mp-774666,mp-757602,"mp-774666,mp-757602",,"['Cr', 'Co', 'P', 'O']",True,True,False,False,True,False,True,0.044367887083332
BAT_01367,Li0-4CrCo3(PO4)4,CrCo3(PO4)4,CrCo3(PO4)4,Li4CrCo3(PO4)4,Li,3.939129250833336,168.4448808275443,598.1757145559529,663.5261572209153,2356.2914543454867,0.079232060896373,0.054973710000001,0.038992536696429,1,4,Co-Cr-O-P,"Cr,Co,P,O",mp-775991,mp-757257,"mp-775991,mp-757257",,"['Cr', 'Co', 'P', 'O']",True,True,False,False,True,False,True,0.054973710000001
BAT_01368,Li0-2CrCo(PO4)2,CrCo(PO4)2,CrCo(PO4)2,Li2CrCo(PO4)2,Li,3.569762055833334,170.30112105011048,589.2504812583072,607.9344799905639,2103.4840093774365,0.0952854448337,0.066543252083334,0.044028058392854,1,4,Co-Cr-O-P,"Cr,Co,P,O",mp-1178412,mp-757895,"mp-1178412,mp-757895",,"['Cr', 'Co', 'P', 'O']",True,True,False,False,True,False,True,0.066543252083334
BAT_01369,Li0-4Cr3Co3(TeO8)2,Cr3Co3(TeO8)2,Cr3Co3(TeO8)2,Li4Cr3Co3(TeO8)2,Li,3.9375135408333337,122.97891983231668,600.5739167951112,484.231162076804,2364.7679296520623,0.107651885756241,0.092062377552081,0.034778451339286,1,4,Co-Cr-O-Te,"Cr,Co,Te,O",mp-757983,mp-775136,"mp-757983,mp-775136",,"['Cr', 'Co', 'Te', 'O']",True,True,False,False,False,False,True,0.092062377552081
BAT_01370,Li0-4Mn3Co3(CuO8)2,Mn3Co3(CuO8)2,Mn3Co3(CuO8)2,Li4Mn3Co3(CuO8)2,Li,2.9221717658333373,142.47389560187665,653.40816679584,416.3331950960905,1909.3708965757237,0.100713511970609,0.079289232864584,0.234147022544645,1,4,Co-Cu-Mn-O,"Mn,Co,Cu,O",mp-770859,mp-771073,"mp-770859,mp-771073",,"['Mn', 'Co', 'Cu', 'O']",True,True,False,False,False,False,True,0.234147022544645
BAT_01371,Li0-4Mn3CoCu2(PO4)6,Mn3CoCu2(PO4)6,Mn3CoCu2(PO4)6,Li4Mn3CoCu2(PO4)6,Li,3.983277855833326,113.03496810827733,376.7787512794257,450.2496854005273,1500.8144565198686,0.095162451639152,0.072345104930552,0.084242123437515,1,5,Co-Cu-Mn-O-P,"Mn,Co,Cu,P,O",mp-758293,mp-1177395,"mp-758293,mp-1177395",,"['Mn', 'Co', 'Cu', 'P', 'O']",True,True,False,False,True,False,True,0.084242123437515
BAT_01372,Li1-2CoCuO4,CoCuO4,LiCoCuO4,Li2CoCuO4,Li,3.679298878333331,133.76743030104512,651.7113053194149,492.1703562641674,2397.840674658875,0.00802556181961,0.063268132315476,0.041144628749999,1,3,Co-Cu-O,"Co,Cu,O",mp-754020,mp-753366,"mp-754020,mp-753366",,"['Co', 'Cu', 'O']",True,True,False,False,False,False,True,0.063268132315476
BAT_01373,Li0-4Cr3Co3(SbO8)2,Cr3Co3(SbO8)2,Cr3Co3(SbO8)2,Li4Cr3Co3(SbO8)2,Li,4.367181173333333,124.64902420579408,626.593130735067,544.3648717859148,2736.4457238861764,0.065358437868967,0.100034289791667,0.025532389285721,1,4,Co-Cr-O-Sb,"Cr,Co,Sb,O",mp-757879,mp-758153,"mp-757879,mp-758153",,"['Cr', 'Co', 'Sb', 'O']",True,True,False,False,False,False,True,0.100034289791667
BAT_01374,Li3-5Co2Cu3O10,Co2Cu3O10,Li3Co2Cu3O10,Li5Co2Cu3O10,Li,3.581572773333332,106.52345225799806,501.098457265632,381.5214963287189,1794.7205913019238,0.009511791361766,0.070561927912037,0.061906356000002,1,3,Co-Cu-O,"Co,Cu,O",mp-752567,mp-752862,"mp-752567,mp-752862",,"['Co', 'Cu', 'O']",True,True,False,False,False,False,True,0.070561927912037
BAT_01375,Li1-4Co3CuO8,Co3CuO8,LiCo3CuO8,Li4Co3CuO8,Li,3.767762079999996,202.98781151076395,926.3022730112904,764.8097789124432,3490.086578869744,0.042755240027114,0.111754276490377,0.0658933125,2,3,Co-Cu-O,"Co,Cu,O",mp-761730,mp-753919,"mp-761730,mp-769624,mp-753919",,"['Co', 'Cu', 'O']",True,True,False,False,False,False,True,0.111754276490377
BAT_01376,Li1-3Co2CuO6,Co2CuO6,LiCo2CuO6,Li3Co2CuO6,Li,3.348008803333325,179.7359104162832,819.5855069264863,601.7574103488461,2743.9794922742826,0.058153450441813,0.062871880437502,0.089344478333329,1,3,Co-Cu-O,"Co,Cu,O",mp-766810,mp-754066,"mp-766810,mp-758532,mp-754066",,"['Co', 'Cu', 'O']",True,True,False,False,False,False,True,0.089344478333329
BAT_01377,Li0-6CoCu3(PO4)4,CoCu3(PO4)4,CoCu3(PO4)4,Li6CoCu3(PO4)4,Li,3.724562991666667,239.61891455728232,803.7750264213131,892.4757412633911,2993.710717034721,0.149476940509633,0.03346286802084,0.076256840166669,2,4,Co-Cu-O-P,"Co,Cu,P,O",mp-775137,mp-775260,"mp-775137,mp-757489,mp-775260",More than one working ion per transition metal,"['Co', 'Cu', 'P', 'O']",True,True,False,False,True,False,True,0.076256840166669
BAT_01378,Li0-2.5CoCu(PO4)2,CoCu(PO4)2,CoCu(PO4)2,Li5Co2Cu2(PO4)4,Li,3.999562447333328,203.18041364939745,721.6828425214032,812.632752465782,2886.4155958333763,0.060604225779984,0.058483246875005,0.066800448793103,2,4,Co-Cu-O-P,"Co,Cu,P,O",mp-761614,mp-764926,"mp-761614,mp-756337,mp-764926",More than one working ion per transition metal,"['Co', 'Cu', 'P', 'O']",True,True,False,False,True,False,True,0.066800448793103
BAT_01379,Li0-1CoF3,CoF3,CoF3,LiCoF3,Li,4.648034383333333,218.12982029672744,778.0103241283649,1013.8749047695102,3616.2187371369514,0.12284432034643,0.084303296874999,0.088006855999997,1,2,Co-F,"Co,F",mp-1178425,mp-759500,"mp-1178425,mp-860537,mp-759500,mp-764370",,"['Co', 'F']",True,False,False,True,False,False,True,0.088006855999997
BAT_01381,Li0-4Co3Cu3(TeO8)2,Co3Cu3(TeO8)2,Co3Cu3(TeO8)2,Li4Co3Cu3(TeO8)2,Li,4.144303423333331,118.2776617132769,625.8517647616611,490.1785183421951,2593.7196112009588,0.058673257678375,0.056000539453124,0.02541568797194,1,4,Co-Cu-O-Te,"Co,Cu,Te,O",mp-757881,mp-765052,"mp-757881,mp-765052",,"['Co', 'Cu', 'Te', 'O']",True,True,False,False,False,False,True,0.056000539453124
BAT_01383,Li0-1K2CoF6,K2CoF6,K2CoF6,K2LiCoF6,Li,5.18577194333334,103.85706828687738,341.0772113602943,538.5790708389435,1768.74863318259,0.121213361768858,0.0,0.0,1,3,Co-F-K,"K,Co,F",mp-1206883,mp-1111150,"mp-1206883,mp-1111150",,"['K', 'Co', 'F']",True,False,False,True,False,False,True,0.0
BAT_01385,Li1-2CoPO4F,CoPO4F,LiCoPO4F,Li2CoPO4F,Li,4.51474495083333,143.48843245551572,477.4505445767812,647.8136759315289,2155.5674354006464,0.009501574648329,0.06911564109375,0.035994524583333,1,4,Co-F-O-P,"Co,P,O,F",mp-776411,mp-770853,"mp-776411,mp-770853",More than one working ion per transition metal,"['Co', 'P', 'O', 'F']",True,True,False,True,True,False,True,0.06911564109375
BAT_01386,Li1-2CoPO4F,CoPO4F,LiCoPO4F,Li2CoPO4F,Li,4.519475752083328,143.48843245551572,470.6146483517161,648.4924911871498,2126.931491800803,0.01641350057807,0.0853621765625,0.049910244861111,2,4,Co-F-O-P,"Co,P,O,F",mp-758908,mp-770624,"mp-758908,mp-759682,mp-770624",More than one working ion per transition metal,"['Co', 'P', 'O', 'F']",True,True,False,True,True,False,True,0.0853621765625
BAT_01387,Li0-1Rb2CoF6,Rb2CoF6,Rb2CoF6,Rb2LiCoF6,Li,4.849443663333337,76.40098284000389,318.4086631760562,370.50226210589585,1544.1048739895646,0.188678596550446,0.0,0.0,1,3,Co-F-Rb,"Rb,Co,F",mp-560878,mp-1113736,"mp-560878,mp-1113736",,"['Rb', 'Co', 'F']",True,False,False,True,False,False,True,0.0
BAT_01388,Li0-2CoPO4F,CoPO4F,CoPO4F,Li2CoPO4F,Li,4.558548453333331,286.97686491103144,940.698673741835,1308.1979436826307,4288.220484238558,0.068919557482607,0.099296103877551,0.053209096666667,2,4,Co-F-O-P,"Co,P,O,F",mp-25444,mp-25390,"mp-25444,mp-25465,mp-25390",More than one working ion per transition metal,"['Co', 'P', 'O', 'F']",True,True,False,True,True,False,True,0.099296103877551
BAT_01389,Li0-4Mn3Fe3(CoO8)2,Mn3Fe3(CoO8)2,Mn3Fe3(CoO8)2,Li4Mn3Fe3(CoO8)2,Li,3.8712825158333337,146.06310276467465,635.9048895593686,565.4515359412524,2461.7674806841105,0.076465985705717,0.132033021041666,0.136222672549991,1,4,Co-Fe-Mn-O,"Mn,Fe,Co,O",mp-768595,mp-754076,"mp-768595,mp-754076",,"['Mn', 'Fe', 'Co', 'O']",True,True,False,False,False,False,True,0.136222672549991
BAT_01390,Li0-4Mn3Fe2Co3O16,Mn3Fe2Co3O16,Mn3Fe2Co3O16,Li4Mn3Fe2Co3O16,Li,4.155083928333338,145.4511139249854,655.6904427257834,604.3615858278882,2724.4488205316734,0.060707091883875,0.094587885104165,0.071129844107144,1,4,Co-Fe-Mn-O,"Mn,Fe,Co,O",mp-1176503,mp-774451,"mp-1176503,mp-774451",,"['Mn', 'Fe', 'Co', 'O']",True,True,False,False,False,False,True,0.094587885104165
BAT_01391,Li0-1Mn2Fe3Co3O16,Mn2Fe3Co3O16,Mn2Fe3Co3O16,Li10Mn2Fe3Co3O16,Li,3.197116280333333,343.7801489077601,1454.0130685218558,1099.1051109284176,4648.6488531886525,0.201872325835294,0.118859494687499,0.085950025955886,2,4,Co-Fe-Mn-O,"Mn,Fe,Co,O",mp-772328,mp-777350,"mp-772328,mp-761441,mp-777350",More than one working ion per transition metal,"['Mn', 'Fe', 'Co', 'O']",True,True,False,False,False,False,True,0.118859494687499
BAT_01392,Li0-3MnFeCo(PO4)3,MnFeCo(PO4)3,MnFeCo(PO4)3,Li3MnFeCo(PO4)3,Li,3.858969595833338,169.11111783050535,585.9455721741464,652.5946620253092,2261.1461478331994,0.051228580949763,0.023872250277777,0.013090080952379,1,5,Co-Fe-Mn-O-P,"Mn,Fe,Co,P,O",mp-1176492,mp-1177594,"mp-1176492,mp-1177594",,"['Mn', 'Fe', 'Co', 'P', 'O']",True,True,False,False,True,False,True,0.023872250277777
BAT_01393,Li0-3MnFeCo(PO4)3,MnFeCo(PO4)3,MnFeCo(PO4)3,Li3MnFeCo(PO4)3,Li,2.044967240833334,169.11111783050535,588.0843903058753,345.8266960240894,1202.6133130209596,0.049844611833061,0.025377458333333,0.273523452857142,1,5,Co-Fe-Mn-O-P,"Mn,Fe,Co,P,O",mp-1176526,mp-1177607,"mp-1176526,mp-1177607",,"['Mn', 'Fe', 'Co', 'P', 'O']",True,True,False,False,True,False,True,0.273523452857142
BAT_01394,Li0-3MnFeCo(PO4)3,MnFeCo(PO4)3,MnFeCo(PO4)3,Li3MnFeCo(PO4)3,Li,3.775161862500003,169.11111783050535,586.3289376248296,638.4218425584681,2213.4866442014,0.057728435766151,0.027758463194444,0.028393653928571,1,5,Co-Fe-Mn-O-P,"Mn,Fe,Co,P,O",mp-764410,mp-759846,"mp-764410,mp-759846",,"['Mn', 'Fe', 'Co', 'P', 'O']",True,True,False,False,True,False,True,0.028393653928571
BAT_01395,Li0-3MnFeCo(PO4)3,MnFeCo(PO4)3,MnFeCo(PO4)3,Li3MnFeCo(PO4)3,Li,3.8804091325,169.11111783050535,587.0251055913734,656.2203260367767,2277.8975807435427,0.064789399824066,0.027736104305556,0.013339164880952,1,5,Co-Fe-Mn-O-P,"Mn,Fe,Co,P,O",mp-759677,mp-764931,"mp-759677,mp-764931",,"['Mn', 'Fe', 'Co', 'P', 'O']",True,True,False,False,True,False,True,0.027736104305556
BAT_01397,Li0-3MnFeCo(PO4)3,MnFeCo(PO4)3,MnFeCo(PO4)3,Li3MnFeCo(PO4)3,Li,3.8634253666666662,169.11111783050535,586.4646817279852,653.3481824117299,2265.7625280419907,0.052808536024548,0.024634626249999,0.013107007380951,1,5,Co-Fe-Mn-O-P,"Mn,Fe,Co,P,O",mp-759618,mp-1177593,"mp-759618,mp-1177593",,"['Mn', 'Fe', 'Co', 'P', 'O']",True,True,False,False,True,False,True,0.024634626249999
BAT_01398,Li0-3MnFeCo(PO4)3,MnFeCo(PO4)3,MnFeCo(PO4)3,Li3MnFeCo(PO4)3,Li,3.915466160000008,169.11111783050535,586.3112315883344,662.1488591451177,2295.681786512051,0.056793693980442,0.034332731250001,0.013985269761904,1,5,Co-Fe-Mn-O-P,"Mn,Fe,Co,P,O",mp-760077,mp-1177597,"mp-760077,mp-1177597",,"['Mn', 'Fe', 'Co', 'P', 'O']",True,True,False,False,True,False,True,0.034332731250001
BAT_01399,Li0-3MnFeCo(PO4)3,MnFeCo(PO4)3,MnFeCo(PO4)3,Li3MnFeCo(PO4)3,Li,3.891001174166675,169.11111783050535,586.6525242594015,658.0115580431353,2282.6656607211753,0.059597335868593,0.031003078194444,0.01462627940476,1,5,Co-Fe-Mn-O-P,"Mn,Fe,Co,P,O",mp-1176456,mp-1177623,"mp-1176456,mp-1177623",,"['Mn', 'Fe', 'Co', 'P', 'O']",True,True,False,False,True,False,True,0.031003078194444
BAT_01400,Li0-3MnFeCo(PO4)3,MnFeCo(PO4)3,MnFeCo(PO4)3,Li3MnFeCo(PO4)3,Li,3.882162339166668,169.11111783050535,588.3398506908293,656.5168127759648,2284.0308109828784,0.054070075314438,0.027931892361111,0.013256525119047,1,5,Co-Fe-Mn-O-P,"Mn,Fe,Co,P,O",mp-1176487,mp-761258,"mp-1176487,mp-761258",,"['Mn', 'Fe', 'Co', 'P', 'O']",True,True,False,False,True,False,True,0.027931892361111
BAT_01401,Li0-3MnFeCo(PO4)3,MnFeCo(PO4)3,MnFeCo(PO4)3,Li3MnFeCo(PO4)3,Li,3.88765814666667,169.11111783050535,585.8723320743396,657.4462149256714,2277.6713446954072,0.060449070761345,0.028817796944444,0.013230756547617,1,5,Co-Fe-Mn-O-P,"Mn,Fe,Co,P,O",mp-761176,mp-764708,"mp-761176,mp-764708",,"['Mn', 'Fe', 'Co', 'P', 'O']",True,True,False,False,True,False,True,0.028817796944444
BAT_01402,Li0-3MnFeCo(PO4)3,MnFeCo(PO4)3,MnFeCo(PO4)3,Li3MnFeCo(PO4)3,Li,3.860079399166669,169.11111783050535,587.4453994339193,652.7823421075809,2267.585884490107,0.048026451753632,0.038927892777778,0.025836374047618,1,5,Co-Fe-Mn-O-P,"Mn,Fe,Co,P,O",mp-764383,mp-1177589,"mp-764383,mp-1177589",,"['Mn', 'Fe', 'Co', 'P', 'O']",True,True,False,False,True,False,True,0.038927892777778
BAT_01404,Li0-3MnFeCo(PO4)3,MnFeCo(PO4)3,MnFeCo(PO4)3,Li3MnFeCo(PO4)3,Li,3.833413901666674,169.11111783050535,586.4536840810745,648.2729100178501,2248.119705240026,0.058532267209439,0.043570116944445,0.033624780119047,1,5,Co-Fe-Mn-O-P,"Mn,Fe,Co,P,O",mp-764415,mp-764707,"mp-764415,mp-764707",,"['Mn', 'Fe', 'Co', 'P', 'O']",True,True,False,False,True,False,True,0.043570116944445
BAT_01405,Li0-3MnFeCo(PO4)3,MnFeCo(PO4)3,MnFeCo(PO4)3,Li3MnFeCo(PO4)3,Li,3.821406282500006,169.11111783050535,586.9371259687864,646.242288118092,2242.925220609618,0.053491466666149,0.038600422916666,0.031080416547617,1,5,Co-Fe-Mn-O-P,"Mn,Fe,Co,P,O",mp-1176474,mp-764869,"mp-1176474,mp-764869",,"['Mn', 'Fe', 'Co', 'P', 'O']",True,True,False,False,True,False,True,0.038600422916666
BAT_01406,Li0-3MnFeCo(PO4)3,MnFeCo(PO4)3,MnFeCo(PO4)3,Li3MnFeCo(PO4)3,Li,3.893744978333334,169.11111783050535,586.4658149308644,658.475565832867,2283.5483218512204,0.059065228282177,0.029286186527778,0.01276268595238,1,5,Co-Fe-Mn-O-P,"Mn,Fe,Co,P,O",mp-1176466,mp-1177625,"mp-1176466,mp-1177625",,"['Mn', 'Fe', 'Co', 'P', 'O']",True,True,False,False,True,False,True,0.029286186527778
BAT_01408,Li0-3MnFeCo(PO4)3,MnFeCo(PO4)3,MnFeCo(PO4)3,Li3MnFeCo(PO4)3,Li,3.771642185000004,169.11111783050535,589.7224145641958,637.8266259620405,2224.221936210382,0.052287713902283,0.029704107222222,0.030564159880951,1,5,Co-Fe-Mn-O-P,"Mn,Fe,Co,P,O",mp-1176500,mp-764969,"mp-1176500,mp-764969",,"['Mn', 'Fe', 'Co', 'P', 'O']",True,True,False,False,True,False,True,0.030564159880951
BAT_01409,Li4-1Fe2Co3Ni3O16,Fe2Co3Ni3O16,Li4Fe2Co3Ni3O16,Li10Fe2Co3Ni3O16,Li,2.740996586666668,203.56323558234465,926.6768006679577,557.9661339020295,2540.01794757406,0.069454786126647,0.04269139721388,0.113852258161766,1,4,Co-Fe-Ni-O,"Fe,Co,Ni,O",mp-774891,mp-779007,"mp-774891,mp-779007",More than one working ion per transition metal,"['Fe', 'Co', 'Ni', 'O']",True,True,False,False,False,False,True,0.113852258161766
BAT_01410,Li4-1Fe3Co3(NiO8)2,Fe3Co3(NiO8)2,Li4Fe3Co3(NiO8)2,Li10Fe3Co3(NiO8)2,Li,2.703796169999998,204.2998808274419,917.6631742096304,552.3852353126937,2481.1741757780396,0.054994875039153,0.056713332405641,0.127844673676469,1,4,Co-Fe-Ni-O,"Fe,Co,Ni,O",mp-760302,mp-774318,"mp-760302,mp-774318",More than one working ion per transition metal,"['Fe', 'Co', 'Ni', 'O']",True,True,False,False,False,False,True,0.127844673676469
BAT_01411,Li4-1Fe3Co2Ni3O16,Fe3Co2Ni3O16,Li4Fe3Co2Ni3O16,Li10Fe3Co2Ni3O16,Li,3.987319799999999,204.3621393243266,913.5243397146056,814.8572044982458,3642.513687525972,0.072444798735776,0.285136536717732,0.093579116029416,1,4,Co-Fe-Ni-O,"Fe,Co,Ni,O",mp-753758,mp-778201,"mp-753758,mp-778201",More than one working ion per transition metal,"['Fe', 'Co', 'Ni', 'O']",True,True,False,False,False,False,True,0.285136536717732
BAT_01412,Li0-8Fe3Co5O16,Fe3Co5O16,Fe3Co5O16,Li8Fe3Co5O16,Li,3.9647908358333313,277.1183662848189,1279.4096629446033,1098.7163590871544,5072.591706919374,0.04022048339377,0.110116091979164,0.008975651953123,2,3,Co-Fe-O,"Fe,Co,O",mp-756418,mp-765504,"mp-756418,mp-752817,mp-753106,mp-759074,mp-765504",,"['Fe', 'Co', 'O']",True,True,False,False,False,False,True,0.110116091979164
BAT_01413,Li2-4Fe3CoO8,Fe3CoO8,Li2Fe3CoO8,Li4Fe3CoO8,Li,3.8163664533333272,140.2384104120213,607.2122769257066,535.2011649652293,2317.3445637114137,0.013699396045789,0.070032710785306,0.01168998703125,1,3,Co-Fe-O,"Fe,Co,O",mp-759180,mp-752777,"mp-759180,mp-763428,mp-752777",,"['Fe', 'Co', 'O']",True,True,False,False,False,False,True,0.070032710785306
BAT_01415,Li0-4FeCo3O8,FeCo3O8,FeCo3O8,Li4FeCo3O8,Li,3.54914584083333,276.0166834662942,1274.3897673611837,979.6234641250078,4522.9951424305,0.051619159845729,0.144439473541666,0.146545764843749,3,3,Co-Fe-O,"Fe,Co,O",mp-753474,mp-765603,"mp-753474,mp-752999,mp-763922,mp-752570,mp-753893,mp-765603",,"['Fe', 'Co', 'O']",True,True,False,False,False,False,True,0.146545764843749
BAT_01416,Li0-2FeCoO4,FeCoO4,FeCoO4,Li2FeCoO4,Li,3.800156808333334,278.2288787781869,1207.6409555973569,1057.313367963877,4589.22499943547,0.054460321213725,0.153134487083334,0.074481627187498,2,3,Co-Fe-O,"Fe,Co,O",mp-755732,mp-753409,"mp-755732,mp-881189,mp-753409",,"['Fe', 'Co', 'O']",True,True,False,False,False,False,True,0.153134487083334
BAT_01417,Li0-2FeCo3O8,FeCo3O8,FeCo3O8,Li2FeCo3O8,Li,4.19884804083333,143.12374990610436,652.8964797060985,600.9548768899658,2741.41310468093,0.12183815617908,0.082114222708332,0.039717073833198,1,3,Co-Fe-O,"Fe,Co,O",mp-761579,mp-761763,"mp-761579,mp-761763,mp-757856",,"['Fe', 'Co', 'O']",True,True,False,False,False,False,True,0.082114222708332
BAT_01418,Li0-5Fe2Co3O10,Fe2Co3O10,Fe2Co3O10,Li5Fe2Co3O10,Li,3.963004908333332,277.339759023528,1306.9442729326545,1099.0988262862252,5179.426568550249,0.034219426667178,0.126344409000002,0.020010106000006,2,3,Co-Fe-O,"Fe,Co,O",mp-778217,mp-769566,"mp-778217,mp-759569,mp-759196,mp-769566",,"['Fe', 'Co', 'O']",True,True,False,False,False,False,True,0.126344409000002
BAT_01419,Li0-2Fe(CoO3)2,Fe(CoO3)2,Fe(CoO3)2,Li2Fe(CoO3)2,Li,4.004752400833337,189.0158397124515,820.5027956916716,756.9616378839694,3285.910540936687,0.045780766532849,0.105352321388888,0.05447390994318,1,3,Co-Fe-O,"Fe,Co,O",mp-753096,mp-1640067,"mp-753096,mp-1640067,mp-1646935,mp-1980018,mp-757742,mp-1571236,mp-1639830,mp-1643412,mp-1980704",,"['Fe', 'Co', 'O']",True,True,False,False,False,False,True,0.105352321388888
BAT_01420,Li2-4Fe3CoO8,Fe3CoO8,Li2Fe3CoO8,Li4Fe3CoO8,Li,3.768779103333327,140.2384104120213,608.1675519899948,528.5275906455088,2292.0491612652772,0.016413148824217,0.068536630071021,0.01632933515625,2,3,Co-Fe-O,"Fe,Co,O",mp-757499,mp-756405,"mp-757499,mp-753590,mp-756405,mp-1296443",,"['Fe', 'Co', 'O']",True,True,False,False,False,False,True,0.068536630071021
BAT_01421,Li0-1FeCo9O20,FeCo9O20,FeCo9O20,Li10FeCo9O20,Li,3.698806772333335,274.706171686593,1276.18317650392,1016.085048236134,4720.354975990566,0.04824446064908,0.044408215416667,0.043606681937493,4,3,Co-Fe-O,"Fe,Co,O",mp-771048,mp-764262,"mp-771048,mp-759051,mp-759547,mp-759050,mp-764865,mp-764262,mp-761094",,"['Fe', 'Co', 'O']",True,True,False,False,False,False,True,0.044408215416667
BAT_01422,Li0.5-2FeCoO4,FeCoO4,LiFe2(CoO4)2,Li2FeCoO4,Li,3.290969179999999,208.6716590836402,963.1206470954,686.7319987837268,3169.6003662126177,0.049477218016093,0.114916874519222,0.129061154062498,3,3,Co-Fe-O,"Fe,Co,O",mp-1176746,mp-1177967,"mp-1176746,mp-850214,mp-761710,mp-1177761,mp-755944,mp-1177967",,"['Fe', 'Co', 'O']",True,True,False,False,False,False,True,0.129061154062498
BAT_01423,Li0-3Fe(CoO3)2,Fe(CoO3)2,Fe(CoO3)2,Li3Fe(CoO3)2,Li,3.882968336666668,276.7501628178262,1335.8227951456247,1074.6121193889644,5186.957616948027,0.054110870276652,0.111699774722222,0.033257814791666,2,3,Co-Fe-O,"Fe,Co,O",mp-761530,mp-761602,"mp-761530,mp-763429,mp-761602",,"['Fe', 'Co', 'O']",True,True,False,False,False,False,True,0.111699774722222
BAT_01424,Li2-3Fe2CoO6,Fe2CoO6,Li2Fe2CoO6,Li3Fe2CoO6,Li,3.970202473333334,93.24116053629383,410.00364971166186,370.18628617766433,1627.797504160934,0.014469311363784,0.07029492590909,0.012285007083331,1,3,Co-Fe-O,"Fe,Co,O",mp-759337,mp-761592,"mp-759337,mp-761592",,"['Fe', 'Co', 'O']",True,True,False,False,False,False,True,0.07029492590909
BAT_01425,Li0-4FeCo5O12,FeCo5O12,FeCo5O12,Li4FeCo5O12,Li,3.788066720833328,187.9922543079969,848.2347718257155,712.127202318559,3213.169910606645,0.005294060432553,0.06873653625,0.073710526278405,1,3,Co-Fe-O,"Fe,Co,O",mp-756471,mp-756543,"mp-756471,mp-756543",,"['Fe', 'Co', 'O']",True,True,False,False,False,False,True,0.073710526278405
BAT_01426,Li0-2FeCo3O8,FeCo3O8,FeCo3O8,Li2FeCo3O8,Li,4.639780237083333,143.12374990610436,651.7795057415353,664.0627462716006,3024.113669675519,0.026862451111539,0.112748779583332,0.002984951690341,1,3,Co-Fe-O,"Fe,Co,O",mp-1178259,mp-761944,"mp-1178259,mp-776400,mp-761944,mp-758079,mp-1177976",,"['Fe', 'Co', 'O']",True,True,False,False,False,False,True,0.112748779583332
BAT_01427,Li0-2FeCo3O8,FeCo3O8,FeCo3O8,Li2FeCo3O8,Li,4.027106103333335,143.12374990610436,672.3294036825238,576.3745267788267,2707.5418450203533,0.008487399029176,0.119395476041667,0.096206996333198,1,3,Co-Fe-O,"Fe,Co,O",mp-771245,mp-775721,"mp-771245,mp-775721",,"['Fe', 'Co', 'O']",True,True,False,False,False,False,True,0.119395476041667
BAT_01428,Li0-4Fe3Co5O16,Fe3Co5O16,Fe3Co5O16,Li4Fe3Co5O16,Li,3.922357025833325,143.71627067028717,676.0453990897772,563.7065239901648,2651.6914209020824,0.083121862250041,0.155361771979165,0.13295864923194,1,3,Co-Fe-O,"Fe,Co,O",mp-771370,mp-781613,"mp-771370,mp-781613",,"['Fe', 'Co', 'O']",True,True,False,False,False,False,True,0.155361771979165
BAT_01429,Li0-1Fe5Co3O16,Fe5Co3O16,Fe5Co3O16,Li10Fe5Co3O16,Li,3.3443902703333332,342.9821372471715,1457.6686720283128,1147.0661227075725,4875.0129241012,0.209068342733152,0.153797616770833,0.084291568382355,2,3,Co-Fe-O,"Fe,Co,O",mp-771307,mp-763869,"mp-771307,mp-772179,mp-763869,mp-759769",More than one working ion per transition metal,"['Fe', 'Co', 'O']",True,True,False,False,False,False,True,0.153797616770833
BAT_01430,Li0-1Fe3Co7O20,Fe3Co7O20,Fe3Co7O20,Li10Fe3Co7O20,Li,3.937661372333336,276.45630378310517,1299.10161136316,1088.5913085447835,5115.42223380071,0.021699592618677,0.100773623916666,0.013500963562498,3,3,Co-Fe-O,"Fe,Co,O",mp-775826,mp-760848,"mp-775826,mp-757626,mp-759773,mp-759810,mp-764985,mp-760848",,"['Fe', 'Co', 'O']",True,True,False,False,False,False,True,0.100773623916666
BAT_01431,Li4-1Fe9CoO20,Fe9CoO20,Li4Fe9CoO20,Li10Fe9CoO20,Li,4.19254645333333,169.10586400824016,712.9013351462637,708.9841903856158,2988.8719642440637,0.022272640574874,0.134255499338234,0.005083631937498,3,3,Co-Fe-O,"Fe,Co,O",mp-765027,mp-770651,"mp-765027,mp-765392,mp-759442,mp-770651",,"['Fe', 'Co', 'O']",True,True,False,False,False,False,True,0.134255499338234
BAT_01432,Li3-5Fe5(CoO6)2,Fe5(CoO6)2,Li3Fe5(CoO6)2,Li5Fe5(CoO6)2,Li,3.357821203333335,85.93121386205456,393.1208527142266,288.5416519341782,1320.0295347163112,0.03447673373758,0.129531313977277,0.054340306354164,2,3,Co-Fe-O,"Fe,Co,O",mp-756115,mp-850359,"mp-756115,mp-775227,mp-850359",,"['Fe', 'Co', 'O']",True,True,False,False,False,False,True,0.129531313977277
BAT_01433,Li0-4Fe3Co(PO4)4,Fe3Co(PO4)4,Fe3Co(PO4)4,Li4Fe3Co(PO4)4,Li,3.7308980308333273,169.06314745362724,595.7616052249484,630.7573639212223,2222.7257997798624,0.050200221053806,0.036707793749999,0.010956821964286,1,4,Co-Fe-O-P,"Fe,Co,P,O",mp-774667,mp-758853,"mp-774667,mp-758853",,"['Fe', 'Co', 'P', 'O']",True,True,False,False,True,False,True,0.036707793749999
BAT_01434,Li0-4FeCo3(PO4)4,FeCo3(PO4)4,FeCo3(PO4)4,Li4FeCo3(PO4)4,Li,4.122311360833334,167.43233429672702,602.2095611816025,690.2082138422425,2482.4953156613765,0.052667545043658,0.044723567916666,0.028427630892856,1,4,Co-Fe-O-P,"Fe,Co,P,O",mp-771952,mp-863409,"mp-771952,mp-863409",,"['Fe', 'Co', 'P', 'O']",True,True,False,False,True,False,True,0.044723567916666
BAT_01437,Li0-4Fe2Co3Sb3O16,Fe2Co3Sb3O16,Fe2Co3Sb3O16,Li4Fe2Co3Sb3O16,Li,3.776648810833333,114.3500606882666,576.0661863178644,431.8600207170616,2175.5996775186563,0.112963150151379,0.117530758020842,0.07809851630951,1,4,Co-Fe-O-Sb,"Fe,Co,Sb,O",mp-1178389,mp-759403,"mp-1178389,mp-759403",,"['Fe', 'Co', 'Sb', 'O']",True,True,False,False,False,False,True,0.117530758020842
BAT_01438,Li0-4Fe3Co3(SbO8)2,Fe3Co3(SbO8)2,Fe3Co3(SbO8)2,Li4Fe3Co3(SbO8)2,Li,4.521835540833334,122.99772768112936,618.8890866072869,556.1754964702707,2798.5146676547092,0.040836075081165,0.134869770104164,0.025261809107154,1,4,Co-Fe-O-Sb,"Fe,Co,Sb,O",mp-757039,mp-758042,"mp-757039,mp-758042",,"['Fe', 'Co', 'Sb', 'O']",True,True,False,False,False,False,True,0.134869770104164
BAT_01439,Li4-1Ti2Fe3Co3O16,Ti2Fe3Co3O16,Li4Ti2Fe3Co3O16,Li10Ti2Fe3Co3O16,Li,2.505873736666666,210.07890590391895,868.056311361219,526.4312129322985,2175.239512587821,0.078646915206866,0.072333371908376,0.096218039963234,1,4,Co-Fe-O-Ti,"Ti,Fe,Co,O",mp-759038,mp-778830,"mp-759038,mp-778830",More than one working ion per transition metal,"['Ti', 'Fe', 'Co', 'O']",True,True,False,False,False,False,True,0.096218039963234
BAT_01440,Li0-4Fe3Co3(TeO8)2,Fe3Co3(TeO8)2,Fe3Co3(TeO8)2,Li4Fe3Co3(TeO8)2,Li,4.10154535833333,121.37129116520744,588.5797451461302,497.8098559135797,2414.0865217131245,0.072332084409012,0.112949589947919,0.019231506249993,1,4,Co-Fe-O-Te,"Fe,Co,Te,O",mp-761932,mp-1177425,"mp-761932,mp-758114,mp-1177425,mp-849468",,"['Fe', 'Co', 'Te', 'O']",True,True,False,False,False,False,True,0.112949589947919
BAT_01441,Li1-2CoGeO4,CoGeO4,LiCoGeO4,Li2CoGeO4,Li,3.840042648333328,127.95952971343203,490.0161556978901,491.3700513602547,1881.682936252242,0.014938665399243,0.065395297202374,0.0,1,3,Co-Ge-O,"Co,Ge,O",mp-763507,mp-756582,"mp-763507,mp-753224,mp-756582",More than one working ion per transition metal,"['Co', 'Ge', 'O']",True,True,False,False,False,False,True,0.065395297202374
BAT_01442,Li1-2CoGeO4,CoGeO4,LiCoGeO4,Li2CoGeO4,Li,3.8504769558333343,127.95952971343203,494.51699978274326,492.7052204408408,1904.1263119312907,0.012020219203088,0.070328720059517,0.003012456562497,1,3,Co-Ge-O,"Co,Ge,O",mp-756207,mp-755695,"mp-756207,mp-756236,mp-755695",More than one working ion per transition metal,"['Co', 'Ge', 'O']",True,True,False,False,False,False,True,0.070328720059517
BAT_01443,Li0-2CoPHO5,CoPHO5,CoPHO5,Li2CoPHO5,Li,4.050468950833328,290.0688992490254,918.6744144754985,1174.915070010578,3721.0621917579942,0.173597298999444,0.071869448828125,0.061427398000001,2,4,Co-H-O-P,"Co,P,H,O",mp-755227,mp-1565574,"mp-755227,mp-754793,mp-1565574,mp-943466",More than one working ion per transition metal,"['Co', 'P', 'H', 'O']",True,True,False,False,True,False,True,0.071869448828125
BAT_01444,Li0-2CoH8(SO6)2,CoH8(SO6)2,CoH8(SO6)2,Li2CoH8(SO6)2,Li,4.4375595833333294,159.05852022869328,382.6028870262648,705.8316607516562,1697.8231079344005,0.146555087047829,0.075934126340585,0.0741362297,2,4,Co-H-O-S,"Co,H,S,O",mp-1178433,mp-770611,"mp-1178433,mp-780159,mp-770611",More than one working ion per transition metal,"['Co', 'H', 'S', 'O']",True,True,True,False,False,False,True,0.075934126340585
BAT_01447,Li2-3K2CoO4,K2CoO4,K2Li2CoO4,K2Li3CoO4,Li,2.559162840833335,120.75437462214876,351.52257397556485,309.030108401071,899.6035090323527,0.029163260974814,0.019667674537035,0.0,1,3,Co-K-O,"K,Co,O",mp-761245,mp-757868,"mp-761245,mp-757055,mp-757868",More than one working ion per transition metal,"['K', 'Co', 'O']",True,True,False,False,False,False,True,0.019667674537035
BAT_01449,Li2-4MgCo3O8,MgCo3O8,Li2MgCo3O8,Li4MgCo3O8,Li,3.365441028333333,150.2056654214094,664.9566600089989,505.5083090973207,2237.8724256577843,0.03568337738755,0.014846473189938,0.029200252812499,1,3,Co-Mg-O,"Mg,Co,O",mp-1177928,mp-754576,"mp-1177928,mp-1177929,mp-1277613,mp-754576",More than one working ion per transition metal,"['Mg', 'Co', 'O']",True,True,False,False,False,False,True,0.029200252812499
BAT_01450,Li2-14MgCo13O28,MgCo13O28,Li2MgCo13O28,Li14MgCo13O28,Li,3.73865790916667,240.8050931328805,1157.159594134468,900.2878660088604,4326.223868778924,0.057859109581875,0.02804946789773,0.007876497589285,1,3,Co-Mg-O,"Mg,Co,O",mp-760219,mp-769537,"mp-760219,mp-769527,mp-777406,mp-769537",More than one working ion per transition metal,"['Mg', 'Co', 'O']",True,True,False,False,False,False,True,0.02804946789773
BAT_01453,Li3-4Mn3CoO8,Mn3CoO8,Li3Mn3CoO8,Li4Mn3CoO8,Li,3.253045693333338,70.62192354203731,296.76141530654786,229.7363442333408,965.3784440104718,0.017062955239701,0.074422081484842,0.029935628281243,1,3,Co-Mn-O,"Mn,Co,O",mp-1299461,mp-1297796,"mp-1299461,mp-1297796",,"['Mn', 'Co', 'O']",True,True,False,False,False,False,True,0.074422081484842
BAT_01454,Li4-1Mn3Co2Ni3O16,Mn3Co2Ni3O16,Li4Mn3Co2Ni3O16,Li10Mn3Co2Ni3O16,Li,2.837011994999997,205.07123057417996,888.9801371021555,581.7895409683588,2522.0473122755575,0.113821056598629,0.086652513535709,0.093707226764705,1,4,Co-Mn-Ni-O,"Mn,Co,Ni,O",mp-867541,mp-778315,"mp-867541,mp-778315",More than one working ion per transition metal,"['Mn', 'Co', 'Ni', 'O']",True,True,False,False,False,False,True,0.093707226764705
BAT_01455,Li0-4Mn3Nb2Co3O16,Mn3Nb2Co3O16,Mn3Nb2Co3O16,Li4Mn3Nb2Co3O16,Li,3.790248475833334,132.1603198801426,600.4727664173815,500.9204509913564,2275.940987692906,0.105328702740705,0.066367514895826,0.045727687792213,1,4,Co-Mn-Nb-O,"Mn,Nb,Co,O",mp-850531,mp-763519,"mp-850531,mp-763519",,"['Mn', 'Nb', 'Co', 'O']",True,True,False,False,False,False,True,0.066367514895826
BAT_01456,Li0-3Mn2CoO6,Mn2CoO6,Mn2CoO6,Li3Mn2CoO6,Li,3.279952326666668,281.4998900971437,1197.707838829206,923.3062194805378,3928.4246126347616,0.064972364249087,0.021454486111111,0.047064525208323,2,3,Co-Mn-O,"Mn,Co,O",mp-761501,mp-752794,"mp-761501,mp-1176665,mp-752794,mp-1173956",,"['Mn', 'Co', 'O']",True,True,False,False,False,False,True,0.047064525208323
BAT_01457,Li0-2MnCoO4,MnCoO4,MnCoO4,Li2MnCoO4,Li,3.416357878333333,279.544862962414,1186.8393617864208,955.0252949292552,4054.668003955144,0.128945492921404,0.056536829583333,0.0620070115625,3,3,Co-Mn-O,"Mn,Co,O",mp-753606,mp-765552,"mp-753606,mp-778584,mp-1176681,mp-753984,mp-1176646,mp-1176657,mp-779153,mp-778583,mp-765552",,"['Mn', 'Co', 'O']",True,True,False,False,False,False,True,0.0620070115625
BAT_01458,Li2-3MnCo3O8,MnCo3O8,Li2MnCo3O8,Li3MnCo3O8,Li,3.193511393333342,70.42719893520983,313.09557022881546,224.91006220014648,999.874270727922,0.015791933481577,0.089547827321428,0.098320912428562,1,3,Co-Mn-O,"Mn,Co,O",mp-1306729,mp-1306381,"mp-1306729,mp-1306381",,"['Mn', 'Co', 'O']",True,True,False,False,False,False,True,0.098320912428562
BAT_01459,Li2-3MnCo3O8,MnCo3O8,Li2MnCo3O8,Li3MnCo3O8,Li,3.323602568333332,70.42719893520983,308.4213218795614,234.07201926158592,1025.0698975276716,0.015189300454339,0.116602801964285,0.114899477095229,1,3,Co-Mn-O,"Mn,Co,O",mp-1306185,mp-1301147,"mp-1306185,mp-1301147",,"['Mn', 'Co', 'O']",True,True,False,False,False,False,True,0.116602801964285
BAT_01460,Li0-2Mn2CoO6,Mn2CoO6,Mn2CoO6,Li2Mn2CoO6,Li,3.925563678333337,192.34062061525177,773.9843322905327,755.0453541553245,3038.324782438796,0.107360369207736,0.132325240555554,0.075873064049588,2,3,Co-Mn-O,"Mn,Co,O",mp-752633,mp-754926,"mp-752633,mp-1235264,mp-1235243,mp-754926",,"['Mn', 'Co', 'O']",True,True,False,False,False,False,True,0.132325240555554
BAT_01461,Li0-4MnCo3O8,MnCo3O8,MnCo3O8,Li4MnCo3O8,Li,3.390423123333336,276.6627138122796,1202.4831748463264,938.003662273306,4076.926761418268,0.108876429275683,0.021501470208333,0.076034889218749,4,3,Co-Mn-O,"Mn,Co,O",mp-773602,mp-861547,"mp-773602,mp-756037,mp-1287546,mp-1314136,mp-755862,mp-1313454,mp-1303340,mp-1296423,mp-755265,mp-1304075,mp-754108,mp-1277684,mp-774219,mp-1282801,mp-1275723,mp-1280534,mp-1291752,mp-758163,mp-861547,mp-1174054",,"['Mn', 'Co', 'O']",True,True,False,False,False,False,True,0.076034889218749
BAT_01462,Li2-5Mn2CoO8,Mn2CoO8,Li2Mn2CoO8,Li5Mn2CoO8,Li,3.942484643333334,242.54040102681125,954.4741626844155,956.2118064361118,3762.999728841752,0.003641944671723,0.126261188653845,0.048165772499999,1,3,Co-Mn-O,"Mn,Co,O",mp-1222848,mp-1174049,"mp-1222848,mp-1174049",More than one working ion per transition metal,"['Mn', 'Co', 'O']",True,True,False,False,False,False,True,0.126261188653845
BAT_01463,Li0-2MnCoO4,MnCoO4,MnCoO4,Li2MnCoO4,Li,3.432672168333333,279.5448629624141,1219.8565708535623,959.5858708916344,4187.367700127563,0.07284638253954,0.024906643749999,0.0342057996875,2,3,Co-Mn-O,"Mn,Co,O",mp-752945,mp-753482,"mp-752945,mp-754774,mp-753482,mp-1173897",,"['Mn', 'Co', 'O']",True,True,False,False,False,False,True,0.0342057996875
BAT_01464,Li0-4Mn2Co5O12,Mn2Co5O12,Mn2Co5O12,Li4Mn2Co5O12,Li,3.597688579583331,171.72211995204503,828.4376785697523,617.8027098133114,2980.4607750869245,0.090511200211951,0.091146880488715,0.077677636304344,1,3,Co-Mn-O,"Mn,Co,O",mp-757022,mp-774397,"mp-757022,mp-774397,mp-753188",,"['Mn', 'Co', 'O']",True,True,False,False,False,False,True,0.091146880488715
BAT_01465,Li0-3Mn3CoO8,Mn3CoO8,Mn3CoO8,Li3Mn3CoO8,Li,3.7676087550000017,215.8128891744002,940.4998036750236,813.0985306953152,3543.435294401801,0.143551763380659,0.164169671875,0.099003747818175,2,3,Co-Mn-O,"Mn,Co,O",mp-773167,mp-1177633,"mp-773167,mp-754784,mp-1177633,mp-1177742",,"['Mn', 'Co', 'O']",True,True,False,False,False,False,True,0.164169671875
BAT_01466,Li0-2MnCo3O8,MnCo3O8,MnCo3O8,Li2MnCo3O8,Li,4.355584248333334,143.47118472446016,641.1012892098604,624.9008322755807,2792.370676868661,0.074605367254205,0.069908516041666,0.034855716249999,1,3,Co-Mn-O,"Mn,Co,O",mp-753551,mp-753177,"mp-753551,mp-753177",,"['Mn', 'Co', 'O']",True,True,False,False,False,False,True,0.069908516041666
BAT_01467,Li0-4MnCo5O12,MnCo5O12,MnCo5O12,Li4MnCo5O12,Li,4.214901258333339,188.29171382297707,827.8166685368113,793.630981526207,3489.165517885119,0.07944834538294,0.020779569583334,0.0,1,3,Co-Mn-O,"Mn,Co,O",mp-755620,mp-1177382,"mp-755620,mp-1177382",,"['Mn', 'Co', 'O']",True,True,False,False,False,False,True,0.020779569583334
BAT_01468,Li0-4Mn3CoO8,Mn3CoO8,Mn3CoO8,Li4Mn3CoO8,Li,3.310602730833332,282.48769416814923,1183.0151142195227,935.204531739886,3916.493067752258,0.095560051721955,0.024039841458333,0.029974882343744,2,3,Co-Mn-O,"Mn,Co,O",mp-771970,mp-1301464,"mp-771970,mp-753150,mp-1301464,mp-1174203,mp-1174110",,"['Mn', 'Co', 'O']",True,True,False,False,False,False,True,0.029974882343744
BAT_01469,Li0-4Mn3Co5O16,Mn3Co5O16,Mn3Co5O16,Li4Mn3Co5O16,Li,4.034897215833337,144.24239340212495,684.4514462820805,582.0032315433708,2761.691234976667,0.082037872976073,0.056994583229166,0.061209068392906,1,3,Co-Mn-O,"Mn,Co,O",mp-756736,mp-754275,"mp-756736,mp-754275",,"['Mn', 'Co', 'O']",True,True,False,False,False,False,True,0.061209068392906
BAT_01470,Li0-2Mn3CoO8,Mn3CoO8,Mn3CoO8,Li2Mn3CoO8,Li,4.053808303333331,146.60658104839894,611.0860923041147,594.3149755773105,2477.2258750339383,0.040253688981039,0.109575752083332,0.075154297678571,1,3,Co-Mn-O,"Mn,Co,O",mp-758012,mp-1177935,"mp-758012,mp-1177935",,"['Mn', 'Co', 'O']",True,True,False,False,False,False,True,0.109575752083332
BAT_01471,Li0-3Mn(CoO3)2,Mn(CoO3)2,Mn(CoO3)2,Li3Mn(CoO3)2,Li,3.33804975,277.616804004034,1203.8285248333398,926.6987032014648,4018.439506362799,0.094337089166246,0.022993469166668,0.078973662291666,2,3,Co-Mn-O,"Mn,Co,O",mp-763057,mp-761633,"mp-763057,mp-777381,mp-761633,mp-1173931",,"['Mn', 'Co', 'O']",True,True,False,False,False,False,True,0.078973662291666
BAT_01472,Li0-4Mn5CoO12,Mn5CoO12,Mn5CoO12,Li4Mn5CoO12,Li,3.240190038333335,193.7292311992206,756.7967395619531,627.7195250656903,2452.1652565717886,0.11260567118045,0.021106767361114,0.085928249393933,1,3,Co-Mn-O,"Mn,Co,O",mp-755555,mp-771545,"mp-755555,mp-771545,mp-885819",,"['Mn', 'Co', 'O']",True,True,False,False,False,False,True,0.085928249393933
BAT_01473,Li0-3Mn4CoO8,Mn4CoO8,Mn4CoO8,Li3Mn4CoO8,Li,3.177038253333336,188.07899661679244,847.5498730525477,597.5341669001007,2692.698368295757,0.038954057039168,0.095637130240385,0.022978446093749,1,3,Co-Mn-O,"Mn,Co,O",mp-755442,mp-755577,"mp-755442,mp-755577",,"['Mn', 'Co', 'O']",True,True,False,False,False,False,True,0.095637130240385
BAT_01474,Li0-1.5MnCoO4,MnCoO4,MnCoO4,Li3Mn2(CoO4)2,Li,3.013799849999998,213.5232054395368,912.978329208848,643.5162045251948,2751.5339516228746,0.022235260214749,0.022573364583332,0.16919542161906,1,3,Co-Mn-O,"Mn,Co,O",mp-756184,mp-757164,"mp-756184,mp-757164",,"['Mn', 'Co', 'O']",True,True,False,False,False,False,True,0.16919542161906
BAT_01475,Li0-2Mn(CoO3)2,Mn(CoO3)2,Mn(CoO3)2,Li2Mn(CoO3)2,Li,3.458701575833335,189.6222750515707,782.7236335949115,655.8468615339698,2707.2074649567144,0.110889097332332,0.022491294166668,0.116225217107428,1,3,Co-Mn-O,"Mn,Co,O",mp-759777,mp-1177992,"mp-759777,mp-1177992",,"['Mn', 'Co', 'O']",True,True,False,False,False,False,True,0.116225217107428
BAT_01476,Li0-3Mn(CoO2)4,Mn(CoO2)4,Mn(CoO2)4,Li3Mn(CoO2)4,Li,3.30075598333334,182.9498323333368,896.5825115034065,603.872753724093,2959.400089396903,0.106793836133961,0.0664639959066,0.058690848906249,1,3,Co-Mn-O,"Mn,Co,O",mp-757157,mp-756302,"mp-757157,mp-773238,mp-756302",,"['Mn', 'Co', 'O']",True,True,False,False,False,False,True,0.0664639959066
BAT_01477,Li0-4Mn5Co3O16,Mn5Co3O16,Mn5Co3O16,Li4Mn5Co3O16,Li,3.9685372258333342,145.80995419393452,664.1234475883227,578.6522311156824,2635.598624303032,0.091690597450068,0.0421873484375,0.039048644702388,1,3,Co-Mn-O,"Mn,Co,O",mp-756965,mp-768354,"mp-756965,mp-768354",,"['Mn', 'Co', 'O']",True,True,False,False,False,False,True,0.0421873484375
BAT_01478,Li0-2MnCo3O8,MnCo3O8,MnCo3O8,Li2MnCo3O8,Li,4.032006620833333,143.47118472446016,696.8296216437783,578.4767667078255,2809.621648060501,0.069992050156534,0.041211309374999,0.056483485892857,1,3,Co-Mn-O,"Mn,Co,O",mp-757029,mp-757026,"mp-757029,mp-757026",,"['Mn', 'Co', 'O']",True,True,False,False,False,False,True,0.056483485892857
BAT_01479,Li0-2MnCo3O8,MnCo3O8,MnCo3O8,Li2MnCo3O8,Li,4.518617037083335,143.47118472446016,665.1935225198949,648.2913396264761,3005.754783815875,0.028279096102732,0.056415645208333,0.0,1,3,Co-Mn-O,"Mn,Co,O",mp-867992,mp-761940,"mp-867992,mp-761940,mp-757572",,"['Mn', 'Co', 'O']",True,True,False,False,False,False,True,0.056415645208333
BAT_01480,Li0-2Mn3CoO8,Mn3CoO8,Mn3CoO8,Li2Mn3CoO8,Li,4.3857285333333325,146.60658104839894,622.1292525880498,642.976665678409,2728.49001449675,0.050173442754544,0.077215776458333,0.0,1,3,Co-Mn-O,"Mn,Co,O",mp-756482,mp-1287701,"mp-756482,mp-1287701,mp-774822",,"['Mn', 'Co', 'O']",True,True,False,False,False,False,True,0.077215776458333
BAT_01481,Li4-5Mn2Co3O10,Mn2Co3O10,Li4Mn2Co3O10,Li5Mn2Co3O10,Li,2.359776373333322,55.67696544352668,250.21905132357696,131.38518759253012,590.4610054712549,0.034719502754234,0.051591858646615,0.064556009249999,1,3,Co-Mn-O,"Mn,Co,O",mp-778482,mp-861490,"mp-778482,mp-861490",,"['Mn', 'Co', 'O']",True,True,False,False,False,False,True,0.064556009249999
BAT_01482,Li0-2.5MnCo(PO4)2,MnCo(PO4)2,MnCo(PO4)2,Li5Mn2Co2(PO4)4,Li,3.346500027333336,208.6260876335137,700.8520487670091,698.1672079680005,2345.4014003554207,0.119409369490999,0.029849354583327,0.093277278965516,2,4,Co-Mn-O-P,"Mn,Co,P,O",mp-775270,mp-1177107,"mp-775270,mp-755452,mp-1177107",More than one working ion per transition metal,"['Mn', 'Co', 'P', 'O']",True,True,False,False,True,False,True,0.093277278965516
BAT_01483,Li0-4MnCo3(PO4)4,MnCo3(PO4)4,MnCo3(PO4)4,Li4MnCo3(PO4)4,Li,4.210763150833334,167.66983298567,600.6134584706894,706.0179542424388,2529.0410188229457,0.05570664504408,0.038845766666661,0.026012322053558,1,4,Co-Mn-O-P,"Mn,Co,P,O",mp-775179,mp-757104,"mp-775179,mp-757104",,"['Mn', 'Co', 'P', 'O']",True,True,False,False,True,False,True,0.038845766666661
BAT_01484,Li0-6Mn3Co(PO4)6,Mn3Co(PO4)6,Mn3Co(PO4)6,Li6Mn3Co(PO4)6,Li,4.44513590166666,192.5344192972936,581.8885689332146,855.841659524942,2586.5737685344675,0.043846932302047,0.088893863970579,0.057121573906197,1,4,Co-Mn-O-P,"Mn,Co,P,O",mp-757859,mp-1177025,"mp-757859,mp-1177025",More than one working ion per transition metal,"['Mn', 'Co', 'P', 'O']",True,True,False,False,True,False,True,0.088893863970579
BAT_01486,Li0-2Mn2Co(PO4)3,Mn2Co(PO4)3,Mn2Co(PO4)3,Li2Mn2Co(PO4)3,Li,4.088257593333343,114.63290546918844,380.67563770332094,468.6488462302729,1556.3000664376143,0.053342190332996,0.089332641666683,0.074951524875004,1,4,Co-Mn-O-P,"Mn,Co,P,O",mp-757011,mp-757760,"mp-757011,mp-757760",,"['Mn', 'Co', 'P', 'O']",True,True,False,False,True,False,True,0.089332641666683
BAT_01487,Li0-8Mn7Co(PO4)12,Mn7Co(PO4)12,Mn7Co(PO4)12,Li8Mn7Co(PO4)12,Li,4.827141599583332,130.84393834694555,398.6264618854717,631.6022178478577,1924.2263768620803,0.065755565403747,0.082484656470577,0.022931636546059,1,4,Co-Mn-O-P,"Mn,Co,P,O",mp-758047,mp-758412,"mp-758047,mp-758412",,"['Mn', 'Co', 'P', 'O']",True,True,False,False,True,False,True,0.082484656470577
BAT_01488,Li0-4Mn5Co(PO4)6,Mn5Co(PO4)6,Mn5Co(PO4)6,Li4Mn5Co(PO4)6,Li,3.673781190833343,115.12470957579882,374.8500658335702,422.94299263972096,1377.1171212420106,0.07881111814013,0.052308858611118,0.070478186562494,1,4,Co-Mn-O-P,"Mn,Co,P,O",mp-771641,mp-760813,"mp-771641,mp-760813",,"['Mn', 'Co', 'P', 'O']",True,True,False,False,True,False,True,0.070478186562494
BAT_01489,Li0-4Mn3Co3(SbO8)2,Mn3Co3(SbO8)2,Mn3Co3(SbO8)2,Li4Mn3Co3(SbO8)2,Li,3.900253165833338,123.3828868341019,599.2131110890657,481.2244949843624,2337.0828335339725,0.080613240220582,0.068987600520834,0.039928443392858,1,4,Co-Mn-O-Sb,"Mn,Co,Sb,O",mp-863857,mp-758093,"mp-863857,mp-758093",,"['Mn', 'Co', 'Sb', 'O']",True,True,False,False,False,False,True,0.068987600520834
BAT_01490,Li0-4Mn3Co(PO4)4,Mn3Co(PO4)4,Mn3Co(PO4)4,Li4Mn3Co(PO4)4,Li,4.160325675833339,169.79168775779775,578.7383560837287,706.3887181218432,2407.740042404714,0.061964212179337,0.059075219166659,0.014558424017857,1,4,Co-Mn-O-P,"Mn,Co,P,O",mp-757412,mp-758017,"mp-757412,mp-758017",,"['Mn', 'Co', 'P', 'O']",True,True,False,False,True,False,True,0.059075219166659
BAT_01491,Li0-4Mn3Co3(SnO8)2,Mn3Co3(SnO8)2,Mn3Co3(SnO8)2,Li4Mn3Co3(SnO8)2,Li,4.040260089583332,124.25521642724468,614.8318833135336,502.0233918535359,2484.080719955026,0.08064214024047,0.061480291979165,0.028669622775971,1,4,Co-Mn-O-Sn,"Mn,Co,Sn,O",mp-770554,mp-777041,"mp-770554,mp-777041,mp-776237",,"['Mn', 'Co', 'Sn', 'O']",True,True,False,False,False,False,True,0.061480291979165
BAT_01492,Li0-4Mn2Co3Te3O16,Mn2Co3Te3O16,Mn2Co3Te3O16,Li4Mn2Co3Te3O16,Li,3.610461670833328,112.46594856069304,535.4466452091677,406.05399655229496,1933.209589303992,0.15146605052588,0.148654834479167,0.084925965982144,1,4,Co-Mn-O-Te,"Mn,Co,Te,O",mp-755888,mp-753987,"mp-755888,mp-753987",,"['Mn', 'Co', 'Te', 'O']",True,True,False,False,False,False,True,0.148654834479167
BAT_01493,Li0-4Ti3Mn2Co3O16,Ti3Mn2Co3O16,Ti3Mn2Co3O16,Li4Ti3Mn2Co3O16,Li,4.108025203333331,150.1418192218813,646.1635315416517,616.7863774378052,2654.456073047977,0.067898837110641,0.130653402708334,0.072147561666664,1,4,Co-Mn-O-Ti,"Ti,Mn,Co,O",mp-757180,mp-757980,"mp-757180,mp-757980",,"['Ti', 'Mn', 'Co', 'O']",True,True,False,False,False,False,True,0.130653402708334
BAT_01494,Li0-4Mn3Co2Te3O16,Mn3Co2Te3O16,Mn3Co2Te3O16,Li4Mn3Co2Te3O16,Li,3.369766950833328,112.93929643544833,531.5986352464282,380.5791085785421,1791.3635121615148,0.119334442543629,0.137452395104168,0.099783865267858,1,4,Co-Mn-O-Te,"Mn,Co,Te,O",mp-755884,mp-753545,"mp-755884,mp-753545",,"['Mn', 'Co', 'Te', 'O']",True,True,False,False,False,False,True,0.137452395104168
BAT_01495,Li0-4Mn3Co3(TeO8)2,Mn3Co3(TeO8)2,Mn3Co3(TeO8)2,Li4Mn3Co3(TeO8)2,Li,4.048236063333332,121.74631598229512,583.3981638795836,492.85782693750224,2361.7334862997795,0.069980006515202,0.084323146354167,0.007826314846941,1,4,Co-Mn-O-Te,"Mn,Co,Te,O",mp-772448,mp-769585,"mp-772448,mp-771946,mp-769585",,"['Mn', 'Co', 'Te', 'O']",True,True,False,False,False,False,True,0.084323146354167
BAT_01497,Li0-4Mn3V2Co3O16,Mn3V2Co3O16,Mn3V2Co3O16,Li4Mn3V2Co3O16,Li,4.044357108333334,147.41252592564663,632.0801629518555,596.1888970847608,2556.357900070829,0.132938196567039,0.122118566145834,0.077101589986773,1,4,Co-Mn-O-V,"Mn,V,Co,O",mp-768525,mp-756676,"mp-768525,mp-756676",,"['Mn', 'V', 'Co', 'O']",True,True,False,False,False,False,True,0.122118566145834
BAT_01498,Li0-2MnV4CoO12,MnV4CoO12,MnV4CoO12,Li2MnV4CoO12,Li,2.625510498333331,102.39107832310366,344.16599004925337,268.82885107297903,903.6114200435997,0.009828956844501,0.011449862499999,0.103512656111108,1,4,Co-Mn-O-V,"Mn,V,Co,O",mp-756893,mp-1177907,"mp-756893,mp-1177907",,"['Mn', 'V', 'Co', 'O']",True,True,False,False,False,False,True,0.103512656111108
BAT_01499,Li2-3Na2CoO4,Na2CoO4,Na2Li2CoO4,Na2Li3CoO4,Li,3.18593919333333,141.25868471545286,406.4456317841556,450.04158003367706,1294.9110682602684,0.00035425116192,0.055879007222224,0.0,1,3,Co-Na-O,"Na,Co,O",mp-861533,mp-504854,"mp-861533,mp-759586,mp-504854",More than one working ion per transition metal,"['Na', 'Co', 'O']",True,True,False,False,False,False,True,0.055879007222224
BAT_01500,Li0-2NbCo3O8,NbCo3O8,NbCo3O8,Li2NbCo3O8,Li,4.088065480833333,130.23604182335248,654.2446238083066,532.4134669384135,2674.594862611528,0.04702008645724,0.069541527916658,0.021924155491074,1,3,Co-Nb-O,"Nb,Co,O",mp-761589,mp-757558,"mp-761589,mp-757799,mp-1643959,mp-757558",,"['Nb', 'Co', 'O']",True,True,False,False,False,False,True,0.069541527916658
BAT_01501,Li1-6NbCo3(PO4)6,NbCo3(PO4)6,LiNbCo3(PO4)6,Li6NbCo3(PO4)6,Li,4.369007479333327,152.07719749908463,462.51638756923126,664.4264133095522,2020.737556604203,0.0010303658081,0.101157403793647,0.085263537437493,1,4,Co-Nb-O-P,"Nb,Co,P,O",mp-1176608,mp-758592,"mp-1176608,mp-764445,mp-758592",More than one working ion per transition metal,"['Nb', 'Co', 'P', 'O']",True,True,False,False,True,False,True,0.101157403793647
BAT_01502,Li0-2Co3NiO8,Co3NiO8,Co3NiO8,Li2Co3NiO8,Li,2.919701055833333,142.04344810846086,694.0369918826128,414.72440541648047,2026.3805379870553,0.014259480455319,0.081941651249999,0.225840192053567,1,3,Co-Ni-O,"Co,Ni,O",mp-753483,mp-753237,"mp-753483,mp-753237",,"['Co', 'Ni', 'O']",True,True,False,False,False,False,True,0.225840192053567
BAT_01503,Li1-4Co3NiO8,Co3NiO8,LiCo3NiO8,Li4Co3NiO8,Li,3.374196011666673,205.5054170140716,931.3744046250042,693.4155584647767,3142.6398014541114,0.01722686306622,0.024526580288455,0.064462232187497,1,3,Co-Ni-O,"Co,Ni,O",mp-1275497,mp-1293179,"mp-1275497,mp-1290435,mp-1293179,mp-1315383",,"['Co', 'Ni', 'O']",True,True,False,False,False,False,True,0.064462232187497
BAT_01504,Li0-3Co2NiO6,Co2NiO6,Co2NiO6,Li3Co2NiO6,Li,3.821463788333331,274.0632129909817,1311.3925098611355,1047.3226441593215,5011.438988725891,0.037473328743652,0.050832810555557,0.014471151666658,2,3,Co-Ni-O,"Co,Ni,O",mp-753469,mp-765538,"mp-753469,mp-774305,mp-1282499,mp-754376,mp-765538,mp-1274281,mp-1276403,mp-1301359,mp-1273342",,"['Co', 'Ni', 'O']",True,True,False,False,False,False,True,0.050832810555557
BAT_01505,Li1.33-2CoNiO4,CoNiO4,Li4Co3(NiO4)3,Li2CoNiO4,Li,3.222655598333332,91.39175409203408,419.06098326607497,294.5241479661969,1350.4892237654876,0.033266670799835,0.032629234999996,0.053696881249997,1,3,Co-Ni-O,"Co,Ni,O",mp-777850,mp-1276757,"mp-777850,mp-1276757,mp-753276,mp-1272871",,"['Co', 'Ni', 'O']",True,True,False,False,False,False,True,0.053696881249997
BAT_01506,Li1-2CoNiO4,CoNiO4,LiCoNiO4,Li2CoNiO4,Li,3.371941503333329,137.08763113805108,653.5092993789782,462.2514730280448,2203.595129390262,0.042185604616938,0.0,0.017019385624998,1,3,Co-Ni-O,"Co,Ni,O",mp-754509,mp-753536,"mp-754509,mp-753047,mp-779959,mp-755212,mp-753536",,"['Co', 'Ni', 'O']",True,True,False,False,False,False,True,0.017019385624998
BAT_01507,Li4-5Co2Ni3O10,Co2Ni3O10,Li4Co2Ni3O10,Li5Co2Ni3O10,Li,4.322343343333334,54.84850716725775,256.5894435283171,237.0740798461672,1109.0676732042257,0.017852420801346,0.055496002993422,0.011035912166668,1,3,Co-Ni-O,"Co,Ni,O",mp-779900,mp-755607,"mp-779900,mp-755607,mp-1320203",,"['Co', 'Ni', 'O']",True,True,False,False,False,False,True,0.055496002993422
BAT_01508,Li0-4Co3NiO8,Co3NiO8,Co3NiO8,Li4Co3NiO8,Li,3.812674747083332,274.00722268542876,1330.698284010938,1044.7004184511734,5073.519743435627,0.051799508135007,0.03905384375,0.010239883124998,2,3,Co-Ni-O,"Co,Ni,O",mp-752738,mp-867537,"mp-752738,mp-1301164,mp-779166,mp-1176785,mp-778768,mp-755696,mp-777820,mp-753764,mp-867537,mp-1275876,mp-1287572",,"['Co', 'Ni', 'O']",True,True,False,False,False,False,True,0.03905384375
BAT_01509,Li1-4Co3NiO8,Co3NiO8,LiCo3NiO8,Li4Co3NiO8,Li,3.41704247666666,205.5054170140716,933.1013411369372,702.220739122178,3188.446917699542,0.014885848787984,0.028682093749991,0.059804874687498,1,3,Co-Ni-O,"Co,Ni,O",mp-1318786,mp-1307939,"mp-1318786,mp-1310345,mp-1307939,mp-1284600",,"['Co', 'Ni', 'O']",True,True,False,False,False,False,True,0.059804874687498
BAT_01510,Li2-4CoNi3O8,CoNi3O8,Li2CoNi3O8,Li4CoNi3O8,Li,3.645088278333337,137.17175404976336,644.4376512686598,500.0031528052159,2349.0321287560587,0.008674444907749,0.033695513839282,0.009927231041666,2,3,Co-Ni-O,"Co,Ni,O",mp-1178027,mp-867640,"mp-1178027,mp-757871,mp-867640",,"['Co', 'Ni', 'O']",True,True,False,False,False,False,True,0.033695513839282
BAT_01511,Li0-3Co4NiO8,Co4NiO8,Co4NiO8,Li3Co4NiO8,Li,3.269185533333332,181.39980350363763,979.64713800272,593.0296133636012,3202.6482513298943,0.009896939061239,0.119600696703299,0.16404271328125,1,3,Co-Ni-O,"Co,Ni,O",mp-2215121,mp-754464,"mp-2215121,mp-755484,mp-754464",,"['Co', 'Ni', 'O']",True,True,False,False,False,False,True,0.16404271328125
BAT_01512,Li3-5Co2Ni3O10,Co2Ni3O10,Li3Co2Ni3O10,Li5Co2Ni3O10,Li,3.737852040833336,109.6970143345155,528.1353461958236,410.03120890359247,1974.0917816142796,0.021100281298415,0.069107159826389,0.038247945666667,1,3,Co-Ni-O,"Co,Ni,O",mp-1177722,mp-769553,"mp-1177722,mp-778996,mp-769553",,"['Co', 'Ni', 'O']",True,True,False,False,False,False,True,0.069107159826389
BAT_01513,Li8-1CoNi9O20,CoNi9O20,Li8CoNi9O20,Li10CoNi9O20,Li,3.7683985283333112,54.88891094865972,261.99810131225036,206.84329124074748,987.313259411206,0.016372174107633,0.024493131600878,0.008307472166666,1,3,Co-Ni-O,"Co,Ni,O",mp-1176867,mp-769507,"mp-1176867,mp-769507",,"['Co', 'Ni', 'O']",True,True,False,False,False,False,True,0.024493131600878
BAT_01514,Li0-4Co5NiO12,Co5NiO12,Co5NiO12,Li4Co5NiO12,Li,3.621380722083338,187.05792866770085,854.1108700935843,677.407976790052,3093.060639478732,0.042233751588552,0.034259369999998,0.080357278749993,1,3,Co-Ni-O,"Co,Ni,O",mp-773511,mp-755767,"mp-773511,mp-755767",,"['Co', 'Ni', 'O']",True,True,False,False,False,False,True,0.080357278749993
BAT_01515,Li4-6Co3Ni5O16,Co3Ni5O16,Li4Co3Ni5O16,Li6Co3Ni5O16,Li,2.887970073333339,69.80434161318931,344.600548649564,201.5928495676278,995.1960717541904,0.003206568966883,0.033749183348215,0.072841005458333,1,3,Co-Ni-O,"Co,Ni,O",mp-772319,mp-760934,"mp-772319,mp-760934",,"['Co', 'Ni', 'O']",True,True,False,False,False,False,True,0.072841005458333
BAT_01516,Li2-3Co(NiO3)2,Co(NiO3)2,Li2Co(NiO3)2,Li3Co(NiO3)2,Li,3.612522723333346,91.42913440673468,424.05152107930905,330.28982561902774,1531.8957557630736,0.028470021595519,0.071305794261365,0.055039878611107,1,3,Co-Ni-O,"Co,Ni,O",mp-757774,mp-760869,"mp-757774,mp-760869",,"['Co', 'Ni', 'O']",True,True,False,False,False,False,True,0.071305794261365
BAT_01517,Li0-3Co(NiO2)4,Co(NiO2)4,Co(NiO2)4,Li3Co(NiO2)4,Li,3.712947963333329,181.69469373383455,959.3955705241126,674.6229430475141,3562.1858296085215,0.021135091075629,0.038864772051279,0.019836509583333,1,3,Co-Ni-O,"Co,Ni,O",mp-756594,mp-756787,"mp-756594,mp-756787",,"['Co', 'Ni', 'O']",True,True,False,False,False,False,True,0.038864772051279
BAT_01518,Li5-1CoNi9O20,CoNi9O20,Li5CoNi9O20,Li10CoNi9O20,Li,3.774462743333326,137.22227737164928,658.9492020730765,517.940373494642,2487.17921297405,0.010649270817023,0.050151567714284,0.006695040666667,1,3,Co-Ni-O,"Co,Ni,O",mp-1120825,mp-759912,"mp-1120825,mp-775263,mp-850772,mp-759912",,"['Co', 'Ni', 'O']",True,True,False,False,False,False,True,0.050151567714284
BAT_01519,Li4-6Co5Ni3O16,Co5Ni3O16,Li4Co5Ni3O16,Li6Co5Ni3O16,Li,2.603898333333338,69.76077286855156,347.5581105222954,181.64996020446696,905.005984725489,0.027257188474536,0.095452709241071,0.149369078958334,1,3,Co-Ni-O,"Co,Ni,O",mp-772632,mp-759805,"mp-772632,mp-759805",,"['Co', 'Ni', 'O']",True,True,False,False,False,False,True,0.149369078958334
BAT_01520,Li0-3Co3NiO8,Co3NiO8,Co3NiO8,Li3Co3NiO8,Li,3.552453611666668,209.2170266553436,1047.568917073765,743.233781963937,3721.439982928437,0.126407556074777,0.082564085416667,0.123957984249998,2,3,Co-Ni-O,"Co,Ni,O",mp-773140,mp-759916,"mp-773140,mp-756196,mp-759916",,"['Co', 'Ni', 'O']",True,True,False,False,False,False,True,0.123957984249998
BAT_01521,Li0-2CoNi(PO4)2,CoNi(PO4)2,CoNi(PO4)2,Li2CoNi(PO4)2,Li,5.135521593333334,166.7529704263798,616.749000632879,856.3634803771483,3167.327810416904,0.051345295469532,0.157465025416659,0.015389475892857,1,4,Co-Ni-O-P,"Co,Ni,P,O",mp-765340,mp-757611,"mp-765340,mp-757611",,"['Co', 'Ni', 'P', 'O']",True,True,False,False,True,False,True,0.157465025416659
BAT_01522,Li0-4Co3Ni(PO4)4,Co3Ni(PO4)4,Co3Ni(PO4)4,Li4Co3Ni(PO4)4,Li,4.490021620833336,166.69079675148035,614.5748640534283,748.445281408082,2759.4544272206017,0.047824612818544,0.068686823958316,0.03060192580357,1,4,Co-Ni-O-P,"Co,Ni,P,O",mp-775307,mp-770952,"mp-775307,mp-770952",,"['Co', 'Ni', 'P', 'O']",True,True,False,False,True,False,True,0.068686823958316
BAT_01523,Li4-1Ti3Co3(NiO8)2,Ti3Co3(NiO8)2,Li4Ti3Co3(NiO8)2,Li10Ti3Co3(NiO8)2,Li,2.6029475933333353,210.70684048249456,866.265012960146,548.4588633327802,2254.8424306734823,0.104542900774232,0.05700821738621,0.103235129044116,1,4,Co-Ni-O-Ti,"Ti,Co,Ni,O",mp-763517,mp-774315,"mp-763517,mp-774315",More than one working ion per transition metal,"['Ti', 'Co', 'Ni', 'O']",True,True,False,False,False,False,True,0.103235129044116
BAT_01524,Li0-4Co3Ni3(TeO8)2,Co3Ni3(TeO8)2,Co3Ni3(TeO8)2,Li4Co3Ni3(TeO8)2,Li,4.223693268333325,120.208359787706,621.1859177364921,507.7232400327242,2623.6987791270803,0.079879293286827,0.089801844062499,0.035525111294646,1,4,Co-Ni-O-Te,"Co,Ni,Te,O",mp-850530,mp-757279,"mp-850530,mp-757279",,"['Co', 'Ni', 'Te', 'O']",True,True,False,False,False,False,True,0.089801844062499
BAT_01525,Li0-1CoO2,CoO2,CoO2,LiCoO2,Li,3.789750783333332,273.8393889485439,1348.509465672717,1037.7830387752654,5110.5148038655925,0.036374980271649,0.00813656,0.0,2,2,Co-O,"Co,O",mp-25234,mp-22526,"mp-25234,mp-1278455,mp-674388,mp-1282881,mp-1290247,mp-780322,mp-1045647,mp-752635,mp-1285961,mp-1232996,mp-1285136,mp-1273834,mp-552024,mp-1235745,mp-758539,mp-1303680,mp-1298652,mp-1312267,mp-1303299,mp-1045644,mp-1303525,mp-1302545,mp-850808,mp-22526",,"['Co', 'O']",True,True,False,False,False,False,True,0.00813656
BAT_01526,Li0-0.5CoO2,CoO2,CoO2,Li(CoO2)2,Li,3.955532375833333,141.9532457556545,644.614396375647,561.5006594411171,2549.7931147921327,0.036139250517736,0.007578856666667,0.028670507321427,1,2,Co-O,"Co,O",mp-1275937,mp-755386,"mp-1275937,mp-755386",,"['Co', 'O']",True,True,False,False,False,False,True,0.028670507321427
BAT_01527,Li2.5-3.5CoO3,CoO3,Li5(CoO3)2,Li7(CoO3)2,Li,2.310801113333331,204.24082751496115,595.7937230448564,471.9599316096931,1376.7607985290647,0.058950910367636,0.110831475000004,0.086570186166667,2,2,Co-O,"Co,O",mp-753251,mp-850281,"mp-753251,mp-755926,mp-850281",More than one working ion per transition metal,"['Co', 'O']",True,True,False,False,False,False,True,0.110831475000004
BAT_01528,Li1.2-1.6CoO2,CoO2,Li6(CoO2)5,Li8(CoO2)5,Li,2.462268273333337,105.065122890691,349.67463802940324,258.69851872761666,860.9927672091184,0.008432415430031,0.112927105803572,0.048476647201088,1,2,Co-O,"Co,O",mp-761027,mp-1638660,"mp-761027,mp-1177024,mp-1638660,mp-752627",More than one working ion per transition metal,"['Co', 'O']",True,True,False,False,False,False,True,0.112927105803572
BAT_01529,Li0-1CoO2,CoO2,CoO2,LiCoO2,Li,3.409718970833332,273.8393889485439,1207.1673135562075,933.7153594592576,4116.101290002511,0.10591467410602,0.0057985275,0.093254428749999,3,2,Co-O,"Co,O",mp-754748,mp-753473,"mp-754748,mp-1178540,mp-856161,mp-759301,mp-758122,mp-765274,mp-758725,mp-1178064,mp-753473",,"['Co', 'O']",True,True,False,False,False,False,True,0.093254428749999
BAT_01530,Li2-3.5CoO3,CoO3,Li2CoO3,Li7(CoO3)2,Li,2.307199141666662,306.36124127244176,932.7275493449804,706.8363929037108,2151.9882012575877,0.093650666165326,0.148098819166671,0.122671276500001,1,2,Co-O,"Co,O",mp-773514,mp-849462,"mp-773514,mp-752760,mp-752662,mp-867660,mp-849462",More than one working ion per transition metal,"['Co', 'O']",True,True,False,False,False,False,True,0.148098819166671
BAT_01531,Li0-0.67CoO2,CoO2,CoO2,Li2(CoO2)3,Li,4.300732415833328,186.9796953216613,873.6439863983127,804.149636772508,3757.3090122010744,0.057049369875075,0.140327678333333,0.04887074215909,2,2,Co-O,"Co,O",mp-754720,mp-705847,"mp-754720,mp-754742,mp-766589,mp-705847",,"['Co', 'O']",True,True,False,False,False,False,True,0.140327678333333
BAT_01532,Li3.5-4CoO3,CoO3,Li7(CoO3)2,Li4CoO3,Li,2.589447803333333,99.4892258393982,270.68543459197525,257.6221573051635,700.9258039985189,0.018745270661473,0.089052600833334,0.036272269648438,1,2,Co-O,"Co,O",mp-764768,mp-755593,"mp-764768,mp-755593",More than one working ion per transition metal,"['Co', 'O']",True,True,False,False,False,False,True,0.089052600833334
BAT_01533,Li0-0.5CoO2,CoO2,CoO2,Li(CoO2)2,Li,4.5314597383333375,141.9532457556545,663.6600248338335,643.255417867486,3007.348682475819,0.03217879059395,0.119959365833334,0.042721320535713,1,2,Co-O,"Co,O",mp-756488,mp-756773,"mp-756488,mp-756773",,"['Co', 'O']",True,True,False,False,False,False,True,0.119959365833334
BAT_01534,Li4-6CoO4,CoO4,Li4CoO4,Li6CoO4,Li,2.671426739583335,325.7018238247244,871.5098426094517,870.0885612964295,2328.1746973569534,0.040195945663066,0.095945292777773,0.0,2,2,Co-O,"Co,O",mp-776004,mp-18925,"mp-776004,mp-753010,mp-755939,mp-754280,mp-769483,mp-18925",More than one working ion per transition metal,"['Co', 'O']",True,True,False,False,False,False,True,0.095945292777773
BAT_01535,Li0-13Co15O28,Co15O28,Co15O28,Li13Co15O28,Li,3.387363767179487,244.9836833744923,1148.1793628394894,829.8488526129271,3889.3011719057167,0.069845809193129,0.023970381727575,0.092264810624999,2,2,Co-O,"Co,O",mp-766681,mp-766887,"mp-766681,mp-758387,mp-758799,mp-766887",,"['Co', 'O']",True,True,False,False,False,False,True,0.092264810624999
BAT_01536,Li0-1.25CoO2,CoO2,CoO2,Li5(CoO2)4,Li,3.198778157333331,336.33612791496193,1613.5723205249851,1075.8646594964496,5161.459894172981,0.183328905241201,0.067827024999999,0.100906648933823,2,2,Co-O,"Co,O",mp-755508,mp-780140,"mp-755508,mp-1178123,mp-771014,mp-780140,mp-779758",More than one working ion per transition metal,"['Co', 'O']",True,True,False,False,False,False,True,0.100906648933823
BAT_01537,Li0-5Co7O12,Co7O12,Co7O12,Li5Co7O12,Li,3.061722057333331,209.63873900853764,1068.741389036296,641.8555512939852,3272.18908439749,0.046286681713339,0.124985355488722,0.213133941458333,1,2,Co-O,"Co,O",mp-756900,mp-756433,"mp-756900,mp-2215229,mp-756433",,"['Co', 'O']",True,True,False,False,False,False,True,0.213133941458333
BAT_01538,Li4-5CoO4,CoO4,Li4CoO4,Li5CoO4,Li,2.844212110833337,170.02154330089743,446.54498579704705,483.5773325589872,1270.0686566358618,0.03007914079443,0.109538383749995,0.064676824125,1,2,Co-O,"Co,O",mp-759339,mp-779022,"mp-759339,mp-778671,mp-779022",More than one working ion per transition metal,"['Co', 'O']",True,True,False,False,False,False,True,0.109538383749995
BAT_01540,Li4-14Co13O28,Co13O28,Li4Co13O28,Li14Co13O28,Li,3.775021676333328,204.39038657160344,970.0590926743288,771.5781397419514,3661.9941021698314,0.021125687743672,0.049000082777767,0.016374516795455,2,2,Co-O,"Co,O",mp-759373,mp-777836,"mp-759373,mp-771244,mp-758645,mp-758732,mp-777836",More than one working ion per transition metal,"['Co', 'O']",True,True,False,False,False,False,True,0.049000082777767
BAT_01541,Li0-1CoO2,CoO2,CoO2,LiCoO2,Li,3.808281968333333,273.8393889485439,1284.0952569528802,1042.857607152158,4890.196812676011,0.091747108909477,0.057328404999999,0.032261087499999,2,2,Co-O,"Co,O",mp-1278937,mp-849273,"mp-1278937,mp-504097,mp-758972,mp-1305141,mp-1306886,mp-774082,mp-25383,mp-773076,mp-752807,mp-1377260,mp-1178332,mp-759191,mp-849273,mp-1404711,mp-1097885,mp-853240",,"['Co', 'O']",True,True,False,False,False,False,True,0.057328404999999
BAT_01542,Li0-2Co21O40,Co21O40,Co21O40,Li20Co21O40,Li,3.631684728833334,265.83587507637134,1310.596005167601,965.4320878909036,4759.671497637151,0.053063142602658,0.048658195807964,0.036648759444444,1,2,Co-O,"Co,O",mp-850026,mp-705640,"mp-850026,mp-705640,mp-685270",,"['Co', 'O']",True,True,False,False,False,False,True,0.048658195807964
BAT_01543,Li4-5.88CoO4,CoO4,Li4CoO4,Li47(CoO4)8,Li,2.545292454666666,306.96372810122546,813.9850498005738,781.3124609923993,2071.830005468871,0.053121894320471,0.087702401111106,0.022939561695414,2,2,Co-O,"Co,O",mp-759349,mp-1177487,"mp-759349,mp-764688,mp-776979,mp-760147,mp-850954,mp-1177487",More than one working ion per transition metal,"['Co', 'O']",True,True,False,False,False,False,True,0.087702401111106
BAT_01544,Li4-5CoO4,CoO4,Li4CoO4,Li5CoO4,Li,2.79196788083333,170.02154330089743,470.64897495727126,474.69468794581894,1314.0368212278318,0.032295171257708,0.092241020277772,0.054333620000001,1,2,Co-O,"Co,O",mp-759702,mp-773454,"mp-759702,mp-771149,mp-768424,mp-768425,mp-768441,mp-773454",More than one working ion per transition metal,"['Co', 'O']",True,True,False,False,False,False,True,0.092241020277772
BAT_01546,Li4-7Co5O12,Co5O12,Li4Co5O12,Li7Co5O12,Li,3.895424538333339,150.21966952675467,677.1089094533654,585.1693868148451,2637.626661008767,0.032021812298787,0.06165198426136,0.003907136249999,1,2,Co-O,"Co,O",mp-759802,mp-771155,"mp-759802,mp-867624,mp-771155,mp-1174364",More than one working ion per transition metal,"['Co', 'O']",True,True,False,False,False,False,True,0.06165198426136
BAT_01548,Li0-1Co2(PO3)5,Co2(PO3)5,Co2(PO3)5,LiCo2(PO3)5,Li,4.859139428333326,51.57431745810375,154.62638650072682,250.60679945005177,751.3511713063897,0.026801191426194,0.007599743068182,0.00562043713769,1,3,Co-O-P,"Co,P,O",mp-1101575,mp-1101526,"mp-1101575,mp-1101577,mp-1101526",,"['Co', 'P', 'O']",True,True,False,False,True,False,True,0.007599743068182
BAT_01549,Li0-2Co3(P2O7)2,Co3(P2O7)2,Co3(P2O7)2,Li2Co3(P2O7)2,Li,4.965138348333345,99.52863723904002,354.2270689825842,494.17345351291584,1758.7864042231502,0.021371443819474,0.107133469047672,0.04929213847826,1,3,Co-O-P,"Co,P,O",mp-584339,mp-540469,"mp-584339,mp-540469",,"['Co', 'P', 'O']",True,True,False,False,True,False,True,0.107133469047672
BAT_01550,Li0-1CoP2O7,CoP2O7,CoP2O7,LiCoP2O7,Li,5.065783453333329,111.75781176088262,358.0610818787174,566.1408735990201,1813.8599038638367,0.085713482052902,0.096400866750006,0.056372943333336,1,3,Co-O-P,"Co,P,O",mp-689964,mp-26647,"mp-689964,mp-26647",,"['Co', 'P', 'O']",True,True,False,False,True,False,True,0.096400866750006
BAT_01551,Li0-3Co2P5O16,Co2P5O16,Co2P5O16,Li3Co2P5O16,Li,4.61160822666667,146.30997774553822,418.80714313836086,674.7242970147414,1931.3744666836303,0.074304899370881,0.016509134999995,0.017535839391039,2,3,Co-O-P,"Co,P,O",mp-27024,mp-26203,"mp-27024,mp-26204,mp-26203",More than one working ion per transition metal,"['Co', 'P', 'O']",True,True,False,False,True,False,True,0.017535839391039
BAT_01552,Li1-2Co(PO3)4,Co(PO3)4,LiCo(PO3)4,Li2Co(PO3)4,Li,5.31174754333333,68.95104534945432,193.3154958226373,366.250545745229,1026.8431100241582,0.024026233972106,0.075819318472222,0.046302531008763,1,3,Co-O-P,"Co,P,O",mp-690004,mp-540530,"mp-690004,mp-540530",More than one working ion per transition metal,"['Co', 'P', 'O']",True,True,False,False,True,False,True,0.075819318472222
BAT_01553,Li1-5Co2(PO4)3,Co2(PO4)3,LiCo2(PO4)3,Li5Co2(PO4)3,Li,4.2357706089583385,245.05024843717453,749.9745386050482,1037.9766400481226,3176.7201080903533,0.042751554813517,0.09099326773148,0.08084138465909,3,3,Co-O-P,"Co,P,O",mp-863391,mp-780435,"mp-863391,mp-764732,mp-758309,mp-26088,mp-26087,mp-584742,mp-774352,mp-780762,mp-780435",More than one working ion per transition metal,"['Co', 'P', 'O']",True,True,False,False,True,False,True,0.09099326773148
BAT_01554,Li0-3Co3(PO4)4,Co3(PO4)4,Co3(PO4)4,Li3Co3(PO4)4,Li,5.164530476666664,139.22653684730943,428.11357932164265,719.0396927086839,2211.005627881475,0.009113683146749,0.142865973478261,0.043047466153843,1,3,Co-O-P,"Co,P,O",mp-540169,mp-26177,"mp-540169,mp-26177",,"['Co', 'P', 'O']",True,True,False,False,True,False,True,0.142865973478261
BAT_01555,Li0-1Co(PO3)4,Co(PO3)4,Co(PO3)4,LiCo(PO3)4,Li,5.28965848333333,70.20467759117658,169.60053423593357,371.35876838984854,897.1289046989708,0.014797740664667,0.068439313970591,0.040274643472222,1,3,Co-O-P,"Co,P,O",mp-26724,mp-31600,"mp-26724,mp-31600",,"['Co', 'P', 'O']",True,True,False,False,True,False,True,0.068439313970591
BAT_01556,Li0-1CoP2O7,CoP2O7,CoP2O7,LiCoP2O7,Li,4.389878085833321,111.75781176088262,351.65382597851834,490.603168769784,1543.717424462542,0.064496375276542,0.052473090250005,0.077884543560609,1,3,Co-O-P,"Co,P,O",mp-26662,mp-705332,"mp-26662,mp-705332",,"['Co', 'P', 'O']",True,True,False,False,True,False,True,0.077884543560609
BAT_01557,Li0-1CoP2O7,CoP2O7,CoP2O7,LiCoP2O7,Li,5.081063063333336,111.75781176088262,361.88531634397896,567.8484893771806,1838.762114038091,0.061907764352411,0.074231410750006,0.034829836969699,1,3,Co-O-P,"Co,P,O",mp-26716,mp-26715,"mp-26716,mp-2215792,mp-26715",,"['Co', 'P', 'O']",True,True,False,False,True,False,True,0.074231410750006
BAT_01558,Li0-1CoPO4,CoPO4,CoPO4,LiCoPO4,Li,4.3336184258333335,166.6286694220835,497.4464353241357,722.1050720796325,2155.743037985784,0.04117583012176,0.007974647083333,0.0,1,3,Co-O-P,"Co,P,O",mp-540391,mp-758022,"mp-540391,mp-753924,mp-758022,mp-26757",,"['Co', 'P', 'O']",True,True,False,False,True,False,True,0.007974647083333
BAT_01559,Li0-1CoP2O7,CoP2O7,CoP2O7,LiCoP2O7,Li,5.159492045833336,111.75781176088262,329.24045576052544,576.6135408400131,1698.7135126629737,0.067423776203579,0.101407632500007,0.052405585606063,1,3,Co-O-P,"Co,P,O",mp-697814,mp-26847,"mp-697814,mp-26847",,"['Co', 'P', 'O']",True,True,False,False,True,False,True,0.101407632500007
BAT_01560,Li0-1CoPO4,CoPO4,CoPO4,LiCoPO4,Li,4.403851713333336,166.6286694220835,504.0510265637623,733.8079513248965,2219.7659769402517,0.003372451538773,0.026072119583333,0.005478792499999,1,3,Co-O-P,"Co,P,O",mp-689943,mp-757804,"mp-689943,mp-753562,mp-757804,mp-26919",,"['Co', 'P', 'O']",True,True,False,False,True,False,True,0.026072119583333
BAT_01561,Li0-1CoPO4,CoPO4,CoPO4,LiCoPO4,Li,4.612435505833337,166.6286694220835,511.10372414847456,768.5639911321836,2357.4329644260715,0.260124551668905,0.086211365416667,0.027229032857142,1,3,Co-O-P,"Co,P,O",mp-504098,mp-1662205,"mp-504098,mp-775324,mp-1662205,mp-1661354,mp-18915",,"['Co', 'P', 'O']",True,True,False,False,True,False,True,0.086211365416667
BAT_01563,Li0-1CoPO4,CoPO4,CoPO4,LiCoPO4,Li,4.654103609999997,166.62866942208353,581.3239631568147,775.5070918868151,2705.5419555076364,0.02195632444735,0.126644744444445,0.05593362857143,1,3,Co-O-P,"Co,P,O",mp-25954,mp-25953,"mp-25954,mp-25953",,"['Co', 'P', 'O']",True,True,False,False,True,False,True,0.126644744444445
BAT_01564,Li0-3Co3(PO4)4,Co3(PO4)4,Co3(PO4)4,Li3Co3(PO4)4,Li,5.291712258333334,139.22653684730943,448.50011710457494,736.746771720205,2373.333567546215,0.060363765829719,0.155582421956522,0.039621811153843,1,3,Co-O-P,"Co,P,O",mp-26190,mp-31614,"mp-26190,mp-31614",,"['Co', 'P', 'O']",True,True,False,False,True,False,True,0.155582421956522
BAT_01565,Li0-1CoPO4,CoPO4,CoPO4,LiCoPO4,Li,4.028777480833331,166.62866942208353,510.43893419278663,671.3098310289116,2056.4448834164655,0.093879076591877,0.007445568333333,0.043095210357144,1,3,Co-O-P,"Co,P,O",mp-704189,mp-25889,"mp-704189,mp-766880,mp-25889,mp-757969",,"['Co', 'P', 'O']",True,True,False,False,True,False,True,0.043095210357144
BAT_01566,Li0-6Co5(P2O7)4,Co5(P2O7)4,Co5(P2O7)4,Li6Co5(P2O7)4,Li,4.841337163333335,155.8096907209747,489.9309414920602,754.3272460949279,2371.920874512401,0.056959922688322,0.112930494024394,0.05001032562058,2,3,Co-O-P,"Co,P,O",mp-704226,mp-504376,"mp-704226,mp-584817,mp-504376,mp-705429",More than one working ion per transition metal,"['Co', 'P', 'O']",True,True,False,False,True,False,True,0.112930494024394
BAT_01567,Li0-1Co2P3O10,Co2P3O10,Co2P3O10,LiCo2P3O10,Li,4.272494673333331,70.95544654397156,197.65285804674497,303.1567674031064,844.4707831738268,0.087562803658695,0.0,0.015995488437507,1,3,Co-O-P,"Co,P,O",mp-540204,mp-504230,"mp-540204,mp-504231,mp-504230",,"['Co', 'P', 'O']",True,True,False,False,True,False,True,0.015995488437507
BAT_01568,Li2-4Co(PO4)2,Co(PO4)2,Li2Co(PO4)2,Li4Co(PO4)2,Li,4.667262029583331,193.76437964734865,522.17361024069,904.3491318138396,2437.1210639268184,0.053263865758492,0.067412733076923,0.001368303500001,2,3,Co-O-P,"Co,P,O",mp-583967,mp-25995,"mp-583967,mp-25996,mp-25995",More than one working ion per transition metal,"['Co', 'P', 'O']",True,True,False,False,True,False,True,0.067412733076923
BAT_01569,Li0-1CoPO4,CoPO4,CoPO4,LiCoPO4,Li,4.30184314833333,166.6286694220835,509.8638048848632,716.8103998692894,2193.354115627111,0.027169235487028,0.005624451666666,0.002524872142857,1,3,Co-O-P,"Co,P,O",mp-689940,mp-26989,"mp-689940,mp-26989",,"['Co', 'P', 'O']",True,True,False,False,True,False,True,0.005624451666666
BAT_01571,Li0-1Co(PO3)3,Co(PO3)3,Co(PO3)3,LiCo(PO3)3,Li,5.357530630833328,88.51505655947788,277.74698366129337,474.2221268073473,1488.0379725869432,0.102276754197113,0.035433254807691,0.000464312499986,1,3,Co-O-P,"Co,P,O",mp-26992,mp-26991,"mp-26992,mp-26991",,"['Co', 'P', 'O']",True,True,False,False,True,False,True,0.035433254807691
BAT_01572,Li0-2CoP2O7,CoP2O7,CoP2O7,Li2CoP2O7,Li,4.802537245833332,217.22841629928809,625.4299443158502,1043.2475601307194,3003.650602236338,0.084685687315323,0.077285623500007,0.014619120763876,2,3,Co-O-P,"Co,P,O",mp-26996,mp-778815,"mp-26996,mp-26995,mp-778815",More than one working ion per transition metal,"['Co', 'P', 'O']",True,True,False,False,True,False,True,0.077285623500007
BAT_01573,Li1-2CoP2O7,CoP2O7,LiCoP2O7,Li2CoP2O7,Li,4.706997928333327,108.61420814964404,323.1530834083498,511.2468527479392,1521.0808941376292,0.040346397772472,0.068231221515153,0.027443004305543,1,3,Co-O-P,"Co,P,O",mp-705301,mp-26333,"mp-705301,mp-26333",More than one working ion per transition metal,"['Co', 'P', 'O']",True,True,False,False,True,False,True,0.068231221515153
BAT_01574,Li0-2Co(PO3)4,Co(PO3)4,Co(PO3)4,Li2Co(PO3)4,Li,5.298443423333329,137.90209069890864,357.8748669470441,730.6664255275488,1896.179735151856,0.005346175779781,0.068600825441179,0.01301099021929,2,3,Co-O-P,"Co,P,O",mp-26432,mp-26359,"mp-26432,mp-31603,mp-26359",More than one working ion per transition metal,"['Co', 'P', 'O']",True,True,False,False,True,False,True,0.068600825441179
BAT_01577,Li0-1CoPO4,CoPO4,CoPO4,LiCoPO4,Li,4.343385253333335,166.62866942208353,518.4125559748545,723.7325055504328,2251.6654507640255,0.014365266318255,0.017523017777778,0.006789056666667,1,3,Co-O-P,"Co,P,O",mp-704240,mp-26021,"mp-704240,mp-26021",,"['Co', 'P', 'O']",True,True,False,False,True,False,True,0.017523017777778
BAT_01578,Li0-2Co3(P2O7)2,Co3(P2O7)2,Co3(P2O7)2,Li2Co3(P2O7)2,Li,4.622614545833334,99.52863723904002,339.95981730237236,460.0825262281556,1571.503196460789,0.023087182085911,0.024948902381005,0.004038734347825,1,3,Co-O-P,"Co,P,O",mp-27010,mp-584122,"mp-27010,mp-584122",,"['Co', 'P', 'O']",True,True,False,False,True,False,True,0.024948902381005
BAT_01579,Li6-9Co3P8O29,Co3P8O29,Li6Co3P8O29,Li9Co3P8O29,Li,4.938065421666659,84.54358926622837,241.18105582720628,417.4817747791508,1190.9678321413833,0.070004750013647,0.05615006710145,0.014826289472786,1,3,Co-O-P,"Co,P,O",mp-705373,mp-583985,"mp-705373,mp-776308,mp-583985,mp-1101531,mp-584450",More than one working ion per transition metal,"['Co', 'P', 'O']",True,True,False,False,True,False,True,0.05615006710145
BAT_01580,Li0-1CoPO4,CoPO4,CoPO4,LiCoPO4,Li,4.362226118333329,166.6286694220835,511.73085319269137,726.8719338161429,2232.285693354157,0.018437062961212,0.068156390833333,0.047497538571429,2,3,Co-O-P,"Co,P,O",mp-753839,mp-758248,"mp-753839,mp-753577,mp-758248",,"['Co', 'P', 'O']",True,True,False,False,True,False,True,0.068156390833333
BAT_01581,Li0-1CoPO4,CoPO4,CoPO4,LiCoPO4,Li,4.051540948333337,166.6286694220835,506.8560928174813,675.1028773298704,2053.548214962268,0.025179041654388,0.014034095416667,0.045490595357143,1,3,Co-O-P,"Co,P,O",mp-766042,mp-757672,"mp-766042,mp-753786,mp-757672",,"['Co', 'P', 'O']",True,True,False,False,True,False,True,0.045490595357143
BAT_01582,Li0-2CoP2O7,CoP2O7,CoP2O7,Li2CoP2O7,Li,4.72837373083333,217.22841629928809,666.3200957173807,1027.1371372200804,3150.610436916413,0.006548734674648,0.085900742000005,0.034158972013876,1,3,Co-O-P,"Co,P,O",mp-26780,mp-697726,"mp-26780,mp-26406,mp-697726",More than one working ion per transition metal,"['Co', 'P', 'O']",True,True,False,False,True,False,True,0.085900742000005
BAT_01583,Li0-1CoP2O7,CoP2O7,CoP2O7,LiCoP2O7,Li,5.270536673333344,111.75781176088262,378.39847730580993,589.0236454172162,1994.3630517737663,0.024010649037216,0.075128859500006,0.018420825833335,1,3,Co-O-P,"Co,P,O",mp-27044,mp-27043,"mp-27044,mp-27043",,"['Co', 'P', 'O']",True,True,False,False,True,False,True,0.075128859500006
BAT_01585,Li1-2CoP2O7,CoP2O7,LiCoP2O7,Li2CoP2O7,Li,4.7914651508333375,108.61420814964404,285.9374925353761,520.4211932343775,1370.059530799922,0.027034696865578,0.060993671742427,0.01376964847221,1,3,Co-O-P,"Co,P,O",mp-540133,mp-26089,"mp-540133,mp-1176787,mp-26089,mp-757807",More than one working ion per transition metal,"['Co', 'P', 'O']",True,True,False,False,True,False,True,0.060993671742427
BAT_01586,Li0-1CoPO4,CoPO4,CoPO4,LiCoPO4,Li,4.069050723333331,166.6286694220835,628.2442538531936,678.0205078399994,2556.3577355713464,0.074049926107886,0.005828878333333,0.035956155714286,1,3,Co-O-P,"Co,P,O",mp-27046,mp-27045,"mp-27046,mp-27045",,"['Co', 'P', 'O']",True,True,False,False,True,False,True,0.035956155714286
BAT_01587,Li0-1CoP2O7,CoP2O7,CoP2O7,LiCoP2O7,Li,4.913334703333324,111.75781176088262,377.08961725113215,549.1035348933376,1852.767502706668,0.109226528094563,0.075587151500005,0.051310361287882,1,3,Co-O-P,"Co,P,O",mp-540262,mp-26423,"mp-540262,mp-26423",,"['Co', 'P', 'O']",True,True,False,False,True,False,True,0.075587151500005
BAT_01588,Li0-2CoP2O7,CoP2O7,CoP2O7,Li2CoP2O7,Li,4.672090509583339,217.22841629928809,656.0313800582444,1014.9108222037224,3065.0379847589843,0.146183813197924,0.077307733000006,0.036378668055542,2,3,Co-O-P,"Co,P,O",mp-1244500,mp-31604,"mp-1244500,mp-26640,mp-26639,mp-26456,mp-31604",More than one working ion per transition metal,"['Co', 'P', 'O']",True,True,False,False,True,False,True,0.077307733000006
BAT_01590,Li1-2Co(PO3)4,Co(PO3)4,LiCo(PO3)4,Li2Co(PO3)4,Li,5.140374305833323,68.95104534945432,199.0543539384076,354.43418187468325,1023.2138864492426,0.017798469778363,0.035053455833333,0.016701884166659,1,3,Co-O-P,"Co,P,O",mp-729135,mp-705277,"mp-729135,mp-705277",More than one working ion per transition metal,"['Co', 'P', 'O']",True,True,False,False,True,False,True,0.035053455833333
BAT_01591,Li0-1Co(PO3)3,Co(PO3)3,Co(PO3)3,LiCo(PO3)3,Li,5.370706193333338,88.51505655947788,276.0193590871824,475.38836246723855,1482.418881329429,0.006636725064083,0.062964182692307,0.025087633928557,1,3,Co-O-P,"Co,P,O",mp-26460,mp-504262,"mp-26460,mp-504262",,"['Co', 'P', 'O']",True,True,False,False,True,False,True,0.062964182692307
BAT_01592,Li0.5-1CoPO4,CoPO4,LiCo2(PO4)2,LiCoPO4,Li,4.381445333333336,83.31433471104175,254.7343665623,365.0372030194655,1116.1047016140128,0.02830133997262,0.051212777692301,0.040720808571428,1,3,Co-O-P,"Co,P,O",mp-754127,mp-757902,"mp-754127,mp-757902",,"['Co', 'P', 'O']",True,True,False,False,True,False,True,0.051212777692301
BAT_01593,Li0-1Co3P3O11,Co3P3O11,Co3P3O11,LiCo3P3O11,Li,4.125282103333338,59.20947542741392,209.0686203037785,244.25578932846568,862.4670377077703,0.011316996166838,0.170905306764704,0.171352369722218,1,3,Co-O-P,"Co,P,O",mp-25878,mp-584239,"mp-25878,mp-584239",,"['Co', 'P', 'O']",True,True,False,False,True,False,True,0.171352369722218
BAT_01594,Li0-2CoP2O7,CoP2O7,CoP2O7,Li2CoP2O7,Li,4.688218982083332,217.22841629928809,650.856788252745,1018.4143847422224,3051.359149304311,0.130717394909407,0.080338579250005,0.036216294513875,2,3,Co-O-P,"Co,P,O",mp-26646,mp-26515,"mp-26646,mp-584942,mp-780586,mp-26515",More than one working ion per transition metal,"['Co', 'P', 'O']",True,True,False,False,True,False,True,0.080338579250005
BAT_01595,Li0-1Co2P3O10,Co2P3O10,Co2P3O10,LiCo2P3O10,Li,4.794025123333331,70.95544654397156,248.16093866652847,340.16219336913485,1189.6897745973197,0.017383339227386,0.019505724666666,0.001686452187507,1,3,Co-O-P,"Co,P,O",mp-25270,mp-22042,"mp-25270,mp-22042",,"['Co', 'P', 'O']",True,True,False,False,True,False,True,0.019505724666666
BAT_01596,Li1-2CoP2O7,CoP2O7,LiCoP2O7,Li2CoP2O7,Li,4.084572525833342,108.61420814964404,332.83530051361595,443.6426105231798,1359.4899241053995,0.063527675880992,0.028930794015154,0.043286395972208,1,3,Co-O-P,"Co,P,O",mp-754170,mp-757366,"mp-754170,mp-757366",More than one working ion per transition metal,"['Co', 'P', 'O']",True,True,False,False,True,False,True,0.043286395972208
BAT_01597,Li5-14Co9(P2O7)8,Co9(P2O7)8,Li5Co9(P2O7)8,Li14Co9(P2O7)8,Li,4.576242114444443,119.46462236948445,368.2227474189521,546.6990360734363,1685.0764442350471,0.013061068399001,0.078312468343029,0.04605487606141,1,3,Co-O-P,"Co,P,O",mp-705379,mp-504263,"mp-705379,mp-504263",More than one working ion per transition metal,"['Co', 'P', 'O']",True,True,False,False,True,False,True,0.078312468343029
BAT_01598,Li0-1CoP2O7,CoP2O7,CoP2O7,LiCoP2O7,Li,5.041513038333325,111.75781176088262,388.7140633945656,563.4284651280911,1959.7070187872291,0.007095179635476,0.075730714250005,0.0397882969697,1,3,Co-O-P,"Co,P,O",mp-26198,mp-26197,"mp-26198,mp-31552,mp-26197",,"['Co', 'P', 'O']",True,True,False,False,True,False,True,0.075730714250005
BAT_01599,Li0-3Co3(PO4)4,Co3(PO4)4,Co3(PO4)4,Li3Co3(PO4)4,Li,5.178266513333336,139.22653684730943,447.7898291773641,720.9521135237921,2318.775077440399,0.079077455574672,0.150804546304348,0.048485122499996,1,3,Co-O-P,"Co,P,O",mp-585038,mp-26135,"mp-585038,mp-26135",,"['Co', 'P', 'O']",True,True,False,False,True,False,True,0.150804546304348
BAT_01600,Li0-4Co5(P3O11)2,Co5(P3O11)2,Co5(P3O11)2,Li4Co5(P3O11)2,Li,4.093662863333333,124.620470507315,416.9266077393712,510.1541921269223,1706.7569708382075,0.00962882668587,0.034183090909199,0.057814180135133,1,3,Co-O-P,"O,P,Co",mp-26552,mp-26551,"mp-26552,mp-26551",,"['O', 'P', 'Co']",True,True,False,False,True,False,True,0.057814180135133
BAT_01601,Li1-2Co(PO3)4,Co(PO3)4,LiCo(PO3)4,Li2Co(PO3)4,Li,5.153203818333343,68.95104534945432,174.82849362549274,355.3187901728835,900.9268609043556,0.06176945555183,0.069179412916668,0.048356500745606,1,3,Co-O-P,"Co,P,O",mp-540064,mp-31560,"mp-540064,mp-31560",More than one working ion per transition metal,"['Co', 'P', 'O']",True,True,False,False,True,False,True,0.069179412916668
BAT_01602,Li0-3Co3(PO4)4,Co3(PO4)4,Co3(PO4)4,Li3Co3(PO4)4,Li,4.783189751666673,139.22653684730943,471.6842310453541,665.9469442080929,2256.155179958913,0.082654394400661,0.091136801304348,0.041287897499996,1,3,Co-O-P,"Co,P,O",mp-31554,mp-26201,"mp-31554,mp-26201",,"['Co', 'P', 'O']",True,True,False,False,True,False,True,0.091136801304348
BAT_01605,Li0-1CoPO4,CoPO4,CoPO4,LiCoPO4,Li,4.334888140833333,166.6286694220835,506.4673974308676,722.3166430006276,2195.47951484179,0.115358703352867,0.012940566666667,0.004075114642858,1,3,Co-O-P,"Co,P,O",mp-540093,mp-26017,"mp-540093,mp-26017",,"['Co', 'P', 'O']",True,True,False,False,True,False,True,0.012940566666667
BAT_01606,Li0-1CoPO4,CoPO4,CoPO4,LiCoPO4,Li,4.257700939583334,166.6286694220835,513.1947057286051,709.4550423599258,2185.029580769875,0.07038666376667,0.000564491041666,0.004493792857142,1,3,Co-O-P,"Co,P,O",mp-861694,mp-757936,"mp-861694,mp-766459,mp-757936",,"['Co', 'P', 'O']",True,True,False,False,True,False,True,0.004493792857142
BAT_01607,Li0-2CoP2O7,CoP2O7,CoP2O7,Li2CoP2O7,Li,4.76944317833333,217.22841629928809,653.761196449865,1036.0585882587925,3118.076878666845,0.029221302142869,0.106647242000005,0.044602814097209,2,3,Co-O-P,"Co,P,O",mp-766033,mp-757776,"mp-766033,mp-766426,mp-757776",More than one working ion per transition metal,"['Co', 'P', 'O']",True,True,False,False,True,False,True,0.106647242000005
BAT_01608,Li0-1CoPO4,CoPO4,CoPO4,LiCoPO4,Li,3.994422962499993,166.62866942208353,515.4176861872894,665.585383350391,2058.7962409851248,0.104857169162969,0.003605725972223,0.044711705238096,1,3,Co-O-P,"Co,P,O",mp-766076,mp-757630,"mp-766076,mp-757630",,"['Co', 'P', 'O']",True,True,False,False,True,False,True,0.044711705238096
BAT_01609,Li0-1Co(PO3)3,Co(PO3)3,Co(PO3)3,LiCo(PO3)3,Li,4.571968950833342,88.51505655947788,216.1693857994988,404.68809027119,988.3197199960224,0.041724363629694,0.0,0.0236735530357,1,3,Co-O-P,"Co,P,O",mp-584429,mp-584674,"mp-584429,mp-584674",,"['Co', 'P', 'O']",True,True,False,False,True,False,True,0.0236735530357
BAT_01610,Li0-6Co5(P2O7)4,Co5(P2O7)4,Co5(P2O7)4,Li6Co5(P2O7)4,Li,4.848867404999997,155.80969072097471,518.6653974873882,755.5005307200648,2514.939739977964,0.008869811555814,0.074305082926833,0.015354510620581,1,3,Co-O-P,"Co,P,O",mp-1178442,mp-769575,"mp-1178442,mp-769575",More than one working ion per transition metal,"['Co', 'P', 'O']",True,True,False,False,True,False,True,0.074305082926833
BAT_01611,Li1-3Co2(PO4)3,Co2(PO4)3,LiCo2(PO4)3,Li3Co2(PO4)3,Li,4.381303445833343,126.5404212375438,394.7471743088704,554.4119836052535,1729.5071550324294,0.092714370219515,0.098728928842591,0.080977241249998,1,3,Co-O-P,"Co,P,O",mp-758304,mp-773159,"mp-758304,mp-776223,mp-773159,mp-775012",More than one working ion per transition metal,"['Co', 'P', 'O']",True,True,False,False,True,False,True,0.098728928842591
BAT_01612,Li0-1CoPO4,CoPO4,CoPO4,LiCoPO4,Li,3.5149613908333333,166.62866942208353,543.6642870439138,585.6933396245544,1910.958978534287,0.174896563947163,0.024707508194445,0.131293457380953,1,3,Co-O-P,"Co,P,O",mp-850025,mp-757563,"mp-850025,mp-757563",,"['Co', 'P', 'O']",True,True,False,False,True,False,True,0.131293457380953
BAT_01613,Li0-1CoPO4,CoPO4,CoPO4,LiCoPO4,Li,4.408243143333334,166.6286694220835,588.5530847444047,734.5396894626564,2594.485100312205,0.048514278586677,0.101575182916667,0.069568356785715,1,3,Co-O-P,"Co,P,O",mp-777241,mp-772438,"mp-777241,mp-772438",,"['Co', 'P', 'O']",True,True,False,False,True,False,True,0.101575182916667
BAT_01614,Li0-1CoPO4,CoPO4,CoPO4,LiCoPO4,Li,4.247482669583332,166.6286694220835,511.5818163972382,707.7523856260298,2172.934899221231,0.059272070583294,3.690833333358512e-05,0.005501331964286,1,3,Co-O-P,"Co,P,O",mp-1178446,mp-758373,"mp-1178446,mp-1176783,mp-758373",,"['Co', 'P', 'O']",True,True,False,False,True,False,True,0.005501331964286
BAT_01615,Li0-4Co3P4O15,Co3P4O15,Co3P4O15,Li4Co3P4O15,Li,4.846628273958336,188.5935329321526,603.4453704447649,914.0427489946634,2924.6753941868596,0.021918279237916,0.170363742272735,0.074641462564116,2,3,Co-O-P,"Co,P,O",mp-849725,mp-778384,"mp-849725,mp-775872,mp-778384",More than one working ion per transition metal,"['Co', 'P', 'O']",True,True,False,False,True,False,True,0.170363742272735
BAT_01616,Li0-1CoPO4,CoPO4,CoPO4,LiCoPO4,Li,4.225425048333332,166.6286694220835,507.95898938904065,704.076953546526,2146.342637290538,0.108268440108019,0.0,0.008620784999999,1,3,Co-O-P,"Co,P,O",mp-849770,mp-1176778,"mp-849770,mp-1176778",,"['Co', 'P', 'O']",True,True,False,False,True,False,True,0.008620784999999
BAT_01617,Li0-1CoPO4,CoPO4,CoPO4,LiCoPO4,Li,4.769965208333329,166.6286694220835,619.1033255711332,794.812955854214,2953.101323337767,0.055331623174136,0.134925155416667,0.046479466785714,1,3,Co-O-P,"Co,P,O",mp-776270,mp-776295,"mp-776270,mp-776295",,"['Co', 'P', 'O']",True,True,False,False,True,False,True,0.134925155416667
BAT_01618,Li0-4Co3Sn(PO4)4,Co3Sn(PO4)4,Co3Sn(PO4)4,Li4Co3Sn(PO4)4,Li,3.083323130833332,152.46326869195687,567.2307119202438,470.0935229603681,1748.9555745827463,0.077786326398762,0.056101006354169,0.120035014255952,1,4,Co-O-P-Sn,"Co,Sn,P,O",mp-775131,mp-757004,"mp-775131,mp-757004",More than one working ion per transition metal,"['Co', 'Sn', 'P', 'O']",True,True,False,False,True,False,True,0.120035014255952
BAT_01619,Li1-6Co3Sb(PO4)6,Co3Sb(PO4)6,LiCo3Sb(PO4)6,Li6Co3Sb(PO4)6,Li,4.271529175333335,147.25542288517485,470.17061350387206,629.0058350800724,2008.3474929661627,0.088491969011252,0.08832375328572,0.087102577874987,1,4,Co-O-P-Sb,"Co,Sb,P,O",mp-764378,mp-774592,"mp-764378,mp-766096,mp-774592",More than one working ion per transition metal,"['Co', 'Sb', 'P', 'O']",True,True,False,False,True,False,True,0.08832375328572
BAT_01620,Li0-2CoSn(PO4)2,CoSn(PO4)2,CoSn(PO4)2,Li2CoSn(PO4)2,Li,2.5749900783333333,140.51761529841198,518.6013756844109,361.83146522447106,1335.3933969973757,0.134025165198324,0.037337036388894,0.080416281011904,1,4,Co-O-P-Sn,"Co,Sn,P,O",mp-863354,mp-1661734,"mp-863354,mp-1661734,mp-753250,mp-1662988,mp-1662637",More than one working ion per transition metal,"['Co', 'Sn', 'P', 'O']",True,True,False,False,True,False,True,0.080416281011904
BAT_01621,Li0-4VCo3(PO4)4,VCo3(PO4)4,VCo3(PO4)4,Li4VCo3(PO4)4,Li,4.508190578333331,168.72446001875755,603.0849218368487,760.6420209909417,2718.821762559775,0.041632273468451,0.189969298020809,0.038804269017858,1,4,Co-O-P-V,"V,Co,P,O",mp-757057,mp-1177182,"mp-757057,mp-1177182",,"['V', 'Co', 'P', 'O']",True,True,False,False,True,False,True,0.189969298020809
BAT_01622,Li1-8VCo3(PO4)6,VCo3(PO4)6,LiVCo3(PO4)6,Li8VCo3(PO4)6,Li,4.056825139047618,219.91674041632425,651.2655226745597,892.1637610183535,2642.0703445811405,0.063261156001237,0.126918521499989,0.140777751369096,1,4,Co-O-P-V,"V,Co,P,O",mp-768928,mp-760152,"mp-768928,mp-760152",More than one working ion per transition metal,"['V', 'Co', 'P', 'O']",True,True,False,False,True,False,True,0.140777751369096
BAT_01623,Li0-4V3Co(PO4)4,V3Co(PO4)4,V3Co(PO4)4,Li4V3Co(PO4)4,Li,2.738780853333328,173.07828266593876,592.8467820506289,474.0234866932868,1623.6774156405393,0.039187050683672,0.039129688020834,0.046464934238092,1,4,Co-O-P-V,"V,Co,P,O",mp-774635,mp-765840,"mp-774635,mp-765840",,"['V', 'Co', 'P', 'O']",True,True,False,False,True,False,True,0.046464934238092
BAT_01625,Li0-2Co2(SO4)3,Co2(SO4)3,Co2(SO4)3,Li2Co2(SO4)3,Li,5.123416517083332,127.64549368971456,380.2155506590219,653.9810307011398,1948.0026322983672,0.107846981857135,0.035623692009811,0.012899810657899,2,3,Co-O-S,"Co,S,O",mp-1178458,mp-778578,"mp-1178458,mp-768456,mp-769110,mp-778578",,"['Co', 'S', 'O']",True,True,True,False,False,False,True,0.035623692009811
BAT_01627,Li0-1Co(SO4)2,Co(SO4)2,Co(SO4)2,LiCo(SO4)2,Li,4.884270373333327,103.88195346490596,294.6740091808515,507.38754763263154,1439.2675328333858,0.032538381375242,0.046819087803037,0.070792591493059,1,3,Co-O-S,"Co,S,O",mp-771768,mp-774464,"mp-771768,mp-774464",,"['Co', 'S', 'O']",True,True,True,False,False,False,True,0.070792591493059
BAT_01628,Li0-1Co(SO4)2,Co(SO4)2,Co(SO4)2,LiCo(SO4)2,Li,4.918742306666678,103.88195346490596,292.94530003076966,510.968559407012,1440.92244080051,0.002777768367148,0.042449093863643,0.06391410260417,1,3,Co-O-S,"Co,S,O",mp-772268,mp-1176804,"mp-772268,mp-1176804",,"['Co', 'S', 'O']",True,True,True,False,False,False,True,0.06391410260417
BAT_01629,Li0-4Co5SbO12,Co5SbO12,Co5SbO12,Li4Co5SbO12,Li,3.817008133333332,168.51434649650105,832.7435693125061,643.2206311604958,3178.5889770468652,0.022610000881147,0.06309119125,0.076620472500005,1,3,Co-O-Sb,"Co,Sb,O",mp-753116,mp-757593,"mp-753116,mp-757593",,"['Co', 'Sb', 'O']",True,True,False,False,False,False,True,0.076620472500005
BAT_01630,Li0-4Co3SbO8,Co3SbO8,Co3SbO8,Li4Co3SbO8,Li,3.134414413333333,235.9707062992246,1146.6688825032552,739.6299829487363,3594.135472639029,0.103513642954921,0.087374796041666,0.131009492812494,2,3,Co-O-Sb,"Co,Sb,O",mp-752854,mp-1177495,"mp-752854,mp-772208,mp-757171,mp-886491,mp-1177495",More than one working ion per transition metal,"['Co', 'Sb', 'O']",True,True,False,False,False,False,True,0.131009492812494
BAT_01632,Li0-1CoSbO4,CoSbO4,CoSbO4,LiCoSbO4,Li,4.02669763083333,106.510710005323,536.5574217993076,428.88642363681,2160.5544991653114,0.107781721523114,0.088283664583332,0.0,1,3,Co-O-Sb,"Co,Sb,O",mp-758123,mp-773085,"mp-758123,mp-773085",,"['Co', 'Sb', 'O']",True,True,False,False,False,False,True,0.088283664583332
BAT_01633,Li0-2Co3SbO8,Co3SbO8,Co3SbO8,Li2Co3SbO8,Li,4.445311720833328,121.70409946736802,658.968501230379,541.0126598357563,2929.3204021793754,0.049824848412316,0.083053358124999,0.028098295357118,1,3,Co-O-Sb,"Co,Sb,O",mp-757530,mp-757930,"mp-757530,mp-761540,mp-1640280,mp-757930",,"['Co', 'Sb', 'O']",True,True,False,False,False,False,True,0.083053358124999
BAT_01634,Li1-2CoSiO4,CoSiO4,LiCoSiO4,Li2CoSiO4,Li,3.70397912333333,162.53340366778136,502.2163140188892,602.0203340297711,1860.198742523382,0.005349934017477,0.068052199285711,0.009668001875,1,3,Co-O-Si,"Co,Si,O",mp-763240,mp-758372,"mp-763240,mp-763313,mp-759510,mp-764452,mp-752894,mp-758372",More than one working ion per transition metal,"['Co', 'Si', 'O']",True,True,False,False,False,True,True,0.068052199285711
BAT_01635,Li0-1Co(SiO3)2,Co(SiO3)2,Co(SiO3)2,LiCo(SiO3)2,Li,4.851233068333347,122.91912075475274,418.4911644965792,596.3093033359164,2030.1981760111355,0.095481481193754,0.190216359444445,0.062605527000002,1,3,Co-O-Si,"Co,Si,O",mp-1341839,mp-753876,"mp-1341839,mp-1340191,mp-753876",,"['Co', 'Si', 'O']",True,True,False,False,False,True,True,0.190216359444445
BAT_01636,Li1-2Co(SiO3)2,Co(SiO3)2,LiCo(SiO3)2,Li2Co(SiO3)2,Li,3.757577073333327,119.12690910763072,344.9535563853076,447.6285424798963,1296.189574838227,0.0258616840545599,0.056143412000002,0.009892253636365,1,3,Co-O-Si,"Co,Si,O",mp-755994,mp-753142,"mp-755994,mp-753142",More than one working ion per transition metal,"['Co', 'Si', 'O']",True,True,False,False,False,True,True,0.056143412000002
BAT_01637,Li0-4Ti3Co3(SbO8)2,Ti3Co3(SbO8)2,Ti3Co3(SbO8)2,Li4Ti3Co3(SbO8)2,Li,4.300809392083335,126.47055354766138,583.7603545241113,543.9257445197604,2510.642015463195,0.117430428580826,0.177482206458333,0.038368303571428,1,4,Co-O-Sb-Ti,"Ti,Co,Sb,O",mp-762505,mp-773002,"mp-762505,mp-773002",,"['Ti', 'Co', 'Sb', 'O']",True,True,False,False,False,False,True,0.177482206458333
BAT_01638,Li0-2Co3(SeO3)4,Co3(SeO3)4,Co3(SeO3)4,Li2Co3(SeO3)4,Li,5.04306379083332,76.73852313109884,323.80549555929736,386.99726736446974,1632.9717699279315,0.086777674608777,0.143224230953947,0.0,1,3,Co-O-Se,"Co,Se,O",mp-775276,mp-562404,"mp-775276,mp-562404",,"['Co', 'Se', 'O']",True,True,False,False,False,False,True,0.143224230953947
BAT_01639,Li1-2CoSiO4,CoSiO4,LiCoSiO4,Li2CoSiO4,Li,3.914207908333336,162.53340366778136,527.7109777901534,636.1895340047643,2065.5704825805356,0.004445770357172,0.09207035285714,0.004405288124999,1,3,Co-O-Si,"Co,Si,O",mp-763253,mp-753828,"mp-763253,mp-758567,mp-753828",More than one working ion per transition metal,"['Co', 'Si', 'O']",True,True,False,False,False,True,True,0.09207035285714
BAT_01640,Li1-2CoSiO4,CoSiO4,LiCoSiO4,Li2CoSiO4,Li,3.713920558333332,162.53340366778136,524.3454971641232,603.6361492976635,1947.3775215873493,0.020362096862296,0.076110670357139,0.015476484687499,1,3,Co-O-Si,"Co,Si,O",mp-778061,mp-764957,"mp-778061,mp-774355,mp-764957",More than one working ion per transition metal,"['Co', 'Si', 'O']",True,True,False,False,False,True,True,0.076110670357139
BAT_01641,Li1-2CoSiO4,CoSiO4,LiCoSiO4,Li2CoSiO4,Li,3.798029073333329,162.53340366778136,520.4310351577506,617.3065925180556,1976.6122021940969,0.034675140287127,0.070438761428568,0.0,1,3,Co-O-Si,"Co,Si,O",mp-763255,mp-753732,"mp-763255,mp-763246,mp-763256,mp-753099,mp-753732",More than one working ion per transition metal,"['Co', 'Si', 'O']",True,True,False,False,False,True,True,0.070438761428568
BAT_01642,Li1-2CoSiO4,CoSiO4,LiCoSiO4,Li2CoSiO4,Li,3.445609338333338,162.53340366778136,494.9215214542684,560.0266134688095,1705.3062160649708,0.038507397519748,0.073399131249997,0.046642790468749,1,3,Co-O-Si,"Co,Si,O",mp-757822,mp-1248621,"mp-757822,mp-1248621",More than one working ion per transition metal,"['Co', 'Si', 'O']",True,True,False,False,False,True,True,0.073399131249997
BAT_01643,Li1.5-2CoSiO4,CoSiO4,Li3Co2(SiO4)2,Li2CoSiO4,Li,4.32322742333334,81.26670183389068,259.62936166433485,351.33443397213,1122.4367762497825,0.021971583698797,0.083127418000002,0.014290099374999,1,3,Co-O-Si,"Co,Si,O",mp-1177732,mp-758637,"mp-1177732,mp-758637",More than one working ion per transition metal,"['Co', 'Si', 'O']",True,True,False,False,False,True,True,0.083127418000002
BAT_01644,Li0-1.5CoSiO4,CoSiO4,CoSiO4,Li3Co2(SiO4)2,Li,4.176416345000002,249.04150935126032,775.677931420345,1040.1010302380744,3239.553991239719,0.191816817942522,0.213079787083333,0.057556557333334,2,3,Co-O-Si,"Co,Si,O",mp-25268,mp-781591,"mp-25268,mp-510760,mp-781591",More than one working ion per transition metal,"['Co', 'Si', 'O']",True,True,False,False,False,True,True,0.213079787083333
BAT_01645,Li2.5-3CoSiO5,CoSiO5,Li5Co2(SiO5)2,Li3CoSiO5,Li,5.091243358333321,71.34174655909926,208.30470763269605,363.2181933409131,1060.5299592445278,0.00982176758919,0.133950750460524,0.043687515999991,1,3,Co-O-Si,"Co,Si,O",mp-849671,mp-758411,"mp-849671,mp-758411",More than one working ion per transition metal,"['Co', 'Si', 'O']",True,True,False,False,False,True,True,0.133950750460524
BAT_01646,Li1-2CoSiO4,CoSiO4,LiCoSiO4,Li2CoSiO4,Li,3.726868828333335,162.53340366778136,514.2710270285038,605.7406756923733,1916.6206599475008,0.000614680078591,0.066904433928568,0.005802494062499,1,3,Co-O-Si,"Co,Si,O",mp-762880,mp-759671,"mp-762880,mp-758102,mp-759671",More than one working ion per transition metal,"['Co', 'Si', 'O']",True,True,False,False,False,True,True,0.066904433928568
BAT_01647,Li1-2CoSiO4,CoSiO4,LiCoSiO4,Li2CoSiO4,Li,3.882312670833333,162.53340366778136,518.7116435520616,631.0054924930965,2013.800786270952,0.041668056417701,0.089613370714283,0.0062423334375,1,3,Co-O-Si,"Co,Si,O",mp-759261,mp-761247,"mp-759261,mp-759124,mp-761247",More than one working ion per transition metal,"['Co', 'Si', 'O']",True,True,False,False,False,True,True,0.089613370714283
BAT_01648,Li2.5-4Co2Si3O10,Co2Si3O10,Li5Co4(Si3O10)2,Li4Co2Si3O10,Li,3.7525491433333062,103.11411189721515,315.5960039125114,386.94077226546943,1184.2895141213094,0.013219549715563,0.079259251999996,0.037665779473684,1,3,Co-O-Si,"Co,Si,O",mp-849656,mp-757921,"mp-849656,mp-759853,mp-1177711,mp-1267688,mp-758811,mp-757921",More than one working ion per transition metal,"['Co', 'Si', 'O']",True,True,False,False,False,True,True,0.079259251999996
BAT_01649,Li1.5-2CoSiO4,CoSiO4,Li3Co2(SiO4)2,Li2CoSiO4,Li,4.586395388333334,81.26670183389068,257.9997313388431,372.7212265160163,1183.2887780037092,0.035009837487028,0.108240205666668,0.02138534,1,3,Co-O-Si,"Co,Si,O",mp-778490,mp-758473,"mp-778490,mp-758473",More than one working ion per transition metal,"['Co', 'Si', 'O']",True,True,False,False,False,True,True,0.108240205666668
BAT_01650,Li1-2CoSiO4,CoSiO4,LiCoSiO4,Li2CoSiO4,Li,3.817750715833331,162.53340366778136,516.641363247852,620.5120181995001,1972.4079343685953,0.015065164648375,0.089977163214283,0.014630896249999,1,3,Co-O-Si,"Co,Si,O",mp-777657,mp-760516,"mp-777657,mp-777651,mp-760516",More than one working ion per transition metal,"['Co', 'Si', 'O']",True,True,False,False,False,True,True,0.089977163214283
BAT_01651,Li1-2CoSiO4,CoSiO4,LiCoSiO4,Li2CoSiO4,Li,3.870546415833336,162.53340366778136,526.9927337439266,629.0930830195239,2039.7498367627663,0.002090351648725,0.088263056785711,0.006531590624999,1,3,Co-O-Si,"Co,Si,O",mp-758703,mp-758638,"mp-758703,mp-759019,mp-758638",More than one working ion per transition metal,"['Co', 'Si', 'O']",True,True,False,False,False,True,True,0.088263056785711
BAT_01652,Li1-2Co3(SiO4)2,Co3(SiO4)2,LiCo3(SiO4)2,Li2Co3(SiO4)2,Li,3.757831299999982,71.4996385675959,244.70518554079896,268.6835797479978,919.5608054975175,0.012439131744667,0.067149804553567,0.024091844055559,1,3,Co-O-Si,"Co,Si,O",mp-849520,mp-758078,"mp-849520,mp-758078",,"['Co', 'Si', 'O']",True,True,False,False,False,True,True,0.067149804553567
BAT_01653,Li0-2Co3SnO8,Co3SnO8,Co3SnO8,Li2Co3SnO8,Li,4.045099728333331,122.55277052032513,643.3842024174539,495.7381787382642,2602.5532624127995,0.056191141750638,0.06097233,0.036968742410718,1,3,Co-O-Sn,"Co,Sn,O",mp-771769,mp-772420,"mp-771769,mp-772420,mp-1343846",,"['Co', 'Sn', 'O']",True,True,False,False,False,False,True,0.06097233
BAT_01654,Li1-2CoSnO4,CoSnO4,LiCoSnO4,Li2CoSnO4,Li,2.814268028333335,104.88880706460608,538.779610741448,295.1852162519445,1516.2702328275366,0.006947049749988,0.057787027857139,0.022117388749999,1,3,Co-O-Sn,"Co,Sn,O",mp-753496,mp-768412,"mp-753496,mp-780098,mp-1311767,mp-1311476,mp-768412",More than one working ion per transition metal,"['Co', 'Sn', 'O']",True,True,False,False,False,False,True,0.057787027857139
BAT_01655,Li0-2Co3TeO8,Co3TeO8,Co3TeO8,Li2Co3TeO8,Li,4.670871303333333,120.1114736244409,623.2610181667344,561.0252353534795,2911.1720042413144,0.044173708893399,0.251342351458334,0.087263141249996,1,3,Co-O-Te,"Co,Te,O",mp-761512,mp-755343,"mp-761512,mp-755343",,"['Co', 'Te', 'O']",True,True,False,False,False,False,True,0.251342351458334
BAT_01656,Li0-2Co3TeO8,Co3TeO8,Co3TeO8,Li2Co3TeO8,Li,4.523163175833337,120.1114736244409,598.8264660205737,543.2837944931482,2708.5898198186715,0.171527461522865,0.234599084375001,0.09401293053571,1,3,Co-O-Te,"Co,Te,O",mp-867653,mp-1178025,"mp-867653,mp-1178025",,"['Co', 'Te', 'O']",True,True,False,False,False,False,True,0.234599084375001
BAT_01657,Li0-4Co5Te3O16,Co5Te3O16,Co5Te3O16,Li4Co5Te3O16,Li,3.932885010833321,111.5310571537308,545.3309282508303,438.6388229223024,2144.723833661512,0.184517526045645,0.171422336354166,0.095871406339293,1,3,Co-O-Te,"Co,Te,O",mp-771020,mp-781593,"mp-771020,mp-781593",,"['Co', 'Te', 'O']",True,True,False,False,False,False,True,0.171422336354166
BAT_01658,Li0-4Co3TeO8,Co3TeO8,Co3TeO8,Li4Co3TeO8,Li,3.410411903333334,232.9759380372485,1132.769244170601,794.5439122724816,3863.209714049322,0.064514833883774,0.054047403125001,0.05009065843749,3,3,Co-O-Te,"Co,Te,O",mp-753013,mp-772478,"mp-753013,mp-1312235,mp-1275718,mp-1305634,mp-1178026,mp-772004,mp-756586,mp-772478",More than one working ion per transition metal,"['Co', 'Te', 'O']",True,True,False,False,False,False,True,0.054047403125001
BAT_01659,Li0-3Co4TeO8,Co4TeO8,Co4TeO8,Li3Co4TeO8,Li,2.723031096666668,156.99363386181884,826.1557474258348,427.4985469844339,2249.6477909304417,0.039902934807777,0.061805480576947,0.111887008593746,1,3,Co-O-Te,"Co,Te,O",mp-1287666,mp-756161,"mp-1287666,mp-755872,mp-756161",,"['Co', 'Te', 'O']",True,True,False,False,False,False,True,0.111887008593746
BAT_01660,Li0-4TiCo3O8,TiCo3O8,TiCo3O8,Li4TiCo3O8,Li,3.534146764583333,281.8050952604476,1221.7822229496533,995.9405656578092,4317.957690262951,0.072128957011391,0.085567226666666,0.070879902343749,2,3,Co-O-Ti,"Ti,Co,O",mp-1290660,mp-1297766,"mp-1290660,mp-753061,mp-757214,mp-1297766,mp-1307386,mp-803628,mp-756719",,"['Ti', 'Co', 'O']",True,True,False,False,False,False,True,0.085567226666666
BAT_01661,Li1-5Ti2Co3O10,Ti2Co3O10,LiTi2Co3O10,Li5Ti2Co3O10,Li,3.472139000833331,229.44873286492972,980.3901122873656,796.677894072111,3404.050744904331,0.02574253579281,0.097854773984374,0.037903091750005,2,3,Co-O-Ti,"Ti,Co,O",mp-762834,mp-761142,"mp-762834,mp-753046,mp-775264,mp-761142",,"['Ti', 'Co', 'O']",True,True,False,False,False,False,True,0.097854773984374
BAT_01662,Li0-4Ti3Co3(TeO8)2,Ti3Co3(TeO8)2,Ti3Co3(TeO8)2,Li4Ti3Co3(TeO8)2,Li,3.647128688333336,124.7516177280982,564.9661966294303,454.98520393214056,2060.504423665768,0.079381145829498,0.100846708541666,0.038689365364012,1,4,Co-O-Te-Ti,"Ti,Co,Te,O",mp-752786,mp-753426,"mp-752786,mp-753426",,"['Ti', 'Co', 'Te', 'O']",True,True,False,False,False,False,True,0.100846708541666
BAT_01663,Li0-4V3Co3(TeO8)2,V3Co3(TeO8)2,V3Co3(TeO8)2,Li4V3Co3(TeO8)2,Li,3.477113773333333,123.42687095393062,555.9160165782247,429.1692729933481,1932.9832380607468,0.045552698932268,0.136924238923611,0.10771257898809,1,4,Co-O-Te-V,"V,Co,Te,O",mp-775162,mp-771757,"mp-775162,mp-771757,mp-756566",,"['V', 'Co', 'Te', 'O']",True,True,False,False,False,False,True,0.136924238923611
BAT_01664,Li0-3Ti(CoO3)2,Ti(CoO3)2,Ti(CoO3)2,Li3Ti(CoO3)2,Li,3.479630436666667,284.5643231344192,1206.0204398244862,990.1786799679738,4196.5054296554035,0.07718822668118,0.106337501111112,0.083055322708337,1,3,Co-O-Ti,"Ti,Co,O",mp-753158,mp-771220,"mp-753158,mp-771220",,"['Ti', 'Co', 'O']",True,True,False,False,False,False,True,0.106337501111112
BAT_01665,Li0-4TiCo5O12,TiCo5O12,TiCo5O12,Li4TiCo5O12,Li,3.808862595833329,190.65956620224077,850.5798101893519,726.1960902455235,3239.741623801236,0.01118588123472,0.065838128333332,0.061655091988633,1,3,Co-O-Ti,"Ti,Co,O",mp-756754,mp-770955,"mp-756754,mp-1306974,mp-770955,mp-1640620,mp-1645499",,"['Ti', 'Co', 'O']",True,True,False,False,False,False,True,0.065838128333332
BAT_01666,Li1-2TiCoO4,TiCoO4,LiTiCoO4,Li2TiCoO4,Li,3.036109050833336,145.12405726551674,592.7587080566158,440.6124637574908,1799.6800784909665,0.000613137512088,0.058998397142854,0.040589399374996,1,3,Co-O-Ti,"Ti,Co,O",mp-1176576,mp-1177850,"mp-1176576,mp-1313679,mp-1309814,mp-781664,mp-1177850",,"['Ti', 'Co', 'O']",True,True,False,False,False,False,True,0.058998397142854
BAT_01667,Li0-3Ti6Co3O16,Ti6Co3O16,Ti6Co3O16,Li3Ti6Co3O16,Li,3.535915004999997,108.53512019076084,441.7657773540323,383.7709600519894,1562.0462408416108,0.008267511999402,0.098138989200005,0.029371274464287,1,3,Co-O-Ti,"Ti,Co,O",mp-758898,mp-772982,"mp-758898,mp-772982",,"['Ti', 'Co', 'O']",True,True,False,False,False,False,True,0.098138989200005
BAT_01668,Li0-3TiCo3O8,TiCo3O8,TiCo3O8,Li3TiCo3O8,Li,3.683614426666664,215.28171070232935,1024.5420759701358,793.0148153405796,3774.0179717706055,0.064845124021891,0.061302074166666,0.065386994666655,2,3,Co-O-Ti,"Ti,Co,O",mp-1101280,mp-761172,"mp-1101280,mp-773179,mp-1661621,mp-761172",,"['Ti', 'Co', 'O']",True,True,False,False,False,False,True,0.065386994666655
BAT_01669,Li1-4V3CoO10,V3CoO10,LiV3CoO10,Li4V3CoO10,Li,3.390205559999998,201.25478033119992,648.2937875816972,682.2950752554124,2197.849203172928,0.021459795805256,0.082704495499998,0.132449092962964,1,3,Co-O-V,"V,Co,O",mp-754313,mp-759134,"mp-754313,mp-759134",,"['V', 'Co', 'O']",True,True,False,False,False,False,True,0.132449092962964
BAT_01670,Li0-1VCoO4,VCoO4,VCoO4,LiVCoO4,Li,4.222642800833332,148.22738087574749,561.0917948505211,625.9112827413554,2369.290228132206,0.180260592180564,0.131433927083333,0.041527882180449,1,3,Co-O-V,"V,Co,O",mp-771308,mp-754522,"mp-771308,mp-754522",,"['V', 'Co', 'O']",True,True,False,False,False,False,True,0.131433927083333
BAT_01671,Li0-2V3CoO8,V3CoO8,V3CoO8,Li2V3CoO8,Li,2.425232038333338,151.57712954409598,585.5554114063451,367.6097108489444,1420.107743962127,0.051370676723648,0.044511997916666,0.221171490714286,1,3,Co-O-V,"V,Co,O",mp-755017,mp-756121,"mp-755017,mp-756121",,"['V', 'Co', 'O']",True,True,False,False,False,False,True,0.221171490714286
BAT_01673,Li0-1VCoO4,VCoO4,VCoO4,LiVCoO4,Li,3.91997867333333,148.22738087574749,567.7929416841864,581.0481718369869,2225.736222271206,0.168631099554221,0.040728241666666,0.007017884323307,1,3,Co-O-V,"V,Co,O",mp-771137,mp-753151,"mp-771137,mp-753151",,"['V', 'Co', 'O']",True,True,False,False,False,False,True,0.040728241666666
BAT_01674,Li1-2VCoO4,VCoO4,LiVCoO4,Li2VCoO4,Li,3.704200043333334,142.74763272586597,599.6085019722666,528.7657873288837,2221.0698389887057,0.021441366678151,0.197311209323307,0.066466961964286,1,3,Co-O-V,"V,Co,O",mp-753959,mp-773359,"mp-753959,mp-773359",,"['V', 'Co', 'O']",True,True,False,False,False,False,True,0.197311209323307
BAT_01675,Li3-4V3CoO8,V3CoO8,Li3V3CoO8,Li4V3CoO8,Li,2.536734053333337,72.92584779092643,304.9208901734804,184.9934814594468,773.5032056757824,0.00463389326915,0.127229887222224,0.085607522291665,1,3,Co-O-V,"V,Co,O",mp-1177534,mp-771356,"mp-1177534,mp-773242,mp-756700,mp-771356,mp-771711",,"['V', 'Co', 'O']",True,True,False,False,False,False,True,0.127229887222224
BAT_01676,Li0-2VCo3O8,VCo3O8,VCo3O8,Li2VCo3O8,Li,4.1865232483333354,145.02248526673344,690.7520940006278,607.140006100258,2891.849700368561,0.048367584523094,0.092386353333334,0.043026576946425,1,3,Co-O-V,"V,Co,O",mp-752604,mp-757835,"mp-752604,mp-1101465,mp-757835",,"['V', 'Co', 'O']",True,True,False,False,False,False,True,0.092386353333334
BAT_01677,Li0-1VCoO4,VCoO4,VCoO4,LiVCoO4,Li,4.31046450333334,148.22738087574749,608.5979906392599,638.9288636869807,2623.340035450526,0.127842591169732,0.103861635000001,0.005348531466164,1,3,Co-O-V,"V,Co,O",mp-756413,mp-753926,"mp-756413,mp-753926",,"['V', 'Co', 'O']",True,True,False,False,False,False,True,0.103861635000001
BAT_01679,Li0-2V5CoO12,V5CoO12,V5CoO12,Li2V5CoO12,Li,2.6909737133333262,103.17875560329108,357.3206297288339,277.65131910289983,961.5404218320026,0.015482114668237,0.057845585277776,0.153599703999999,1,3,Co-O-V,"V,Co,O",mp-2236422,mp-755221,"mp-2236422,mp-757641,mp-755221",,"['V', 'Co', 'O']",True,True,False,False,False,False,True,0.153599703999999
BAT_01680,Li1-3V3(CoO6)2,V3(CoO6)2,LiV3(CoO6)2,Li3V3(CoO6)2,Li,4.082444910833336,110.86291751356694,355.4266005793126,452.5917534033972,1451.0095167098077,0.084866585242962,0.095259396666667,0.080456555333333,1,3,Co-O-V,"V,Co,O",mp-761188,mp-774919,"mp-761188,mp-774919",,"['V', 'Co', 'O']",True,True,False,False,False,False,True,0.095259396666667
BAT_01681,Li0-2V3CoO8,V3CoO8,V3CoO8,Li2V3CoO8,Li,3.512317765833335,151.57712954409598,598.608091123979,532.3870449917491,2102.501833226331,0.024854804967626,0.080130187708332,0.096403406607143,1,3,Co-O-V,"V,Co,O",mp-861494,mp-1177869,"mp-861494,mp-1177869,mp-757296",,"['V', 'Co', 'O']",True,True,False,False,False,False,True,0.096403406607143
BAT_01682,Li0-1V2CoO6,V2CoO6,V2CoO6,LiV2CoO6,Li,2.654171328333338,101.61560507019398,439.95483240841423,269.7052254885526,1167.715501940112,0.011030634436091,0.094264139444385,0.176325457333329,1,3,Co-O-V,"V,Co,O",mp-755979,mp-761801,"mp-755979,mp-761801",,"['V', 'Co', 'O']",True,True,False,False,False,False,True,0.176325457333329
BAT_01683,Li0-2Co3WO8,Co3WO8,Co3WO8,Li2Co3WO8,Li,3.510014330833333,106.66899870962078,611.0831475866331,374.4097141264113,2144.910605359823,0.093857722447852,0.101186156532739,0.11161877142857,1,3,Co-O-W,"Co,W,O",mp-753391,mp-775180,"mp-753391,mp-775180",,"['Co', 'W', 'O']",True,True,False,False,False,False,True,0.11161877142857
BAT_01684,Li0-2Co(WO4)2,Co(WO4)2,Co(WO4)2,Li2Co(WO4)2,Li,4.6707320283333384,94.29000518245832,622.4279974051971,440.4033471574244,2907.1943828118333,0.047077079777056,0.192013003863635,0.000224318846145,2,3,Co-O-W,"Co,W,O",mp-25290,mp-552307,"mp-25290,mp-25289,mp-552307",,"['Co', 'W', 'O']",True,True,False,False,False,False,True,0.192013003863635
BAT_01687,Li0-1CoS2,CoS2,CoS2,LiCoS2,Li,2.052771425833332,206.15858700070328,779.3589781502643,423.1964565852187,1599.8458408135268,0.132286694546869,0.098499989166667,0.0525198625,2,2,Co-S,"Co,S",mp-1390701,mp-1176776,"mp-1390701,mp-1097024,mp-1176776",,"['Co', 'S']",True,False,True,False,False,False,True,0.098499989166667
BAT_01689,Li3-4Cr3CuO8,Cr3CuO8,Li3Cr3CuO8,Li4Cr3CuO8,Li,3.285255933333322,71.41472246485455,303.80504297773314,234.6156407050159,998.0773200191828,0.013627165483628,0.053885044296299,0.037259143125,1,3,Cr-Cu-O,"Cr,Cu,O",mp-768828,mp-756558,"mp-768828,mp-756558",,"['Cr', 'Cu', 'O']",True,True,False,False,False,False,True,0.053885044296299
BAT_01690,Li0-3Cr3(CuO6)2,Cr3(CuO6)2,Cr3(CuO6)2,Li3Cr3(CuO6)2,Li,4.055288961666662,162.139697077859,524.027201182283,657.523323807818,2125.081724567587,0.075017014366033,0.059203695750001,0.064680494062508,1,3,Cr-Cu-O,"Cr,Cu,O",mp-764630,mp-774351,"mp-764630,mp-774351",,"['Cr', 'Cu', 'O']",True,True,False,False,False,False,True,0.064680494062508
BAT_01691,Li0-4CrFe3Cu2(PO4)6,CrFe3Cu2(PO4)6,CrFe3Cu2(PO4)6,Li4CrFe3Cu2(PO4)6,Li,3.489295448333342,113.53970620955552,379.61986815006173,396.173580082107,1324.6058780329138,0.041308569015128,0.058993960416617,0.082233561749998,1,5,Cr-Cu-Fe-O-P,"Cr,Fe,Cu,P,O",mp-773538,mp-1177494,"mp-773538,mp-1177494",,"['Cr', 'Fe', 'Cu', 'P', 'O']",True,True,False,False,True,False,True,0.082233561749998
BAT_01692,Li0-2Cr3(CuO6)2,Cr3(CuO6)2,Cr3(CuO6)2,Li2Cr3(CuO6)2,Li,4.587537433333336,109.62757580548354,334.0832400559343,502.9206077332437,1532.6193696058856,0.091935223303492,0.070364155161765,0.02219458103947,1,3,Cr-Cu-O,"Cr,Cu,O",mp-772337,mp-1178040,"mp-772337,mp-1178040",,"['Cr', 'Cu', 'O']",True,True,False,False,False,False,True,0.070364155161765
BAT_01693,Li0-4Cr3Cu(PO4)4,Cr3Cu(PO4)4,Cr3Cu(PO4)4,Li4Cr3Cu(PO4)4,Li,3.140120223333331,170.93224262159222,584.968470017767,536.7477918757813,1836.8713227151477,0.105730926714603,0.051476907239584,0.071749107857173,1,4,Cr-Cu-O-P,"Cr,Cu,P,O",mp-756357,mp-1177451,"mp-756357,mp-1177451",,"['Cr', 'Cu', 'P', 'O']",True,True,False,False,True,False,True,0.071749107857173
BAT_01695,Li0-2V4CrCuO12,V4CrCuO12,V4CrCuO12,Li2V4CrCuO12,Li,2.592849188333335,102.06532293935652,350.3298033826157,264.63998974029045,908.3523463495924,0.014977534235834,0.032843322013885,0.099001448000008,1,4,Cr-Cu-O-V,"V,Cr,Cu,O",mp-756483,mp-755828,"mp-756483,mp-755828",,"['V', 'Cr', 'Cu', 'O']",True,True,False,False,False,False,True,0.099001448000008
BAT_01697,Li2-4CrF6,CrF6,Li2CrF6,Li4CrF6,Li,3.401522633333333,276.65970915616407,773.4119272365205,941.0642624261092,2630.778175384977,0.163695692919642,0.0,0.042506725909089,2,2,Cr-F,"Cr,F",mp-555112,mp-753824,"mp-555112,mp-1180673,mp-769881,mp-754188,mp-753824",More than one working ion per transition metal,"['Cr', 'F']",True,False,False,True,False,False,True,0.042506725909089
BAT_01699,Li0-1CrF4,CrF4,CrF4,LiCrF4,Li,5.337790772083332,198.63143526922727,612.9575688612323,1060.2530422257491,3271.8392547461194,0.055005154665017,0.0,0.040724316874997,1,2,Cr-F,"Cr,F",mp-554855,mp-759949,"mp-554855,mp-759949",,"['Cr', 'F']",True,False,False,True,False,False,True,0.040724316874997
BAT_01703,Li0-2NaCrF6,NaCrF6,NaCrF6,NaLi2CrF6,Li,4.199219588333332,264.2384626843214,661.922770812464,1109.5953284950888,2779.559065159574,0.106933784420799,0.0359417490625,0.264188384916671,1,3,Cr-F-Na,"Na,Cr,F",mp-558418,mp-1111349,"mp-558418,mp-1111349",More than one working ion per transition metal,"['Na', 'Cr', 'F']",True,False,False,True,False,False,True,0.264188384916671
BAT_01704,Li3.33-5CrP2(O4F)2,CrP2(O4F)2,Li10Cr3P6(O4F)6,Li5CrP2(O4F)2,Li,4.518893421333331,141.96874442275825,390.51523128851704,641.5416252069552,1764.696709600144,0.028516284453645,0.084522038182701,0.043834689166664,2,4,Cr-F-O-P,"Cr,P,O,F",mp-760793,mp-770679,"mp-760793,mp-759047,mp-770679",More than one working ion per transition metal,"['Cr', 'P', 'O', 'F']",True,True,False,True,True,False,True,0.084522038182701
BAT_01705,Li0-2CrPO4F,CrPO4F,CrPO4F,Li2CrPO4F,Li,3.376453978333335,298.0461415603602,881.2607797091555,1006.3390803983784,2975.536465598115,0.186188185050811,0.044247960119047,0.040913482430544,3,4,Cr-F-O-P,"Cr,P,O,F",mp-755075,mp-25391,"mp-755075,mp-25448,mp-759310,mp-25391,mp-1172979,mp-752727",More than one working ion per transition metal,"['Cr', 'P', 'O', 'F']",True,True,False,True,True,False,True,0.044247960119047
BAT_01706,Li0-1CrPO4F,CrPO4F,CrPO4F,LiCrPO4F,Li,4.377261550833329,155.00530366080503,420.7397227498103,678.4987558896867,1841.6878113010196,0.01766637007006,0.038838257440476,0.05433014421875,1,4,Cr-F-O-P,"Cr,P,O,F",mp-770697,mp-770575,"mp-770697,mp-770575",,"['Cr', 'P', 'O', 'F']",True,True,False,True,True,False,True,0.05433014421875
BAT_01707,Li1-2CrPO4F,CrPO4F,LiCrPO4F,Li2CrPO4F,Li,2.75603156708333,149.0230707801801,460.96607554544704,410.71228729386985,1270.4370555577714,0.049191811594483,0.076315573437499,0.0139835217361,1,4,Cr-F-O-P,"Cr,P,O,F",mp-776662,mp-770894,"mp-776662,mp-770894",More than one working ion per transition metal,"['Cr', 'P', 'O', 'F']",True,True,False,True,True,False,True,0.076315573437499
BAT_01709,Li0-3VCrP2(O4F)2,VCrP2(O4F)2,VCrP2(O4F)2,Li3VCrP2(O4F)2,Li,3.398723149999999,228.6164732001807,704.6274651940219,777.0040999368088,2394.833678080741,0.087092842477847,0.041465506726185,0.026984154080891,3,5,Cr-F-O-P-V,"V,Cr,P,O,F",mp-765139,mp-753680,"mp-765139,mp-867682,mp-766016,mp-766001,mp-753686,mp-753680",More than one working ion per transition metal,"['V', 'Cr', 'P', 'O', 'F']",True,True,False,True,True,False,True,0.041465506726185
BAT_01711,Li4-6Mn3Cr2Fe3O16,Mn3Cr2Fe3O16,Li4Mn3Cr2Fe3O16,Li6Mn3Cr2Fe3O16,Li,2.565773218333338,73.03077427917862,310.6543546716946,187.3804047596637,797.0686233752601,0.008953829525938,0.108917948341453,0.157068755083343,1,4,Cr-Fe-Mn-O,"Mn,Cr,Fe,O",mp-849471,mp-861553,"mp-849471,mp-861553,mp-867569",,"['Mn', 'Cr', 'Fe', 'O']",True,True,False,False,False,False,True,0.157068755083343
BAT_01712,Li4-1Mn3Cr3(FeO8)2,Mn3Cr3(FeO8)2,Li4Mn3Cr3(FeO8)2,Li10Mn3Cr3(FeO8)2,Li,2.189703181666667,212.178924837287,850.598570297902,464.60886679882,1862.5583957024344,0.107502500114871,0.116840885535705,0.101698987058823,1,4,Cr-Fe-Mn-O,"Mn,Cr,Fe,O",mp-761449,mp-777063,"mp-761449,mp-757478,mp-777063",More than one working ion per transition metal,"['Mn', 'Cr', 'Fe', 'O']",True,True,False,False,False,False,True,0.116840885535705
BAT_01713,Li0-4MnCr2Fe3(PO4)6,MnCr2Fe3(PO4)6,MnCr2Fe3(PO4)6,Li4MnCr2Fe3(PO4)6,Li,2.925434958333331,116.0165186807386,374.79318133835153,339.3987794927646,1096.433074832177,0.08294549922811,0.058780019722235,0.106535657791686,1,5,Cr-Fe-Mn-O-P,"Mn,Cr,Fe,P,O",mp-776060,mp-779026,"mp-776060,mp-779026",,"['Mn', 'Cr', 'Fe', 'P', 'O']",True,True,False,False,True,False,True,0.106535657791686
BAT_01714,Li0-9Cr12Fe7O48,Cr12Fe7O48,Cr12Fe7O48,Li9Cr12Fe7O48,Li,4.030245322222215,130.7170824715668,430.3869349598045,526.8219101655676,1734.5649313673086,0.004233080090945,0.086595822977613,0.075889386282897,1,3,Cr-Fe-O,"Cr,Fe,O",mp-1178459,mp-1176819,"mp-1178459,mp-1176819",,"['Cr', 'Fe', 'O']",True,True,False,False,False,False,True,0.086595822977613
BAT_01715,Li3-4CrFe3O8,CrFe3O8,Li3CrFe3O8,Li4CrFe3O8,Li,4.079103233333332,71.41533139908996,294.2333562117548,291.31050921959934,1200.2082346778873,0.001198599609906,0.075608956351853,0.004852499270832,1,3,Cr-Fe-O,"Cr,Fe,O",mp-754773,mp-759919,"mp-754773,mp-759919",,"['Cr', 'Fe', 'O']",True,True,False,False,False,False,True,0.075608956351853
BAT_01716,Li2-3CrFe3O8,CrFe3O8,Li2CrFe3O8,Li3CrFe3O8,Li,3.509374733333335,72.76104812840391,308.7647887286709,255.3457838726715,1083.571348107403,0.00505094825478,0.119233058373015,0.078833130685187,1,3,Cr-Fe-O,"Cr,Fe,O",mp-754888,mp-763933,"mp-754888,mp-769871,mp-763933,mp-760295",,"['Cr', 'Fe', 'O']",True,True,False,False,False,False,True,0.119233058373015
BAT_01717,Li1.33-2CrFeO4,CrFeO4,Li4Cr3(FeO4)3,Li2CrFeO4,Li,3.89825952333333,96.20712229121077,397.3821056630019,375.04033068420665,1549.0985778030488,0.005137096832021,0.087256687626241,0.007208966666666,1,3,Cr-Fe-O,"Cr,Fe,O",mp-755679,mp-755048,"mp-755679,mp-755048",,"['Cr', 'Fe', 'O']",True,True,False,False,False,False,True,0.087256687626241
BAT_01718,Li3-4CrFe3O8,CrFe3O8,Li3CrFe3O8,Li4CrFe3O8,Li,3.914091363333331,71.41533139908996,296.03185621404106,279.52613183876565,1158.6957316789126,0.000154595606006,0.06348861501852,0.003802921145832,1,3,Cr-Fe-O,"Cr,Fe,O",mp-754939,mp-768701,"mp-754939,mp-768701",,"['Cr', 'Fe', 'O']",True,True,False,False,False,False,True,0.06348861501852
BAT_01719,Li2-3Cr2FeO6,Cr2FeO6,Li2Cr2FeO6,Li3Cr2FeO6,Li,4.068852769999997,96.87634831543468,398.9650964529496,394.1755981907409,1623.3302378359,0.008662427280901,0.095774411717171,0.00671763847222,1,3,Cr-Fe-O,"Cr,Fe,O",mp-782636,mp-755051,"mp-782636,mp-755051",,"['Cr', 'Fe', 'O']",True,True,False,False,False,False,True,0.095774411717171
BAT_01720,Li1-2CrFeO4,CrFeO4,LiCrFeO4,Li2CrFeO4,Li,3.477482518333337,144.3106834368161,598.1868026228365,501.83787886026425,2080.1841488186283,0.005114392658461,0.064318266746034,0.008267917916666,1,3,Cr-Fe-O,"Cr,Fe,O",mp-754600,mp-752610,"mp-754600,mp-755011,mp-752610",,"['Cr', 'Fe', 'O']",True,True,False,False,False,False,True,0.064318266746034
BAT_01721,Li2-4Cr3FeO8,Cr3FeO8,Li2Cr3FeO8,Li4Cr3FeO8,Li,3.743414175833327,145.82169737066937,614.6295096052435,545.8710090814411,2300.8128191417545,0.03310952410308,0.10032545031746,0.0195271971875,1,3,Cr-Fe-O,"Cr,Fe,O",mp-769975,mp-768704,"mp-769975,mp-756456,mp-768696,mp-768704",,"['Cr', 'Fe', 'O']",True,True,False,False,False,False,True,0.10032545031746
BAT_01722,Li3-5Cr2Fe5O12,Cr2Fe5O12,Li3Cr2Fe5O12,Li5Cr2Fe5O12,Li,3.38815880333333,87.88595507690053,404.6770200359379,297.7715723831581,1371.1100079414616,0.033960596440502,0.157046913257586,0.045583690173601,2,3,Cr-Fe-O,"Cr,Fe,O",mp-756384,mp-755090,"mp-756384,mp-850397,mp-755090",,"['Cr', 'Fe', 'O']",True,True,False,False,False,False,True,0.157046913257586
BAT_01723,Li2-3Cr(FeO3)2,Cr(FeO3)2,Li2Cr(FeO3)2,Li3Cr(FeO3)2,Li,4.051966429999998,95.54707891775344,393.27779089571703,387.1535562592975,1593.548406374004,0.010586361045969,0.098784194949494,0.004772382569442,1,3,Cr-Fe-O,"Cr,Fe,O",mp-782631,mp-756692,"mp-782631,mp-756692",,"['Cr', 'Fe', 'O']",True,True,False,False,False,False,True,0.098784194949494
BAT_01724,Li2-4Cr3FeO8,Cr3FeO8,Li2Cr3FeO8,Li4Cr3FeO8,Li,3.7402917283333297,145.82169737066937,616.686236726767,545.4156884870407,2306.5864302061364,0.035740053198412,0.097881700317461,0.017779221875,2,3,Cr-Fe-O,"Cr,Fe,O",mp-756058,mp-759199,"mp-756058,mp-755927,mp-755458,mp-863330,mp-759199",,"['Cr', 'Fe', 'O']",True,True,False,False,False,False,True,0.097881700317461
BAT_01725,Li2-5Cr3FeO8,Cr3FeO8,Li2Cr3FeO8,Li5Cr3FeO8,Li,2.081988573333333,214.67890972661107,863.1479431042712,446.9590369864624,1797.0641546392628,0.052098712533622,0.05945685388889,0.152698356274516,2,3,Cr-Fe-O,"Cr,Fe,O",mp-774415,mp-763916,"mp-774415,mp-850200,mp-1304638,mp-763916,mp-800259",More than one working ion per transition metal,"['Cr', 'Fe', 'O']",True,True,False,False,False,False,True,0.152698356274516
BAT_01726,Li0-2Cr3(FeO6)2,Cr3(FeO6)2,Cr3(FeO6)2,Li2Cr3(FeO6)2,Li,3.247686925833325,113.1931398838436,339.2664953854264,367.61588049478166,1101.8313614365416,0.018874687899579,0.002509551029403,0.075388197061402,1,3,Cr-Fe-O,"Cr,Fe,O",mp-772616,mp-775129,"mp-772616,mp-775129",,"['Cr', 'Fe', 'O']",True,True,False,False,False,False,True,0.075388197061402
BAT_01727,Li2-5Cr3FeO8,Cr3FeO8,Li2Cr3FeO8,Li5Cr3FeO8,Li,2.504053240833333,214.67890972661107,853.3080637880289,537.5674196394871,2136.728822557631,0.056335489001692,0.046646287996033,0.06766647833334,1,3,Cr-Fe-O,"Cr,Fe,O",mp-777653,mp-759913,"mp-777653,mp-759913",More than one working ion per transition metal,"['Cr', 'Fe', 'O']",True,True,False,False,False,False,True,0.06766647833334
BAT_01728,Li0-1Cr3(FeO4)2,Cr3(FeO4)2,Cr3(FeO4)2,LiCr3(FeO4)2,Li,4.719650003333332,66.56859389158585,291.31386387806737,314.1804643823184,1374.8994786231665,0.020924152166043,0.114886948076918,0.018947510714282,1,3,Cr-Fe-O,"Cr,Fe,O",mp-756710,mp-755327,"mp-756710,mp-755327",,"['Cr', 'Fe', 'O']",True,True,False,False,False,False,True,0.114886948076918
BAT_01729,Li3-5Cr2Fe3O10,Cr2Fe3O10,Li3Cr2Fe3O10,Li5Cr2Fe3O10,Li,3.483857388333324,114.97200777375396,476.0942793113783,400.54607873410913,1658.6445725221745,0.005997619478112,0.095132307654306,0.039568494708331,1,3,Cr-Fe-O,"Cr,Fe,O",mp-1177772,mp-765750,"mp-1177772,mp-780315,mp-765750",,"['Cr', 'Fe', 'O']",True,True,False,False,False,False,True,0.095132307654306
BAT_01730,Li0-3Cr10Fe5O24,Cr10Fe5O24,Cr10Fe5O24,Li3Cr10Fe5O24,Li,4.820463003333339,66.78139871731291,292.9516371604225,321.9172618276594,1412.1625286977487,0.000458403778067,0.115166510384625,0.012006175714283,1,3,Cr-Fe-O,"Cr,Fe,O",mp-771184,mp-771093,"mp-771184,mp-771093",,"['Cr', 'Fe', 'O']",True,True,False,False,False,False,True,0.115166510384625
BAT_01731,Li0-2CrFe(PO4)2,CrFe(PO4)2,CrFe(PO4)2,Li2CrFe(PO4)2,Li,2.943517385833336,171.98857931477204,578.905285821065,506.2513733778071,1704.0177735651214,0.090925777309047,0.026839217499999,0.019431516258036,1,4,Cr-Fe-O-P,"Cr,Fe,P,O",mp-861612,mp-861527,"mp-861612,mp-861527,mp-1665188",,"['Cr', 'Fe', 'P', 'O']",True,True,False,False,True,False,True,0.026839217499999
BAT_01732,Li0-7Cr3Fe(PO4)6,Cr3Fe(PO4)6,Cr3Fe(PO4)6,Li7Cr3Fe(PO4)6,Li,4.168557229047618,225.96894103955333,649.5209880457861,941.964462710665,2707.565410136413,0.043557534644362,0.070373620441169,0.058460941280483,2,4,Cr-Fe-O-P,"Cr,Fe,P,O",mp-775201,mp-780107,"mp-775201,mp-770489,mp-780107",More than one working ion per transition metal,"['Cr', 'Fe', 'P', 'O']",True,True,False,False,True,False,True,0.070373620441169
BAT_01734,Li3-4Cr3GaO8,Cr3GaO8,Li3Cr3GaO8,Li4Cr3GaO8,Li,3.866836003333337,70.25833228352884,301.67366254228455,271.67744880810625,1166.5225795759377,0.000647996714363,0.061457429648145,0.021952427031243,1,3,Cr-Ga-O,"Cr,Ga,O",mp-768641,mp-768872,"mp-768641,mp-768872",More than one working ion per transition metal,"['Cr', 'Ga', 'O']",True,True,False,False,False,False,True,0.061457429648145
BAT_01736,Li0-4Cr3Fe2Sb3O16,Cr3Fe2Sb3O16,Cr3Fe2Sb3O16,Li4Cr3Fe2Sb3O16,Li,3.5578466558333353,116.94604490747815,556.9189278897566,416.0760947870062,1981.4321451628568,0.095626037187961,0.120504231145833,0.054804077857142,1,4,Cr-Fe-O-Sb,"Cr,Fe,Sb,O",mp-775288,mp-772506,"mp-775288,mp-772506",,"['Cr', 'Fe', 'Sb', 'O']",True,True,False,False,False,False,True,0.120504231145833
BAT_01737,Li0-4Cr3Fe3(TeO8)2,Cr3Fe3(TeO8)2,Cr3Fe3(TeO8)2,Li4Cr3Fe3(TeO8)2,Li,3.635634853333333,124.29993793631483,578.3229186037315,451.9091866284364,2102.570959357183,0.064188425591341,0.107828925312499,0.035155391309526,1,4,Cr-Fe-O-Te,"Cr,Fe,Te,O",mp-757950,mp-773518,"mp-757950,mp-773518",,"['Cr', 'Fe', 'Te', 'O']",True,True,False,False,False,False,True,0.107828925312499
BAT_01738,Li0-1Cr(GeO3)2,Cr(GeO3)2,Cr(GeO3)2,LiCr(GeO3)2,Li,4.539998115833332,89.27473663031105,381.5649499483917,405.30713609312915,1732.3041538337377,0.00868799731299,0.09468767537036,0.009758057999999,1,3,Cr-Ge-O,"Cr,Ge,O",mp-2237154,mp-1105411,"mp-2237154,mp-1341686,mp-1105411",,"['Cr', 'Ge', 'O']",True,True,False,False,False,False,True,0.09468767537036
BAT_01739,Li0-3Cr2(GeO4)3,Cr2(GeO4)3,Cr2(GeO4)3,Li3Cr2(GeO4)3,Li,5.020352822499996,150.36512663651737,610.1466039303901,754.8859879152093,3063.151225180721,0.03015403536606,0.331002732264702,0.132669344541629,1,3,Cr-Ge-O,"Cr,Ge,O",mp-1329713,mp-1012879,"mp-1329713,mp-1012879",More than one working ion per transition metal,"['Cr', 'Ge', 'O']",True,True,False,False,False,False,True,0.331002732264702
BAT_01741,Li0-3VCrP2(HO5)2,VCrP2(HO5)2,VCrP2(HO5)2,Li3VCrP2(HO5)2,Li,3.216157959999998,231.23462838033453,699.03098117744,743.6870906930544,2248.194054400433,0.076592771530214,0.045756509687499,0.037393954249511,3,5,Cr-H-O-P-V,"V,Cr,P,H,O",mp-753596,mp-1293168,"mp-753596,mp-765311,mp-753660,mp-1293168,mp-766011",More than one working ion per transition metal,"['V', 'Cr', 'P', 'H', 'O']",True,True,False,False,True,False,True,0.045756509687499
BAT_01743,Li0-1CrPHO5,CrPHO5,CrPHO5,LiCrPHO5,Li,4.66829378333333,156.8110194127275,497.08832919830024,732.0399070825979,2320.5543569639767,0.041712804753837,0.027666349218749,0.0,1,4,Cr-H-O-P,"Cr,P,H,O",mp-754797,mp-753051,"mp-754797,mp-753051",,"['Cr', 'P', 'H', 'O']",True,True,False,False,True,False,True,0.027666349218749
BAT_01744,Li2-4Cr2P4H3O16,Cr2P4H3O16,Li2Cr2P4H3O16,Li4Cr2P4H3O16,Li,3.690413353333331,104.151076035915,287.8275531484707,384.3605217669758,1062.2026455963753,0.075570984928925,0.056678205046311,0.033462978448276,1,4,Cr-H-O-P,"Cr,P,H,O",mp-763238,mp-756092,"mp-763238,mp-756092",More than one working ion per transition metal,"['Cr', 'P', 'H', 'O']",True,True,False,False,True,False,True,0.056678205046311
BAT_01751,Li0-2MgCr3(SO4)6,MgCr3(SO4)6,MgCr3(SO4)6,Li2MgCr3(SO4)6,Li,3.666027593333329,69.56446652742575,190.8334090034089,255.0252538050556,699.600543136362,0.048742623208451,0.009683120073518,0.022582782946431,1,4,Cr-Mg-O-S,"Mg,Cr,S,O",mp-771674,mp-772868,"mp-771674,mp-772868",,"['Mg', 'Cr', 'S', 'O']",True,True,True,False,False,False,True,0.022582782946431
BAT_01754,Li0-2MgCr3(SO4)6,MgCr3(SO4)6,MgCr3(SO4)6,Li2MgCr3(SO4)6,Li,3.679442053333336,69.56446652742575,189.75311297070712,255.95842355870957,698.1855836153312,0.046369980518723,0.012318914191164,0.024326896279763,2,4,Cr-Mg-O-S,"Mg,Cr,S,O",mp-769559,mp-1177996,"mp-769559,mp-769554,mp-1177996",,"['Mg', 'Cr', 'S', 'O']",True,True,True,False,False,False,True,0.024326896279763
BAT_01756,Li0-4Mn3Nb2Cr3O16,Mn3Nb2Cr3O16,Mn3Nb2Cr3O16,Li4Mn3Nb2Cr3O16,Li,3.782514600833335,135.64024382979403,588.6340551812847,513.0612027467896,2226.5169082709444,0.069024787828495,0.06202159418154,0.085584447249981,1,4,Cr-Mn-Nb-O,"Mn,Nb,Cr,O",mp-771853,mp-756399,"mp-771853,mp-756556,mp-756399",,"['Mn', 'Nb', 'Cr', 'O']",True,True,False,False,False,False,True,0.085584447249981
BAT_01757,Li0-2MgCr3Se3(SO8)3,MgCr3Se3(SO8)3,MgCr3Se3(SO8)3,Li2MgCr3Se3(SO8)3,Li,3.6724759133333342,58.82446278809668,180.2371839975603,216.0314227040581,661.9167169180682,0.04654162152542,0.0,0.040196534837971,1,5,Cr-Mg-O-S-Se,"Mg,Cr,Se,S,O",mp-773053,mp-773018,"mp-773053,mp-773018",,"['Mg', 'Cr', 'Se', 'S', 'O']",True,True,True,False,False,False,True,0.040196534837971
BAT_01758,Li0-4Mn3CrO8,Mn3CrO8,Mn3CrO8,Li4Mn3CrO8,Li,3.384424950833332,287.7475029089693,1163.4325648625393,973.8598283851026,3937.550201132797,0.075129767720905,0.057433327708318,0.040365107430559,2,3,Cr-Mn-O,"Mn,Cr,O",mp-756575,mp-1177394,"mp-756575,mp-754504,mp-755722,mp-1177699,mp-1177394",,"['Mn', 'Cr', 'O']",True,True,False,False,False,False,True,0.057433327708318
BAT_01759,Li0-4Mn3NbCr2(PO4)6,Mn3NbCr2(PO4)6,Mn3NbCr2(PO4)6,Li4Mn3NbCr2(PO4)6,Li,2.65510019333333,111.75375632320277,359.8291829192054,296.7174200194615,955.3825331357564,0.076807743495314,0.096649402500002,0.10044870511607,1,5,Cr-Mn-Nb-O-P,"Mn,Nb,Cr,P,O",mp-775967,mp-776566,"mp-775967,mp-776566",,"['Mn', 'Nb', 'Cr', 'P', 'O']",True,True,False,False,True,False,True,0.10044870511607
BAT_01760,Li0-4Mn2CrNi3(PO4)6,Mn2CrNi3(PO4)6,Mn2CrNi3(PO4)6,Li4Mn2CrNi3(PO4)6,Li,4.109621445833331,114.59200227968998,386.1809043555997,470.9297500895958,1587.0573265110827,0.024944652641899,0.089171875694443,0.092092526140626,1,5,Cr-Mn-Ni-O-P,"Mn,Cr,Ni,P,O",mp-760233,mp-775171,"mp-760233,mp-775171",,"['Mn', 'Cr', 'Ni', 'P', 'O']",True,True,False,False,True,False,True,0.092092526140626
BAT_01761,Li4-1Mn3Cr3(NiO8)2,Mn3Cr3(NiO8)2,Li4Mn3Cr3(NiO8)2,Li10Mn3Cr3(NiO8)2,Li,2.508690651666668,210.595952984856,879.9834940707515,528.3200985319415,2207.6063651962654,0.078570953738741,0.105520355124994,0.114538332794119,1,4,Cr-Mn-Ni-O,"Mn,Cr,Ni,O",mp-757051,mp-774408,"mp-757051,mp-774408",More than one working ion per transition metal,"['Mn', 'Cr', 'Ni', 'O']",True,True,False,False,False,False,True,0.114538332794119
BAT_01762,Li4-5Mn3Cr2O10,Mn3Cr2O10,Li4Mn3Cr2O10,Li5Mn3Cr2O10,Li,3.382690123333337,57.82345772862331,236.7315542687591,195.5988393555968,800.7894905062815,0.008666799365733,0.171364686812869,0.066246474099997,1,3,Cr-Mn-O,"Mn,Cr,O",mp-754963,mp-752479,"mp-754963,mp-752479",,"['Mn', 'Cr', 'O']",True,True,False,False,False,False,True,0.171364686812869
BAT_01763,Li0-3Mn3CrO8,Mn3CrO8,Mn3CrO8,Li3Mn3CrO8,Li,3.226870689999998,219.9075228820529,933.3780483472792,709.6131400986003,3011.890266901237,0.115664366925081,0.043378523958319,0.161810173555551,2,3,Cr-Mn-O,"Mn,Cr,O",mp-773120,mp-764036,"mp-773120,mp-752417,mp-764036,mp-760982",,"['Mn', 'Cr', 'O']",True,True,False,False,False,False,True,0.161810173555551
BAT_01765,Li2-5MnCr3O8,MnCr3O8,Li2MnCr3O8,Li5MnCr3O8,Li,2.136611576666666,215.20002931293783,839.5392999054579,459.79887392902896,1793.76938724463,0.089777251338208,0.081241978849213,0.081316929313723,1,3,Cr-Mn-O,"Mn,Cr,O",mp-775295,mp-753261,"mp-775295,mp-753261",More than one working ion per transition metal,"['Mn', 'Cr', 'O']",True,True,False,False,False,False,True,0.081316929313723
BAT_01766,Li0-2Mn2CrO6,Mn2CrO6,Mn2CrO6,Li2Mn2CrO6,Li,3.51681135583333,197.25058293609513,755.445428842951,693.6930900144035,2656.75906286727,0.100623301217764,0.072344375555543,0.17784155772727,1,3,Cr-Mn-O,"Mn,Cr,O",mp-753734,mp-1568146,"mp-753734,mp-1568146,mp-1568343,mp-756038",,"['Mn', 'Cr', 'O']",True,True,False,False,False,False,True,0.17784155772727
BAT_01767,Li0-4Mn5Cr3O16,Mn5Cr3O16,Mn5Cr3O16,Li4Mn5Cr3O16,Li,3.893607538333332,150.05736834070962,628.0880475511848,584.2645005538484,2445.5283566823573,0.089147971110914,0.053842510312486,0.136810674107143,1,3,Cr-Mn-O,"Mn,Cr,O",mp-771133,mp-772050,"mp-771133,mp-772050",,"['Mn', 'Cr', 'O']",True,True,False,False,False,False,True,0.136810674107143
BAT_01768,Li0-3Mn4CrO8,Mn4CrO8,Mn4CrO8,Li3Mn4CrO8,Li,2.799587843333332,191.18129299342087,831.6782946530467,535.228823737129,2328.3564432748663,0.021747773710864,0.048729859062504,0.060225322743058,1,3,Cr-Mn-O,"Mn,Cr,O",mp-754200,mp-756602,"mp-754200,mp-756602",,"['Mn', 'Cr', 'O']",True,True,False,False,False,False,True,0.060225322743058
BAT_01769,Li2-4MnCr3O8,MnCr3O8,Li2MnCr3O8,Li4MnCr3O8,Li,3.300581798333337,146.18237075783225,599.1792834300602,482.4868721605166,1977.6402368276688,0.006411175118131,0.123776891706357,0.029353238583333,2,3,Cr-Mn-O,"Mn,Cr,O",mp-754425,mp-756944,"mp-754425,mp-780543,mp-1177618,mp-755519,mp-756944",,"['Mn', 'Cr', 'O']",True,True,False,False,False,False,True,0.123776891706357
BAT_01771,Li2-5MnCr3O8,MnCr3O8,Li2MnCr3O8,Li5MnCr3O8,Li,2.187093339999998,215.20002931293783,843.9365354195296,470.6625508781309,1845.7679759987263,0.080337725206237,0.067049652599214,0.060720584754901,1,3,Cr-Mn-O,"Mn,Cr,O",mp-1177916,mp-761082,"mp-1177916,mp-773456,mp-774951,mp-761082",More than one working ion per transition metal,"['Mn', 'Cr', 'O']",True,True,False,False,False,False,True,0.067049652599214
BAT_01772,Li0-2Mn2Cr3O12,Mn2Cr3O12,Mn2Cr3O12,Li2Mn2Cr3O12,Li,4.046285558333328,113.62838497841948,318.3092821932178,459.7728931549185,1287.9702516218654,0.087466689816455,0.030496766999998,0.071195937802627,1,3,Cr-Mn-O,"Mn,Cr,O",mp-772631,mp-775291,"mp-772631,mp-775291",,"['Mn', 'Cr', 'O']",True,True,False,False,False,False,True,0.071195937802627
BAT_01774,Li0-2FePO4F,FePO4F,FePO4F,Li2FePO4F,Li,4.009289222083333,291.80134028145517,912.5111150407032,1169.9159685799093,3658.5209785639354,0.075428882083566,0.091266986190477,0.040400714722228,2,4,F-Fe-O-P,"Fe,P,O,F",mp-25382,mp-25393,"mp-25382,mp-25407,mp-1177665,mp-25393,mp-1172969",More than one working ion per transition metal,"['Fe', 'P', 'O', 'F']",True,True,False,True,True,False,True,0.091266986190477
BAT_01775,Li0-3VFeP2(O4F)2,VFeP2(O4F)2,VFeP2(O4F)2,Li3VFeP2(O4F)2,Li,4.54309631,226.14164731551935,715.4396767251781,1027.3832834564575,3250.3113553577496,0.058655711056436,0.038207805297615,0.0,1,5,F-Fe-O-P-V,"V,Fe,P,O,F",mp-777408,mp-1177545,"mp-777408,mp-777388,mp-756057,mp-1177545",More than one working ion per transition metal,"['V', 'Fe', 'P', 'O', 'F']",True,True,False,True,True,False,True,0.038207805297615
BAT_01779,Li0-1K2MnF6,K2MnF6,K2MnF6,K2LiMnF6,Li,3.722619053333336,105.49020480069252,330.4296000749333,392.6998463310938,1230.0635250242613,0.087049594961755,0.0,0.018371251624995,1,3,F-K-Mn,"K,Mn,F",mp-557397,mp-1111670,"mp-557397,mp-1111670",,"['K', 'Mn', 'F']",True,False,False,True,False,False,True,0.018371251624995
BAT_01780,Li0.5-2VH2OF5,VH2OF5,LiV2H4(OF5)2,Li2VH2OF5,Li,3.922542321666662,226.07007685016407,561.1094517753772,886.7694441072034,2200.9755716760965,0.018663004746655,0.032293015877192,0.062259077727276,2,4,F-H-O-V,"V,H,O,F",mp-753201,mp-770536,"mp-753201,mp-752723,mp-770536,mp-861531",More than one working ion per transition metal,"['V', 'H', 'O', 'F']",True,True,False,True,False,False,True,0.062259077727276
BAT_01782,Li0-1K2NiF6,K2NiF6,K2NiF6,K2LiNiF6,Li,4.9501593633333325,103.95366385200585,344.6954180498721,514.5872024698124,1706.2972511576716,0.083206637775305,0.0,0.022245482000003,1,3,F-K-Ni,"K,Ni,F",mp-605034,mp-1111147,"mp-605034,mp-1111147",,"['K', 'Ni', 'F']",True,False,False,True,False,False,True,0.022245482000003
BAT_01783,Li0-0.5MnF3,MnF3,MnF3,LiMn2F6,Li,4.505115863333342,116.12049035258984,419.1170265486657,523.1362631454988,1888.170764897495,0.065096568507941,0.031627593749999,0.014855874444442,1,2,F-Mn,"Mn,F",mp-766789,mp-757174,"mp-766789,mp-757174",,"['Mn', 'F']",True,False,False,True,False,False,True,0.031627593749999
BAT_01784,Li2-3MnF6,MnF6,Li2MnF6,Li3MnF6,Li,4.537563478333337,141.24518753180664,428.067748914123,640.909004434669,1942.3845837250897,0.043200116876519,0.035854992037037,0.029160527000005,1,2,F-Mn,"Mn,F",mp-753601,mp-753041,"mp-753601,mp-753041",More than one working ion per transition metal,"['Mn', 'F']",True,False,False,True,False,False,True,0.035854992037037
BAT_01785,Li4-5MnF8,MnF8,Li4MnF8,Li5MnF8,Li,4.519855233333335,110.91938555054487,302.05791023666995,501.3395652587483,1365.2580263529435,0.019159019243208,0.044704374102562,0.040555389285713,1,2,F-Mn,"Mn,F",mp-756952,mp-1177082,"mp-756952,mp-1177082",More than one working ion per transition metal,"['Mn', 'F']",True,False,False,True,False,False,True,0.044704374102562
BAT_01786,Li1-2MnF4,MnF4,LiMnF4,Li2MnF4,Li,4.033669358333332,185.0756451603413,595.8656530861147,746.5339588570413,2403.52502653674,0.035348434329255,0.098465577083333,0.0731715125,1,2,F-Mn,"Mn,F",mp-753485,mp-763349,"mp-753485,mp-763349",More than one working ion per transition metal,"['Mn', 'F']",True,False,False,True,False,False,True,0.098465577083333
BAT_01787,Li0-0.5MnF3,MnF3,MnF3,LiMn2F6,Li,4.5437946883333264,116.12049035258984,407.2609878383811,527.6276672707589,1850.510313305419,0.003774546050759,0.042534918749998,0.020253627222222,1,2,F-Mn,"Mn,F",mp-757186,mp-767304,"mp-757186,mp-1176433,mp-767304,mp-757118",,"['Mn', 'F']",True,False,False,True,False,False,True,0.042534918749998
BAT_01788,Li0-2Mn2F7,Mn2F7,Mn2F7,Li2Mn2F7,Li,4.688098608333335,208.7774368527431,671.8738615262464,978.7692111607458,3149.8109151967396,0.067138693760131,0.015139468055555,0.053843271818176,2,2,F-Mn,"Mn,F",mp-760309,mp-759249,"mp-760309,mp-759929,mp-759249",,"['Mn', 'F']",True,False,False,True,False,False,True,0.053843271818176
BAT_01790,Li3-4MnF7,MnF7,Li3MnF7,Li4MnF7,Li,4.610570633333336,124.25876657846798,294.15784133939536,572.9038201209063,1356.235504844143,0.030651249093423,0.054637043939393,0.041409222500001,1,2,F-Mn,"Mn,F",mp-759724,mp-759476,"mp-759724,mp-759476",More than one working ion per transition metal,"['Mn', 'F']",True,False,False,True,False,False,True,0.054637043939393
BAT_01791,Li1-3MnF5,MnF5,LiMnF5,Li3MnF5,Li,4.370529585833332,313.92094511692403,816.7675515845496,1372.0007782462783,3569.7067489489264,0.187754714609129,0.023388373988103,0.046846433333334,2,2,F-Mn,"Mn,F",mp-767597,mp-759420,"mp-767597,mp-766942,mp-759420",More than one working ion per transition metal,"['Mn', 'F']",True,False,False,True,False,False,True,0.046846433333334
BAT_01793,Li0-0.5MnF3,MnF3,MnF3,LiMn2F6,Li,4.51957263333333,116.12049035258984,390.22060467248815,524.814990366812,1763.6303658405616,0.036727149430961,0.091778256249998,0.066716822222221,1,2,F-Mn,"Mn,F",mp-758601,mp-763784,"mp-758601,mp-763784,mp-759499",,"['Mn', 'F']",True,False,False,True,False,False,True,0.091778256249998
BAT_01794,Li0-2Mn7F16,Mn7F16,Mn7F16,Li2Mn7F16,Li,3.640529033333327,76.31153896208636,274.37515007958604,277.8143731698228,998.870699889922,0.020170050997296,0.03977709695652,0.078987585199998,1,2,F-Mn,"Mn,F",mp-867575,mp-753570,"mp-867575,mp-753570",,"['Mn', 'F']",True,False,False,True,False,False,True,0.078987585199998
BAT_01795,Li3-4MnF7,MnF7,Li3MnF7,Li4MnF7,Li,4.586482888333326,124.25876657846798,301.9797179781884,569.9107066375484,1385.0248091306846,0.077300750061798,0.062542848484847,0.050663522083334,1,2,F-Mn,"Mn,F",mp-764645,mp-753997,"mp-764645,mp-753997",More than one working ion per transition metal,"['Mn', 'F']",True,False,False,True,False,False,True,0.062542848484847
BAT_01796,Li2-3MnF5,MnF5,Li2MnF5,Li3MnF5,Li,3.669284325833328,156.96047255846202,377.37027270001,575.932601734157,1384.6788266535957,0.086812052329743,0.062721525625,0.083035449166667,1,2,F-Mn,"Mn,F",mp-767572,mp-759158,"mp-767572,mp-759158",More than one working ion per transition metal,"['Mn', 'F']",True,False,False,True,False,False,True,0.083035449166667
BAT_01797,Li0-2Mn7F18,Mn7F18,Mn7F18,Li2Mn7F18,Li,3.907815993333348,72.39538806693044,231.1232435703953,282.907855331525,903.1871076554696,0.015932299651979,0.041251188000001,0.073601617777775,1,2,F-Mn,"Mn,F",mp-753607,mp-753981,"mp-753607,mp-753981",,"['Mn', 'F']",True,False,False,True,False,False,True,0.073601617777775
BAT_01798,Li0-1MnF3,MnF3,MnF3,LiMnF3,Li,3.9998955633333377,225.46077143068695,716.0055000691009,901.8195393513164,2863.947223048664,0.090416050382195,0.0,0.034108333999996,1,2,F-Mn,"Mn,F",mp-556560,mp-752938,"mp-556560,mp-541384,mp-752938",,"['Mn', 'F']",True,False,False,True,False,False,True,0.034108333999996
BAT_01799,Li0-2Mn3F8,Mn3F8,Mn3F8,Li2Mn3F8,Li,4.22596502583333,162.0975491281728,530.4337771307994,685.0185733889582,2241.594590675429,0.001232163625005,0.078233173636362,0.057654563461539,1,2,F-Mn,"Mn,F",mp-752616,mp-763793,"mp-752616,mp-763793",,"['Mn', 'F']",True,False,False,True,False,False,True,0.078233173636362
BAT_01800,Li0-1MnF3,MnF3,MnF3,LiMnF3,Li,4.253022903333332,225.46077143068695,781.1930653216497,958.8898246979132,3322.4319987381477,0.165125293706019,0.051257738749998,0.024489056999995,1,2,F-Mn,"Mn,F",mp-765633,mp-754676,"mp-765633,mp-754676",,"['Mn', 'F']",True,False,False,True,False,False,True,0.051257738749998
BAT_01801,Li0-2Mn2F7,Mn2F7,Mn2F7,Li2Mn2F7,Li,4.913294818333335,208.7774368527431,631.4737452956158,1025.785098673498,3102.616680674493,0.086575114895762,0.064024462777778,0.052895320227268,2,2,F-Mn,"Mn,F",mp-759987,mp-759600,"mp-759987,mp-759527,mp-759600",,"['Mn', 'F']",True,False,False,True,False,False,True,0.064024462777778
BAT_01802,Li1-3MnF6,MnF6,LiMnF6,Li3MnF6,Li,4.422996118333335,282.49037506361327,761.0728474135905,1249.453832372889,3366.222249879209,0.16531567845086,0.0,0.255308840000005,1,2,F-Mn,"Mn,F",mp-752752,mp-1111072,"mp-752752,mp-1111072",More than one working ion per transition metal,"['Mn', 'F']",True,False,False,True,False,False,True,0.255308840000005
BAT_01803,Li1-2Mn2F7,Mn2F7,LiMn2F7,Li2Mn2F7,Li,4.542527619583329,104.38871842637155,357.5432575436155,474.18863662470005,1624.1501225876689,0.015228825232171,0.099871694374993,0.060624716136358,1,2,F-Mn,"Mn,F",mp-760180,mp-759477,"mp-760180,mp-759477",,"['Mn', 'F']",True,False,False,True,False,False,True,0.099871694374993
BAT_01804,Li1-3MnF5,MnF5,LiMnF5,Li3MnF5,Li,4.330121463333332,313.92094511692403,907.2019302760884,1359.3158222406776,3928.29454986592,0.094289018077891,0.015321563273817,0.04955183,2,2,F-Mn,"Mn,F",mp-753247,mp-761161,"mp-753247,mp-556229,mp-761161",More than one working ion per transition metal,"['Mn', 'F']",True,False,False,True,False,False,True,0.04955183
BAT_01805,Li4-6MnF8,MnF8,Li4MnF8,Li6MnF8,Li,4.31951728333333,215.64423821522593,594.6188315561831,931.4790140219184,2568.466319902403,0.049348477495777,0.096376796410255,0.069011251333334,2,2,F-Mn,"Mn,F",mp-765258,mp-759844,"mp-765258,mp-756629,mp-759844",More than one working ion per transition metal,"['Mn', 'F']",True,False,False,True,False,False,True,0.096376796410255
BAT_01806,Li1-2MnF4,MnF4,LiMnF4,Li2MnF4,Li,4.092699433333334,185.0756451603413,596.3541326024281,757.4589880715301,2440.6982205679496,0.050677875963202,0.071712339999999,0.041807298571428,1,2,F-Mn,"Mn,F",mp-1176622,mp-760139,"mp-1176622,mp-760139",More than one working ion per transition metal,"['Mn', 'F']",True,False,False,True,False,False,True,0.071712339999999
BAT_01807,Li0-1MnF3,MnF3,MnF3,LiMnF3,Li,3.97970241083333,225.46077143068695,687.5014918509243,897.2667756110475,2736.0513445706347,0.155159465770217,0.001892827499998,0.039661226499996,1,2,F-Mn,"Mn,F",mp-1176437,mp-765457,"mp-1176437,mp-765457,mp-1176632,mp-764783",,"['Mn', 'F']",True,False,False,True,False,False,True,0.039661226499996
BAT_01809,Li2-3MnF6,MnF6,Li2MnF6,Li3MnF6,Li,3.814576093333334,141.24518753180664,415.1127321537969,538.7905156572131,1583.4791041121573,0.148320089025914,0.026481345925926,0.093022984000006,1,2,F-Mn,"Mn,F",mp-752557,mp-757600,"mp-752557,mp-757600",More than one working ion per transition metal,"['Mn', 'F']",True,False,False,True,False,False,True,0.093022984000006
BAT_01810,Li0-1Mn2F5,Mn2F5,Mn2F5,LiMn2F5,Li,4.316374028333333,126.53601939740916,433.57397461386586,546.1767877756597,1871.4674433845464,0.044255045837422,0.073291280714284,0.045887771249999,1,2,F-Mn,"Mn,F",mp-753215,mp-760293,"mp-753215,mp-760293",,"['Mn', 'F']",True,False,False,True,False,False,True,0.073291280714284
BAT_01811,Li2-3MnF6,MnF6,Li2MnF6,Li3MnF6,Li,4.72301335166667,141.24518753180664,403.0791342242413,667.1029065713853,1903.7481327193336,0.042363133377467,0.026385912962963,0.002093368500005,1,2,F-Mn,"Mn,F",mp-760229,mp-760028,"mp-760229,mp-760028",More than one working ion per transition metal,"['Mn', 'F']",True,False,False,True,False,False,True,0.026385912962963
BAT_01812,Li1-2MnF4,MnF4,LiMnF4,Li2MnF4,Li,4.01926013333333,185.0756451603413,539.4563701402028,743.8671622439056,2168.215482177226,0.061992042565232,0.047226376666666,0.031310658571428,1,2,F-Mn,"Mn,F",mp-755191,mp-778554,"mp-755191,mp-778554,mp-1177903",More than one working ion per transition metal,"['Mn', 'F']",True,False,False,True,False,False,True,0.047226376666666
BAT_01814,Li0-1Mn2F5,Mn2F5,Mn2F5,LiMn2F5,Li,4.290090963333339,126.53601939740916,501.4062322847281,542.8510333529971,2151.078346083729,0.069525448445339,0.073649825,0.049486880624999,1,2,F-Mn,"Mn,F",mp-753169,mp-753032,"mp-753169,mp-753032",,"['Mn', 'F']",True,False,False,True,False,False,True,0.073649825
BAT_01815,Li2-4MnF6,MnF6,Li2MnF6,Li4MnF6,Li,4.014909765,272.52168764444093,798.0421613727834,1094.1499848979456,3204.0672665772936,0.12719419899131,0.0,0.035589586666665,2,2,F-Mn,"Mn,F",mp-752936,mp-831158,"mp-752936,mp-17754,mp-755656,mp-831158",More than one working ion per transition metal,"['Mn', 'F']",True,False,False,True,False,False,True,0.035589586666665
BAT_01816,Li1-3Mn2F9,Mn2F9,LiMn2F9,Li3Mn2F9,Li,4.920488153333335,177.67874522760806,474.1337985086424,874.2661609915773,2332.9697386567095,0.072654969278475,0.013256556284723,0.073126078571428,1,2,F-Mn,"Mn,F",mp-753244,mp-754135,"mp-753244,mp-754135",More than one working ion per transition metal,"['Mn', 'F']",True,False,False,True,False,False,True,0.073126078571428
BAT_01817,Li2-3MnF6,MnF6,Li2MnF6,Li3MnF6,Li,4.257353543333335,141.24518753180664,404.7007995040047,601.3306996173184,1722.954382758208,0.109151572801119,0.013547362037036,0.037104653500005,1,2,F-Mn,"Mn,F",mp-756079,mp-777812,"mp-756079,mp-777812",More than one working ion per transition metal,"['Mn', 'F']",True,False,False,True,False,False,True,0.037104653500005
BAT_01818,Li0-2Mn2F7,Mn2F7,Mn2F7,Li2Mn2F7,Li,4.92160534333333,208.7774368527431,610.1320664523442,1027.5201487818977,3002.829238390864,0.086003105801783,0.064710628055555,0.051945723636359,2,2,F-Mn,"Mn,F",mp-757058,mp-765055,"mp-757058,mp-753253,mp-753592,mp-765055,mp-760325",,"['Mn', 'F']",True,False,False,True,False,False,True,0.064710628055555
BAT_01819,Li0-2Mn3F10,Mn3F10,Mn3F10,Li2Mn3F10,Li,4.869729543333332,145.39149943134257,420.5759020755332,708.0172801303403,2048.0908955512905,0.038265466720174,0.075235512499999,0.0830624,2,2,F-Mn,"Mn,F",mp-753434,mp-757143,"mp-753434,mp-767065,mp-757143",,"['Mn', 'F']",True,False,False,True,False,False,True,0.0830624
BAT_01820,Li0-1Mn2F7,Mn2F7,Mn2F7,LiMn2F7,Li,5.479467553333334,107.28921860923852,346.50788335529353,587.8877921918095,1898.6787038195423,0.014197438493601,0.055144058055555,0.063836440999993,1,2,F-Mn,"Mn,F",mp-753435,mp-753503,"mp-753435,mp-753503",,"['Mn', 'F']",True,False,False,True,False,False,True,0.063836440999993
BAT_01821,Li0-0.6MnF3,MnF3,MnF3,Li3Mn5F15,Li,4.078614366666664,138.51150602759145,396.89511781675,564.9350184327708,1618.782129587255,0.104540231461995,0.027228006999998,0.056130241739125,1,2,F-Mn,"Mn,F",mp-759525,mp-759954,"mp-759525,mp-759954",,"['Mn', 'F']",True,False,False,True,False,False,True,0.056130241739125
BAT_01822,Li0-1Mn7O7F,Mn7O7F,Mn7O7F,LiMn7O7F,Li,2.228983773333373,51.29455171287174,197.12798449531044,114.33472342840066,439.3950787099597,0.065272401741876,0.062356392333336,0.082882970937498,1,3,F-Mn-O,"Mn,O,F",mp-753904,mp-764671,"mp-753904,mp-764671",,"['Mn', 'O', 'F']",True,True,False,True,False,False,True,0.082882970937498
BAT_01823,Li0-3Mn5OF11,Mn5OF11,Mn5OF11,Li3Mn5OF11,Li,3.994886966666669,154.47686171161033,543.9613330285065,617.1176015032815,2173.064039686208,0.041530383935999,0.7206111147794141,0.586782648250001,1,3,F-Mn-O,"Mn,O,F",mp-1371307,mp-1342258,"mp-1371307,mp-1342258",,"['Mn', 'O', 'F']",True,True,False,True,False,False,True,0.7206111147794141
BAT_01824,Li0-5Mn5O9F,Mn5O9F,Mn5O9F,Li5Mn5O9F,Li,3.203716945333337,283.6806629103453,1128.884440248251,908.8325468292676,3616.62621054646,0.077131255813924,0.069792213416656,0.052265453250001,2,3,F-Mn-O,"Mn,O,F",mp-766870,mp-753735,"mp-766870,mp-752744,mp-753735",,"['Mn', 'O', 'F']",True,True,False,True,False,False,True,0.069792213416656
BAT_01825,Li0-1Mn2O3F,Mn2O3F,Mn2O3F,LiMn2O3F,Li,4.049938293333338,145.8078594623651,565.9569872508112,590.5128335055981,2292.090875046628,0.034444383771562,0.066601923124985,0.024632954553567,1,3,F-Mn-O,"Mn,O,F",mp-767610,mp-753835,"mp-767610,mp-753835",,"['Mn', 'O', 'F']",True,True,False,True,False,False,True,0.066601923124985
BAT_01827,Li0-1Mn5O3F5,Mn5O3F5,Mn5O3F5,LiMn5O3F5,Li,2.728072323333326,63.11852995987523,239.01826057316904,172.191914673021,652.0591014409357,0.030425931899454,0.100534584230763,0.085617335357143,1,3,F-Mn-O,"Mn,O,F",mp-752519,mp-763431,"mp-752519,mp-763431",,"['Mn', 'O', 'F']",True,True,False,True,False,False,True,0.100534584230763
BAT_01828,Li0-2Mn4OF8,Mn4OF8,Mn4OF8,Li2Mn4OF8,Li,3.5983588608333332,133.46659720640673,476.05119238942166,480.26071268294714,1713.0030263447495,0.036268529379306,0.075881987019234,0.072615719333334,1,3,F-Mn-O,"Mn,O,F",mp-754014,mp-761138,"mp-754014,mp-761138",,"['Mn', 'O', 'F']",True,True,False,True,False,False,True,0.075881987019234
BAT_01829,Li0-3Mn5OF11,Mn5OF11,Mn5OF11,Li3Mn5OF11,Li,3.790152600000003,154.47686171161033,543.961281244274,585.4908790561009,2061.6962644073183,0.041530269097734,0.067387865367649,0.062253041250001,1,3,F-Mn-O,"Mn,O,F",mp-754178,mp-754023,"mp-754178,mp-754023",,"['Mn', 'O', 'F']",True,True,False,True,False,False,True,0.067387865367649
BAT_01830,Li0-1Mn2OF3,Mn2OF3,Mn2OF3,LiMn2OF3,Li,3.10596746833333,141.20036437081612,495.3162552006549,438.5637382525675,1538.4361751899237,0.10983307277725,0.067630625208318,0.061266675714286,1,3,F-Mn-O,"Mn,O,F",mp-752737,mp-759613,"mp-752737,mp-759613",,"['Mn', 'O', 'F']",True,True,False,True,False,False,True,0.067630625208318
BAT_01831,Li0-3Mn5OF11,Mn5OF11,Mn5OF11,Li3Mn5OF11,Li,3.779215990000005,154.47686171161033,540.8192326328999,583.8014258655375,2043.8726916657884,0.041463982764339,0.055552792426473,0.053833720750001,1,3,F-Mn-O,"Mn,O,F",mp-754167,mp-760153,"mp-754167,mp-760153",,"['Mn', 'O', 'F']",True,True,False,True,False,False,True,0.055552792426473
BAT_01832,Li0-1Mn2OF3,Mn2OF3,Mn2OF3,LiMn2OF3,Li,3.052508810833335,141.20036437081612,496.9499958261978,431.0153563347936,1516.9442408030582,0.088560924648807,0.048565103124985,0.052561750714285,1,3,F-Mn-O,"Mn,O,F",mp-754070,mp-756757,"mp-754070,mp-756757",,"['Mn', 'O', 'F']",True,True,False,True,False,False,True,0.052561750714285
BAT_01833,Li0-1Mn5O3F5,Mn5O3F5,Mn5O3F5,LiMn5O3F5,Li,2.6517035633333332,63.11852995987523,235.57477982930695,167.37163080696288,624.6744831048386,0.01239068117973,0.089820561923071,0.081123511785714,1,3,F-Mn-O,"Mn,O,F",mp-1277673,mp-759115,"mp-1277673,mp-754132,mp-759115",,"['Mn', 'O', 'F']",True,True,False,True,False,False,True,0.089820561923071
BAT_01834,Li0-1Mn3(OF3)2,Mn3(OF3)2,Mn3(OF3)2,LiMn3(OF3)2,Li,4.961333068333321,84.34919705447875,323.650880756698,418.484460633749,1605.7398172934102,0.039560987888414,0.071982142045448,0.018022373125,1,3,F-Mn-O,"Mn,O,F",mp-1639489,mp-753341,"mp-1639489,mp-1569263,mp-767627,mp-753341",,"['Mn', 'O', 'F']",True,True,False,True,False,False,True,0.071982142045448
BAT_01836,Li0-1Mn5O5F,Mn5O5F,Mn5O5F,LiMn5O5F,Li,2.151560173333341,70.41409917143545,264.49038019277504,151.50017141840476,569.0669682525684,0.084367675925452,0.054305947727277,0.088797556249998,1,3,F-Mn-O,"Mn,O,F",mp-753550,mp-760368,"mp-753550,mp-760368",,"['Mn', 'O', 'F']",True,True,False,True,False,False,True,0.088797556249998
BAT_01837,Li1-4Mn3(OF3)2,Mn3(OF3)2,LiMn3(OF3)2,Li4Mn3(OF3)2,Li,3.359990069999999,237.4843363917326,792.1707691923691,797.9450120567609,2661.685918230621,0.048011611652501,0.090958468541666,0.081647252666664,1,3,F-Mn-O,"Mn,O,F",mp-753440,mp-753977,"mp-753440,mp-753977",More than one working ion per transition metal,"['Mn', 'O', 'F']",True,True,False,True,False,False,True,0.090958468541666
BAT_01839,Li3-4MnOF4,MnOF4,Li3MnOF4,Li4MnOF4,Li,2.8052929008333343,153.4186569607918,428.7975267480083,430.38426922749375,1202.9026576810793,0.089302463898702,0.072158204583337,0.097318138749999,1,3,F-Mn-O,"Mn,O,F",mp-1276200,mp-760393,"mp-1276200,mp-753509,mp-760393",More than one working ion per transition metal,"['Mn', 'O', 'F']",True,True,False,True,False,False,True,0.097318138749999
BAT_01840,Li0-1Mn2O2F3,Mn2O2F3,Mn2O2F3,LiMn2O2F3,Li,4.525997473333338,130.22369151835528,494.13719881269014,589.3920987802161,2236.463713306249,0.085608788731993,0.081279127499999,0.026674206562497,1,3,F-Mn-O,"Mn,O,F",mp-2223159,mp-1176658,"mp-2223159,mp-753857,mp-1176658,mp-753431",,"['Mn', 'O', 'F']",True,True,False,True,False,False,True,0.081279127499999
BAT_01841,Li0-1Mn2OF3,Mn2OF3,Mn2OF3,LiMn2OF3,Li,3.002682963333332,141.20036437081612,509.4884900781184,423.9799285127084,1529.8324091719896,0.133006236028889,0.056305820624985,0.066314629642857,1,3,F-Mn-O,"Mn,O,F",mp-752756,mp-753996,"mp-752756,mp-753996",,"['Mn', 'O', 'F']",True,True,False,True,False,False,True,0.066314629642857
BAT_01842,Li0-1Mn5O7F,Mn5O7F,Mn5O7F,LiMn5O7F,Li,3.704208283333333,64.95353730932254,275.7041097283122,240.60143093299328,1021.2654470046564,0.025956135442097,0.078562010384603,0.055072239776793,1,3,F-Mn-O,"Mn,O,F",mp-753608,mp-753411,"mp-753608,mp-753411",,"['Mn', 'O', 'F']",True,True,False,True,False,False,True,0.078562010384603
BAT_01843,Li3-5Mn3O5F3,Mn3O5F3,Li3Mn3O5F3,Li5Mn3O5F3,Li,2.654713108333329,159.29020863900996,570.1387650538804,422.8698049031307,1513.5548531575128,0.039470781287148,0.069634279955355,0.088482924062498,1,3,F-Mn-O,"Mn,O,F",mp-753419,mp-759593,"mp-753419,mp-759593",More than one working ion per transition metal,"['Mn', 'O', 'F']",True,True,False,True,False,False,True,0.088482924062498
BAT_01844,Li1-4Mn3OF8,Mn3OF8,LiMn3OF8,Li4Mn3OF8,Li,3.625441481666664,222.9958449136687,726.0351051116706,808.4583863893207,2632.1977872180673,0.0930896112451,0.083066317980771,0.09113136578125,1,3,F-Mn-O,"Mn,O,F",mp-759751,mp-759970,"mp-759751,mp-759970",More than one working ion per transition metal,"['Mn', 'O', 'F']",True,True,False,True,False,False,True,0.09113136578125
BAT_01846,Li0-2Mn3OF6,Mn3OF6,Mn3OF6,Li2Mn3OF6,Li,3.6848593133333383,173.64885431747894,590.4587418319727,639.8715980814263,2175.75739397863,0.049237470397766,0.100086916124996,0.077553184583331,1,3,F-Mn-O,"Mn,O,F",mp-759176,mp-761162,"mp-759176,mp-761162",,"['Mn', 'O', 'F']",True,True,False,True,False,False,True,0.100086916124996
BAT_01847,Li2-3MnOF3,MnOF3,Li2MnOF3,Li3MnOF3,Li,2.865469915833334,180.17117545838752,567.1054537720461,516.2750829763387,1625.0236168888098,0.02221205872476,0.073996645535713,0.09769463125,1,3,F-Mn-O,"Mn,O,F",mp-1275120,mp-755504,"mp-1275120,mp-753588,mp-755504",More than one working ion per transition metal,"['Mn', 'O', 'F']",True,True,False,True,False,False,True,0.09769463125
BAT_01848,Li0-2Mn3OF6,Mn3OF6,Mn3OF6,Li2Mn3OF6,Li,3.575332700833333,173.64885431747894,600.3885223465514,620.8524273035259,2146.5887171506297,0.154080210544707,0.076929951874996,0.076510149791665,1,3,F-Mn-O,"Mn,O,F",mp-760051,mp-759714,"mp-760051,mp-759714",,"['Mn', 'O', 'F']",True,True,False,True,False,False,True,0.076929951874996
BAT_01850,Li7-8Mn(O2F)2,Mn(O2F)2,Li7Mn(O2F)2,Li8Mn(O2F)2,Li,4.533579683333333,126.14809471012867,310.6585023983178,571.9024392690485,1408.3950749277733,0.061226310956131,0.285005212857146,0.067088291333329,1,3,F-Mn-O,"Mn,O,F",mp-766227,mp-763440,"mp-766227,mp-763440",More than one working ion per transition metal,"['Mn', 'O', 'F']",True,True,False,True,False,False,True,0.285005212857146
BAT_01852,Li0-2MnPO4F,MnPO4F,MnPO4F,Li2MnPO4F,Li,4.12730612708333,293.2491818448629,916.449799263318,1210.3291449904764,3782.4688716637806,0.109954364159522,0.035307653035705,0.029435256527779,3,4,F-Mn-O-P,"Mn,P,O,F",mp-861278,mp-771918,"mp-861278,mp-759719,mp-759712,mp-759305,mp-759732,mp-771918",More than one working ion per transition metal,"['Mn', 'P', 'O', 'F']",True,True,False,True,True,False,True,0.035307653035705
BAT_01854,Li0-3MnVP2(O4F)2,MnVP2(O4F)2,MnVP2(O4F)2,Li3MnVP2(O4F)2,Li,3.725089764999997,226.7199777279774,702.8512020332048,844.552268555516,2618.1838190118365,0.07321015430567,0.003491586567472,0.03530046588236,3,5,F-Mn-O-P-V,"Mn,V,P,O,F",mp-777048,mp-752825,"mp-777048,mp-777400,mp-1177877,mp-752825",More than one working ion per transition metal,"['Mn', 'V', 'P', 'O', 'F']",True,True,False,True,True,False,True,0.03530046588236
BAT_01855,Li0-2MnPO4F,MnPO4F,MnPO4F,Li2MnPO4F,Li,4.036170075833337,293.2491818448629,892.9382746688424,1183.6035725248444,3604.050743784631,0.176185380708578,0.032985650357135,0.047881710277779,2,4,F-Mn-O-P,"Mn,P,O,F",mp-25426,mp-25395,"mp-25426,mp-25410,mp-25395,mp-1172968",More than one working ion per transition metal,"['Mn', 'P', 'O', 'F']",True,True,False,True,True,False,True,0.047881710277779
BAT_01856,Li0-2Mn2P2O7F2,Mn2P2O7F2,Mn2P2O7F2,Li2Mn2P2O7F2,Li,5.092546688333333,159.67603947038316,444.7300325271146,813.1576860110823,2264.8084543483324,0.063433111474458,0.267275126303411,0.096598320666668,1,4,F-Mn-O-P,"Mn,P,O,F",mp-770557,mp-770546,"mp-770557,mp-770546",,"['Mn', 'P', 'O', 'F']",True,True,False,True,True,False,True,0.267275126303411
BAT_01857,Li1-2MnPO4F,MnPO4F,LiMnPO4F,Li2MnPO4F,Li,3.960994844583344,146.62459092243145,449.9119574395734,580.7792487328927,1782.0989439345512,0.046274477246196,0.05402730203125,0.027158774722223,1,4,F-Mn-O-P,"Mn,P,O,F",mp-1176649,mp-776063,"mp-1176649,mp-776063",More than one working ion per transition metal,"['Mn', 'P', 'O', 'F']",True,True,False,True,True,False,True,0.05402730203125
BAT_01858,Li0-1Rb2MnF6,Rb2MnF6,Rb2MnF6,Rb2LiMnF6,Li,3.3816160733333382,77.2811123943325,306.7486158818612,261.335051837755,1037.306049938856,0.137436718911491,0.0,0.061861961000015,1,3,F-Mn-Rb,"Rb,Mn,F",mp-558111,mp-1113711,"mp-558111,mp-1113711",,"['Rb', 'Mn', 'F']",True,False,False,True,False,False,True,0.061861961000015
BAT_01865,Li1-2NiPO4F,NiPO4F,LiNiPO4F,Li2NiPO4F,Li,4.692829077083336,143.67288005898902,485.1772213005504,674.2322691291303,2276.8537716577193,0.04634639309279,0.085390049062501,0.029674211249993,2,4,F-Ni-O-P,"Ni,P,O,F",mp-1176633,mp-554446,"mp-1176633,mp-758764,mp-554446",More than one working ion per transition metal,"['Ni', 'P', 'O', 'F']",True,True,False,True,True,False,True,0.085390049062501
BAT_01866,Li7-8Ni(O2F)2,Ni(O2F)2,Li7Ni(O2F)2,Li8Ni(O2F)2,Li,2.265348888333339,123.95708524556736,325.9775427983476,280.8060452620871,738.4528641998704,0.0304616113902,0.083725192023809,0.102386863000001,1,3,F-Ni-O,"Ni,O,F",mp-761279,mp-753488,"mp-761279,mp-753488",More than one working ion per transition metal,"['Ni', 'O', 'F']",True,True,False,True,False,False,True,0.102386863000001
BAT_01867,Li0-2NiPO4F,NiPO4F,NiPO4F,Li2NiPO4F,Li,5.057702658333331,287.34576011797805,957.3308396608114,1453.3094148095092,4841.894732656966,0.065408319557056,0.241769376607144,0.030360165833326,2,4,F-Ni-O-P,"Ni,P,O,F",mp-25468,mp-25397,"mp-25468,mp-25413,mp-25397,mp-1172964",More than one working ion per transition metal,"['Ni', 'P', 'O', 'F']",True,True,False,True,True,False,True,0.241769376607144
BAT_01868,Li0-1Rb2NiF6,Rb2NiF6,Rb2NiF6,Rb2LiNiF6,Li,4.5869878733333325,76.45324365633316,315.01100822259264,350.69010152859875,1444.951674683539,0.123566609868144,0.0,0.047657322500003,1,3,F-Ni-Rb,"Rb,Ni,F",mp-556417,mp-1113709,"mp-556417,mp-1113709",,"['Rb', 'Ni', 'F']",True,False,False,True,False,False,True,0.047657322500003
BAT_01871,Li1-2VPO4F,VPO4F,LiVPO4F,Li2VPO4F,Li,2.00743891208332,149.90207329892138,455.29942672646064,300.9192549422209,913.9857858599256,0.063281643720253,0.0,0.017004511764407,1,4,F-O-P-V,"V,P,O,F",mp-25423,mp-776064,"mp-25423,mp-776659,mp-776064",More than one working ion per transition metal,"['V', 'P', 'O', 'F']",True,True,False,True,True,False,True,0.017004511764407
BAT_01872,Li4-5VP2(O4F)2,VP2(O4F)2,Li4VP2(O4F)2,Li5VP2(O4F)2,Li,3.823998078333336,85.46771395134152,239.6290824384847,326.82837390947327,916.3411507575462,0.00765190476635,0.027313608284313,0.006114227916662,1,4,F-O-P-V,"V,P,O,F",mp-782668,mp-554656,"mp-782668,mp-554656",More than one working ion per transition metal,"['V', 'P', 'O', 'F']",True,True,False,True,True,False,True,0.027313608284313
BAT_01875,Li0-2VPO4F,VPO4F,VPO4F,Li2VPO4F,Li,2.813267343333334,299.80414659784276,904.7211212522316,843.4292150196305,2545.222385242821,0.146105757920989,0.0,0.035194200236628,1,4,F-O-P-V,"V,P,O,F",mp-1104878,mp-1222675,"mp-1104878,mp-818175,mp-25440,mp-1222675,mp-25403,mp-1173008",More than one working ion per transition metal,"['V', 'P', 'O', 'F']",True,True,False,True,True,False,True,0.035194200236628
BAT_01876,Li0-2VSO4F3,VSO4F3,VSO4F3,Li2VSO4F3,Li,4.317598407083332,246.0190935566498,634.0517397699774,1062.2116464522765,2737.58078163927,0.117537806090381,0.067175633888887,0.086557126590911,4,4,F-O-S-V,"V,S,O,F",mp-768093,mp-769602,"mp-768093,mp-769600,mp-769603,mp-769601,mp-768092,mp-769588,mp-769602",More than one working ion per transition metal,"['V', 'S', 'O', 'F']",True,True,True,True,False,False,True,0.086557126590911
BAT_01877,Li0-1V4OF11,V4OF11,V4OF11,LiV4OF11,Li,2.9457807433333203,61.51518923605388,203.89356512124183,181.21025987407268,600.6257378237326,0.003108717469917,0.002904022083332,0.04164415808824,1,3,F-O-V,"V,O,F",mp-754461,mp-776414,"mp-754461,mp-776414",,"['V', 'O', 'F']",True,True,False,True,False,False,True,0.04164415808824
BAT_01879,Li0-1V2OF5,V2OF5,V2OF5,LiV2OF5,Li,3.080653173333328,121.92721344604828,412.74449540070526,375.61545701825867,1271.522639532046,0.002396950261981,0.005162162916666,0.063101245277776,1,3,F-O-V,"V,O,F",mp-752923,mp-776440,"mp-752923,mp-776440",,"['V', 'O', 'F']",True,True,False,True,False,False,True,0.063101245277776
BAT_01881,Li0-4V4(OF3)3,V4(OF3)3,V4(OF3)3,Li4V4(OF3)3,Li,2.731576360833331,237.96367109753763,808.5320700166133,650.0159387071516,2208.567089433021,0.025997783563746,0.000505800625,0.095520018812497,2,3,F-O-V,"V,O,F",mp-755229,mp-765901,"mp-755229,mp-775947,mp-765901",,"['V', 'O', 'F']",True,True,False,True,False,False,True,0.095520018812497
BAT_01882,Li1-2V(OF)2,V(OF)2,LiV(OF)2,Li2V(OF)2,Li,3.220165580833328,198.79586700304583,600.1327954942376,640.1556085351283,1932.526971979831,0.060753576356386,0.0,0.082256502500003,1,3,F-O-V,"V,O,F",mp-1539853,mp-752823,"mp-1539853,mp-772395,mp-1177506,mp-752823",More than one working ion per transition metal,"['V', 'O', 'F']",True,True,False,True,False,False,True,0.082256502500003
BAT_01883,Li0-1V2(OF)3,V2(OF)3,V2(OF)3,LiV2(OF)3,Li,3.392066523333331,125.3475158805024,427.3581226323999,425.1871124012453,1449.6271812559444,0.010774513485862,0.023281733680536,0.090840997499992,1,3,F-O-V,"V,O,F",mp-754270,mp-754467,"mp-754270,mp-754467",,"['V', 'O', 'F']",True,True,False,True,False,False,True,0.090840997499992
BAT_01884,Li0-1V3OF11,V3OF11,V3OF11,LiV3OF11,Li,4.5732582333333385,69.65995263211349,197.60140967145023,318.57295190842336,903.682273698234,0.02967793841896,0.04962643183334,0.045114623945315,1,3,F-O-V,"V,O,F",mp-752857,mp-850394,"mp-752857,mp-850394",,"['V', 'O', 'F']",True,True,False,True,False,False,True,0.04962643183334
BAT_01885,Li0-1V3O5F,V3O5F,V3O5F,LiV3O5F,Li,2.989195053333337,103.57623896778811,417.8866206089114,309.60958116538393,1249.1446191783432,0.007263138931983,0.072583030555561,0.071190253000009,1,3,F-O-V,"V,O,F",mp-753016,mp-752985,"mp-753016,mp-752985,mp-1291989",,"['V', 'O', 'F']",True,True,False,True,False,False,True,0.072583030555561
BAT_01886,Li0-1V2O2F3,V2O2F3,V2O2F3,LiV2O2F3,Li,3.284075548333338,135.48554653622344,452.0727427351789,444.94477053219,1484.641040484589,0.05676580470276,0.090534700000038,0.068549564453129,1,3,F-O-V,"V,O,F",mp-753052,mp-752937,"mp-753052,mp-752937",,"['V', 'O', 'F']",True,True,False,True,False,False,True,0.090534700000038
BAT_01887,Li0-1V2O2F3,V2O2F3,V2O2F3,LiV2O2F3,Li,3.208217503333334,135.48554653622344,485.3099885747248,434.66710184619507,1556.9799998879328,0.059264673596615,0.060540942857181,0.051787282578129,1,3,F-O-V,"V,O,F",mp-764379,mp-753928,"mp-764379,mp-759850,mp-753928,mp-1176552",,"['V', 'O', 'F']",True,True,False,True,False,False,True,0.060540942857181
BAT_01889,Li2-3VOF5,VOF5,Li2VOF5,Li3VOF5,Li,3.4835500683333342,146.6517841499801,346.968649432578,510.8688326968685,1208.6826624403816,0.019480952738942,0.029861655000001,0.092958420499998,1,3,F-O-V,"V,O,F",mp-752498,mp-757350,"mp-752498,mp-757350",More than one working ion per transition metal,"['V', 'O', 'F']",True,True,False,True,False,False,True,0.092958420499998
BAT_01890,Li0-2V2OF6,V2OF6,V2OF6,Li2V2OF6,Li,4.059933315833331,218.1156099612625,622.9354118629991,885.534831585038,2529.076232234948,0.017425439135645,0.093243355069436,0.054980721818187,1,3,F-O-V,"V,O,F",mp-1101248,mp-753637,"mp-1101248,mp-753637",,"['V', 'O', 'F']",True,True,False,True,False,False,True,0.093243355069436
BAT_01892,Li0-1V2O3F,V2O3F,V2O3F,LiV2O3F,Li,2.461882260833339,152.43652141766677,593.0638829374991,375.2807679812952,1460.053452944769,0.064173286315148,0.036219911666666,0.105441039107143,1,3,F-O-V,"V,O,F",mp-752997,mp-765841,"mp-752997,mp-765841",,"['V', 'O', 'F']",True,True,False,True,False,False,True,0.105441039107143
BAT_01893,Li0-1V3(O2F)2,V3(O2F)2,V3(O2F)2,LiV3(O2F)2,Li,2.7547057133333412,102.38955810294364,403.92427135829627,282.053100691855,1112.6924980647057,0.014013499004747,0.068983396111139,0.09143283000001,1,3,F-O-V,"V,O,F",mp-765508,mp-753023,"mp-765508,mp-753023",,"['V', 'O', 'F']",True,True,False,True,False,False,True,0.09143283000001
BAT_01894,Li3-4VO3F2,VO3F2,Li3VO3F2,Li4VO3F2,Li,2.8770253258333343,162.7285897972436,490.51780958316033,468.1742740838137,1411.2321609430453,0.013559534135302,0.099833250277776,0.088404498999998,1,3,F-O-V,"V,O,F",mp-752990,mp-764753,"mp-752990,mp-764753",More than one working ion per transition metal,"['V', 'O', 'F']",True,True,False,True,False,False,True,0.099833250277776
BAT_01895,Li0-3V2OF7,V2OF7,V2OF7,Li3V2OF7,Li,4.048337948333331,295.93725890025286,868.5556816101691,1198.0540355316396,3516.20692610297,0.066179780729389,0.070503011249998,0.052010595913459,2,3,F-O-V,"V,O,F",mp-765500,mp-752612,"mp-765500,mp-761097,mp-752612",More than one working ion per transition metal,"['V', 'O', 'F']",True,True,False,True,False,False,True,0.070503011249998
BAT_01896,Li0-1V2OF5,V2OF5,V2OF5,LiV2OF5,Li,3.4425489900000033,121.92721344604826,441.6561173174589,419.74040550220826,1520.422820598541,0.031078846637443,0.042490143333333,0.056071026018517,1,3,F-O-V,"V,O,F",mp-764448,mp-765223,"mp-764448,mp-761186,mp-765223,mp-753681",,"['V', 'O', 'F']",True,True,False,True,False,False,True,0.056071026018517
BAT_01897,Li0-1VOF3,VOF3,VOF3,LiVOF3,Li,4.051239330833337,204.7835654934413,590.1925505904821,829.6272348353141,2391.0112737170057,0.108893806988354,0.0292761775,0.070853554166661,1,3,F-O-V,"V,O,F",mp-752824,mp-765498,"mp-752824,mp-765498",,"['V', 'O', 'F']",True,True,False,True,False,False,True,0.070853554166661
BAT_01898,Li0-1V3(OF3)2,V3(OF3)2,V3(OF3)2,LiV3(OF3)2,Li,3.344410088333323,87.65680286305748,319.8973039696969,293.16029580625474,1069.867770626886,0.006329514969219,0.080582118181868,0.079971940416666,1,3,F-O-V,"V,O,F",mp-759157,mp-753466,"mp-759157,mp-753466",,"['V', 'O', 'F']",True,True,False,True,False,False,True,0.080582118181868
BAT_01899,Li1-1.5V(OF)2,V(OF)2,LiV(OF)2,Li3V2(OF)4,Li,3.024187388333335,102.0242310898393,319.8591134617956,308.5403929662978,967.3138969746436,0.034272015720992,0.004580910416667,0.073067495384615,1,3,F-O-V,"V,O,F",mp-765626,mp-776500,"mp-765626,mp-776500,mp-754864",More than one working ion per transition metal,"['V', 'O', 'F']",True,True,False,True,False,False,True,0.073067495384615
BAT_01900,Li0-1V4O5F7,V4O5F7,V4O5F7,LiV4O5F7,Li,3.43849284333334,63.25686848681411,213.21068853226575,217.50828958358863,733.1234266403696,0.012102950497482,0.0,0.035918429787582,1,3,F-O-V,"V,O,F",mp-755181,mp-754849,"mp-755181,mp-754849",,"['V', 'O', 'F']",True,True,False,True,False,False,True,0.035918429787582
BAT_01901,Li0-3V4(OF3)3,V4(OF3)3,V4(OF3)3,Li3V4(OF3)3,Li,2.9972125833333263,181.26548385213377,616.5488486678254,543.2911891256192,1847.9279674668812,0.019428558283227,0.01391590375,0.096580935559211,1,3,F-O-V,"V,O,F",mp-1101222,mp-754854,"mp-1101222,mp-754854",,"['V', 'O', 'F']",True,True,False,True,False,False,True,0.096580935559211
BAT_01902,Li3-5VO3F2,VO3F2,Li3VO3F2,Li5VO3F2,Li,2.031409783333331,312.29603733382163,812.0657609489223,634.4012255361566,1649.6383315016672,0.063046781447125,0.111614677499998,0.087787130454548,1,3,F-O-V,"V,O,F",mp-761111,mp-753535,"mp-761111,mp-753535",More than one working ion per transition metal,"['V', 'O', 'F']",True,True,False,True,False,False,True,0.111614677499998
BAT_01903,Li0-1VOF3,VOF3,VOF3,LiVOF3,Li,4.045270888333332,204.7835654934413,592.9602421036416,828.4049958997203,2398.6848053209455,0.134428880893623,0.024951513499999,0.068244407916661,1,3,F-O-V,"V,O,F",mp-753525,mp-755024,"mp-753525,mp-755024",,"['V', 'O', 'F']",True,True,False,True,False,False,True,0.068244407916661
BAT_01904,Li0-1V2OF5,V2OF5,V2OF5,LiV2OF5,Li,3.037800259999994,121.92721344604826,406.1950538843537,370.3905207074802,1233.9394403006015,0.008244538463391,0.001347600833333,0.06447195824074,1,3,F-O-V,"V,O,F",mp-1648259,mp-776389,"mp-1648259,mp-1574300,mp-753036,mp-776389",,"['V', 'O', 'F']",True,True,False,True,False,False,True,0.06447195824074
BAT_01905,Li0-1VOF3,VOF3,VOF3,LiVOF3,Li,4.157885925833331,204.7835654934413,579.1951083741394,851.4667048071478,2408.2271894203454,0.007673147128671,0.020398917999999,0.045681405416661,1,3,F-O-V,"V,O,F",mp-753030,mp-756068,"mp-753030,mp-756068",,"['V', 'O', 'F']",True,True,False,True,False,False,True,0.045681405416661
BAT_01908,Li2-3V3O3F5,V3O3F5,Li2V3O3F5,Li3V3O3F5,Li,2.026866663333341,84.64399466980709,278.32876271368684,171.562091047597,564.1352905911878,0.032580760488514,0.077239551875003,0.084519145089285,1,3,F-O-V,"V,O,F",mp-764201,mp-759089,"mp-764201,mp-752572,mp-759089",,"['V', 'O', 'F']",True,True,False,True,False,False,True,0.084519145089285
BAT_01909,Li0-1V2OF5,V2OF5,V2OF5,LiV2OF5,Li,3.541409188333337,121.92721344604828,427.1183937670568,431.79415400571537,1512.6010041928312,7.966079089349877e-05,0.042437341666667,0.04503962472222,1,3,F-O-V,"V,O,F",mp-752757,mp-753339,"mp-752757,mp-753339",,"['V', 'O', 'F']",True,True,False,True,False,False,True,0.04503962472222
BAT_01910,Li0-1V6O7F5,V6O7F5,V6O7F5,LiV6O7F5,Li,3.428695483333347,51.58318989000849,215.9301002949068,176.86305019179846,740.3585595968635,0.014363725988875,0.071847457777778,0.056920274769741,1,3,F-O-V,"V,O,F",mp-759522,mp-753549,"mp-759522,mp-753549",,"['V', 'O', 'F']",True,True,False,True,False,False,True,0.071847457777778
BAT_01911,Li1-4V3OF11,V3OF11,LiV3OF11,Li4V3OF11,Li,4.052507453333334,198.25030693243775,633.055113820987,803.4108464693252,2565.460567130332,0.02913706885626,0.059031770195316,0.0369198575,1,3,F-O-V,"V,O,F",mp-752815,mp-765238,"mp-752815,mp-765238",More than one working ion per transition metal,"['V', 'O', 'F']",True,True,False,True,False,False,True,0.059031770195316
BAT_01913,Li1.5-2VO2F,VO2F,Li3V2(O2F)2,Li2VO2F,Li,3.21946023833333,115.7024625341935,399.65628635507545,372.49947760608785,1286.677522920125,0.039739249893949,0.091860201704547,0.009730130833332,1,3,F-O-V,"V,O,F",mp-759102,mp-753128,"mp-759102,mp-759955,mp-758185,mp-759979,mp-760221,mp-759947,mp-753128",More than one working ion per transition metal,"['V', 'O', 'F']",True,True,False,True,False,False,True,0.091860201704547
BAT_01914,Li0-1V2OF5,V2OF5,V2OF5,LiV2OF5,Li,2.801038180000003,121.92721344604826,407.9507129651011,341.522780043391,1142.6855225734707,0.015326969461554,0.006512677499999,0.095370035277776,1,3,F-O-V,"V,O,F",mp-763192,mp-775937,"mp-763192,mp-752625,mp-775937,mp-1377576",,"['V', 'O', 'F']",True,True,False,True,False,False,True,0.095370035277776
BAT_01915,Li0-1V4OF11,V4OF11,V4OF11,LiV4OF11,Li,2.487966563333334,61.51518923605388,202.54149402318805,153.0477339564247,503.9164648172704,0.009167130732038,0.002526289583332,0.068218891029417,1,3,F-O-V,"V,O,F",mp-1302830,mp-755111,"mp-1302830,mp-780699,mp-755111",,"['V', 'O', 'F']",True,True,False,True,False,False,True,0.068218891029417
BAT_01917,Li0-1VO2F,VO2F,VO2F,LiVO2F,Li,3.682245778333336,246.15681672214453,740.0753518144937,906.4098991830896,2725.139339867478,0.002766866225131,0.005366479791664,0.049484848999993,1,3,F-O-V,"V,O,F",mp-753014,mp-752626,"mp-753014,mp-752626",,"['V', 'O', 'F']",True,True,False,True,False,False,True,0.049484848999993
BAT_01918,Li0-1V6O7F5,V6O7F5,V6O7F5,LiV6O7F5,Li,2.190456173333364,51.58318989000849,207.14738585422063,112.99071673479628,453.747270134246,0.046957713302148,0.038439887222223,0.090441487401321,1,3,F-O-V,"V,O,F",mp-763201,mp-755088,"mp-763201,mp-755088",,"['V', 'O', 'F']",True,True,False,True,False,False,True,0.090441487401321
BAT_01919,Li0-1V4O5F7,V4O5F7,V4O5F7,LiV4O5F7,Li,3.4704425833333272,63.25686848681411,214.05253582462495,219.52933008495577,742.8570353962612,0.000842282601934,0.007078611875025,0.040701256258169,1,3,F-O-V,"V,O,F",mp-755640,mp-755130,"mp-755640,mp-755130",,"['V', 'O', 'F']",True,True,False,True,False,False,True,0.040701256258169
BAT_01920,Li0-2V3(OF)4,V3(OF)4,V3(OF)4,Li2V3(OF)4,Li,3.72040813833333,174.77457461732914,594.2606238813914,650.2327497800572,2210.892061379371,0.077274574768945,0.102063535808075,0.050921309358978,1,3,F-O-V,"V,O,F",mp-760115,mp-752838,"mp-760115,mp-752838,mp-1305656",,"['V', 'O', 'F']",True,True,False,True,False,False,True,0.102063535808075
BAT_01921,Li0-5V6O5F19,V6O5F19,V6O5F19,Li5V6O5F19,Li,4.134294411333331,171.5139666082915,495.0225034952234,709.089233614271,2046.5687696845364,0.050252093455241,0.027444913416672,0.064451209896833,1,3,F-O-V,"V,O,F",mp-760037,mp-777740,"mp-760037,mp-777740",,"['V', 'O', 'F']",True,True,False,True,False,False,True,0.064451209896833
BAT_01922,Li2-3V(OF)2,V(OF)2,Li2V(OF)2,Li3V(OF)2,Li,2.30192013333333,189.06222509271404,605.2257420945608,435.2061423937164,1393.181320939075,0.000823368902977,0.058052366785717,0.0798429384375,1,3,F-O-V,"V,O,F",mp-1280578,mp-753080,"mp-1280578,mp-1306444,mp-761260,mp-753080",More than one working ion per transition metal,"['V', 'O', 'F']",True,True,False,True,False,False,True,0.0798429384375
BAT_01923,Li0-1V2OF5,V2OF5,V2OF5,LiV2OF5,Li,3.015203390000001,121.92721344604826,409.5670523970276,367.6353473157784,1234.9279648198255,0.009724646901244,0.004535261249999,0.069816197499998,1,3,F-O-V,"V,O,F",mp-754609,mp-776415,"mp-754609,mp-776415",,"['V', 'O', 'F']",True,True,False,True,False,False,True,0.069816197499998
BAT_01924,Li0-3V4(OF3)3,V4(OF3)3,V4(OF3)3,Li3V4(OF3)3,Li,2.935099069999992,181.26548385213377,610.2915742335555,532.0321530774964,1791.2662319617402,0.021559110820623,0.001487399374999,0.095922223453948,1,3,F-O-V,"V,O,F",mp-759200,mp-755439,"mp-759200,mp-755439",,"['V', 'O', 'F']",True,True,False,True,False,False,True,0.095922223453948
BAT_01925,Li1-2VOF3,VOF3,LiVOF3,Li2VOF3,Li,3.076697253333333,194.46995190364947,593.8038627149714,598.3251668778238,1826.954713433876,0.001065261433017,0.032575627916661,0.069250719107141,1,3,F-O-V,"V,O,F",mp-850913,mp-850895,"mp-850913,mp-850895,mp-1177749",More than one working ion per transition metal,"['V', 'O', 'F']",True,True,False,True,False,False,True,0.069250719107141
BAT_01926,Li0-1V4O5F7,V4O5F7,V4O5F7,LiV4O5F7,Li,3.338086983333345,63.25686848681411,214.05848428937904,211.15692930226348,714.5458400784415,0.01400344936335,0.022367880624999,0.062876779787581,1,3,F-O-V,"V,O,F",mp-1101221,mp-755196,"mp-1101221,mp-755196",,"['V', 'O', 'F']",True,True,False,True,False,False,True,0.062876779787581
BAT_01927,Li1-2VOF4,VOF4,LiVOF4,Li2VOF4,Li,4.204882200833336,170.9098147052017,499.31956244880735,718.6556378016263,2099.5799406688793,0.04567889474179,0.018100662261904,0.017227378749999,1,3,F-O-V,"V,O,F",mp-760189,mp-761271,"mp-760189,mp-761271",More than one working ion per transition metal,"['V', 'O', 'F']",True,True,False,True,False,False,True,0.018100662261904
BAT_01928,Li0-1VOF3,VOF3,VOF3,LiVOF3,Li,4.452488713333335,204.7835654934413,642.2040061731748,911.7965140357052,2859.4060891435124,0.004595965023352,0.0536463695,0.02428715041666,1,3,F-O-V,"V,O,F",mp-760367,mp-764721,"mp-760367,mp-764721",,"['V', 'O', 'F']",True,True,False,True,False,False,True,0.0536463695
BAT_01929,Li0-1V3OF11,V3OF11,V3OF11,LiV3OF11,Li,4.261071178333329,69.65995263211349,201.3297797660947,296.8260164447637,857.8805219015028,0.058030870303696,0.04035271483334,0.055932205195316,1,3,F-O-V,"V,O,F",mp-760355,mp-777339,"mp-760355,mp-777339",,"['V', 'O', 'F']",True,True,False,True,False,False,True,0.055932205195316
BAT_01930,Li2-3VO3F,VO3F,Li2VO3F,Li3VO3F,Li,2.888693448333332,193.14837175036163,614.4909923625611,557.9464360315205,1775.076103697578,0.021679881781726,0.102562713214286,0.0864770759375,1,3,F-O-V,"V,O,F",mp-760211,mp-764917,"mp-760211,mp-764917",More than one working ion per transition metal,"['V', 'O', 'F']",True,True,False,True,False,False,True,0.102562713214286
BAT_01931,Li0-5V6O5F19,V6O5F19,V6O5F19,Li5V6O5F19,Li,4.129229161333335,171.5139666082915,500.1374682664408,708.2204724949091,2065.182218641213,0.030455686137044,0.028686342416673,0.06623889903969,1,3,F-O-V,"V,O,F",mp-760314,mp-777288,"mp-760314,mp-777288",,"['V', 'O', 'F']",True,True,False,True,False,False,True,0.06623889903969
BAT_01933,Li2-3VOF5,VOF5,Li2VOF5,Li3VOF5,Li,4.109644583333332,146.6517841499801,431.49419576324186,602.6867103681348,1773.2877843581794,0.008241506876363,0.025203735,0.026156840999998,1,3,F-O-V,"V,O,F",mp-760326,mp-765358,"mp-760326,mp-765358",More than one working ion per transition metal,"['V', 'O', 'F']",True,True,False,True,False,False,True,0.026156840999998
BAT_01934,Li0-1V4OF11,V4OF11,V4OF11,LiV4OF11,Li,2.98965057833333,61.51518923605388,202.44265807010007,183.9089210758527,605.2328097786112,0.012182869363648,0.002322649270833,0.038516405147063,1,3,F-O-V,"V,O,F",mp-760358,mp-777831,"mp-760358,mp-777831",,"['V', 'O', 'F']",True,True,False,True,False,False,True,0.038516405147063
BAT_01936,Li0-1V4OF11,V4OF11,V4OF11,LiV4OF11,Li,2.499704253333324,61.51518923605388,207.28593719888224,153.76978017796822,518.1535388722303,0.010370446057823,0.001586372083332,0.066643810441181,1,3,F-O-V,"V,O,F",mp-760888,mp-1176557,"mp-760888,mp-1176557",,"['V', 'O', 'F']",True,True,False,True,False,False,True,0.066643810441181
BAT_01937,Li0-1V4OF11,V4OF11,V4OF11,LiV4OF11,Li,2.574711928333333,61.51518923605388,201.30954963541345,158.3838914997502,518.3140987337102,0.015390877529624,0.001753578958332,0.062388965441181,1,3,F-O-V,"V,O,F",mp-760914,mp-779759,"mp-760914,mp-779759",,"['V', 'O', 'F']",True,True,False,True,False,False,True,0.062388965441181
BAT_01938,Li0-3V4O7F5,V4O7F5,V4O7F5,Li3V4O7F5,Li,3.438066266666666,186.3038987620032,651.0545762962471,640.525149682125,2238.3687765230866,0.019872231887918,0.00835047173613,0.08990392342106,1,3,F-O-V,"V,O,F",mp-760947,mp-775924,"mp-760947,mp-775924",,"['V', 'O', 'F']",True,True,False,True,False,False,True,0.08990392342106
BAT_01939,Li0-1V2OF5,V2OF5,V2OF5,LiV2OF5,Li,2.9916453833333323,121.92721344604826,410.6561415656378,364.76298520856807,1228.5375500523198,0.007589992790817,0.007585141249999,0.075144758240739,1,3,F-O-V,"V,O,F",mp-760930,mp-849639,"mp-760930,mp-849639",,"['V', 'O', 'F']",True,True,False,True,False,False,True,0.075144758240739
BAT_01940,Li3-4VO3F2,VO3F2,Li3VO3F2,Li4VO3F2,Li,2.595430178333335,162.7285897972436,420.4087543697891,422.3506928373921,1091.141568326877,0.014723201649135,0.074709698611109,0.093952817249998,1,3,F-O-V,"V,O,F",mp-850210,mp-758786,"mp-850210,mp-758786",More than one working ion per transition metal,"['V', 'O', 'F']",True,True,False,True,False,False,True,0.093952817249998
BAT_01941,Li0-5V6O5F19,V6O5F19,V6O5F19,Li5V6O5F19,Li,4.240871992333335,171.5139666082915,482.9114630551091,727.3687772830982,2047.9656984471264,0.054520336359304,0.026671167416673,0.048562630325404,1,3,F-O-V,"V,O,F",mp-760859,mp-778233,"mp-760859,mp-778233",,"['V', 'O', 'F']",True,True,False,True,False,False,True,0.048562630325404
BAT_01942,Li0-2V2OF5,V2OF5,V2OF5,Li2V2OF5,Li,2.577372018333332,236.3900578263143,789.3741045332225,609.2651204537409,2034.510729020859,0.04230050506638,0.001522515416666,0.075108699875001,2,3,F-O-V,"V,O,F",mp-764744,mp-759836,"mp-764744,mp-758804,mp-761104,mp-759836",,"['V', 'O', 'F']",True,True,False,True,False,False,True,0.075108699875001
BAT_01943,Li0-1V4O5F7,V4O5F7,V4O5F7,LiV4O5F7,Li,3.098642993333332,63.25686848681411,210.83206732806735,196.01045231687465,653.2933081960973,0.017083584637828,0.029508665624998,0.083682459199345,1,3,F-O-V,"V,O,F",mp-2214898,mp-776430,"mp-2214898,mp-758950,mp-776430",,"['V', 'O', 'F']",True,True,False,True,False,False,True,0.083682459199345
BAT_01944,Li2-3VO3F,VO3F,Li2VO3F,Li3VO3F,Li,2.930213423333332,193.14837175036163,612.1416319993162,565.9659515978863,1793.7056270655692,0.016096370560762,0.085748132857143,0.06657432125,1,3,F-O-V,"V,O,F",mp-761101,mp-764860,"mp-761101,mp-764860",More than one working ion per transition metal,"['V', 'O', 'F']",True,True,False,True,False,False,True,0.085748132857143
BAT_01945,Li0-4V3OF11,V3OF11,V3OF11,Li4V3OF11,Li,3.946133312083334,264.3337425765837,773.0865164736164,1043.0961870891176,3050.7024557789987,0.10454587170843,0.016406267166673,0.048776201447369,1,3,F-O-V,"V,O,F",mp-761012,mp-780283,"mp-761012,mp-780283",More than one working ion per transition metal,"['V', 'O', 'F']",True,True,False,True,False,False,True,0.048776201447369
BAT_01946,Li2-3VO3F,VO3F,Li2VO3F,Li3VO3F,Li,3.081427800833336,193.14837175036163,614.5545086989408,595.1727623972565,1893.7053482323888,0.025852110838301,0.090707909642858,0.052012328749999,1,3,F-O-V,"V,O,F",mp-761092,mp-764730,"mp-761092,mp-764730",More than one working ion per transition metal,"['V', 'O', 'F']",True,True,False,True,False,False,True,0.090707909642858
BAT_01948,Li1-2V(OF)2,V(OF)2,LiV(OF)2,Li2V(OF)2,Li,3.743696788333336,198.79586700304583,589.9621742189586,744.2314488332438,2208.6394968616673,0.023688424994079,0.074975034583334,0.071730645357146,1,3,F-O-V,"V,O,F",mp-765509,mp-761125,"mp-765509,mp-761125",More than one working ion per transition metal,"['V', 'O', 'F']",True,True,False,True,False,False,True,0.074975034583334
BAT_01949,Li0-1V2OF5,V2OF5,V2OF5,LiV2OF5,Li,3.37544322083333,121.92721344604828,429.6385160807361,411.5583860615621,1450.2204165136125,0.00362193230829,0.055049022916666,0.07469067111111,1,3,F-O-V,"V,O,F",mp-761130,mp-863406,"mp-761130,mp-863406",,"['V', 'O', 'F']",True,True,False,True,False,False,True,0.07469067111111
BAT_01950,Li0-1V4O5F7,V4O5F7,V4O5F7,LiV4O5F7,Li,3.352467548333327,63.25686848681411,212.1708962568264,212.0665988112334,711.2960444018075,0.004809121862238,0.015168734374999,0.055255197140523,1,3,F-O-V,"V,O,F",mp-761197,mp-779340,"mp-761197,mp-779340",,"['V', 'O', 'F']",True,True,False,True,False,False,True,0.055255197140523
BAT_01953,Li0-1V2(OF)3,V2(OF)3,V2(OF)3,LiV2(OF)3,Li,3.324755886666662,125.34751588050244,428.3417161655211,416.7498913027434,1424.131642326217,0.005046520749472,0.008395755347203,0.085087976388882,1,3,F-O-V,"V,O,F",mp-763169,mp-779054,"mp-763169,mp-779054",,"['V', 'O', 'F']",True,True,False,True,False,False,True,0.085087976388882
BAT_01954,Li0-1V6O7F5,V6O7F5,V6O7F5,LiV6O7F5,Li,2.034142813333294,51.58318989000849,208.06010612977576,104.9275750035674,423.22396962524584,0.040040536646628,0.033102085555555,0.093611641611849,1,3,F-O-V,"V,O,F",mp-763927,mp-777798,"mp-763927,mp-777798",,"['V', 'O', 'F']",True,True,False,True,False,False,True,0.093611641611849
BAT_01955,Li0-1V2OF5,V2OF5,V2OF5,LiV2OF5,Li,3.468754218333335,121.92721344604828,423.0557392200882,422.93553597060895,1467.4763800098085,0.002320688413713,0.039719417604167,0.050696466666665,1,3,F-O-V,"V,O,F",mp-764367,mp-860940,"mp-764367,mp-860940",,"['V', 'O', 'F']",True,True,False,True,False,False,True,0.050696466666665
BAT_01956,Li0-1V4OF11,V4OF11,V4OF11,LiV4OF11,Li,2.823949883333331,61.51518923605388,202.9397842702374,173.71581146638218,573.0917801136284,0.010006673422285,0.002212600208332,0.048159929264711,1,3,F-O-V,"V,O,F",mp-764086,mp-776457,"mp-764086,mp-776457",,"['V', 'O', 'F']",True,True,False,True,False,False,True,0.048159929264711
BAT_01957,Li0-1V2(OF)3,V2(OF)3,V2(OF)3,LiV2(OF)3,Li,3.344771296666676,125.34751588050244,432.3060862676381,419.2587732255749,1445.9649887223038,0.016047144744478,0.013082019097204,0.087029609722215,1,3,F-O-V,"V,O,F",mp-764087,mp-776867,"mp-764087,mp-776867",,"['V', 'O', 'F']",True,True,False,True,False,False,True,0.087029609722215
BAT_01958,Li0-1V3(OF3)2,V3(OF3)2,V3(OF3)2,LiV3(OF3)2,Li,3.8660343283333463,87.65680286305748,324.3805589808305,338.88420898052897,1254.0663764638502,0.006222531792961,0.040760386818233,0.0,1,3,F-O-V,"V,O,F",mp-1568809,mp-867665,"mp-1568809,mp-764333,mp-1572351,mp-867665",,"['V', 'O', 'F']",True,True,False,True,False,False,True,0.040760386818233
BAT_01959,Li0-1V2(OF)3,V2(OF)3,V2(OF)3,LiV2(OF)3,Li,3.35661197,125.34751588050244,428.7715847995035,420.7429722142596,1439.2198339338838,0.000914685349034,0.016743444930536,0.088968580092585,1,3,F-O-V,"V,O,F",mp-763965,mp-777289,"mp-763965,mp-777289",,"['V', 'O', 'F']",True,True,False,True,False,False,True,0.088968580092585
BAT_01960,Li0-1VOF3,VOF3,VOF3,LiVOF3,Li,4.098133787083332,204.7835654934413,603.6042814859956,839.2304487880641,2473.6510999859165,0.049906402408832,0.011310955499999,0.048066793124994,1,3,F-O-V,"V,O,F",mp-764274,mp-771408,"mp-764274,mp-771408",,"['V', 'O', 'F']",True,True,False,True,False,False,True,0.048066793124994
BAT_01962,Li0-1V4OF11,V4OF11,V4OF11,LiV4OF11,Li,2.853136523333323,61.51518923605388,205.6124671211437,175.51123314914625,586.6404395960072,0.004228575722728,0.001758629583332,0.046015801617652,1,3,F-O-V,"V,O,F",mp-764606,mp-1176561,"mp-764606,mp-1176561",,"['V', 'O', 'F']",True,True,False,True,False,False,True,0.046015801617652
BAT_01963,Li0-2V4OF12,V4OF12,V4OF12,Li2V4OF12,Li,3.234398973333339,116.11716492152917,328.5479586220278,375.5692390085719,1062.655180057851,0.058150576796435,0.100094621078429,0.164597441447371,1,3,F-O-V,"V,O,F",mp-758958,mp-757416,"mp-758958,mp-757416",,"['V', 'O', 'F']",True,True,False,True,False,False,True,0.164597441447371
BAT_01965,Li0-1V4O5F7,V4O5F7,V4O5F7,LiV4O5F7,Li,3.528290003333329,63.25686848681411,212.95147663246377,223.18857672419733,751.3545661973928,0.004343521006349,0.012544078749998,0.042442435669934,1,3,F-O-V,"V,O,F",mp-764736,mp-776433,"mp-764736,mp-776433",,"['V', 'O', 'F']",True,True,False,True,False,False,True,0.042442435669934
BAT_01966,Li0-1V4OF11,V4OF11,V4OF11,LiV4OF11,Li,2.7768945683333373,61.51518923605388,202.88845481870663,170.82119485959538,563.3998481636103,0.011207901720294,0.001886673645833,0.050621134558828,1,3,F-O-V,"V,O,F",mp-764470,mp-779025,"mp-764470,mp-779025",,"['V', 'O', 'F']",True,True,False,True,False,False,True,0.050621134558828
BAT_01967,Li0-3V4(OF3)3,V4(OF3)3,V4(OF3)3,Li3V4(OF3)3,Li,2.939484168333331,181.26548385213377,609.6976975482645,532.8270200486282,1792.1967294124074,0.029427823603322,0.0015653703125,0.095295499243421,1,3,F-O-V,"V,O,F",mp-764879,mp-778244,"mp-764879,mp-778244",,"['V', 'O', 'F']",True,True,False,True,False,False,True,0.095295499243421
BAT_01968,Li0-1V2OF5,V2OF5,V2OF5,LiV2OF5,Li,2.99076164333334,121.92721344604826,408.998544675688,364.6552332529582,1223.2171595952054,0.007824316766975,0.003876124583333,0.071946047870368,1,3,F-O-V,"V,O,F",mp-756060,mp-775943,"mp-756060,mp-775943",,"['V', 'O', 'F']",True,True,False,True,False,False,True,0.071946047870368
BAT_01969,Li1.5-2VO2F,VO2F,Li3V2(O2F)2,Li2VO2F,Li,2.915378378333334,115.7024625341935,402.1635052181047,337.3164575921104,1172.458787667607,0.038593792978766,0.058522523977275,0.004510747916666,1,3,F-O-V,"V,O,F",mp-759574,mp-763051,"mp-759574,mp-759243,mp-763051",More than one working ion per transition metal,"['V', 'O', 'F']",True,True,False,True,False,False,True,0.058522523977275
BAT_01970,Li0-1V2OF5,V2OF5,V2OF5,LiV2OF5,Li,3.43901020333333,121.92721344604826,440.6210323074825,419.3089311049607,1515.300225908697,0.028425447902821,0.040707371666666,0.05487953861111,1,3,F-O-V,"V,O,F",mp-1101227,mp-767433,"mp-1101227,mp-767433",,"['V', 'O', 'F']",True,True,False,True,False,False,True,0.05487953861111
BAT_01971,Li2-3V(OF)2,V(OF)2,Li2V(OF)2,Li3V(OF)2,Li,2.280202230833329,189.06222509271404,610.5382785936474,431.1001074227197,1392.1507448583757,0.007152114579566,0.087946272500003,0.10871484375,1,3,F-O-V,"V,O,F",mp-759885,mp-759168,"mp-759885,mp-759168",More than one working ion per transition metal,"['V', 'O', 'F']",True,True,False,True,False,False,True,0.10871484375
BAT_01972,Li0-4V3OF11,V3OF11,V3OF11,Li4V3OF11,Li,3.875087232083336,264.3337425765837,778.278141310208,1024.3163108673227,3015.895688400737,0.098141464902408,0.01705183083334,0.064242926447368,2,3,F-O-V,"V,O,F",mp-759226,mp-778466,"mp-759226,mp-1176596,mp-778466",More than one working ion per transition metal,"['V', 'O', 'F']",True,True,False,True,False,False,True,0.064242926447368
BAT_01973,Li0-1V4OF11,V4OF11,V4OF11,LiV4OF11,Li,2.812121548333327,61.51518923605388,202.09913628115072,172.98818920050948,568.3273360357778,0.01447615468504,0.001998043020832,0.048653777500005,1,3,F-O-V,"V,O,F",mp-756220,mp-778177,"mp-756220,mp-778177",,"['V', 'O', 'F']",True,True,False,True,False,False,True,0.048653777500005
BAT_01974,Li0-1V6O7F5,V6O7F5,V6O7F5,LiV6O7F5,Li,2.022202873333303,51.58318989000849,208.5566423654238,104.31167481127258,421.7438414441062,0.038063192767075,0.030587895000026,0.091858194769743,1,3,F-O-V,"V,O,F",mp-755871,mp-776403,"mp-755871,mp-776403",,"['V', 'O', 'F']",True,True,False,True,False,False,True,0.091858194769743
BAT_01975,Li0-1VOF3,VOF3,VOF3,LiVOF3,Li,4.482620663333333,204.7835654934413,695.4747241038898,917.9670421919748,3117.5493690941453,0.045034731794075,0.051060099499999,0.017109933749994,1,3,F-O-V,"V,O,F",mp-760178,mp-757620,"mp-760178,mp-757620",,"['V', 'O', 'F']",True,True,False,True,False,False,True,0.051060099499999
BAT_01976,Li0-4V3OF11,V3OF11,V3OF11,Li4V3OF11,Li,3.953126209583332,264.3337425765837,776.629915691289,1044.9446458567463,3070.1160748657285,0.114753077833555,0.049263384500006,0.073243841973685,2,3,F-O-V,"V,O,F",mp-774359,mp-1177290,"mp-774359,mp-1176567,mp-1177290",More than one working ion per transition metal,"['V', 'O', 'F']",True,True,False,True,False,False,True,0.073243841973685
BAT_01977,Li0-1V2OF5,V2OF5,V2OF5,LiV2OF5,Li,2.976639940833334,121.92721344604828,407.04780368309787,362.93341341801846,1211.634750271595,0.005921778652742,0.002159352291666,0.071989106111109,1,3,F-O-V,"V,O,F",mp-756285,mp-776824,"mp-756285,mp-776824",,"['V', 'O', 'F']",True,True,False,True,False,False,True,0.071989106111109
BAT_01978,Li0-1V3O5F3,V3O5F3,V3O5F3,LiV3O5F3,Li,3.989346498333337,90.31435503896304,345.52179731185123,360.295256023921,1378.4061722038748,0.003286391532673,0.058028576515139,0.041646418124996,1,3,F-O-V,"V,O,F",mp-759530,mp-758438,"mp-759530,mp-758438",,"['V', 'O', 'F']",True,True,False,True,False,False,True,0.058028576515139
BAT_01979,Li0-1V4O5F7,V4O5F7,V4O5F7,LiV4O5F7,Li,3.40521180333332,63.25686848681411,214.10640547872737,215.40303521320297,729.0776591054322,0.043668405892592,0.011137244999998,0.048358250964052,1,3,F-O-V,"V,O,F",mp-2214551,mp-777291,"mp-2214551,mp-759410,mp-777291",,"['V', 'O', 'F']",True,True,False,True,False,False,True,0.048358250964052
BAT_01980,Li0-3V4(OF3)3,V4(OF3)3,V4(OF3)3,Li3V4(OF3)3,Li,2.9317910016666673,181.26548385213377,611.4969162793965,531.4325144704403,1792.78115669485,0.021127273940614,0.006019845937499,0.100261347138157,1,3,F-O-V,"V,O,F",mp-774383,mp-778226,"mp-774383,mp-778226",,"['V', 'O', 'F']",True,True,False,True,False,False,True,0.100261347138157
BAT_01982,Li0-1V4OF11,V4OF11,V4OF11,LiV4OF11,Li,2.7677142333333262,61.51518923605388,203.84617933327036,170.25646481481937,564.1879719513101,0.001665529380389,0.002826615833332,0.052045805735299,1,3,F-O-V,"V,O,F",mp-774387,mp-777640,"mp-774387,mp-777640",,"['V', 'O', 'F']",True,True,False,True,False,False,True,0.052045805735299
BAT_01983,Li0-1V2OF5,V2OF5,V2OF5,LiV2OF5,Li,2.971250745833335,121.92721344604828,407.56105597288024,362.27632388895114,1210.966091532042,0.005318326237476,0.002412621041666,0.072813033333331,1,3,F-O-V,"V,O,F",mp-775438,mp-778879,"mp-775438,mp-777106,mp-778879",,"['V', 'O', 'F']",True,True,False,True,False,False,True,0.072813033333331
BAT_01984,Li0-1V2OF5,V2OF5,V2OF5,LiV2OF5,Li,2.990701723333335,121.92721344604828,406.6846072262896,364.64792737432794,1216.2723556848048,0.019381360340016,0.003028124166666,0.071198927499998,1,3,F-O-V,"V,O,F",mp-764159,mp-849711,"mp-764159,mp-759520,mp-849711",,"['V', 'O', 'F']",True,True,False,True,False,False,True,0.071198927499998
BAT_01985,Li0-1VOF3,VOF3,VOF3,LiVOF3,Li,4.096341103333335,204.7835654934413,491.73785301646126,838.8633366179375,2014.325979376216,0.012169723094323,0.045012238999999,0.07644997666666,1,3,F-O-V,"V,O,F",mp-759983,mp-759440,"mp-759983,mp-759440",,"['V', 'O', 'F']",True,True,False,True,False,False,True,0.07644997666666
BAT_01986,Li0.92-1.17V(OF)2,V(OF)2,Li11V12(OF)24,Li7V6(OF)12,Li,4.463737356666657,51.92679052811681,162.0545703934268,231.78755469215935,723.3690396837056,0.030638955351249,0.056834845352122,0.048216528108077,1,3,F-O-V,"V,O,F",mp-776317,mp-775890,"mp-776317,mp-775890",More than one working ion per transition metal,"['V', 'O', 'F']",True,True,False,True,False,False,True,0.056834845352122
BAT_01987,Li0-1V3OF11,V3OF11,V3OF11,LiV3OF11,Li,4.511330113333334,69.65995263211349,204.4073157278571,314.2590420026272,922.1488788287162,0.042436681529613,0.04032882583334,0.040268625820315,1,3,F-O-V,"V,O,F",mp-777440,mp-775901,"mp-777440,mp-775901",,"['V', 'O', 'F']",True,True,False,True,False,False,True,0.04032882583334
BAT_01988,Li0-1V4O5F7,V4O5F7,V4O5F7,LiV4O5F7,Li,3.312712543333337,63.25686848681411,212.56036269421855,209.5518216882564,704.1513797126214,0.009398997309457,0.023867448749999,0.065780752140523,1,3,F-O-V,"V,O,F",mp-849292,mp-775904,"mp-849292,mp-775904",,"['V', 'O', 'F']",True,True,False,True,False,False,True,0.065780752140523
BAT_01989,Li0-1V2OF5,V2OF5,V2OF5,LiV2OF5,Li,2.989419333333334,121.92721344604826,406.44643056332114,364.4915691350768,1215.038817490317,0.013026791752054,0.00263849375,0.070995077129627,1,3,F-O-V,"V,O,F",mp-779365,mp-776420,"mp-779365,mp-776420",,"['V', 'O', 'F']",True,True,False,True,False,False,True,0.070995077129627
BAT_01990,Li0-1V6O7F5,V6O7F5,V6O7F5,LiV6O7F5,Li,2.060561153333371,51.58318989000849,204.8051573953273,106.29031725237022,422.01355133113833,0.055305578960567,0.035390060555556,0.094388757927635,1,3,F-O-V,"V,O,F",mp-781614,mp-776417,"mp-781614,mp-776417",,"['V', 'O', 'F']",True,True,False,True,False,False,True,0.094388757927635
BAT_01991,Li0-5V6O5F19,V6O5F19,V6O5F19,Li5V6O5F19,Li,4.248524661333334,171.5139666082915,487.99105086360566,728.6813168984283,2073.242014103998,0.06505369828487,0.021258633083339,0.042830076753975,1,3,F-O-V,"V,O,F",mp-759524,mp-779337,"mp-759524,mp-779337",,"['V', 'O', 'F']",True,True,False,True,False,False,True,0.042830076753975
BAT_01992,Li0-1V3OF11,V3OF11,V3OF11,LiV3OF11,Li,4.437728173333331,69.65995263211349,202.66670267867613,309.13193434859534,899.3797362737307,0.049920846836119,0.040246973833339,0.044792010820316,1,3,F-O-V,"V,O,F",mp-776537,mp-775902,"mp-776537,mp-775902",,"['V', 'O', 'F']",True,True,False,True,False,False,True,0.044792010820316
BAT_01993,Li0-1V3O5F3,V3O5F3,V3O5F3,LiV3O5F3,Li,3.95945522833333,90.31435503896304,343.6897180638225,357.59564525257485,1360.8240511122103,0.007396297407989,0.062565096969685,0.048295834374997,1,3,F-O-V,"V,O,F",mp-759642,mp-764754,"mp-759642,mp-764754",,"['V', 'O', 'F']",True,True,False,True,False,False,True,0.062565096969685
BAT_01995,Li0-1V2OF5,V2OF5,V2OF5,LiV2OF5,Li,2.91873418333334,121.92721344604826,404.96014044618573,355.87312576356146,1181.9710048077525,0.003658004866787,0.0,0.076503654907405,1,3,F-O-V,"V,O,F",mp-1574993,mp-776421,"mp-1574993,mp-777821,mp-776421",,"['V', 'O', 'F']",True,True,False,True,False,False,True,0.076503654907405
BAT_01996,Li0-3V4(OF3)3,V4(OF3)3,V4(OF3)3,Li3V4(OF3)3,Li,2.920530183333335,181.26548385213377,611.9709338463996,529.3913167866779,1787.2795836210978,0.025690808235599,0.00130634125,0.098070103980263,1,3,F-O-V,"V,O,F",mp-777342,mp-778178,"mp-777342,mp-778178",,"['V', 'O', 'F']",True,True,False,True,False,False,True,0.098070103980263
BAT_01997,Li0-1V3OF11,V3OF11,V3OF11,LiV3OF11,Li,4.308334833333338,69.65995263211349,203.7803448979229,300.11840041328486,877.9539582724027,0.04368105876269,0.016608110166673,0.030717659882816,1,3,F-O-V,"V,O,F",mp-780323,mp-777269,"mp-780323,mp-777269",,"['V', 'O', 'F']",True,True,False,True,False,False,True,0.030717659882816
BAT_01999,Li0-4V3OF11,V3OF11,V3OF11,Li4V3OF11,Li,3.936860830833333,264.3337425765837,763.2977445119345,1040.6451574173336,3004.996992632464,0.117906682357056,0.040515810500006,0.069762152763158,1,3,F-O-V,"V,O,F",mp-778369,mp-777267,"mp-778369,mp-777267",More than one working ion per transition metal,"['V', 'O', 'F']",True,True,False,True,False,False,True,0.069762152763158
BAT_02002,Li0-4V3OF11,V3OF11,V3OF11,Li4V3OF11,Li,3.781374412083331,264.3337425765837,769.7482948275266,999.5448504293158,2910.7065058055855,0.111185397169182,0.010382913166673,0.078707006184211,2,3,F-O-V,"V,O,F",mp-777723,mp-1177195,"mp-777723,mp-850742,mp-1177195",More than one working ion per transition metal,"['V', 'O', 'F']",True,True,False,True,False,False,True,0.078707006184211
BAT_02003,Li0-1V4OF11,V4OF11,V4OF11,LiV4OF11,Li,2.5726056683333423,61.51518923605388,206.49489190056497,158.25432451727045,531.2299293852742,0.007627120263945,0.001640666770833,0.062406592794122,1,3,F-O-V,"V,O,F",mp-1101212,mp-777832,"mp-1101212,mp-777832",,"['V', 'O', 'F']",True,True,False,True,False,False,True,0.062406592794122
BAT_02004,Li0-1V3OF11,V3OF11,V3OF11,LiV3OF11,Li,4.105842908333334,69.65995263211349,200.8120836708783,286.01282250939914,824.5028696477158,0.032059433388926,0.033240255833339,0.058966041757815,1,3,F-O-V,"V,O,F",mp-1101185,mp-777575,"mp-1101185,mp-777575",,"['V', 'O', 'F']",True,True,False,True,False,False,True,0.058966041757815
BAT_02006,Li0-3V4(OF3)3,V4(OF3)3,V4(OF3)3,Li3V4(OF3)3,Li,3.004427062499994,181.26548385213377,606.972466287464,544.5989251825063,1823.6045039064225,0.031682017469994,0.007815266874999,0.090304428848686,1,3,F-O-V,"V,O,F",mp-850332,mp-778208,"mp-850332,mp-778208",,"['V', 'O', 'F']",True,True,False,True,False,False,True,0.090304428848686
BAT_02007,Li0-3V4(OF3)3,V4(OF3)3,V4(OF3)3,Li3V4(OF3)3,Li,2.9457897800000032,181.26548385213377,610.4680476478902,533.9700097983712,1798.3105357777097,0.02514677066584,0.00511845,0.097291943453947,1,3,F-O-V,"V,O,F",mp-777880,mp-779062,"mp-777880,mp-779062",,"['V', 'O', 'F']",True,True,False,True,False,False,True,0.097291943453947
BAT_02008,Li0-1V4OF11,V4OF11,V4OF11,LiV4OF11,Li,2.814120238333321,61.51518923605388,206.3511834815881,173.1111389940833,580.6970416395695,0.005331450076595,0.002261833020832,0.048784480441182,1,3,F-O-V,"V,O,F",mp-779609,mp-777854,"mp-779609,mp-777854",,"['V', 'O', 'F']",True,True,False,True,False,False,True,0.048784480441182
BAT_02009,Li0-1V3OF11,V3OF11,V3OF11,LiV3OF11,Li,4.290585468333337,69.65995263211349,199.7982337571909,298.88198048813473,857.2513983572705,0.068077460002613,0.040603688500007,0.054322849882815,1,3,F-O-V,"V,O,F",mp-759668,mp-1176554,"mp-759668,mp-1176554",,"['V', 'O', 'F']",True,True,False,True,False,False,True,0.054322849882815
BAT_02010,Li0-5V6O5F19,V6O5F19,V6O5F19,Li5V6O5F19,Li,4.327268909333337,171.5139666082915,492.6524723157514,742.1870552204958,2131.8397265581534,0.059258155803604,0.030633829750006,0.039616781325404,1,3,F-O-V,"V,O,F",mp-777859,mp-1177029,"mp-777859,mp-1177029",,"['V', 'O', 'F']",True,True,False,True,False,False,True,0.039616781325404
BAT_02011,Li0-3V4(OF3)3,V4(OF3)3,V4(OF3)3,Li3V4(OF3)3,Li,2.950748483333328,181.26548385213377,613.9334983731513,534.8688515573655,1811.5633391921008,0.015974815452426,0.002004441562499,0.093886667401316,1,3,F-O-V,"V,O,F",mp-778865,mp-778106,"mp-778865,mp-778106",,"['V', 'O', 'F']",True,True,False,True,False,False,True,0.093886667401316
BAT_02012,Li0-1V2OF5,V2OF5,V2OF5,LiV2OF5,Li,2.9648002733333363,121.92721344604828,406.79267953018496,361.48983575161594,1206.0590474610926,0.0140916996828,0.002853435104166,0.073921587222221,1,3,F-O-V,"V,O,F",mp-780763,mp-779058,"mp-780763,mp-779058",,"['V', 'O', 'F']",True,True,False,True,False,False,True,0.073921587222221
BAT_02013,Li0-1V2OF7,V2OF7,V2OF7,LiV2OF7,Li,4.522259203333339,103.9573721364573,262.0823638927808,470.1221828984427,1185.204382145485,0.021291149010871,0.088498794249999,0.083038588920454,1,3,F-O-V,"V,O,F",mp-759705,mp-764752,"mp-759705,mp-764752",,"['V', 'O', 'F']",True,True,False,True,False,False,True,0.088498794249999
BAT_02014,Li0-1V4OF11,V4OF11,V4OF11,LiV4OF11,Li,2.726724448333333,61.51518923605388,203.6281878580553,167.7349704337996,555.2379582023722,0.007057844925894,0.001907192083333,0.053591629558829,1,3,F-O-V,"V,O,F",mp-779347,mp-849737,"mp-779347,mp-849737",,"['V', 'O', 'F']",True,True,False,True,False,False,True,0.053591629558829
BAT_02015,Li0-1V2(OF)3,V2(OF)3,V2(OF)3,LiV2(OF)3,Li,3.344198996666673,125.34751588050244,426.40338021369087,419.1870368422362,1425.977756285903,0.004274725159654,0.014423404097204,0.088285540833325,1,3,F-O-V,"V,O,F",mp-1101234,mp-779071,"mp-1101234,mp-779071",,"['V', 'O', 'F']",True,True,False,True,False,False,True,0.088285540833325
BAT_02016,Li0-1V4OF11,V4OF11,V4OF11,LiV4OF11,Li,2.991115358333336,61.51518923605388,202.79350932141375,183.99902729474223,606.5787803015952,0.003839369875711,0.002068754583333,0.038191281911769,1,3,F-O-V,"V,O,F",mp-781049,mp-779753,"mp-781049,mp-779753",,"['V', 'O', 'F']",True,True,False,True,False,False,True,0.038191281911769
BAT_02017,Li0-1VOF3,VOF3,VOF3,LiVOF3,Li,4.461479440833334,204.7835654934413,659.016148688467,913.637667269535,2940.1869985507587,0.035259607637902,0.047819652,0.017933097916661,1,3,F-O-V,"V,O,F",mp-759725,mp-764760,"mp-759725,mp-764760",,"['V', 'O', 'F']",True,True,False,True,False,False,True,0.047819652
BAT_02018,Li0-3V4(OF3)3,V4(OF3)3,V4(OF3)3,Li3V4(OF3)3,Li,2.960397039999994,181.26548385213377,611.3822055111243,536.6178018500234,1809.9340715038004,0.017107569725874,0.00067645125,0.091244903453948,1,3,F-O-V,"V,O,F",mp-779309,mp-849712,"mp-779309,mp-849712",,"['V', 'O', 'F']",True,True,False,True,False,False,True,0.091244903453948
BAT_02019,Li2-3VO3F,VO3F,Li2VO3F,Li3VO3F,Li,3.038589350833331,193.14837175036163,615.2872952147851,586.8985855314463,1869.6054229426904,0.020901850367535,0.083395742500001,0.05096898875,1,3,F-O-V,"V,O,F",mp-759788,mp-758195,"mp-759788,mp-758195",More than one working ion per transition metal,"['V', 'O', 'F']",True,True,False,True,False,False,True,0.083395742500001
BAT_02020,Li0-1V2(OF)3,V2(OF)3,V2(OF)3,LiV2(OF)3,Li,3.326765216666662,125.34751588050244,428.8338143510847,417.00175582682755,1426.6294173136778,0.018844240809373,0.018756759930536,0.094074499351844,1,3,F-O-V,"V,O,F",mp-850989,mp-782821,"mp-850989,mp-782821",,"['V', 'O', 'F']",True,True,False,True,False,False,True,0.094074499351844
BAT_02022,Li0-1V2OF5,V2OF5,V2OF5,LiV2OF5,Li,3.500136470000005,121.92721344604826,441.2404083591125,426.7618864679886,1544.4016453354247,0.033655065160816,0.052043649166666,0.058164422314813,1,3,F-O-V,"V,O,F",mp-764357,mp-760019,"mp-764357,mp-759739,mp-760019",,"['V', 'O', 'F']",True,True,False,True,False,False,True,0.058164422314813
BAT_02025,Li1-2VOF4,VOF4,LiVOF4,Li2VOF4,Li,4.500772758333331,170.9098147052017,462.7108159485731,769.2262381569692,2082.556235407526,0.015064685455187,0.040682309047618,0.0,1,3,F-O-V,"V,O,F",mp-850188,mp-780857,"mp-850188,mp-780857",More than one working ion per transition metal,"['V', 'O', 'F']",True,True,False,True,False,False,True,0.040682309047618
BAT_02026,Li0-1V4O5F7,V4O5F7,V4O5F7,LiV4O5F7,Li,3.411820933333335,63.25686848681411,212.4887970158502,215.8211080804262,724.9737257574957,0.020075111943718,0.003995105625,0.0412474650817,1,3,F-O-V,"V,O,F",mp-2214552,mp-779059,"mp-2214552,mp-759807,mp-779059",,"['V', 'O', 'F']",True,True,False,True,False,False,True,0.0412474650817
BAT_02028,Li0-1V3OF11,V3OF11,V3OF11,LiV3OF11,Li,4.063836243333331,69.65995263211349,198.4290643681331,283.0866402152659,806.3832235099419,0.077847109569695,0.04098045383334,0.068847893945315,1,3,F-O-V,"V,O,F",mp-849451,mp-1176563,"mp-849451,mp-1176563",,"['V', 'O', 'F']",True,True,False,True,False,False,True,0.068847893945315
BAT_02029,Li0-1V2OF5,V2OF5,V2OF5,LiV2OF5,Li,3.393185218333333,121.92721344604828,429.619185020541,413.72161837770426,1457.7774681241133,0.001147596845146,0.054412935104166,0.072153926666665,1,3,F-O-V,"V,O,F",mp-759829,mp-861457,"mp-759829,mp-861457",,"['V', 'O', 'F']",True,True,False,True,False,False,True,0.072153926666665
BAT_02030,Li0-3V4(OF3)3,V4(OF3)3,V4(OF3)3,Li3V4(OF3)3,Li,2.928905796666663,181.26548385213377,610.0882325281755,530.909526390102,1786.8909607298924,0.040917162001776,0.017772435624999,0.110613823453948,1,3,F-O-V,"V,O,F",mp-1101199,mp-850774,"mp-1101199,mp-850774",,"['V', 'O', 'F']",True,True,False,True,False,False,True,0.110613823453948
BAT_02031,Li0-1V4O5F7,V4O5F7,V4O5F7,LiV4O5F7,Li,3.376796693333323,63.25686848681411,214.04423194758817,213.60558433689476,722.7838546676865,0.011535751286039,0.010790581250025,0.04970345625817,1,3,F-O-V,"V,O,F",mp-755719,mp-776429,"mp-755719,mp-776429",,"['V', 'O', 'F']",True,True,False,True,False,False,True,0.04970345625817
BAT_02033,Li0-1Rb2VF6,Rb2VF6,Rb2VF6,Rb2LiVF6,Li,3.268977223333334,78.18207437758417,306.4399303966459,255.57542041327537,1001.7451527864878,0.125216507459819,0.0,0.003611295500003,1,3,F-Rb-V,"Rb,V,F",mp-1209267,mp-1113694,"mp-1209267,mp-1113694",,"['Rb', 'V', 'F']",True,False,False,True,False,False,True,0.003611295500003
BAT_02035,Li1.12-2.75VF6,VF6,Li9V8F48,Li11V4F24,Li,4.280503367179488,236.67256359363313,653.3013492965218,1013.0777053815482,2796.4586254466644,0.012466425293904,0.048904252923076,0.028562153974358,2,2,F-V,"V,F",mp-1176824,mp-760823,"mp-1176824,mp-1177797,mp-760823",More than one working ion per transition metal,"['V', 'F']",True,False,False,True,False,False,True,0.048904252923076
BAT_02036,Li0-1V3F10,V3F10,V3F10,LiV3F10,Li,3.938468448333329,76.63049895192967,230.62141519720683,301.8068023022152,908.2951672641796,0.065777141474073,0.072272473461538,0.092024814642869,1,2,F-V,"V,F",mp-1101191,mp-752482,"mp-1101191,mp-765637,mp-752482",,"['V', 'F']",True,False,False,True,False,False,True,0.092024814642869
BAT_02038,Li2-4VF7,VF7,Li2VF7,Li4VF7,Li,4.628506113333334,253.2092579669854,587.0563514628298,1171.9805984527893,2717.19391161687,0.010918696406752,0.105612327000001,0.012621105416672,2,2,F-V,"V,F",mp-757151,mp-753113,"mp-757151,mp-759421,mp-753113",More than one working ion per transition metal,"['V', 'F']",True,False,False,True,False,False,True,0.105612327000001
BAT_02039,Li1-2VF6,VF6,LiVF6,Li2VF6,Li,4.278420943333335,149.88475877757,353.76911398992837,641.2700910404203,1513.5731863989874,0.027912847883494,0.049906925,0.078044052222223,1,2,F-V,"V,F",mp-753694,mp-752779,"mp-753694,mp-752779",More than one working ion per transition metal,"['V', 'F']",True,False,False,True,False,False,True,0.078044052222223
BAT_02040,Li0-2VF5,VF5,VF5,Li2VF5,Li,4.587971613333331,335.40524494960664,985.238006220814,1538.8297427919078,4520.244004918222,0.010795832500496,0.057544122083332,0.007267066562513,1,2,F-V,"V,F",mp-752600,mp-754000,"mp-752600,mp-754000",More than one working ion per transition metal,"['V', 'F']",True,False,False,True,False,False,True,0.057544122083332
BAT_02042,Li0-1VF5,VF5,VF5,LiVF5,Li,4.873892218333336,175.31686671285286,532.158759314402,854.4755124143562,2593.6844359403867,0.03600003368013,0.081696299583334,0.068010521785711,1,2,F-V,"V,F",mp-752912,mp-765781,"mp-752912,mp-765781",,"['V', 'F']",True,False,False,True,False,False,True,0.081696299583334
BAT_02043,Li0-1.5VF4,VF4,VF4,Li3V2F8,Li,3.52792048,292.7063208802033,845.8988421171507,1032.6446240587209,2984.2638491133825,0.086528408982183,0.040767922499999,0.067654646153847,2,2,F-V,"V,F",mp-863400,mp-752901,"mp-863400,mp-757195,mp-752901",More than one working ion per transition metal,"['V', 'F']",True,False,False,True,False,False,True,0.067654646153847
BAT_02044,Li0-1VF5,VF5,VF5,LiVF5,Li,4.558441795833336,175.31686671285286,421.6252237821397,799.1717327384106,1921.9540422660891,0.034107974616455,0.003867753333334,0.04636468535714,1,2,F-V,"V,F",mp-752907,mp-765480,"mp-752907,mp-765480",,"['V', 'F']",True,False,False,True,False,False,True,0.04636468535714
BAT_02045,Li0-1VF3,VF3,VF3,LiVF3,Li,2.302313145833328,233.30445252334565,776.075483387261,537.1399080259463,1786.7687875614458,0.100876331884398,0.009434196249999,0.035791298499996,1,2,F-V,"V,F",mp-759097,mp-752911,"mp-759097,mp-752911",,"['V', 'F']",True,False,False,True,False,False,True,0.035791298499996
BAT_02046,Li1-2V2F7,V2F7,LiV2F7,Li2V2F7,Li,2.2972278533333292,107.742992195178,339.38193208230916,247.5102026722384,779.6376272975609,0.043352165950566,0.088965341499999,0.101804920000001,1,2,F-V,"V,F",mp-767641,mp-753073,"mp-767641,mp-753073",,"['V', 'F']",True,False,False,True,False,False,True,0.101804920000001
BAT_02047,Li0-1VF5,VF5,VF5,LiVF5,Li,4.625774213333327,175.31686671285286,438.5131520053833,810.9762412027106,2028.4628307540197,0.073262355318734,0.006813449166666,0.039270650714284,1,2,F-V,"V,F",mp-765621,mp-753289,"mp-765621,mp-753289",,"['V', 'F']",True,False,False,True,False,False,True,0.039270650714284
BAT_02048,Li1-3VF6,VF6,LiVF6,Li3VF6,Li,4.332639462500002,288.5681979329664,808.7285488570666,1250.261961986882,3503.9292252284877,0.014636263300185,0.039117087916666,0.0,2,2,F-V,"V,F",mp-759960,mp-21633,"mp-759960,mp-1177787,mp-764375,mp-1177791,mp-1177790,mp-760140,mp-21633",More than one working ion per transition metal,"['V', 'F']",True,False,False,True,False,False,True,0.039117087916666
BAT_02049,Li1-2VF6,VF6,LiVF6,Li2VF6,Li,4.372935763333335,149.88475877757,312.4914826436029,655.4364220370259,1366.5051801892694,0.043281419902761,0.059113728749999,0.075726231111111,1,2,F-V,"V,F",mp-753212,mp-759839,"mp-753212,mp-759839",More than one working ion per transition metal,"['V', 'F']",True,False,False,True,False,False,True,0.075726231111111
BAT_02050,Li0-2V2F7,V2F7,V2F7,Li2V2F7,Li,2.7961834083333352,215.485984390356,632.017405383157,602.5383342806895,1767.2365827102672,0.025581792896494,0.002106136666667,0.112844606363636,2,2,F-V,"V,F",mp-759957,mp-753335,"mp-759957,mp-756996,mp-753335",,"['V', 'F']",True,False,False,True,False,False,True,0.112844606363636
BAT_02051,Li5-6VF8,VF8,Li5VF8,Li6VF8,Li,2.129598203333334,109.58401805261552,300.48406092926615,233.36992795889776,639.9103162852695,0.001676418840121,0.055627510357142,0.056394783333334,1,2,F-V,"V,F",mp-753236,mp-765804,"mp-753236,mp-765804",More than one working ion per transition metal,"['V', 'F']",True,False,False,True,False,False,True,0.056394783333334
BAT_02053,Li3-5VF8,VF8,Li3VF8,Li5VF8,Li,4.425258018333335,225.56967516031648,599.7830814819256,998.2040136960362,2654.194890588567,0.100558030552072,0.096429356666668,0.047069890357143,2,2,F-V,"V,F",mp-753533,mp-765894,"mp-753533,mp-753340,mp-765894",More than one working ion per transition metal,"['V', 'F']",True,False,False,True,False,False,True,0.096429356666668
BAT_02054,Li1-3VF6,VF6,LiVF6,Li3VF6,Li,4.043736850833331,288.5681979329664,844.5686733894788,1166.8938559601029,3415.2134676444552,0.024923386305216,0.006034958124999,0.031314818499989,2,2,F-V,"V,F",mp-753604,mp-753390,"mp-753604,mp-753597,mp-753390",More than one working ion per transition metal,"['V', 'F']",True,False,False,True,False,False,True,0.031314818499989
BAT_02055,Li1-3VF6,VF6,LiVF6,Li3VF6,Li,2.703357988333334,288.5681979329664,758.4179295356533,780.1031430610396,2050.2751683054366,0.052219369535501,0.0,0.294562624499989,1,2,F-V,"V,F",mp-2710677,mp-1111067,"mp-2710677,mp-753571,mp-1111067",More than one working ion per transition metal,"['V', 'F']",True,False,False,True,False,False,True,0.294562624499989
BAT_02056,Li1-2VF4,VF4,LiVF4,Li2VF4,Li,2.402084283333335,190.3282961313768,568.0794695428623,457.184608810793,1364.5747654732477,0.006091666999104,0.082772888333333,0.061920437142855,1,2,F-V,"V,F",mp-753373,mp-760339,"mp-753373,mp-760339",More than one working ion per transition metal,"['V', 'F']",True,False,False,True,False,False,True,0.082772888333333
BAT_02057,Li0-1VF5,VF5,VF5,LiVF5,Li,4.35258805083333,175.31686671285286,467.4314196752618,763.082099163903,2034.536411862604,0.071732444883682,0.0093051375,0.080432978214283,1,2,F-V,"V,F",mp-753449,mp-759186,"mp-753449,mp-759186",,"['V', 'F']",True,False,False,True,False,False,True,0.080432978214283
BAT_02058,Li1-2VF6,VF6,LiVF6,Li2VF6,Li,4.793945038333338,149.88475877757,443.1880877259618,718.539295663521,2124.619334202315,0.035031469357975,0.026547878125,0.0,1,2,F-V,"V,F",mp-753573,mp-753861,"mp-753573,mp-753861",More than one working ion per transition metal,"['V', 'F']",True,False,False,True,False,False,True,0.026547878125
BAT_02059,Li1-2VF6,VF6,LiVF6,Li2VF6,Li,4.201744988333336,149.88475877757,350.6880505052258,629.7775340212057,1473.5017586787203,0.008863226315826,0.028679862499999,0.067695102777777,1,2,F-V,"V,F",mp-753567,mp-767692,"mp-753567,mp-767692",More than one working ion per transition metal,"['V', 'F']",True,False,False,True,False,False,True,0.067695102777777
BAT_02060,Li0-2VF5,VF5,VF5,Li2VF5,Li,4.260173568333333,335.40524494960664,894.5835629654825,1428.8845592146815,3811.081249611007,0.071769866727539,0.0,0.046058486250013,2,2,F-V,"V,F",mp-27309,mp-1177798,"mp-27309,mp-760803,mp-760330,mp-1177798",More than one working ion per transition metal,"['V', 'F']",True,False,False,True,False,False,True,0.046058486250013
BAT_02061,Li0-1VF3,VF3,VF3,LiVF3,Li,2.350988858333328,233.30445252334565,760.935334803196,548.4961684819425,1788.9504940344546,0.055139315568536,0.0,0.018508798999996,1,2,F-V,"V,F",mp-559931,mp-752764,"mp-559931,mp-1178903,mp-752764",,"['V', 'F']",True,False,False,True,False,False,True,0.018508798999996
BAT_02062,Li1-3VF6,VF6,LiVF6,Li3VF6,Li,3.854477983333333,288.5681979329664,832.6381970278449,1112.2797656227945,3209.38559852619,0.119756872066596,0.02725255,0.086140665499989,2,2,F-V,"V,F",mp-757163,mp-765499,"mp-757163,mp-753667,mp-765499",More than one working ion per transition metal,"['V', 'F']",True,False,False,True,False,False,True,0.086140665499989
BAT_02063,Li1-2VF6,VF6,LiVF6,Li2VF6,Li,4.384454303333332,149.88475877757,392.4168646938324,657.1628756263952,1720.5338111074475,0.027484500520721,0.023942211249999,0.043182822222222,1,2,F-V,"V,F",mp-753628,mp-859136,"mp-753628,mp-859136",More than one working ion per transition metal,"['V', 'F']",True,False,False,True,False,False,True,0.043182822222222
BAT_02064,Li0-1VF5,VF5,VF5,LiVF5,Li,4.711835235833331,175.31686671285286,478.4374974939631,826.0641900135157,2254.3186588359767,0.018429170381733,0.013976630416666,0.033116088571426,1,2,F-V,"V,F",mp-765600,mp-753782,"mp-765600,mp-753782",,"['V', 'F']",True,False,False,True,False,False,True,0.033116088571426
BAT_02066,Li0-1VF5,VF5,VF5,LiVF5,Li,4.916328983333334,175.31686671285286,531.6098749409766,861.9153930875855,2613.5690359985324,0.019559488703573,0.083861590833333,0.063804090714283,1,2,F-V,"V,F",mp-757854,mp-849361,"mp-757854,mp-849361",,"['V', 'F']",True,False,False,True,False,False,True,0.083861590833333
BAT_02067,Li0-1VF5,VF5,VF5,LiVF5,Li,5.067682328333331,175.31686671285286,485.42489458402054,888.4501872994944,2459.979160016511,0.073079823650144,0.037283077083333,0.002257743928568,1,2,F-V,"V,F",mp-757128,mp-761275,"mp-757128,mp-1443442,mp-761275",,"['V', 'F']",True,False,False,True,False,False,True,0.037283077083333
BAT_02068,Li0-1VF5,VF5,VF5,LiVF5,Li,4.551242648333333,175.31686671285286,420.7332137687097,797.9096007557064,1914.8589460744963,0.048104624699625,0.030645974583332,0.070345896071425,1,2,F-V,"V,F",mp-756640,mp-759035,"mp-756640,mp-759035",,"['V', 'F']",True,False,False,True,False,False,True,0.070345896071425
BAT_02069,Li0-1VF5,VF5,VF5,LiVF5,Li,4.306923195833332,175.31686671285286,461.0442057582472,755.0762798664066,1985.6819840847504,0.028622866868644,0.009726022916666,0.08731728785714,1,2,F-V,"V,F",mp-758214,mp-758646,"mp-758214,mp-758646",,"['V', 'F']",True,False,False,True,False,False,True,0.08731728785714
BAT_02070,Li1-2VF4,VF4,LiVF4,Li2VF4,Li,2.309755798333332,190.3282961313768,530.4136352472455,439.6118855763511,1225.125969527386,0.063589830226341,0.076270171666666,0.069536463571427,1,2,F-V,"V,F",mp-767617,mp-758181,"mp-767617,mp-758181",More than one working ion per transition metal,"['V', 'F']",True,False,False,True,False,False,True,0.076270171666666
BAT_02072,Li1-3VF6,VF6,LiVF6,Li3VF6,Li,4.245166073333334,288.5681979329664,828.4093536896484,1225.0199237079676,3516.73528311529,0.019664494746099,0.026111789999999,0.007090439499989,2,2,F-V,"V,F",mp-760202,mp-759464,"mp-760202,mp-760329,mp-759511,mp-759464",More than one working ion per transition metal,"['V', 'F']",True,False,False,True,False,False,True,0.026111789999999
BAT_02075,Li1-2V2F7,V2F7,LiV2F7,Li2V2F7,Li,2.6684367033333323,107.742992195178,310.3083173206412,287.50535490056967,828.0381032880052,0.00778573905953,0.0641902265,0.045535829090909,1,2,F-V,"V,F",mp-759851,mp-760262,"mp-759851,mp-760262",,"['V', 'F']",True,False,False,True,False,False,True,0.0641902265
BAT_02076,Li1-1.5VF6,VF6,LiVF6,Li3V2F12,Li,4.623386763333333,76.42568300437219,159.4256455465636,353.3454911811237,737.086419355854,0.018464372933739,0.025942391093749,0.02195608867647,1,2,F-V,"V,F",mp-760194,mp-760783,"mp-760194,mp-760783",More than one working ion per transition metal,"['V', 'F']",True,False,False,True,False,False,True,0.025942391093749
BAT_02079,Li0-1VF5,VF5,VF5,LiVF5,Li,4.589655722083326,175.31686671285286,497.7556242588255,804.6440604863649,2284.5269490786764,0.020411286701492,0.012864522916665,0.049617069821426,1,2,F-V,"V,F",mp-760320,mp-760031,"mp-760320,mp-760031",,"['V', 'F']",True,False,False,True,False,False,True,0.049617069821426
BAT_02081,Li1-2V2F7,V2F7,LiV2F7,Li2V2F7,Li,2.340058373333325,107.742992195178,349.98224909411755,252.12489105431337,818.9788925107193,0.077095562248635,0.081761507749999,0.09136229659091,1,2,F-V,"V,F",mp-759752,mp-849541,"mp-759752,mp-849541",,"['V', 'F']",True,False,False,True,False,False,True,0.09136229659091
BAT_02082,Li0-1VF5,VF5,VF5,LiVF5,Li,4.68927737333333,175.31686671285286,463.5196846793617,822.1094162402762,2173.572369461531,0.016625853147931,0.005471208541666,0.029048278749997,1,2,F-V,"V,F",mp-760312,mp-759086,"mp-760312,mp-759086",,"['V', 'F']",True,False,False,True,False,False,True,0.029048278749997
BAT_02083,Li0-1V5F11,V5F11,V5F11,LiV5F11,Li,2.349577605833336,56.94798012794101,177.83605944778256,133.80369880605204,417.83962278815585,0.00486915324327,0.07546818578125,0.076555660000002,1,2,F-V,"V,F",mp-760030,mp-759570,"mp-760030,mp-759570",,"['V', 'F']",True,False,False,True,False,False,True,0.076555660000002
BAT_02084,Li0-1VF4,VF4,VF4,LiVF4,Li,3.923305307083336,200.196140930706,513.4865887388445,785.4305821710425,2014.564658715227,0.089132752214706,0.019531000999999,0.076937232708332,1,2,F-V,"V,F",mp-759340,mp-760794,"mp-759340,mp-760794",,"['V', 'F']",True,False,False,True,False,False,True,0.076937232708332
BAT_02085,Li0-1VF4,VF4,VF4,LiVF4,Li,4.339818750833335,200.196140930706,622.5537699380886,868.8149662555509,2701.770524179299,0.018322008725112,0.024513009999999,0.011669999583332,1,2,F-V,"V,F",mp-850937,mp-765497,"mp-850937,mp-765497",,"['V', 'F']",True,False,False,True,False,False,True,0.024513009999999
BAT_02086,Li1-1.5VF6,VF6,LiVF6,Li3V2F12,Li,3.654544198333329,76.42568300437219,153.8762544421826,279.3010364272906,562.3475729329418,0.017717217429986,0.052302164374999,0.10375602617647,1,2,F-V,"V,F",mp-761168,mp-765467,"mp-761168,mp-765467",More than one working ion per transition metal,"['V', 'F']",True,False,False,True,False,False,True,0.10375602617647
BAT_02087,Li0-2VF5,VF5,VF5,Li2VF5,Li,4.418341634583329,335.40524494960664,1000.8432708090778,1481.9349582184668,4422.067493108306,0.042125422528525,0.081842117916665,0.067898058125013,2,2,F-V,"V,F",mp-765646,mp-863384,"mp-765646,mp-767589,mp-863384",More than one working ion per transition metal,"['V', 'F']",True,False,False,True,False,False,True,0.081842117916665
BAT_02088,Li0-1VF5,VF5,VF5,LiVF5,Li,4.638056219583331,175.31686671285286,458.5185512041515,813.129484055409,2126.634818206753,0.006561201135808,0.006735012708332,0.037448847142854,1,2,F-V,"V,F",mp-760250,mp-760294,"mp-760250,mp-760294",,"['V', 'F']",True,False,False,True,False,False,True,0.037448847142854
BAT_02089,Li0-1V3F10,V3F10,V3F10,LiV3F10,Li,4.477156073333337,76.63049895192967,237.49064088480117,343.0867037851959,1063.282665197214,0.036647888225633,0.107995396923077,0.086718413214297,1,2,F-V,"V,F",mp-768262,mp-765496,"mp-768262,mp-765496",,"['V', 'F']",True,False,False,True,False,False,True,0.107995396923077
BAT_02090,Li0-1VF4,VF4,VF4,LiVF4,Li,3.8857354683333343,200.196140930706,554.8379869265792,777.9092454379032,2155.953644979276,0.042179986737719,0.008757411749999,0.074220881458333,1,2,F-V,"V,F",mp-760249,mp-1176534,"mp-760249,mp-1176534,mp-760807",,"['V', 'F']",True,False,False,True,False,False,True,0.074220881458333
BAT_02091,Li1-2V2F7,V2F7,LiV2F7,Li2V2F7,Li,2.757146028333328,107.742992195178,300.60756031583435,297.0631630116838,828.8189410117741,0.004546696183655,0.079520682,0.051408122727274,1,2,F-V,"V,F",mp-767706,mp-766139,"mp-767706,mp-766139,mp-753952",,"['V', 'F']",True,False,False,True,False,False,True,0.079520682
BAT_02092,Li0-0.5VF3,VF3,VF3,LiV2F6,Li,2.985206258333325,120.28611631865112,413.68359820598096,359.07886722504765,1234.9308663343431,0.004544585942742,0.051424295,0.0,1,2,F-V,"V,F",mp-765663,mp-559701,"mp-765663,mp-559701",,"['V', 'F']",True,False,False,True,False,False,True,0.051424295
BAT_02095,Li2-4Fe2P4H3O16,Fe2P4H3O16,Li2Fe2P4H3O16,Li4Fe2P4H3O16,Li,4.275043868333332,102.6162549598104,289.6519202700169,438.6889915572673,1238.2746657013108,0.03655137997279,0.062010755787037,0.021426870258626,1,4,Fe-H-O-P,"Fe,P,H,O",mp-752522,mp-1177422,"mp-752522,mp-1177422",More than one working ion per transition metal,"['Fe', 'P', 'H', 'O']",True,True,False,False,True,False,True,0.062010755787037
BAT_02096,Li0-3VFeP2(HO5)2,VFeP2(HO5)2,VFeP2(HO5)2,Li3VFeP2(HO5)2,Li,2.833137093333329,228.70310749185785,682.7757654483713,647.9472571957821,1934.3973475208377,0.086865723464712,0.054678737656249,0.138857028618412,3,5,Fe-H-O-P-V,"V,Fe,P,H,O",mp-753646,mp-759083,"mp-753646,mp-765988,mp-760043,mp-1177767,mp-759083",More than one working ion per transition metal,"['V', 'Fe', 'P', 'H', 'O']",True,True,False,False,True,False,True,0.138857028618412
BAT_02098,Li0-2FePHO5,FePHO5,FePHO5,Li2FePHO5,Li,3.740409138333335,294.99879035566966,893.9214648036278,1103.4161712436264,3343.6320159038105,0.105627997211483,0.1006086425,0.046805965124999,2,4,Fe-H-O-P,"Fe,P,H,O",mp-757067,mp-1638898,"mp-757067,mp-756507,mp-705884,mp-1638898,mp-756776",More than one working ion per transition metal,"['Fe', 'P', 'H', 'O']",True,True,False,False,True,False,True,0.1006086425
BAT_02100,Li1-3VF6,VF6,LiVF6,Li3VF6,Li,4.212237958333334,288.5681979329664,797.3604318201006,1215.5179169010878,3358.671877385686,0.005251741075092,0.052534470624999,0.034814206999989,1,2,F-V,"V,F",mp-1176528,mp-777681,"mp-1176528,mp-777681",More than one working ion per transition metal,"['V', 'F']",True,False,False,True,False,False,True,0.052534470624999
BAT_02101,Li1-2FeP2HO8,FeP2HO8,LiFeP2HO8,Li2FeP2HO8,Li,5.147194610833329,102.81464370251489,306.2232485738803,529.2069799803335,1576.1906547713515,0.002151764852972,0.072619089134616,0.0,1,4,Fe-H-O-P,"Fe,P,H,O",mp-758760,mp-766101,"mp-758760,mp-766101",More than one working ion per transition metal,"['Fe', 'P', 'H', 'O']",True,True,False,False,True,False,True,0.072619089134616
BAT_02102,Li0-1VF4,VF4,VF4,LiVF4,Li,4.253298993333336,200.196140930706,638.1194698262105,851.4940446897905,2714.112898638223,0.023531466414419,0.0,0.005662450833333,1,2,F-V,"V,F",mp-554799,mp-754895,"mp-554799,mp-759867,mp-754895,mp-759459,mp-752465",,"['V', 'F']",True,False,False,True,False,False,True,0.005662450833333
BAT_02103,Li0-1Fe(GeO3)2,Fe(GeO3)2,Fe(GeO3)2,LiFe(GeO3)2,Li,5.02722746333333,88.14467407138761,395.8624990588576,443.12332623824506,1990.0908269724532,0.063835765542646,0.123370948425924,0.0067124705,1,3,Fe-Ge-O,"Fe,Ge,O",mp-1043501,mp-22173,"mp-1043501,mp-22173,mp-1188169",,"['Fe', 'Ge', 'O']",True,True,False,False,False,False,True,0.123370948425924
BAT_02104,Li0.75-3.25K2FeO4,K2FeO4,K8Li3(FeO4)4,K8Li13(FeO4)4,Li,2.579035872333331,303.7374315224846,817.3346235799161,783.3497316668767,2107.935313912664,0.066523636850572,0.057980940322576,0.075221498434946,2,3,Fe-K-O,"K,Fe,O",mp-758545,mp-759598,"mp-758545,mp-758588,mp-25219,mp-759352,mp-759002,mp-16955,mp-759598",More than one working ion per transition metal,"['K', 'Fe', 'O']",True,True,False,False,False,False,True,0.075221498434946
BAT_02105,Li1-2FeH8(SO6)2,FeH8(SO6)2,LiFeH8(SO6)2,Li2FeH8(SO6)2,Li,3.260944888333346,80.26478591918372,166.5674942029563,261.7390433563325,543.1674187836246,0.047799330663403,0.034575939010411,0.055771635599993,1,4,Fe-H-O-S,"Fe,H,S,O",mp-781672,mp-778185,"mp-781672,mp-778185",More than one working ion per transition metal,"['Fe', 'H', 'S', 'O']",True,True,True,False,False,False,True,0.055771635599993
BAT_02106,Li0-1FeH12(SO7)2,FeH12(SO7)2,FeH12(SO7)2,LiFeH12(SO7)2,Li,4.103281043333344,73.83269561212266,143.48132458882657,302.9563002834239,588.7441992576904,0.097715500251881,0.025084183663762,0.034287986708335,1,4,Fe-H-O-S,"Fe,H,S,O",mp-770576,mp-780157,"mp-770576,mp-780157",,"['Fe', 'H', 'S', 'O']",True,True,True,False,False,False,True,0.034287986708335
BAT_02107,Li0-3La7(FeO8)2,La7(FeO8)2,La7(FeO8)2,Li3La7(FeO8)2,Li,3.935767320000001,59.08434759673749,361.4006883464411,232.54224439476,1422.389018619428,0.00472077241381,0.118559901524999,0.046348630848223,1,3,Fe-La-O,"La,Fe,O",mp-770762,mp-756753,"mp-770762,mp-756753",,"['La', 'Fe', 'O']",True,True,False,False,False,False,True,0.118559901524999
BAT_02112,Li0-4Mn3NbFe2(PO4)6,Mn3NbFe2(PO4)6,Mn3NbFe2(PO4)6,Li4Mn3NbFe2(PO4)6,Li,2.91073086083333,110.8641434224428,362.98245855938853,322.6956836195567,1056.5442440699676,0.055960003415217,0.079636349166674,0.105614972785711,1,5,Fe-Mn-Nb-O-P,"Mn,Nb,Fe,P,O",mp-776208,mp-1177427,"mp-776208,mp-1177427",,"['Mn', 'Nb', 'Fe', 'P', 'O']",True,True,False,False,True,False,True,0.105614972785711
BAT_02113,Li0-4Mn3Nb2Fe3O16,Mn3Nb2Fe3O16,Mn3Nb2Fe3O16,Li4Mn3Nb2Fe3O16,Li,3.918219785833334,133.68717564400603,579.9238284699114,523.8157367205206,2272.2690189870236,0.077988757072783,0.106066635416667,0.023918606250004,1,4,Fe-Mn-Nb-O,"Mn,Nb,Fe,O",mp-755993,mp-770941,"mp-755993,mp-770941",,"['Mn', 'Nb', 'Fe', 'O']",True,True,False,False,False,False,True,0.106066635416667
BAT_02114,Li0-1.5Mn2FeO6,Mn2FeO6,Mn2FeO6,Li3Mn4(FeO6)2,Li,4.523036058333327,147.73222697826438,602.1785279346076,668.1981896005733,2723.6751954023125,0.027156953847646,0.114557414166664,0.006135628730138,1,3,Fe-Mn-O,"Mn,Fe,O",mp-752751,mp-769530,"mp-752751,mp-769530",,"['Mn', 'Fe', 'O']",True,True,False,False,False,False,True,0.114557414166664
BAT_02115,Li0.67-2MnFeO4,MnFeO4,Li2Mn3(FeO4)3,Li2MnFeO4,Li,3.352561378333344,189.41379833733657,780.2860611574158,635.0213848291752,2615.956912688202,0.005327884833781,0.097952212437504,0.030351781562499,2,3,Fe-Mn-O,"Mn,Fe,O",mp-753998,mp-754607,"mp-753998,mp-1177469,mp-754607",,"['Mn', 'Fe', 'O']",True,True,False,False,False,False,True,0.097952212437504
BAT_02116,Li3-5Mn3(FeO5)2,Mn3(FeO5)2,Li3Mn3(FeO5)2,Li5Mn3(FeO5)2,Li,3.215108283333326,113.757652080833,467.564833164387,365.7431694976368,1503.2715681021857,0.010287474766916,0.088738116111123,0.027606276500005,1,3,Fe-Mn-O,"Mn,Fe,O",mp-753542,mp-757564,"mp-753542,mp-753645,mp-757564",,"['Mn', 'Fe', 'O']",True,True,False,False,False,False,True,0.088738116111123
BAT_02117,Li1-2MnFeO4,MnFeO4,LiMnFeO4,Li2MnFeO4,Li,2.708853593333335,142.06034875300244,583.8647203814069,384.8206861897574,1581.6040458257369,0.025962119028664,0.007291860714276,0.0156091265625,1,3,Fe-Mn-O,"Mn,Fe,O",mp-753432,mp-1177898,"mp-753432,mp-753880,mp-767363,mp-1177898,mp-770627",,"['Mn', 'Fe', 'O']",True,True,False,False,False,False,True,0.0156091265625
BAT_02118,Li4-1Mn2Fe3Ni3O16,Mn2Fe3Ni3O16,Li4Mn2Fe3Ni3O16,Li10Mn2Fe3Ni3O16,Li,2.985538178333333,206.45859872016783,886.2640857619547,616.3900287242625,2645.975264128003,0.100551312592028,0.079520310272925,0.081673327775731,1,4,Fe-Mn-Ni-O,"Mn,Fe,Ni,O",mp-765636,mp-764933,"mp-765636,mp-764933",More than one working ion per transition metal,"['Mn', 'Fe', 'Ni', 'O']",True,True,False,False,False,False,True,0.081673327775731
BAT_02119,Li0-3Mn2FeO6,Mn2FeO6,Mn2FeO6,Li3Mn2FeO6,Li,3.421964729999999,284.57671123912786,1217.6542995831442,973.8114688396898,4166.770066506372,0.032887772485407,0.10622275972222,0.05384244395834,1,3,Fe-Mn-O,"Mn,Fe,O",mp-754962,mp-777446,"mp-754962,mp-777446",,"['Mn', 'Fe', 'O']",True,True,False,False,False,False,True,0.10622275972222
BAT_02120,Li0-2Mn2FeO6,Mn2FeO6,Mn2FeO6,Li2Mn2FeO6,Li,3.705493993333331,194.49586895363188,748.8161758368094,720.7032741358298,2774.733841674133,0.067385247091757,0.107976572499998,0.077640151818189,1,3,Fe-Mn-O,"Mn,Fe,O",mp-753787,mp-1573004,"mp-753787,mp-1573004,mp-1571056,mp-754476",,"['Mn', 'Fe', 'O']",True,True,False,False,False,False,True,0.107976572499998
BAT_02121,Li0-6Mn5FeO12,Mn5FeO12,Mn5FeO12,Li6Mn5FeO12,Li,3.133320163333332,285.0341911295603,1095.3281367739355,893.1033783056583,3432.0137364201023,0.10470916006473,0.064062876944445,0.082299149687501,2,3,Fe-Mn-O,"Mn,Fe,O",mp-755276,mp-765561,"mp-755276,mp-756410,mp-765561",,"['Mn', 'Fe', 'O']",True,True,False,False,False,False,True,0.082299149687501
BAT_02122,Li2-4MnFe3O8,MnFe3O8,Li2MnFe3O8,Li4MnFe3O8,Li,3.581336318333332,141.719705285116,585.3480241113346,507.54592756108224,2096.328137614578,0.029006716557111,0.091314459452371,0.012612817343748,2,3,Fe-Mn-O,"Mn,Fe,O",mp-768068,mp-763910,"mp-768068,mp-757216,mp-753888,mp-1177588,mp-763910",,"['Mn', 'Fe', 'O']",True,True,False,False,False,False,True,0.091314459452371
BAT_02123,Li0-3Mn5FeO12,Mn5FeO12,Mn5FeO12,Li3Mn5FeO12,Li,4.193871620000005,147.97881983583576,601.6714569041353,620.6041728706053,2523.332847674309,0.037827105732278,0.077394383333335,0.004385363769842,1,3,Fe-Mn-O,"Mn,Fe,O",mp-776272,mp-774685,"mp-776272,mp-774685",,"['Mn', 'Fe', 'O']",True,True,False,False,False,False,True,0.077394383333335
BAT_02125,Li0-3Mn4FeO8,Mn4FeO8,Mn4FeO8,Li3Mn4FeO8,Li,2.9316822266666698,189.44752529018075,822.0550373891808,555.3999427792075,2410.0041424556666,0.053199529281865,0.092595815216352,0.037162087968749,1,3,Fe-Mn-O,"Mn,Fe,O",mp-757061,mp-756377,"mp-757061,mp-756377",,"['Mn', 'Fe', 'O']",True,True,False,False,False,False,True,0.092595815216352
BAT_02126,Li0-2Mn3FeO8,Mn3FeO8,Mn3FeO8,Li2Mn3FeO8,Li,4.209583463333335,147.85542059040174,599.5767410271164,622.4097334815503,2523.968334027043,0.038971202560785,0.093614801666666,0.024503895297603,1,3,Fe-Mn-O,"Mn,Fe,O",mp-756562,mp-756879,"mp-756562,mp-756879",,"['Mn', 'Fe', 'O']",True,True,False,False,False,False,True,0.093614801666666
BAT_02127,Li0-1Mn5Fe3O16,Mn5Fe3O16,Mn5Fe3O16,Li10Mn5Fe3O16,Li,3.031810886333333,349.1478172756921,1409.5801594282382,1058.5501533559648,4273.580472514008,0.194441846070904,0.1093499225,0.065607377647056,2,3,Fe-Mn-O,"Mn,Fe,O",mp-773198,mp-759959,"mp-773198,mp-772124,mp-759959",More than one working ion per transition metal,"['Mn', 'Fe', 'O']",True,True,False,False,False,False,True,0.1093499225
BAT_02128,Li0-5Mn7Fe3O20,Mn7Fe3O20,Mn7Fe3O20,Li5Mn7Fe3O20,Li,4.44789537333334,147.78147978003085,596.2807405542613,657.3165601779538,2652.1943471190766,0.037473340861631,0.110590425333331,0.010085790214291,1,3,Fe-Mn-O,"Mn,Fe,O",mp-777317,mp-779755,"mp-777317,mp-779755,mp-775954",,"['Mn', 'Fe', 'O']",True,True,False,False,False,False,True,0.110590425333331
BAT_02129,Li0-4Mn3FeO8,Mn3FeO8,Mn3FeO8,Li4Mn3FeO8,Li,3.259826515833333,284.80526747310427,1197.244359703194,928.41576275783,3902.808909692373,0.057956467710403,0.080273694999999,0.068872937031249,2,3,Fe-Mn-O,"Mn,Fe,O",mp-1176616,mp-756625,"mp-1176616,mp-863869,mp-863333,mp-1177852,mp-756625",,"['Mn', 'Fe', 'O']",True,True,False,False,False,False,True,0.080273694999999
BAT_02130,Li0-8Mn13Fe3O32,Mn13Fe3O32,Mn13Fe3O32,Li8Mn13Fe3O32,Li,4.227073517083331,147.94795071820508,598.0927662272073,625.3868643876744,2528.182092878139,0.040724939043461,0.080127224166667,0.004099636830344,1,3,Fe-Mn-O,"Mn,Fe,O",mp-771188,mp-771651,"mp-771188,mp-771651",,"['Mn', 'Fe', 'O']",True,True,False,False,False,False,True,0.080127224166667
BAT_02131,Li0-2MnFe(PO4)2,MnFe(PO4)2,MnFe(PO4)2,Li2MnFe(PO4)2,Li,3.632983723333329,170.38028800467345,578.2011919508135,618.9888130978236,2100.5955191692356,0.06366548937396,0.012078301666667,0.001092972321429,1,4,Fe-Mn-O-P,"Mn,Fe,P,O",mp-756899,mp-754635,"mp-756899,mp-754635",,"['Mn', 'Fe', 'P', 'O']",True,True,False,False,True,False,True,0.012078301666667
BAT_02132,Li0-8MnFe7(PO4)8,MnFe7(PO4)8,MnFe7(PO4)8,Li8MnFe7(PO4)8,Li,3.525724815833332,170.0127020324755,587.6818896042621,599.4180025627769,2072.004621993572,0.046633989854457,0.021632361249999,0.001716702544642,1,4,Fe-Mn-O-P,"Mn,Fe,P,O",mp-766418,mp-861717,"mp-766418,mp-861717",,"['Mn', 'Fe', 'P', 'O']",True,True,False,False,True,False,True,0.021632361249999
BAT_02133,Li0-4MnFe3(PO4)4,MnFe3(PO4)4,MnFe3(PO4)4,Li4MnFe3(PO4)4,Li,3.4882419683333312,170.13505433054834,583.8057365666488,593.4722368004902,2036.4556716455372,0.051629657087328,0.019475228333333,0.012851812232143,1,4,Fe-Mn-O-P,"Mn,Fe,P,O",mp-766414,mp-766130,"mp-766414,mp-766130",,"['Mn', 'Fe', 'P', 'O']",True,True,False,False,True,False,True,0.019475228333333
BAT_02134,Li0-2MnFe(PO4)2,MnFe(PO4)2,MnFe(PO4)2,Li2MnFe(PO4)2,Li,3.648223253333332,170.38028800467345,578.276049416701,621.5853286082798,2109.680130327744,0.053671033432379,0.013966255833333,0.000534143035714,1,4,Fe-Mn-O-P,"Mn,Fe,P,O",mp-764402,mp-761246,"mp-764402,mp-1235368,mp-1236059,mp-761246",,"['Mn', 'Fe', 'P', 'O']",True,True,False,False,True,False,True,0.013966255833333
BAT_02135,Li0-1.33MnFe(PO4)2,MnFe(PO4)2,MnFe(PO4)2,Li4Mn3Fe3(PO4)6,Li,3.5440157033333373,115.28246328502487,375.08571695733593,408.5628602010771,1329.309670992842,0.073430542953921,0.078338800555557,0.083600965687492,1,4,Fe-Mn-O-P,"Mn,Fe,P,O",mp-773672,mp-1177464,"mp-773672,mp-1177464",,"['Mn', 'Fe', 'P', 'O']",True,True,False,False,True,False,True,0.083600965687492
BAT_02136,Li0-2Mn2Fe(PO4)3,Mn2Fe(PO4)3,Mn2Fe(PO4)3,Li2Mn2Fe(PO4)3,Li,3.741860560833335,115.3950059550172,376.47016660399765,431.7920217002067,1408.6988687458538,0.062671950415069,0.091144994166661,0.086023197749992,1,4,Fe-Mn-O-P,"Mn,Fe,P,O",mp-776759,mp-776051,"mp-776759,mp-776051",,"['Mn', 'Fe', 'P', 'O']",True,True,False,False,True,False,True,0.091144994166661
BAT_02137,Li0-4Mn3Fe2Sn(PO4)6,Mn3Fe2Sn(PO4)6,Mn3Fe2Sn(PO4)6,Li4Mn3Fe2Sn(PO4)6,Li,3.417082510833329,107.98271911205288,363.17487461760794,368.98586095002383,1240.9985124299153,0.072993697866604,0.07627434722223,0.086357994156253,1,5,Fe-Mn-O-P-Sn,"Mn,Fe,Sn,P,O",mp-776652,mp-1177412,"mp-776652,mp-1177412",,"['Mn', 'Fe', 'Sn', 'P', 'O']",True,True,False,False,True,False,True,0.086357994156253
BAT_02138,Li0-2MnFe2(PO4)3,MnFe2(PO4)3,MnFe2(PO4)3,Li2MnFe2(PO4)3,Li,3.401287198333325,115.17013992282187,376.9493777302804,391.726722549752,1282.113092893716,0.044272432756849,0.043605869722211,0.055933034874996,1,4,Fe-Mn-O-P,"Mn,Fe,P,O",mp-849505,mp-767440,"mp-849505,mp-767440",,"['Mn', 'Fe', 'P', 'O']",True,True,False,False,True,False,True,0.055933034874996
BAT_02139,Li0-4Mn3Fe(PO4)4,Mn3Fe(PO4)4,Mn3Fe(PO4)4,Li4Mn3Fe(PO4)4,Li,3.712838715833332,170.62622966182775,574.2381426504518,633.5076714251038,2132.0536081408213,0.062901992034718,0.00906421,0.002360385624999,1,4,Fe-Mn-O-P,"Mn,Fe,P,O",mp-766386,mp-766376,"mp-766386,mp-766376",,"['Mn', 'Fe', 'P', 'O']",True,True,False,False,True,False,True,0.00906421
BAT_02140,Li0-8Mn7Fe(PO4)12,Mn7Fe(PO4)12,Mn7Fe(PO4)12,Li8Mn7Fe(PO4)12,Li,4.86968519458333,131.09098693377683,395.064593390382,638.3718382147299,1923.8402013372267,0.052644822739555,0.0761906310294,0.015900323453952,1,4,Fe-Mn-O-P,"Mn,Fe,P,O",mp-778021,mp-776668,"mp-778021,mp-776668",,"['Mn', 'Fe', 'P', 'O']",True,True,False,False,True,False,True,0.0761906310294
BAT_02141,Li0-2Mn3FeO8,Mn3FeO8,Mn3FeO8,Li2Mn3FeO8,Li,4.371535495833332,147.85542059040174,599.93184011864,646.3552193623077,2622.6233341592424,0.035291970590529,0.100565451666667,0.007325590654747,1,3,Fe-Mn-O,"Mn,Fe,O",mp-771261,mp-777396,"mp-771261,mp-777396,mp-775099",,"['Mn', 'Fe', 'O']",True,True,False,False,False,False,True,0.100565451666667
BAT_02142,Li0-2MnFe(PO4)2,MnFe(PO4)2,MnFe(PO4)2,Li2MnFe(PO4)2,Li,3.624887258333335,170.38028800467345,578.9608914160278,617.6093350593048,2098.667958367269,0.060991586343797,0.010717701666667,0.001083381607143,1,4,Fe-Mn-O-P,"Mn,Fe,P,O",mp-764401,mp-759138,"mp-764401,mp-759138",,"['Mn', 'Fe', 'P', 'O']",True,True,False,False,True,False,True,0.010717701666667
BAT_02143,Li0-4MnFe3(PO4)4,MnFe3(PO4)4,MnFe3(PO4)4,Li4MnFe3(PO4)4,Li,3.56418499083333,170.13505433054834,585.0004214069761,606.3928070595535,2085.0497216099175,0.050083784834351,0.019668837916666,0.002168760089285,1,4,Fe-Mn-O-P,"Mn,Fe,P,O",mp-756609,mp-764613,"mp-756609,mp-1176968,mp-764613",,"['Mn', 'Fe', 'P', 'O']",True,True,False,False,True,False,True,0.019668837916666
BAT_02144,Li0-7Mn3Fe(PO4)6,Mn3Fe(PO4)6,Mn3Fe(PO4)6,Li7Mn3Fe(PO4)6,Li,4.110562959047623,223.59207814183165,633.0352623692719,919.0893143462948,2602.131301266123,0.071720637144417,0.070867549558815,0.076915542804858,2,4,Fe-Mn-O-P,"Mn,Fe,P,O",mp-774347,mp-829746,"mp-774347,mp-1176969,mp-829746",More than one working ion per transition metal,"['Mn', 'Fe', 'P', 'O']",True,True,False,False,True,False,True,0.076915542804858
BAT_02145,Li0-4MnFe3(PO4)4,MnFe3(PO4)4,MnFe3(PO4)4,Li4MnFe3(PO4)4,Li,3.48642522958333,170.13505433054834,582.6820577215636,593.1631458545543,2031.4774268659896,0.048616532199917,0.019269861874999,0.012935317946427,1,4,Fe-Mn-O-P,"Mn,Fe,P,O",mp-766435,mp-766043,"mp-766435,mp-766043",,"['Mn', 'Fe', 'P', 'O']",True,True,False,False,True,False,True,0.019269861874999
BAT_02146,Li2-4Mn5(FeO6)2,Mn5(FeO6)2,Li2Mn5(FeO6)2,Li4Mn5(FeO6)2,Li,3.234838450833341,88.43373705925286,382.4478784583597,286.0688529901566,1237.1571026767383,0.034379397203528,0.10605718190474,0.059215415000003,1,3,Fe-Mn-O,"Mn,Fe,O",mp-758305,mp-759127,"mp-758305,mp-759127",,"['Mn', 'Fe', 'O']",True,True,False,False,False,False,True,0.10605718190474
BAT_02147,Li0-3Mn3FeO8,Mn3FeO8,Mn3FeO8,Li3Mn3FeO8,Li,3.303442371666666,217.61671371828984,934.9692291624882,718.8842728798535,3088.6169678198853,0.085121564342329,0.067335414583332,0.097502476000006,2,3,Fe-Mn-O,"Mn,Fe,O",mp-756788,mp-763959,"mp-756788,mp-1663998,mp-770175,mp-1661410,mp-1661760,mp-1664598,mp-763959,mp-759910",,"['Mn', 'Fe', 'O']",True,True,False,False,False,False,True,0.097502476000006
BAT_02148,Li0-12Mn11Fe(PO4)12,Mn11Fe(PO4)12,Mn11Fe(PO4)12,Li12Mn11Fe(PO4)12,Li,3.771389591666666,170.79058560598148,571.2105608934507,644.1178369090533,2154.2575640036384,0.065784273239294,0.006388511388884,0.001875036517855,1,4,Fe-Mn-O-P,"Mn,Fe,P,O",mp-849792,mp-775195,"mp-849792,mp-775195",,"['Mn', 'Fe', 'P', 'O']",True,True,False,False,True,False,True,0.006388511388884
BAT_02149,Li0-2MnFe(PO4)2,MnFe(PO4)2,MnFe(PO4)2,Li2MnFe(PO4)2,Li,3.646459799166668,170.38028800467345,580.0039932144548,621.2848707794807,2114.9612446126466,0.05665489446689,0.016107250833334,0.002621203630954,1,4,Fe-Mn-O-P,"Mn,Fe,P,O",mp-767833,mp-775189,"mp-767833,mp-775189",,"['Mn', 'Fe', 'P', 'O']",True,True,False,False,True,False,True,0.016107250833334
BAT_02150,Li0-4Mn3Fe(PO4)4,Mn3Fe(PO4)4,Mn3Fe(PO4)4,Li4Mn3Fe(PO4)4,Li,3.715208905833333,170.62622966182775,575.3250603378966,633.9120880083861,2137.4527879164534,0.061377911755304,0.009637541666666,0.002513214196428,1,4,Fe-Mn-O-P,"Mn,Fe,P,O",mp-756786,mp-773519,"mp-756786,mp-773519",,"['Mn', 'Fe', 'P', 'O']",True,True,False,False,True,False,True,0.009637541666666
BAT_02151,Li0-4Mn5Fe(PO4)6,Mn5Fe(PO4)6,Mn5Fe(PO4)6,Li4Mn5Fe(PO4)6,Li,3.457182658333328,115.50776857571373,371.88367928781673,399.3314544227368,1285.669806951033,0.067239255714904,0.039902934999989,0.068393630124992,1,4,Fe-Mn-O-P,"Mn,Fe,P,O",mp-771947,mp-776660,"mp-771947,mp-776660",,"['Mn', 'Fe', 'P', 'O']",True,True,False,False,True,False,True,0.068393630124992
BAT_02152,Li0-2Fe2(MoO4)3,Fe2(MoO4)3,Fe2(MoO4)3,Li2Fe2(MoO4)3,Li,3.12444551708332,88.5436210006062,293.99685255341603,276.6497197016686,918.5771479971266,0.016690475530926,0.0,0.0,1,3,Fe-Mo-O,"Fe,Mo,O",mp-21925,mp-21778,"mp-21925,mp-21778",,"['Fe', 'Mo', 'O']",True,True,False,False,False,False,True,0.0
BAT_02153,Li0-4Ti2Mn3Fe3O16,Ti2Mn3Fe3O16,Ti2Mn3Fe3O16,Li4Ti2Mn3Fe3O16,Li,4.230379848333333,150.60448390299558,616.148445391584,637.1141737718743,2606.541966966468,0.06475067481395,0.122244407291665,0.038636810265337,1,4,Fe-Mn-O-Ti,"Ti,Mn,Fe,O",mp-755215,mp-770495,"mp-755215,mp-770495",,"['Ti', 'Mn', 'Fe', 'O']",True,True,False,False,False,False,True,0.122244407291665
BAT_02154,Li0-4Mn3Fe2Sb3O16,Mn3Fe2Sb3O16,Mn3Fe2Sb3O16,Li4Mn3Fe2Sb3O16,Li,3.424569425833337,115.8308601180561,545.5716292632861,396.67082212827296,1868.34792117713,0.118969486355608,0.10258514140625,0.061926816994049,1,4,Fe-Mn-O-Sb,"Mn,Fe,Sb,O",mp-756766,mp-774490,"mp-756766,mp-774490",,"['Mn', 'Fe', 'Sb', 'O']",True,True,False,False,False,False,True,0.10258514140625
BAT_02155,Li0-2MnV4FeO12,MnV4FeO12,MnV4FeO12,Li2MnV4FeO12,Li,2.530034943333324,102.99866696294012,336.69287460023946,260.59022653299013,851.8447379099508,0.001226117591583,0.012485443472229,0.064042690875,1,4,Fe-Mn-O-V,"Mn,V,Fe,O",mp-1176412,mp-755976,"mp-1176412,mp-755976",,"['Mn', 'V', 'Fe', 'O']",True,True,False,False,False,False,True,0.064042690875
BAT_02156,Li0-4Mn2Fe3Sn(PO4)6,Mn2Fe3Sn(PO4)6,Mn2Fe3Sn(PO4)6,Li4Mn2Fe3Sn(PO4)6,Li,2.872942075833326,107.88416405521974,363.1760181284596,309.9449542303461,1043.3836634148586,0.058139060556091,0.021647179999996,0.080926443593748,1,5,Fe-Mn-O-P-Sn,"Mn,Fe,Sn,P,O",mp-850538,mp-1177457,"mp-850538,mp-1177457",,"['Mn', 'Fe', 'Sn', 'P', 'O']",True,True,False,False,True,False,True,0.080926443593748
BAT_02157,Li0-4Mn3Fe3(TeO8)2,Mn3Fe3(TeO8)2,Mn3Fe3(TeO8)2,Li4Mn3Fe3(TeO8)2,Li,3.512807935833334,123.04084658792937,566.6217639909929,432.2188623257301,1990.4334291634425,0.0858994305529999,0.089175549270834,0.030796276640614,1,4,Fe-Mn-O-Te,"Mn,Fe,Te,O",mp-775968,mp-757691,"mp-775968,mp-757691",,"['Mn', 'Fe', 'Te', 'O']",True,True,False,False,False,False,True,0.089175549270834
BAT_02158,Li0-4Mn2Fe3P6WO24,Mn2Fe3P6WO24,Mn2Fe3P6WO24,Li4Mn2Fe3P6WO24,Li,2.467452428333322,101.24815298815734,362.4846924942697,249.82500095489252,894.4137347286432,0.058775620747429,0.008559883854159,0.083683596656247,1,5,Fe-Mn-O-P-W,"Mn,Fe,P,W,O",mp-757052,mp-770860,"mp-757052,mp-770860",,"['Mn', 'Fe', 'P', 'W', 'O']",True,True,False,False,True,False,True,0.083683596656247
BAT_02159,Li0-4Mn3Fe3(SbO8)2,Mn3Fe3(SbO8)2,Mn3Fe3(SbO8)2,Li4Mn3Fe3(SbO8)2,Li,4.016509958333335,124.71264479916265,581.4688262448248,500.9095797659247,2335.475331072734,0.08030277861279,0.090040500833333,0.00504709392857,1,4,Fe-Mn-O-Sb,"Mn,Fe,Sb,O",mp-775891,mp-775013,"mp-775891,mp-775013",,"['Mn', 'Fe', 'Sb', 'O']",True,True,False,False,False,False,True,0.090040500833333
BAT_02161,Li0-5Na2Ti3Fe(PO4)6,Na2Ti3Fe(PO4)6,Na2Ti3Fe(PO4)6,Na2Li5Ti3Fe(PO4)6,Li,2.525168405333334,157.66343007241838,460.90627861403726,398.1267122953523,1163.8659725759298,0.030316304874489,0.055773818749994,0.091086429278449,1,5,Fe-Na-O-P-Ti,"Na,Ti,Fe,P,O",mp-772859,mp-773757,"mp-772859,mp-773757",More than one working ion per transition metal,"['Na', 'Ti', 'Fe', 'P', 'O']",True,True,False,False,True,False,True,0.091086429278449
BAT_02162,Li0-1.5Na3Fe3(PO4)4,Na3Fe3(PO4)4,Na3Fe3(PO4)4,Na6Li3Fe6(PO4)8,Li,2.361164226666673,64.13870639772303,189.67020435600705,151.44201909098052,447.8425013899613,0.022010334237861,0.0,0.039931084954545,1,4,Fe-Na-O-P,"Na,Fe,P,O",mp-556540,mp-1101725,"mp-556540,mp-1101725",,"['Na', 'Fe', 'P', 'O']",True,True,False,False,True,False,True,0.039931084954545
BAT_02164,Li0-1Na2Fe(Si2O5)3,Na2Fe(Si2O5)3,Na2Fe(Si2O5)3,Na2LiFe(Si2O5)3,Li,5.44851338333331,51.81337609783702,138.91027348912493,282.30587310474726,756.8544841879875,0.00040125464656,0.070013312864584,7.439675000497914e-05,1,4,Fe-Na-O-Si,"Na,Fe,Si,O",mp-780575,mp-6838,"mp-780575,mp-6838",,"['Na', 'Fe', 'Si', 'O']",True,True,False,False,False,True,True,0.070013312864584
BAT_02167,Li2-5Nb2Fe3O10,Nb2Fe3O10,Li2Nb2Fe3O10,Li5Nb2Fe3O10,Li,2.193807233333335,146.7109183094006,663.3385959103218,321.8554737961391,1455.2370098572426,0.040113539185216,0.075317494999982,0.073103301437498,2,3,Fe-Nb-O,"Nb,Fe,O",mp-753897,mp-754582,"mp-753897,mp-753638,mp-769502,mp-754582,mp-1305525",,"['Nb', 'Fe', 'O']",True,True,False,False,False,False,True,0.075317494999982
BAT_02168,Li3-4NbFe3O8,NbFe3O8,Li3NbFe3O8,Li4NbFe3O8,Li,2.820915793333331,64.39558816896384,279.47397133225036,181.65453168681915,788.3725395567318,0.000825873920286,0.0901623965,0.0461780721875,1,3,Fe-Nb-O,"Nb,Fe,O",mp-763729,mp-770958,"mp-763729,mp-753114,mp-772060,mp-757126,mp-770958",,"['Nb', 'Fe', 'O']",True,True,False,False,False,False,True,0.0901623965
BAT_02169,Li0-1NbFeO4,NbFeO4,NbFeO4,LiNbFeO4,Li,3.176276870833338,121.99683001183708,535.5622515479131,387.4957094815846,1701.0939924830627,0.013395259562806,0.111573747083326,0.0,1,3,Fe-Nb-O,"Nb,Fe,O",mp-754222,mp-756415,"mp-754222,mp-756415",,"['Nb', 'Fe', 'O']",True,True,False,False,False,False,True,0.111573747083326
BAT_02170,Li4-6NbFe5O12,NbFe5O12,Li4NbFe5O12,Li6NbFe5O12,Li,2.586613498333325,88.48729115508424,371.2967299000693,228.88242173269197,960.401133446542,0.049381361431116,0.105100428409086,0.064735017916667,1,3,Fe-Nb-O,"Nb,Fe,O",mp-756145,mp-752667,"mp-756145,mp-752667",,"['Nb', 'Fe', 'O']",True,True,False,False,False,False,True,0.105100428409086
BAT_02171,Li0-1NaFe2(SiO3)4,NaFe2(SiO3)4,NaFe2(SiO3)4,NaLiFe2(SiO3)4,Li,4.853935323333336,60.09899414113197,201.90846660999247,291.7166305584437,980.050638158312,0.000562069719702,0.066413287236848,0.00889854637501,1,4,Fe-Na-O-Si,"Na,Fe,Si,O",mp-755636,mp-850191,"mp-755636,mp-1304778,mp-850191",,"['Na', 'Fe', 'Si', 'O']",True,True,False,False,False,True,True,0.066413287236848
BAT_02172,Li0-4NbFe5(PO4)6,NbFe5(PO4)6,NbFe5(PO4)6,Li4NbFe5(PO4)6,Li,2.265703170833323,110.55307913306775,368.5564195884687,250.480461937179,835.0394484925705,0.055001851803532,0.016916112685212,0.101966042526788,1,4,Fe-Nb-O-P,"Nb,Fe,P,O",mp-771326,mp-759245,"mp-771326,mp-759245",,"['Nb', 'Fe', 'P', 'O']",True,True,False,False,True,False,True,0.101966042526788
BAT_02173,Li2-4Fe3NiO8,Fe3NiO8,Li2Fe3NiO8,Li4Fe3NiO8,Li,4.279928578333338,140.32644591271492,599.6002719254585,600.587166157776,2566.2463393902103,0.075470433647924,0.130214145523398,0.008252390364582,2,3,Fe-Ni-O,"Fe,Ni,O",mp-753165,mp-769856,"mp-753165,mp-767972,mp-753695,mp-757161,mp-754094,mp-769856,mp-755981",,"['Fe', 'Ni', 'O']",True,True,False,False,False,False,True,0.130214145523398
BAT_02174,Li0-8NbFe7(PO4)12,NbFe7(PO4)12,NbFe7(PO4)12,Li8NbFe7(PO4)12,Li,4.959120639583337,127.70167849821524,379.8576388516092,633.2880295499349,1883.7598569324084,0.021737776296678,0.075302415277773,0.007161056546046,1,4,Fe-Nb-O-P,"Nb,Fe,P,O",mp-1101729,mp-776163,"mp-1101729,mp-776163",,"['Nb', 'Fe', 'P', 'O']",True,True,False,False,True,False,True,0.075302415277773
BAT_02175,Li2-4FeNi3O8,FeNi3O8,Li2FeNi3O8,Li4FeNi3O8,Li,3.655905198333333,138.2644292386482,625.1110015161754,505.4816455981653,2285.346559978342,0.01563427767467,0.038804654161934,0.007829509218749,2,3,Fe-Ni-O,"Fe,Ni,O",mp-752523,mp-765712,"mp-752523,mp-753978,mp-753275,mp-756498,mp-765712",,"['Fe', 'Ni', 'O']",True,True,False,False,False,False,True,0.038804654161934
BAT_02176,Li3-5Fe2Ni3O10,Fe2Ni3O10,Li3Fe2Ni3O10,Li5Fe2Ni3O10,Li,4.090492618333333,111.10131442738268,497.17154817317834,454.4591065523395,2033.6765478477412,0.0189201891008,0.093404907070708,0.017436982750003,1,3,Fe-Ni-O,"Fe,Ni,O",mp-752981,mp-755824,"mp-752981,mp-754035,mp-755824",,"['Fe', 'Ni', 'O']",True,True,False,False,False,False,True,0.093404907070708
BAT_02177,Li4-6Fe5NiO12,Fe5NiO12,Li4Fe5NiO12,Li6Fe5NiO12,Li,3.95228533833333,93.78407321389318,392.62535670214623,370.6614175324496,1551.7674407517864,0.046306068603873,0.088576947378522,0.038042480451386,1,3,Fe-Ni-O,"Fe,Ni,O",mp-1177537,mp-765833,"mp-1177537,mp-755202,mp-765833",,"['Fe', 'Ni', 'O']",True,True,False,False,False,False,True,0.088576947378522
BAT_02178,Li4-5Fe3(NiO5)2,Fe3(NiO5)2,Li4Fe3(NiO5)2,Li5Fe3(NiO5)2,Li,3.793926473333347,55.880564698953606,243.3192612480584,212.006753756177,923.1353867209216,0.015806643112337,0.068072490603447,0.04498878295833,1,3,Fe-Ni-O,"Fe,Ni,O",mp-752964,mp-755786,"mp-752964,mp-755786",,"['Fe', 'Ni', 'O']",True,True,False,False,False,False,True,0.068072490603447
BAT_02179,Li3-5Fe5(NiO6)2,Fe5(NiO6)2,Li3Fe5(NiO6)2,Li5Fe5(NiO6)2,Li,3.888333513333326,85.9973314877996,398.0298725110155,334.3863060812465,1547.672892592373,0.013155630251477,0.077738070701407,0.027467736979164,1,3,Fe-Ni-O,"Fe,Ni,O",mp-753185,mp-771236,"mp-753185,mp-758177,mp-771236",,"['Fe', 'Ni', 'O']",True,True,False,False,False,False,True,0.077738070701407
BAT_02180,Li2-3Fe2NiO6,Fe2NiO6,Li2Fe2NiO6,Li3Fe2NiO6,Li,4.646636516666665,93.31901062720796,403.370677665468,433.61952247958914,1874.3169205929423,0.04704898974727,0.121982304205848,0.00985357402778,1,3,Fe-Ni-O,"Fe,Ni,O",mp-758197,mp-757135,"mp-758197,mp-757135",,"['Fe', 'Ni', 'O']",True,True,False,False,False,False,True,0.121982304205848
BAT_02181,Li2-5FeNi3O8,FeNi3O8,Li2FeNi3O8,Li5FeNi3O8,Li,3.101581335,203.7487790600698,896.4434304911217,631.9434101617513,2780.392211894633,0.140849375650286,0.055454738447648,0.066464726495097,2,3,Fe-Ni-O,"Fe,Ni,O",mp-772596,mp-759765,"mp-772596,mp-772095,mp-761063,mp-759765",More than one working ion per transition metal,"['Fe', 'Ni', 'O']",True,True,False,False,False,False,True,0.066464726495097
BAT_02182,Li1-1.5FeNiO4,FeNiO4,LiFeNiO4,Li3Fe2(NiO4)2,Li,3.492839623333329,70.92309013181941,305.8228934217092,247.7229794216598,1068.1903198657917,0.024996571772618,0.041731738502438,0.036023848931034,1,3,Fe-Ni-O,"Fe,Ni,O",mp-755275,mp-767955,"mp-755275,mp-753174,mp-767955,mp-753582",,"['Fe', 'Ni', 'O']",True,True,False,False,False,False,True,0.041731738502438
BAT_02184,Li8-1Fe3Ni7O20,Fe3Ni7O20,Li8Fe3Ni7O20,Li10Fe3Ni7O20,Li,3.65688056333335,55.387159951683344,251.903455834009,202.54422868554613,921.1808514758884,0.004188092464228,0.02271554583882,0.008759554895831,1,3,Fe-Ni-O,"Fe,Ni,O",mp-759370,mp-771052,"mp-759370,mp-771052",,"['Fe', 'Ni', 'O']",True,True,False,False,False,False,True,0.02271554583882
BAT_02185,Li6-1FeNi9O20,FeNi9O20,Li6FeNi9O20,Li10FeNi9O20,Li,3.795284795833329,110.1260715449706,511.25172157602606,417.9598049594805,1940.3458857411065,0.022830039991015,0.049340891938665,0.010651133937497,2,3,Fe-Ni-O,"Fe,Ni,O",mp-758623,mp-769545,"mp-758623,mp-759197,mp-769545",,"['Fe', 'Ni', 'O']",True,True,False,False,False,False,True,0.049340891938665
BAT_02186,Li0-4Fe3Ni(PO4)4,Fe3Ni(PO4)4,Fe3Ni(PO4)4,Li4Fe3Ni(PO4)4,Li,3.8449426983333312,169.1271037782907,596.8865851591236,650.2840227626024,2294.994717340688,0.043914279424599,0.045334881041648,0.002965603482135,1,4,Fe-Ni-O-P,"Fe,Ni,P,O",mp-775017,mp-771063,"mp-775017,mp-771063",,"['Fe', 'Ni', 'P', 'O']",True,True,False,False,True,False,True,0.045334881041648
BAT_02188,Li0-4Fe5Ni(PO4)6,Fe5Ni(PO4)6,Fe5Ni(PO4)6,Li4Fe5Ni(PO4)6,Li,3.550336818333339,114.59616576247046,388.28846402985,406.8549865463293,1378.5548299792767,0.036837605220037,0.064513890416644,0.062398083187493,1,4,Fe-Ni-O-P,"Fe,Ni,P,O",mp-768933,mp-760788,"mp-768933,mp-760788",,"['Fe', 'Ni', 'P', 'O']",True,True,False,False,True,False,True,0.064513890416644
BAT_02189,Li0-2FeNi(PO4)2,FeNi(PO4)2,FeNi(PO4)2,Li2FeNi(PO4)2,Li,4.231796610833332,168.37051231702256,607.1007198889539,712.509763387448,2569.1267688605512,0.045831306615031,0.069252075833324,0.002365609821421,1,4,Fe-Ni-O-P,"Fe,Ni,P,O",mp-754558,mp-756268,"mp-754558,mp-756268",,"['Fe', 'Ni', 'P', 'O']",True,True,False,False,True,False,True,0.069252075833324
BAT_02190,Li0-2Fe2Ni(PO4)3,Fe2Ni(PO4)3,Fe2Ni(PO4)3,Li2Fe2Ni(PO4)3,Li,3.52621381083333,114.24830771635182,389.6122861122333,402.863960533736,1373.856224159304,0.029925293070964,0.037446338888876,0.064364666375002,1,4,Fe-Ni-O-P,"Fe,Ni,P,O",mp-774420,mp-776880,"mp-774420,mp-776880",,"['Fe', 'Ni', 'P', 'O']",True,True,False,False,True,False,True,0.064364666375002
BAT_02191,Li0-4FeNi3(PO4)4,FeNi3(PO4)4,FeNi3(PO4)4,Li4FeNi3(PO4)4,Li,4.589749423333335,167.6206599443816,618.185457379892,769.3368273184785,2837.316346522414,0.030095463978547,0.090209336874999,0.003357258660707,1,4,Fe-Ni-O-P,"Fe,Ni,P,O",mp-755553,mp-766022,"mp-755553,mp-766022",,"['Fe', 'Ni', 'P', 'O']",True,True,False,False,True,False,True,0.090209336874999
BAT_02192,Li0-4TiFe2Ni3(PO4)6,TiFe2Ni3(PO4)6,TiFe2Ni3(PO4)6,Li4TiFe2Ni3(PO4)6,Li,3.87339455833332,114.87628636430826,386.4505239465653,444.96118248505184,1496.8753565196866,0.048143092306712,0.086080535069473,0.075380478843748,1,5,Fe-Ni-O-P-Ti,"Ti,Fe,Ni,P,O",mp-776008,mp-1177299,"mp-776008,mp-1177299",,"['Ti', 'Fe', 'Ni', 'P', 'O']",True,True,False,False,True,False,True,0.086080535069473
BAT_02193,Li4-1Ti2Fe3Ni3O16,Ti2Fe3Ni3O16,Li4Ti2Fe3Ni3O16,Li10Ti2Fe3Ni3O16,Li,3.699384154999998,210.2765230242466,878.973928211974,777.8936374443902,3251.662222685483,0.07818922902875,0.239618591122386,0.09408986735294,1,4,Fe-Ni-O-Ti,"Ti,Fe,Ni,O",mp-766008,mp-774319,"mp-766008,mp-774319",More than one working ion per transition metal,"['Ti', 'Fe', 'Ni', 'O']",True,True,False,False,False,False,True,0.239618591122386
BAT_02194,Li0.4-1FeO2,FeO2,Li2(FeO2)5,LiFeO2,Li,4.070285803333331,169.65682986320948,702.9993958747743,690.5517860307598,2861.408460781002,0.021405413077958,0.134625908794117,0.027375911374999,2,2,Fe-O,"Fe,O",mp-762529,mp-756497,"mp-762529,mp-752476,mp-752950,mp-756497",,"['Fe', 'O']",True,True,False,False,False,False,True,0.134625908794117
BAT_02196,Li0-1Fe5O8,Fe5O8,Fe5O8,LiFe5O8,Li,4.007807863333345,64.71267985838338,316.9861011426128,259.35598719380226,1270.419388726743,0.074427472858813,0.185163140961537,0.136523684107144,1,2,Fe-O,"Fe,O",mp-1225001,mp-33551,"mp-1225001,mp-33551",,"['Fe', 'O']",True,True,False,False,False,False,True,0.185163140961537
BAT_02197,Li0-1Fe3O4,Fe3O4,Fe3O4,LiFe3O4,Li,2.743494053333326,112.38762339044612,564.0139300843904,308.33477643995434,1547.3688631836835,0.005659183183774,0.121592188571428,0.0393725334375,1,2,Fe-O,"Fe,O",mp-1181340,mp-1101736,"mp-1181340,mp-612405,mp-715614,mp-1101736,mp-772508,mp-773525",,"['Fe', 'O']",True,True,False,False,False,False,True,0.121592188571428
BAT_02198,Li7-8FeO6,FeO6,Li7FeO6,Li8FeO6,Li,3.20506030333333,129.2451111174739,346.1768071587739,414.2383750425209,1109.5175425592638,0.033357827352487,0.05430037928571,0.029306551666665,1,2,Fe-O,"Fe,O",mp-752471,mp-756356,"mp-752471,mp-756356",More than one working ion per transition metal,"['Fe', 'O']",True,True,False,False,False,False,True,0.05430037928571
BAT_02199,Li0-1.25FeO2,FeO2,FeO2,Li5(FeO2)4,Li,3.526588973333334,347.0973277749531,1407.591932403663,1224.0696088046157,4963.998187767717,0.150733664532332,0.273916410833334,0.077787116764703,3,2,Fe-O,"Fe,O",mp-25236,mp-754802,"mp-25236,mp-758515,mp-756480,mp-19419,mp-754802",More than one working ion per transition metal,"['Fe', 'O']",True,True,False,False,False,False,True,0.273916410833334
BAT_02200,Li1-2FeO3,FeO3,LiFeO3,Li2FeO3,Li,4.099811615000005,227.66137704895715,826.1396845852344,933.36875791221,3387.017074474984,0.02008006187993,0.131203345433336,0.0,1,2,Fe-O,"Fe,O",mp-760833,mp-774155,"mp-760833,mp-752521,mp-1177753,mp-752654,mp-1276910,mp-1305099,mp-1286090,mp-1272244,mp-760809,mp-774155,mp-887724,mp-1303136",More than one working ion per transition metal,"['Fe', 'O']",True,True,False,False,False,False,True,0.131203345433336
BAT_02202,Li0-0.5FeO2,FeO2,FeO2,Li(FeO2)2,Li,4.805567533333336,146.75401960790307,599.1414421847503,705.2363520139028,2879.214662437548,0.031822459314658,0.309131710833333,0.083335459857144,1,2,Fe-O,"Fe,O",mp-1443203,mp-754803,"mp-1443203,mp-754803",,"['Fe', 'O']",True,True,False,False,False,False,True,0.309131710833333
BAT_02205,Li1-2FeO3,FeO3,LiFeO3,Li2FeO3,Li,3.784825368333334,227.66137704895715,831.3967376373029,861.6585552445933,3146.691463759237,0.082214591108193,0.148444228600001,0.066865110416666,2,2,Fe-O,"Fe,O",mp-756941,mp-759394,"mp-756941,mp-755242,mp-759394",More than one working ion per transition metal,"['Fe', 'O']",True,True,False,False,False,False,True,0.148444228600001
BAT_02206,Li0-1FeO2,FeO2,FeO2,LiFeO2,Li,4.281442048333333,282.76138310534907,1180.6785067248743,1210.626475272132,5055.006604255288,0.022473206979525,0.258179855833334,0.001279031874999,2,2,Fe-O,"Fe,O",mp-1395285,mp-755709,"mp-1395285,mp-540003,mp-714904,mp-25386,mp-755709",,"['Fe', 'O']",True,True,False,False,False,False,True,0.258179855833334
BAT_02207,Li3.75-5FeO4,FeO4,Li15(FeO4)4,Li5FeO4,Li,3.743562981333336,216.77367640587667,555.1444100363923,811.5059103205716,2078.218062706373,0.007486662302005,0.116783187571432,0.0,2,2,Fe-O,"Fe,O",mp-766829,mp-19511,"mp-766829,mp-850218,mp-19511",More than one working ion per transition metal,"['Fe', 'O']",True,True,False,False,False,False,True,0.116783187571432
BAT_02208,Li4.5-6FeO4,FeO4,Li9(FeO4)2,Li6FeO4,Li,2.286055730000001,248.9477382183377,638.9476848103603,569.1084034245711,1460.6700160309588,0.060733737551059,0.084960250789476,0.025519845000003,2,2,Fe-O,"Fe,O",mp-774501,mp-756155,"mp-774501,mp-769519,mp-756155",More than one working ion per transition metal,"['Fe', 'O']",True,True,False,False,False,False,True,0.084960250789476
BAT_02209,Li3-6Fe3O8,Fe3O8,Li3Fe3O8,Li6Fe3O8,Li,2.929959300000002,238.46417225205005,868.6559163673512,698.6903192066965,2545.1264806605445,0.069485130305245,0.068981975607146,0.111512124485297,2,2,Fe-O,"Fe,O",mp-1273581,mp-1177119,"mp-1273581,mp-758388,mp-775127,mp-771986,mp-757201,mp-1177119",More than one working ion per transition metal,"['Fe', 'O']",True,True,False,False,False,False,True,0.111512124485297
BAT_02210,Li6-7Fe5O12,Fe5O12,Li6Fe5O12,Li7Fe5O12,Li,3.870906793333351,51.560664975321295,202.61816896577392,199.58652832175625,784.3160467023791,0.011055036190295,0.035164930791925,0.015628890937493,1,2,Fe-O,"Fe,O",mp-780188,mp-756862,"mp-780188,mp-756862",More than one working ion per transition metal,"['Fe', 'O']",True,True,False,False,False,False,True,0.035164930791925
BAT_02211,Li3-5Fe5O12,Fe5O12,Li3Fe5O12,Li5Fe5O12,Li,4.353848283333339,105.95087292118043,401.1914835824821,461.2940261855502,1746.726852083545,0.007595909659903,0.153529927825001,0.061032974931821,1,2,Fe-O,"Fe,O",mp-758559,mp-759022,"mp-758559,mp-759022",,"['Fe', 'O']",True,True,False,False,False,False,True,0.153529927825001
BAT_02212,Li1-2FeO3,FeO3,LiFeO3,Li2FeO3,Li,3.958543983333325,227.66137704895715,868.9874069059229,901.2075743545288,3439.924871199869,0.061864512651689,0.1723008051,0.057792488333333,2,2,Fe-O,"Fe,O",mp-752790,mp-849695,"mp-752790,mp-753133,mp-849695",More than one working ion per transition metal,"['Fe', 'O']",True,True,False,False,False,False,True,0.1723008051
BAT_02214,Li3-5Fe3O8,Fe3O8,Li3Fe3O8,Li5Fe3O8,Li,3.791891220833333,162.3175309316747,609.0333856370642,615.4904205271603,2309.3883481915855,0.001654921224394,0.106967356678574,0.05008439546875,1,2,Fe-O,"Fe,O",mp-1177704,mp-1177185,"mp-1177704,mp-756955,mp-1177185,mp-780216",More than one working ion per transition metal,"['Fe', 'O']",True,True,False,False,False,False,True,0.106967356678574
BAT_02215,Li0-1Fe5O8,Fe5O8,Fe5O8,LiFe5O8,Li,3.820130203333325,64.71267985838338,319.26773726970595,247.21086286565048,1219.6443260938925,0.1027480906686,0.181768450961537,0.146777019107146,1,2,Fe-O,"Fe,O",mp-1225007,mp-757153,"mp-1225007,mp-757153",,"['Fe', 'O']",True,True,False,False,False,False,True,0.181768450961537
BAT_02216,Li4.5-5FeO4,FeO4,Li9(FeO4)2,Li5FeO4,Li,3.397737743333327,86.70947056235067,218.61509937810527,294.616040834149,742.7967744195546,0.018907646671689,0.073143809210528,0.045903765000001,1,2,Fe-O,"Fe,O",mp-780203,mp-770834,"mp-780203,mp-759144,mp-770834,mp-780207,mp-780192",More than one working ion per transition metal,"['Fe', 'O']",True,True,False,False,False,False,True,0.073143809210528
BAT_02217,Li3-5Fe7O12,Fe7O12,Li3Fe7O12,Li5Fe7O12,Li,3.088935448333335,86.79056245389958,391.97670443432014,268.09044494463865,1210.79073724805,0.020081952248003,0.107338804204547,0.02492669989583,2,2,Fe-O,"Fe,O",mp-752897,mp-756856,"mp-752897,mp-759241,mp-756856",,"['Fe', 'O']",True,True,False,False,False,False,True,0.107338804204547
BAT_02218,Li7-12Fe5O16,Fe5O16,Li7Fe5O16,Li12Fe5O16,Li,3.625505245333333,216.66257465443329,749.6358455320658,785.5113008770728,2717.808690066393,0.053647545794303,0.14881791019132,0.076564085606061,1,2,Fe-O,"Fe,O",mp-1176883,mp-760142,"mp-1176883,mp-760142",More than one working ion per transition metal,"['Fe', 'O']",True,True,False,False,False,False,True,0.14881791019132
BAT_02219,Li5-9Fe5O12,Fe5O12,Li5Fe5O12,Li9Fe5O12,Li,3.225624043333337,200.87797671116388,731.9566470763414,647.9568314556844,2361.016959487101,0.02701820784141,0.098067573340912,0.069502822307691,1,2,Fe-O,"Fe,O",mp-771687,mp-764889,"mp-771687,mp-764889",More than one working ion per transition metal,"['Fe', 'O']",True,True,False,False,False,False,True,0.098067573340912
BAT_02221,Li0-1FeO2,FeO2,FeO2,LiFeO2,Li,3.932590783333332,282.76138310534907,1196.5628711012123,1111.9848090826813,4705.592118571498,0.077727118065087,0.167153275833333,0.020221913124999,1,2,Fe-O,"Fe,O",mp-25332,mp-18782,"mp-25332,mp-18782",,"['Fe', 'O']",True,True,False,False,False,False,True,0.167153275833333
BAT_02222,Li0.5-1.25FeO2,FeO2,Li(FeO2)2,Li5(FeO2)4,Li,2.770255365000001,208.25839666497188,858.5207899305879,576.9289406674368,2378.32182426925,0.111444197575247,0.073130044857144,0.07724308705882,1,2,Fe-O,"Fe,O",mp-1178106,mp-780312,"mp-1178106,mp-771057,mp-771571,mp-780312",More than one working ion per transition metal,"['Fe', 'O']",True,True,False,False,False,False,True,0.07724308705882
BAT_02224,Li0.33-0.67FeO2,FeO2,Li(FeO2)3,Li2(FeO2)3,Li,3.934414568333328,96.61206396433586,384.1194871441399,380.1119119380344,1511.2853062006309,0.001771649501683,0.128100111050001,0.076045297409095,1,2,Fe-O,"Fe,O",mp-753154,mp-762575,"mp-753154,mp-762575",,"['Fe', 'O']",True,True,False,False,False,False,True,0.128100111050001
BAT_02225,Li0.67-1FeO2,FeO2,Li2(FeO2)3,LiFeO2,Li,4.053925838333324,94.2537943684497,383.8450040230068,382.0978923512142,1556.079179724026,0.030775845469782,0.093565498772731,0.038767198124999,1,2,Fe-O,"Fe,O",mp-1178060,mp-754977,"mp-1178060,mp-753191,mp-754977",,"['Fe', 'O']",True,True,False,False,False,False,True,0.093565498772731
BAT_02227,Li2.75-3FeO3,FeO3,Li11(FeO3)4,Li3FeO3,Li,3.88253365333333,53.74648690937056,154.7264237291336,208.67254417407048,600.7305471882739,0.008656131763094,0.1151687913426,0.073545367678575,1,2,Fe-O,"Fe,O",mp-849463,mp-771894,"mp-849463,mp-771894,mp-1663732,mp-1665973",More than one working ion per transition metal,"['Fe', 'O']",True,True,False,False,False,False,True,0.1151687913426
BAT_02228,Li0-1Fe5O8,Fe5O8,Fe5O8,LiFe5O8,Li,4.754017003333335,64.71267985838338,290.90268471123284,307.6451803780213,1382.9563094325172,0.025263658332268,0.16345176730769,0.063062470000001,1,2,Fe-O,"Fe,O",mp-510746,mp-21735,"mp-510746,mp-21735",,"['Fe', 'O']",True,True,False,False,False,False,True,0.16345176730769
BAT_02229,Li0.75-1FeO2,FeO2,Li3(FeO2)4,LiFeO2,Li,3.713874333333327,70.69034577633727,301.1023171710279,262.5350607931969,1118.2561674486712,0.026047993552285,0.097652425599998,0.077551486249999,1,2,Fe-O,"Fe,O",mp-758469,mp-756527,"mp-758469,mp-756527",,"['Fe', 'O']",True,True,False,False,False,False,True,0.097652425599998
BAT_02230,Li0-3Fe3(PO4)4,Fe3(PO4)4,Fe3(PO4)4,Li3Fe3(PO4)4,Li,5.228370930000006,141.49647254021954,418.7860635712312,739.796043726828,2189.5688806649596,0.021437356278203,0.128395115724639,0.010972199230769,1,3,Fe-O-P,"Fe,P,O",mp-31896,mp-27027,"mp-31896,mp-27027,mp-1239312",,"['Fe', 'P', 'O']",True,True,False,False,True,False,True,0.128395115724639
BAT_02231,Li0-2Fe3(P2O7)2,Fe3(P2O7)2,Fe3(P2O7)2,Li2Fe3(P2O7)2,Li,3.626634613333327,101.2707214342263,333.3662369228543,367.2719036706024,1208.997533741102,0.041896890821464,0.041600385357136,0.004125616956518,1,3,Fe-O-P,"Fe,P,O",mp-26986,mp-26985,"mp-26986,mp-26985",,"['Fe', 'P', 'O']",True,True,False,False,True,False,True,0.041600385357136
BAT_02232,Li0-1FePO4,FePO4,FePO4,LiFePO4,Li,2.9296060616666733,169.89052558677983,420.231890892196,497.7123135787672,1231.1138948634252,0.174730924712203,0.007108202777777,0.066797857619047,1,3,Fe-O-P,"Fe,P,O",mp-19109,mp-757754,"mp-19109,mp-2236419,mp-19752,mp-2234217,mp-757754",,"['Fe', 'P', 'O']",True,True,False,False,True,False,True,0.066797857619047
BAT_02233,Li0-1FePO4,FePO4,FePO4,LiFePO4,Li,3.404879943333331,169.89052558677983,606.1965648645082,578.4568431327848,2064.026525424727,0.088941432959381,0.026914668333333,0.015878559285713,1,3,Fe-O-P,"Fe,P,O",mp-25303,mp-18951,"mp-25303,mp-1222420,mp-1176749,mp-767222,mp-754242,mp-18951,mp-705312",,"['Fe', 'P', 'O']",True,True,False,False,True,False,True,0.026914668333333
BAT_02236,Li0-7Fe4P9O32,Fe4P9O32,Fe4P9O32,Li7Fe4P9O32,Li,5.059352748333332,176.53929605950296,506.12425561215616,893.174572707478,2560.661143629524,0.042939775642897,0.1339429032963,0.042335580961541,2,3,Fe-O-P,"Fe,P,O",mp-27102,mp-27081,"mp-27102,mp-705390,mp-27081",More than one working ion per transition metal,"['Fe', 'P', 'O']",True,True,False,False,True,False,True,0.1339429032963
BAT_02238,Li0-1Fe(PO3)4,Fe(PO3)4,Fe(PO3)4,LiFe(PO3)4,Li,5.315603548333347,70.77721708778762,166.6986668913244,376.22362629300346,886.1040252299625,0.000811399822931,0.047395412254903,0.034757909444429,1,3,Fe-O-P,"Fe,P,O",mp-31874,mp-540356,"mp-31874,mp-540356",,"['Fe', 'P', 'O']",True,True,False,False,True,False,True,0.047395412254903
BAT_02239,Li0-1FePO4,FePO4,FePO4,LiFePO4,Li,3.047521681666656,169.89052558677983,496.8617962358981,517.7450602354553,1514.1970968207395,0.142112473692608,0.010717817361109,0.053046724404761,1,3,Fe-O-P,"Fe,P,O",mp-504149,mp-704251,"mp-504149,mp-766800,mp-704251",,"['Fe', 'P', 'O']",True,True,False,False,True,False,True,0.053046724404761
BAT_02240,Li0-1FeP2O7,FeP2O7,FeP2O7,LiFeP2O7,Li,5.367907433333333,113.21572119795302,369.9339976462468,607.7315113886863,1985.771455808004,0.06849629874269,0.118160755166674,0.043832779090909,1,3,Fe-O-P,"Fe,P,O",mp-540440,mp-31837,"mp-540440,mp-31837",,"['Fe', 'P', 'O']",True,True,False,False,True,False,True,0.118160755166674
BAT_02241,Li0-1FePO4,FePO4,FePO4,LiFePO4,Li,3.491658535833328,169.89052558677983,492.38394876665814,593.1997038222902,1719.236617618422,0.029230097350827,0.036537748749999,0.011729972142857,1,3,Fe-O-P,"Fe,P,O",mp-694541,mp-504184,"mp-694541,mp-753415,mp-504184",,"['Fe', 'P', 'O']",True,True,False,False,True,False,True,0.036537748749999
BAT_02242,Li0-1Fe(PO3)3,Fe(PO3)3,Fe(PO3)3,LiFe(PO3)3,Li,4.379253335833316,89.42713542137633,249.04391547937863,391.62408110808,1090.6263976320593,0.010717643810729,0.065270866602563,0.0,1,3,Fe-O-P,"Fe,P,O",mp-724325,mp-26003,"mp-724325,mp-26003",,"['Fe', 'P', 'O']",True,True,False,False,True,False,True,0.065270866602563
BAT_02243,Li0-1FePO4,FePO4,FePO4,LiFePO4,Li,3.3107124108333292,169.89052558677983,495.0336652799651,562.4586715431493,1638.9140994226927,0.117748443515073,0.004974469583332,0.010525179285714,1,3,Fe-O-P,"Fe,P,O",mp-540111,mp-26041,"mp-540111,mp-2216699,mp-26041",,"['Fe', 'P', 'O']",True,True,False,False,True,False,True,0.010525179285714
BAT_02244,Li0-1FePO4,FePO4,FePO4,LiFePO4,Li,3.499170160833334,169.89052558677983,589.6723353614005,594.4758577415521,2063.3638405655197,0.064445117027244,0.024104718749999,0.0,1,3,Fe-O-P,"Fe,P,O",mp-20361,mp-19017,"mp-20361,mp-2234625,mp-632692,mp-19017",,"['Fe', 'P', 'O']",True,True,False,False,True,False,True,0.024104718749999
BAT_02245,Li1-3Fe2(PO4)3,Fe2(PO4)3,LiFe2(PO4)3,Li3Fe2(PO4)3,Li,4.4613581970833325,128.41275539730495,388.4728287149354,572.8952989018234,1733.1164387315266,0.007307465334124,0.073420015833331,0.037384287375012,1,3,Fe-O-P,"Fe,P,O",mp-1101524,mp-504385,"mp-1101524,mp-504385",More than one working ion per transition metal,"['Fe', 'P', 'O']",True,True,False,False,True,False,True,0.073420015833331
BAT_02246,Li1-2FeP2O7,FeP2O7,LiFeP2O7,Li2FeP2O7,Li,4.569880425833337,109.99074776690446,280.41332756190866,502.6445652427485,1281.455376767958,0.002867496383111,0.138289007272728,0.005539757013885,1,3,Fe-O-P,"Fe,P,O",mp-694534,mp-26025,"mp-694534,mp-689979,mp-26025,mp-755006,mp-26789",More than one working ion per transition metal,"['Fe', 'P', 'O']",True,True,False,False,True,False,True,0.138289007272728
BAT_02248,Li0-1Fe3P3O11,Fe3P3O11,Fe3P3O11,LiFe3P3O11,Li,3.123346320833325,60.44664895230544,202.9897786138012,188.79581861188672,634.0073782001872,0.012084262579274,0.037116241544104,0.042467749444451,1,3,Fe-O-P,"Fe,P,O",mp-540050,mp-705089,"mp-540050,mp-705089",,"['Fe', 'P', 'O']",True,True,False,False,True,False,True,0.042467749444451
BAT_02249,Li0-3Fe3(PO4)4,Fe3(PO4)4,Fe3(PO4)4,Li3Fe3(PO4)4,Li,5.296846869999999,141.49647254021954,423.11068083181374,749.4851476907029,2241.1524854275617,0.008415714418767,0.134652353550725,0.008606378076923,1,3,Fe-O-P,"Fe,P,O",mp-1101556,mp-26077,"mp-1101556,mp-26077",,"['Fe', 'P', 'O']",True,True,False,False,True,False,True,0.134652353550725
BAT_02250,Li2-4Fe(PO4)2,Fe(PO4)2,Li2Fe(PO4)2,Li4Fe(PO4)2,Li,4.275677054583331,195.95183502015797,515.1276079709683,837.8267647991878,2202.5192935838663,0.039853499334839,0.094887511826925,0.008993655666664,2,3,Fe-O-P,"Fe,P,O",mp-759108,mp-31890,"mp-759108,mp-31815,mp-26056,mp-758186,mp-759639,mp-31890",More than one working ion per transition metal,"['Fe', 'P', 'O']",True,True,False,False,True,False,True,0.094887511826925
BAT_02251,Li0-2FeP2O7,FeP2O7,FeP2O7,Li2FeP2O7,Li,4.729566960833329,219.98149553380892,617.4368582318783,1040.417213271407,2920.2089650942235,0.072689089130525,0.172784119166673,0.004362179305553,2,3,Fe-O-P,"Fe,P,O",mp-25246,mp-779056,"mp-25246,mp-19294,mp-779056",More than one working ion per transition metal,"['Fe', 'P', 'O']",True,True,False,False,True,False,True,0.172784119166673
BAT_02252,Li0-2Fe(PO3)5,Fe(PO3)5,Fe(PO3)5,Li2Fe(PO3)5,Li,5.317063760833325,115.37771012209276,295.68423764590324,613.4706412981117,1572.171944636661,0.055194215383896,0.063983075873016,0.035862550833332,1,3,Fe-O-P,"Fe,P,O",mp-540145,mp-705356,"mp-540145,mp-26120,mp-705356",More than one working ion per transition metal,"['Fe', 'P', 'O']",True,True,False,False,True,False,True,0.063983075873016
BAT_02254,Li0-2Fe(PO3)4,Fe(PO3)4,Fe(PO3)4,Li2Fe(PO3)4,Li,4.703430993333332,139.00647905219608,393.87717528319183,653.8073818482396,1852.57411379355,0.006287689106541,0.063158178137256,0.009334568377226,2,3,Fe-O-P,"Fe,P,O",mp-504142,mp-26125,"mp-504142,mp-26126,mp-26125",More than one working ion per transition metal,"['Fe', 'P', 'O']",True,True,False,False,True,False,True,0.063158178137256
BAT_02255,Li0-1FePO4,FePO4,FePO4,LiFePO4,Li,3.446270226666667,169.89052558677983,505.7609483698787,585.488660122471,1742.9888981778104,0.015509598518297,0.027765482777777,0.010694931190474,1,3,Fe-O-P,"Fe,P,O",mp-704220,mp-585400,"mp-704220,mp-585400",,"['Fe', 'P', 'O']",True,True,False,False,True,False,True,0.027765482777777
BAT_02256,Li0-5Fe2(PO4)3,Fe2(PO4)3,Fe2(PO4)3,Li5Fe2(PO4)3,Li,4.047701873833331,310.69924116279685,920.7038812011824,1257.6179006532468,3726.7348251836465,0.046032482833325,0.102638374803923,0.051412440568176,3,3,Fe-O-P,"Fe,P,O",mp-26412,mp-1177302,"mp-26412,mp-759608,mp-26070,mp-543094,mp-766709,mp-849334,mp-759437,mp-25993,mp-6373,mp-759282,mp-26069,mp-780568,mp-1177302",More than one working ion per transition metal,"['Fe', 'P', 'O']",True,True,False,False,True,False,True,0.102638374803923
BAT_02257,Li0-1Fe2P3O13,Fe2P3O13,Fe2P3O13,LiFe2P3O13,Li,4.609630938333315,63.88233438816758,172.43273531362252,294.47398500865154,794.8512714831139,0.005395912171213,0.5048427825925881,0.481368400000002,1,3,Fe-O-P,"Fe,P,O",mp-697819,mp-697808,"mp-697819,mp-697808",,"['Fe', 'P', 'O']",True,True,False,False,True,False,True,0.5048427825925881
BAT_02259,Li0-1FeP2O7,FeP2O7,FeP2O7,LiFeP2O7,Li,5.2778281133333325,113.21572119795302,369.4264204788247,597.5331162098649,1949.7691478112415,0.005065497415952,0.079850432666674,0.017194242272728,1,3,Fe-O-P,"Fe,P,O",mp-26182,mp-26181,"mp-26182,mp-26181",,"['Fe', 'P', 'O']",True,True,False,False,True,False,True,0.079850432666674
BAT_02260,Li0-3Fe2P5O16,Fe2P5O16,Fe2P5O16,Li3Fe2P5O16,Li,3.812478795000008,147.97305043644334,412.865202362046,564.144117020407,1574.0398291986878,0.03474335910063,0.020384836304343,0.014971874551282,2,3,Fe-O-P,"Fe,P,O",mp-27016,mp-31885,"mp-27016,mp-26184,mp-31885",More than one working ion per transition metal,"['Fe', 'P', 'O']",True,True,False,False,True,False,True,0.020384836304343
BAT_02261,Li1-2FeP2O7,FeP2O7,LiFeP2O7,Li2FeP2O7,Li,4.57292265833333,109.99074776690446,311.1139797628757,502.97918267030354,1422.7001673819116,0.020220950657472,0.176860493863636,0.040643433680552,1,3,Fe-O-P,"Fe,P,O",mp-705011,mp-1101596,"mp-705011,mp-1101596",More than one working ion per transition metal,"['Fe', 'P', 'O']",True,True,False,False,True,False,True,0.176860493863636
BAT_02262,Li0-3.5Fe2(PO4)3,Fe2(PO4)3,Fe2(PO4)3,Li7Fe4(PO4)6,Li,4.521604664761903,222.869379936937,657.1000804607824,1007.7272279554472,2971.1467890268955,0.06614854581119,0.096099300980394,0.023279570426839,4,3,Fe-O-P,"Fe,P,O",mp-26582,mp-1177121,"mp-26582,mp-26704,mp-25300,mp-1101593,mp-697784,mp-26703,mp-26054,mp-26581,mp-766373,mp-776769,mp-771817,mp-19430,mp-705329,mp-775523,mp-849395,mp-585226,mp-758654,mp-1177121,mp-761017",More than one working ion per transition metal,"['Fe', 'P', 'O']",True,True,False,False,True,False,True,0.096099300980394
BAT_02263,Li0-4Fe3P4O15,Fe3P4O15,Fe3P4O15,Li4Fe3P4O15,Li,3.789180579583334,191.71815298869643,588.4258679091099,726.4547020583551,2229.6518712056677,0.010084047472605,0.084936574734856,0.04633095785256,2,3,Fe-O-P,"Fe,P,O",mp-705395,mp-705404,"mp-705395,mp-705381,mp-705404",More than one working ion per transition metal,"['Fe', 'P', 'O']",True,True,False,False,True,False,True,0.084936574734856
BAT_02264,Li0-6Fe5(P2O7)4,Fe5(P2O7)4,Fe5(P2O7)4,Li6Fe5(P2O7)4,Li,3.210455832499997,158.17615610975042,481.60508367456185,507.8175629449784,1546.1718498446464,0.007965145683528,0.049477732560978,0.090182500815602,2,3,Fe-O-P,"Fe,P,O",mp-705433,mp-705431,"mp-705433,mp-705376,mp-705431",More than one working ion per transition metal,"['Fe', 'P', 'O']",True,True,False,False,True,False,True,0.090182500815602
BAT_02265,Li0-2FeP4O13,FeP4O13,FeP4O13,Li2FeP4O13,Li,5.459704825833331,133.46877646314925,326.30141731322567,728.7001229539261,1781.5094227812738,0.065199055282456,0.156072722129625,0.074176368583336,2,3,Fe-O-P,"Fe,P,O",mp-1101552,mp-759091,"mp-1101552,mp-705398,mp-759091",More than one working ion per transition metal,"['Fe', 'P', 'O']",True,True,False,False,True,False,True,0.156072722129625
BAT_02266,Li0-1FeP2O7,FeP2O7,FeP2O7,LiFeP2O7,Li,5.186244598333336,113.21572119795302,361.5558145344529,587.1644225092969,1875.116890125316,0.048410090432895,0.072361598916674,0.018711985681818,1,3,Fe-O-P,"Fe,P,O",mp-26214,mp-1101516,"mp-26214,mp-1101516,mp-697764",,"['Fe', 'P', 'O']",True,True,False,False,True,False,True,0.072361598916674
BAT_02267,Li3-9Fe3P8O29,Fe3P8O29,Li3Fe3P8O29,Li9Fe3P8O29,Li,5.122848177500018,170.75054793263155,460.64888789821595,874.7291332838109,2359.8343158367857,0.056456915235829,0.114454482790697,0.002551181836732,2,3,Fe-O-P,"Fe,P,O",mp-705437,mp-554093,"mp-705437,mp-26221,mp-1177017,mp-554093",More than one working ion per transition metal,"['Fe', 'P', 'O']",True,True,False,False,True,False,True,0.114454482790697
BAT_02268,Li0-1Fe3P3O13,Fe3P3O13,Fe3P3O13,LiFe3P3O13,Li,5.070616228333312,56.37794258109421,178.53543793195925,285.87091057173996,905.2846889103872,0.005085635827754,0.100417054210525,0.048373105124999,1,3,Fe-O-P,"Fe,P,O",mp-1356526,mp-1013899,"mp-1356526,mp-1013899",,"['Fe', 'P', 'O']",True,True,False,False,True,False,True,0.100417054210525
BAT_02269,Li0-1Fe2P3O10,Fe2P3O10,Fe2P3O10,LiFe2P3O10,Li,3.886222098333339,72.13497255995688,240.55947755554268,280.33252442517346,934.8675576398728,0.029773622974997,0.040714580333293,0.0,1,3,Fe-O-P,"Fe,P,O",mp-27008,mp-27007,"mp-27008,mp-27007",,"['Fe', 'P', 'O']",True,True,False,False,True,False,True,0.040714580333293
BAT_02270,Li0-2FeP2O7,FeP2O7,FeP2O7,Li2FeP2O7,Li,4.685062900833334,219.98149553380892,649.320453890125,1030.627143595282,3042.1071692728865,0.028261706549256,0.181404816166675,0.018963436805552,2,3,Fe-O-P,"Fe,P,O",mp-26626,mp-695805,"mp-26626,mp-26326,mp-695805",More than one working ion per transition metal,"['Fe', 'P', 'O']",True,True,False,False,True,False,True,0.181404816166675
BAT_02272,Li1-2FeP2O7,FeP2O7,LiFeP2O7,Li2FeP2O7,Li,3.75695153333334,109.99074776690446,318.702195056357,413.2299084753524,1197.3487003936818,0.025337950974353,0.079542530454546,0.019432894305552,1,3,Fe-O-P,"Fe,P,O",mp-695816,mp-26255,"mp-695816,mp-26255",More than one working ion per transition metal,"['Fe', 'P', 'O']",True,True,False,False,True,False,True,0.079542530454546
BAT_02273,Li0-1Fe2P2O9,Fe2P2O9,Fe2P2O9,LiFe2P2O9,Li,5.222903275833322,82.57455458747069,260.10357710895113,431.2789116553781,1358.495824938306,0.036861167955307,0.147552150576923,0.05895921303571,1,3,Fe-O-P,"Fe,P,O",mp-1041062,mp-1013910,"mp-1041062,mp-1013910",,"['Fe', 'P', 'O']",True,True,False,False,True,False,True,0.147552150576923
BAT_02274,Li0-1Fe(PO3)3,Fe(PO3)3,Fe(PO3)3,LiFe(PO3)3,Li,3.6850577958333353,89.42713542137633,272.6316249101591,329.54416254358625,1004.6632947658916,0.024122449456892,0.015117229102563,0.003014160892856,1,3,Fe-O-P,"Fe,P,O",mp-25310,mp-504179,"mp-25310,mp-2226385,mp-504179",,"['Fe', 'P', 'O']",True,True,False,False,True,False,True,0.015117229102563
BAT_02275,Li0-2FeP2O7,FeP2O7,FeP2O7,Li2FeP2O7,Li,4.150864134583334,219.98149553380892,637.8347978098318,913.1133000832914,2647.565586018043,0.037405513232359,0.087777896666674,0.029974131597218,2,3,Fe-O-P,"Fe,P,O",mp-697733,mp-697811,"mp-697733,mp-1380484,mp-26546,mp-697811",More than one working ion per transition metal,"['Fe', 'P', 'O']",True,True,False,False,True,False,True,0.087777896666674
BAT_02276,Li0-2FeP2O7,FeP2O7,FeP2O7,Li2FeP2O7,Li,4.021490484583336,219.98149553380892,645.7767224376597,884.6534910736242,2596.9849444484626,0.082201524694838,0.054226381416675,0.023576810555551,2,3,Fe-O-P,"Fe,P,O",mp-26644,mp-540231,"mp-26644,mp-26643,mp-26358,mp-540231",More than one working ion per transition metal,"['Fe', 'P', 'O']",True,True,False,False,True,False,True,0.054226381416675
BAT_02277,Li0-4Fe5(P3O11)2,Fe5(P3O11)2,Fe5(P3O11)2,Li4Fe5(P3O11)2,Li,3.233901318333328,126.89819271763606,408.1763545676757,410.37623272368,1320.0020511488983,0.009794939797347,0.038046796439394,0.040637108918918,1,3,Fe-O-P,"Fe,P,O",mp-31872,mp-26471,"mp-31872,mp-26471",,"['Fe', 'P', 'O']",True,True,False,False,True,False,True,0.040637108918918
BAT_02278,Li0-1FePO4,FePO4,FePO4,LiFePO4,Li,3.33833296833333,169.89052558677983,482.13429141027206,567.1511425738244,1609.5248001789405,0.061233715544775,0.006887935833333,0.008219499285714,1,3,Fe-O-P,"Fe,P,O",mp-504276,mp-756958,"mp-504276,mp-753877,mp-757359,mp-756958,mp-26559",,"['Fe', 'P', 'O']",True,True,False,False,True,False,True,0.008219499285714
BAT_02279,Li0-1FeP2O7,FeP2O7,FeP2O7,LiFeP2O7,Li,5.05266877583333,113.21572119795302,331.53287640931893,572.0415394303488,1675.1258127955762,0.014660789909829,0.053583120666674,0.013783898409091,1,3,Fe-O-P,"Fe,P,O",mp-26566,mp-1101512,"mp-26566,mp-1101512,mp-697758",,"['Fe', 'P', 'O']",True,True,False,False,True,False,True,0.053583120666674
BAT_02280,Li2-3Fe(PO4)2,Fe(PO4)2,Li2Fe(PO4)2,Li3Fe(PO4)2,Li,4.779760743333331,100.52664327697444,316.079951377546,480.493303194356,1510.7865433491029,0.004601904242337,0.081518333557694,0.030641763750006,1,3,Fe-O-P,"Fe,P,O",mp-26576,mp-26575,"mp-26576,mp-26575",More than one working ion per transition metal,"['Fe', 'P', 'O']",True,True,False,False,True,False,True,0.081518333557694
BAT_02281,Li0-6Fe9(PO4)8,Fe9(PO4)8,Fe9(PO4)8,Li6Fe9(PO4)8,Li,3.485911999999999,123.31762784463504,421.64843795441845,429.87439871514727,1469.8293496465624,0.014841544193299,0.073364621530596,0.051029918999999,1,3,Fe-O-P,"Fe,P,O",mp-704206,mp-25809,"mp-704206,mp-25809",,"['Fe', 'P', 'O']",True,True,False,False,True,False,True,0.073364621530596
BAT_02283,Li0-1FePO4,FePO4,FePO4,LiFePO4,Li,3.552719033333336,169.89052558677983,499.3776317644837,603.5733038351569,1774.1484171906077,0.026701392711024,0.093067095833333,0.051460769999999,2,3,Fe-O-P,"Fe,P,O",mp-753636,mp-765627,"mp-753636,mp-753523,mp-765627",,"['Fe', 'P', 'O']",True,True,False,False,True,False,True,0.093067095833333
BAT_02284,Li1-3Fe2(PO4)3,Fe2(PO4)3,LiFe2(PO4)3,Li3Fe2(PO4)3,Li,5.039994360833337,128.41275539730495,427.8462236326656,647.1995630614877,2156.3425544124734,0.005745626739632,0.135416087777775,0.035317135750012,1,3,Fe-O-P,"Fe,P,O",mp-699352,mp-26677,"mp-699352,mp-26677",More than one working ion per transition metal,"['Fe', 'P', 'O']",True,True,False,False,True,False,True,0.135416087777775
BAT_02285,Li0-1FePO4,FePO4,FePO4,LiFePO4,Li,3.173812358333333,169.89052558677983,494.065667906899,539.2006496710671,1568.0717226311283,0.163514441973768,0.022946063333333,0.045486552857142,1,3,Fe-O-P,"Fe,P,O",mp-753756,mp-757406,"mp-753756,mp-753870,mp-757406",,"['Fe', 'P', 'O']",True,True,False,False,True,False,True,0.045486552857142
BAT_02286,Li0-1FePO4,FePO4,FePO4,LiFePO4,Li,3.847418561666669,169.89052558677983,579.7048113283173,653.6399615938828,2230.3670513920424,0.022463639130684,0.147130554166666,0.055700944523809,2,3,Fe-O-P,"Fe,P,O",mp-26612,mp-26611,"mp-26612,mp-766485,mp-26611",,"['Fe', 'P', 'O']",True,True,False,False,True,False,True,0.147130554166666
BAT_02287,Li0-3Fe3(PO4)4,Fe3(PO4)4,Fe3(PO4)4,Li3Fe3(PO4)4,Li,5.193776308333331,141.49647254021954,446.01460805357794,734.90102679213,2316.50010447925,0.036606261852087,0.168748626376811,0.050661222692307,1,3,Fe-O-P,"Fe,P,O",mp-25814,mp-25813,"mp-25814,mp-25813",,"['Fe', 'P', 'O']",True,True,False,False,True,False,True,0.168748626376811
BAT_02288,Li0-1FeP2O7,FeP2O7,FeP2O7,LiFeP2O7,Li,5.228175245833346,113.21572119795302,354.4539097739886,591.9116310063075,1853.1471568692136,0.032996177726613,0.096027130166675,0.036414227954545,1,3,Fe-O-P,"Fe,P,O",mp-26614,mp-26613,"mp-26614,mp-26613",,"['Fe', 'P', 'O']",True,True,False,False,True,False,True,0.096027130166675
BAT_02289,Li0.5-1FePO4,FePO4,LiFe2(PO4)2,LiFePO4,Li,3.817032748333336,84.94526279338992,258.56981775059336,324.2388498981506,986.9694620845972,0.00299486468192,0.08460165192307,0.045523612499999,1,3,Fe-O-P,"Fe,P,O",mp-753789,mp-774251,"mp-753789,mp-774251",,"['Fe', 'P', 'O']",True,True,False,False,True,False,True,0.08460165192307
BAT_02290,Li1-2FeP2O7,FeP2O7,LiFeP2O7,Li2FeP2O7,Li,4.5530003633333305,109.99074776690446,307.34896475961887,500.7879145460206,1399.359948220667,0.031491469327076,0.170060335909091,0.036070146805553,1,3,Fe-O-P,"Fe,P,O",mp-1101522,mp-25845,"mp-1101522,mp-25845,mp-504122",More than one working ion per transition metal,"['Fe', 'P', 'O']",True,True,False,False,True,False,True,0.170060335909091
BAT_02291,Li0-1FeP2O7,FeP2O7,FeP2O7,LiFeP2O7,Li,4.980471823333336,113.21572119795302,353.9417453266419,563.8677093847677,1762.7968897007636,0.035264312957085,0.070852059416674,0.036046292954545,1,3,Fe-O-P,"Fe,P,O",mp-26750,mp-26749,"mp-26750,mp-26749",,"['Fe', 'P', 'O']",True,True,False,False,True,False,True,0.070852059416674
BAT_02292,Li0-1FeP2O7,FeP2O7,FeP2O7,LiFeP2O7,Li,5.343613760833326,113.21572119795302,367.4267672300905,604.981085736051,1963.3867294692147,0.052205318435475,0.109245816416674,0.037936805000001,1,3,Fe-O-P,"Fe,P,O",mp-690058,mp-26717,"mp-690058,mp-26717",,"['Fe', 'P', 'O']",True,True,False,False,True,False,True,0.109245816416674
BAT_02293,Li0-1Fe4(PO4)3,Fe4(PO4)3,Fe4(PO4)3,LiFe4(PO4)3,Li,2.728835493333325,52.01796592199447,190.7954982295084,141.9484716989419,520.6495275368982,0.000868144114001,0.019568003684209,0.049874921250005,1,3,Fe-O-P,"Fe,P,O",mp-31780,mp-25825,"mp-31780,mp-25826,mp-25825",,"['Fe', 'P', 'O']",True,True,False,False,True,False,True,0.049874921250005
BAT_02295,Li0-1FePO4,FePO4,FePO4,LiFePO4,Li,3.400948843333336,169.89052558677983,489.743938559996,577.7889864876514,1665.5940813751308,0.113781402880349,0.026315635,0.015926687857142,1,3,Fe-O-P,"Fe,P,O",mp-26792,mp-757027,"mp-26792,mp-753648,mp-757027,mp-26791",,"['Fe', 'P', 'O']",True,True,False,False,True,False,True,0.026315635
BAT_02296,Li1-3Fe2(PO4)3,Fe2(PO4)3,LiFe2(PO4)3,Li3Fe2(PO4)3,Li,4.84617474333334,128.41275539730495,413.1184456558915,622.3106519282613,2002.0441773427085,0.034227154066261,0.116091643055553,0.037307097250012,2,3,Fe-O-P,"Fe,P,O",mp-540420,mp-26825,"mp-540420,mp-766384,mp-26825",More than one working ion per transition metal,"['Fe', 'P', 'O']",True,True,False,False,True,False,True,0.116091643055553
BAT_02297,Li0-3Fe3(PO4)4,Fe3(PO4)4,Fe3(PO4)4,Li3Fe3(PO4)4,Li,4.888432900000002,141.49647254021954,409.79949046862293,691.6960115995561,2003.277311610054,0.067699544662172,0.113579565289856,0.037089754230769,1,3,Fe-O-P,"Fe,P,O",mp-1101553,mp-26807,"mp-1101553,mp-31829,mp-26807",,"['Fe', 'P', 'O']",True,True,False,False,True,False,True,0.113579565289856
BAT_02298,Li2-3Fe(PO4)2,Fe(PO4)2,Li2Fe(PO4)2,Li3Fe(PO4)2,Li,4.764306250833333,100.52664327697444,315.23744346019515,478.9397149397821,1501.8877223741272,0.022610561627826,0.084076861057694,0.034121431607148,1,3,Fe-O-P,"Fe,P,O",mp-697816,mp-26805,"mp-697816,mp-26805",More than one working ion per transition metal,"['Fe', 'P', 'O']",True,True,False,False,True,False,True,0.084076861057694
BAT_02299,Li0-1Fe(PO3)4,Fe(PO3)4,Fe(PO3)4,LiFe(PO3)4,Li,5.371385828333307,70.77721708778762,170.0262906600116,380.1717408342123,913.276808095266,0.012100569864138,0.054539892254902,0.038406458333319,1,3,Fe-O-P,"Fe,P,O",mp-585418,mp-26811,"mp-585418,mp-26811",,"['Fe', 'P', 'O']",True,True,False,False,True,False,True,0.054539892254902
BAT_02300,Li2-3Fe(PO4)2,Fe(PO4)2,Li2Fe(PO4)2,Li3Fe(PO4)2,Li,4.650400668333337,100.52664327697444,315.81685882778055,467.489169080549,1468.674931363646,0.029082501301479,0.076758569326925,0.03546198803572,1,3,Fe-O-P,"Fe,P,O",mp-689973,mp-26773,"mp-689973,mp-26773",More than one working ion per transition metal,"['Fe', 'P', 'O']",True,True,False,False,True,False,True,0.076758569326925
BAT_02302,Li0-2Fe3(P2O7)2,Fe3(P2O7)2,Fe3(P2O7)2,Li2Fe3(P2O7)2,Li,3.974167163333338,101.2707214342263,345.17787278453716,402.4667757309798,1371.7945675295598,0.016209433441884,0.110527030119041,0.036838418695649,1,3,Fe-O-P,"Fe,P,O",mp-26860,mp-540433,"mp-26860,mp-1101565,mp-540433",,"['Fe', 'P', 'O']",True,True,False,False,True,False,True,0.110527030119041
BAT_02303,Li0-2Fe5(PO4)4,Fe5(PO4)4,Fe5(PO4)4,Li2Fe5(PO4)4,Li,2.958649803333334,79.64868320591879,272.0761080674385,235.65256090295068,804.9779236254259,0.033175345147056,0.0097325262,0.038336935000005,1,3,Fe-O-P,"Fe,P,O",mp-26858,mp-540431,"mp-26858,mp-540431",,"['Fe', 'P', 'O']",True,True,False,False,True,False,True,0.038336935000005
BAT_02304,Li0-3Fe3(PO4)4,Fe3(PO4)4,Fe3(PO4)4,Li3Fe3(PO4)4,Li,4.882095496666669,141.49647254021954,446.3055940482234,690.7992913828249,2178.906530839974,0.05930782921633,0.097258502463768,0.023383129807692,1,3,Fe-O-P,"Fe,P,O",mp-31818,mp-26307,"mp-31818,mp-26307",,"['Fe', 'P', 'O']",True,True,False,False,True,False,True,0.097258502463768
BAT_02305,Li3-4FeP2O9,FeP2O9,Li3FeP2O9,Li4FeP2O9,Li,4.625162528333338,92.5621727006796,255.66652313564984,428.11509271630234,1182.4992225562762,0.012176103118689,0.098446221166666,0.058178589531249,1,3,Fe-O-P,"Fe,P,O",mp-26902,mp-26901,"mp-26902,mp-26901",More than one working ion per transition metal,"['Fe', 'P', 'O']",True,True,False,False,True,False,True,0.098446221166666
BAT_02306,Li2-3Fe(PO4)2,Fe(PO4)2,Li2Fe(PO4)2,Li3Fe(PO4)2,Li,4.819381000833336,100.52664327697444,309.85186340589655,484.4761946866009,1493.2941835711838,0.036212042896267,0.08502633971154,0.031069179642863,1,3,Fe-O-P,"Fe,P,O",mp-762856,mp-772427,"mp-762856,mp-772427",More than one working ion per transition metal,"['Fe', 'P', 'O']",True,True,False,False,True,False,True,0.08502633971154
BAT_02308,Li0-1FePO4,FePO4,FePO4,LiFePO4,Li,3.313778293333333,169.89052558677983,495.9894117980262,562.9795359324622,1643.598946539467,0.097290927749932,0.009450009166666,0.013923372857142,1,3,Fe-O-P,"Fe,P,O",mp-766442,mp-757097,"mp-766442,mp-766456,mp-757097",,"['Fe', 'P', 'O']",True,True,False,False,True,False,True,0.013923372857142
BAT_02309,Li0-1FeP2O7,FeP2O7,FeP2O7,LiFeP2O7,Li,5.292931158333336,113.21572119795302,349.84154995627813,599.2430183418255,1851.687240243213,0.099325903956339,0.110417406916674,0.043609396590909,1,3,Fe-O-P,"Fe,P,O",mp-1048396,mp-757908,"mp-1048396,mp-757908",,"['Fe', 'P', 'O']",True,True,False,False,True,False,True,0.110417406916674
BAT_02310,Li0-2FeP2O7,FeP2O7,FeP2O7,Li2FeP2O7,Li,3.932408963333327,219.98149553380892,645.1336382152299,865.0572048046206,2536.92930146541,0.045074100929097,0.049472965916673,0.034462551180553,2,3,Fe-O-P,"Fe,P,O",mp-766012,mp-757481,"mp-766012,mp-766136,mp-757481",More than one working ion per transition metal,"['Fe', 'P', 'O']",True,True,False,False,True,False,True,0.049472965916673
BAT_02311,Li0.75-2FeP2O7,FeP2O7,Li3Fe4(P2O7)4,Li2FeP2O7,Li,4.055408742333343,137.48843470863056,412.583600590627,557.5718000871075,1673.1951407785966,0.033374470746635,0.08721443550387,0.012548983055552,4,3,Fe-O-P,"Fe,P,O",mp-849425,mp-849623,"mp-849425,mp-849584,mp-1177688,mp-849452,mp-849490,mp-849415,mp-782726,mp-849555,mp-849557,mp-1176772,mp-831266,mp-849492,mp-1177390,mp-849563,mp-1177154,mp-849560,mp-1177159,mp-849564,mp-1177735,mp-849506,mp-1177912,mp-1177031,mp-1176933,mp-849623",More than one working ion per transition metal,"['Fe', 'P', 'O']",True,True,False,False,True,False,True,0.08721443550387
BAT_02313,Li0-1FePO4,FePO4,FePO4,LiFePO4,Li,3.321968453333338,169.89052558677983,603.2624458626904,564.3709665195029,2004.018814236568,0.069763680911937,0.029870462083334,0.030256595357142,1,3,Fe-O-P,"Fe,P,O",mp-776288,mp-831160,"mp-776288,mp-831160",,"['Fe', 'P', 'O']",True,True,False,False,True,False,True,0.030256595357142
BAT_02314,Li2-3FePO5,FePO5,Li2FePO5,Li3FePO5,Li,2.679945040833336,142.83552534504514,406.8335135325081,382.791357803278,1090.291457036247,0.006739265591828,0.0564479588889,0.060272362499998,1,3,Fe-O-P,"Fe,P,O",mp-766462,mp-765579,"mp-766462,mp-1176795,mp-765579",More than one working ion per transition metal,"['Fe', 'P', 'O']",True,True,False,False,True,False,True,0.060272362499998
BAT_02315,Li0-1FePO4,FePO4,FePO4,LiFePO4,Li,3.188486138333329,169.89052558677983,497.1980202214779,541.6935858676112,1585.3089954829566,0.175766799508324,0.0,0.023722244285714,1,3,Fe-O-P,"Fe,P,O",mp-760343,mp-761486,"mp-760343,mp-761486",,"['Fe', 'P', 'O']",True,True,False,False,True,False,True,0.023722244285714
BAT_02316,Li0-0.67FePO4,FePO4,FePO4,Li2Fe3(PO4)3,Li,3.144997068333343,114.94614856262824,381.9882807638691,361.5053002456748,1201.3520231400626,0.057213168345342,0.044608444999999,0.061102078499998,1,3,Fe-O-P,"Fe,P,O",mp-772512,mp-771770,"mp-772512,mp-771770",,"['Fe', 'P', 'O']",True,True,False,False,True,False,True,0.061102078499998
BAT_02317,Li2-3Fe(PO4)2,Fe(PO4)2,Li2Fe(PO4)2,Li3Fe(PO4)2,Li,5.011994878333344,100.52664327697444,309.2322612038725,503.8390212402391,1549.870509369248,0.013561213646674,0.083219493173078,0.015633259464292,1,3,Fe-O-P,"Fe,P,O",mp-758232,mp-773399,"mp-758232,mp-773399,mp-760008",More than one working ion per transition metal,"['Fe', 'P', 'O']",True,True,False,False,True,False,True,0.083219493173078
BAT_02318,Li0-1FePO4,FePO4,FePO4,LiFePO4,Li,3.33574072583333,169.89052558677983,498.01662306947463,566.7107451330509,1661.2543317148331,0.093300465600534,0.010196528125,0.011425755892857,1,3,Fe-O-P,"Fe,P,O",mp-766460,mp-765594,"mp-766460,mp-766464,mp-765594",,"['Fe', 'P', 'O']",True,True,False,False,True,False,True,0.011425755892857
BAT_02319,Li0-1Fe(PO3)3,Fe(PO3)3,Fe(PO3)3,LiFe(PO3)3,Li,3.774391343333325,89.42713542137633,258.0514006447103,337.5330057935398,973.9869727284342,0.025989487357177,0.072972866025641,0.050356284642857,1,3,Fe-O-P,"Fe,P,O",mp-763780,mp-762657,"mp-763780,mp-762657",,"['Fe', 'P', 'O']",True,True,False,False,True,False,True,0.072972866025641
BAT_02320,Li0-8Fe7(PO4)8,Fe7(PO4)8,Fe7(PO4)8,Li8Fe7(PO4)8,Li,4.060776314583333,177.75607616023612,592.4639906914645,721.8276638447579,2405.8637406434195,0.008453804533686,0.090302505354612,0.028145796090934,1,3,Fe-O-P,"Fe,P,O",mp-1178257,mp-774835,"mp-1178257,mp-774835",More than one working ion per transition metal,"['Fe', 'P', 'O']",True,True,False,False,True,False,True,0.090302505354612
BAT_02321,Li0-4Fe5Sb(PO4)6,Fe5Sb(PO4)6,Fe5Sb(PO4)6,Li4Fe5Sb(PO4)6,Li,2.660579385833334,107.35867751386526,373.162248829036,285.6362842837186,992.8277868057426,0.049316877760294,0.019126238124998,0.085820814581253,1,4,Fe-O-P-Sb,"Fe,Sb,P,O",mp-771885,mp-776398,"mp-771885,mp-776398",,"['Fe', 'Sb', 'P', 'O']",True,True,False,False,True,False,True,0.085820814581253
BAT_02322,Li0-4Fe3Sb(PO4)4,Fe3Sb(PO4)4,Fe3Sb(PO4)4,Li4Fe3Sb(PO4)4,Li,2.90379491833333,153.82276864261,550.494472868947,446.6697739083745,1598.5230528874338,0.055870134932014,0.067451348645829,0.094659442735387,1,4,Fe-O-P-Sb,"Fe,Sb,P,O",mp-1178297,mp-1177409,"mp-1178297,mp-1177409",More than one working ion per transition metal,"['Fe', 'Sb', 'P', 'O']",True,True,False,False,True,False,True,0.094659442735387
BAT_02324,Li0-8Fe7Te(PO4)12,Fe7Te(PO4)12,Fe7Te(PO4)12,Li8Fe7Te(PO4)12,Li,5.024749633333348,125.11637465090324,384.05781834164577,628.6784576511238,1929.7943818909905,0.01218131085953,0.084115265269609,0.022555604749999,1,4,Fe-O-P-Te,"Fe,Te,P,O",mp-777003,mp-1176834,"mp-777003,mp-1176834",More than one working ion per transition metal,"['Fe', 'Te', 'P', 'O']",True,True,False,False,True,False,True,0.084115265269609
BAT_02325,Li0-2FeSn(PO4)2,FeSn(PO4)2,FeSn(PO4)2,Li2FeSn(PO4)2,Li,2.635876797083331,141.66446796902832,516.7230458586649,373.41008409071657,1362.0182870970812,0.119366757939736,0.033455896388893,0.062991719404761,1,4,Fe-O-P-Sn,"Fe,Sn,P,O",mp-1178211,mp-772178,"mp-1178211,mp-772178",More than one working ion per transition metal,"['Fe', 'Sn', 'P', 'O']",True,True,False,False,True,False,True,0.062991719404761
BAT_02326,Li0-6Fe3Sb(PO4)6,Fe3Sb(PO4)6,Fe3Sb(PO4)6,Li6Fe3Sb(PO4)6,Li,3.9572313316666663,178.52396803848805,551.8048842029468,706.4606397753635,2183.619576734598,0.001921936363528,0.06574333499999,0.073889446256248,1,4,Fe-O-P-Sb,"Fe,Sb,P,O",mp-775128,mp-757289,"mp-775128,mp-757289",More than one working ion per transition metal,"['Fe', 'Sb', 'P', 'O']",True,True,False,False,True,False,True,0.073889446256248
BAT_02327,Li0-7TiFe3(PO4)6,TiFe3(PO4)6,TiFe3(PO4)6,Li7TiFe3(PO4)6,Li,4.012802456190469,225.00180413356517,636.0857632822424,902.8877922744572,2552.4865132467717,0.043553175022297,0.073530078063735,0.068120638902432,2,4,Fe-O-P-Ti,"Ti,Fe,P,O",mp-775272,mp-760106,"mp-775272,mp-758142,mp-760106",More than one working ion per transition metal,"['Ti', 'Fe', 'P', 'O']",True,True,False,False,True,False,True,0.073530078063735
BAT_02328,Li0-6VFe3(PO4)6,VFe3(PO4)6,VFe3(PO4)6,Li6VFe3(PO4)6,Li,4.215075326666668,193.7571620788848,570.0605038162989,816.7010332436621,2402.847964343252,0.01367067541944,0.068798300171571,0.046756807624998,1,4,Fe-O-P-V,"V,Fe,P,O",mp-774165,mp-757753,"mp-774165,mp-757753",More than one working ion per transition metal,"['V', 'Fe', 'P', 'O']",True,True,False,False,True,False,True,0.068798300171571
BAT_02329,Li0-6Ti3Fe(PO4)6,Ti3Fe(PO4)6,Ti3Fe(PO4)6,Li6Ti3Fe(PO4)6,Li,3.25173819166666,198.3042134413489,564.6564078165562,644.8333844156514,1836.1148064664008,0.021552192613268,0.036345302365203,0.076866744949077,2,4,Fe-O-P-Ti,"Ti,Fe,P,O",mp-775436,mp-1176962,"mp-775436,mp-743603,mp-1176962",More than one working ion per transition metal,"['Ti', 'Fe', 'P', 'O']",True,True,False,False,True,False,True,0.076866744949077
BAT_02330,Li0-4VFe3(PO4)4,VFe3(PO4)4,VFe3(PO4)4,Li4VFe3(PO4)4,Li,3.21590019333333,171.22102178307352,585.8978057906918,550.6297170549166,1884.18886691586,0.061323441257394,0.025083127916694,0.006938646339282,1,4,Fe-O-P-V,"V,Fe,P,O",mp-1216366,mp-1222547,"mp-1216366,mp-1222547",,"['V', 'Fe', 'P', 'O']",True,True,False,False,True,False,True,0.025083127916694
BAT_02331,Li0-6V3Fe(PO4)6,V3Fe(PO4)6,V3Fe(PO4)6,Li6V3Fe(PO4)6,Li,3.503242440000002,196.07404453909308,567.109655424458,686.8949142118016,1986.7226130167387,0.030496756830814,0.018148604436303,0.046796762828119,1,4,Fe-O-P-V,"V,Fe,P,O",mp-772911,mp-1176939,"mp-772911,mp-1176939",More than one working ion per transition metal,"['V', 'Fe', 'P', 'O']",True,True,False,False,True,False,True,0.046796762828119
BAT_02332,Li0-8VFe7(PO4)12,VFe7(PO4)12,VFe7(PO4)12,Li8VFe7(PO4)12,Li,5.005458034583317,130.97525938266153,385.5978003033728,655.5911644085772,1930.0936076461708,0.011269886198883,0.081385193223043,0.014779573807574,1,4,Fe-O-P-V,"V,Fe,P,O",mp-1101268,mp-758577,"mp-1101268,mp-758577",,"['V', 'Fe', 'P', 'O']",True,True,False,False,True,False,True,0.081385193223043
BAT_02333,Li0-2VFe(PO4)2,VFe(PO4)2,VFe(PO4)2,Li2VFe(PO4)2,Li,2.954241255833335,172.57252201139963,585.4733999407621,509.8208641492832,1729.6296722980096,0.041068615967482,0.026026008333333,0.010759549464284,1,4,Fe-O-P-V,"V,Fe,P,O",mp-774620,mp-861602,"mp-774620,mp-861602",,"['V', 'Fe', 'P', 'O']",True,True,False,False,True,False,True,0.026026008333333
BAT_02334,Li0-3VFe(P2O7)2,VFe(P2O7)2,VFe(P2O7)2,Li3VFe(P2O7)2,Li,3.761030858333332,169.09588810400138,476.4939383316091,635.9748531764294,1792.1084058739618,0.054003401912552,0.010630669541582,0.000288295833343,3,4,Fe-O-P-V,"V,Fe,P,O",mp-767722,mp-1177512,"mp-767722,mp-752490,mp-759820,mp-1235847,mp-759903,mp-1235226,mp-765981,mp-759761,mp-1176547,mp-1235295,mp-1177781,mp-1177512",More than one working ion per transition metal,"['V', 'Fe', 'P', 'O']",True,True,False,False,True,False,True,0.010630669541582
BAT_02335,Li0-8Fe7P12WO48,Fe7P12WO48,Fe7P12WO48,Li8Fe7P12WO48,Li,4.920630242083338,121.14078930995905,382.1022194536752,596.0890314284304,1880.1837366109185,0.015870303091575,0.065811447837015,0.012773160148019,1,4,Fe-O-P-W,"Fe,P,W,O",mp-770783,mp-1176835,"mp-770783,mp-1176835",,"['Fe', 'P', 'W', 'O']",True,True,False,False,True,False,True,0.065811447837015
BAT_02336,Li0-2ZnFe(PO4)2,ZnFe(PO4)2,ZnFe(PO4)2,Li2ZnFe(PO4)2,Li,4.203928567083335,164.89225019453374,596.3957034736627,693.1952410834531,2507.2049351186924,0.016671797524838,0.079020829427081,0.024070144821428,1,4,Fe-O-P-Zn,"Zn,Fe,P,O",mp-1101161,mp-756192,"mp-1101161,mp-756192",,"['Zn', 'Fe', 'P', 'O']",True,True,False,False,True,False,True,0.079020829427081
BAT_02337,Li0-4Fe5P6WO24,Fe5P6WO24,Fe5P6WO24,Li4Fe5P6WO24,Li,2.506536440833319,101.07500086885337,367.37012609780294,253.34817293504037,920.8266083376748,0.061159116465976,0.016454591585645,0.088354113812499,1,4,Fe-O-P-W,"Fe,P,W,O",mp-780405,mp-774930,"mp-780405,mp-774930",,"['Fe', 'P', 'W', 'O']",True,True,False,False,True,False,True,0.088354113812499
BAT_02338,Li2-8Zr7Fe(PO4)12,Zr7Fe(PO4)12,Li2Zr7Fe(PO4)12,Li8Zr7Fe(PO4)12,Li,3.041144999999995,85.1021977686392,262.0703564064857,258.80812323310784,796.9939540338006,0.005845919257834,0.019922483035719,0.055700121578945,1,4,Fe-O-P-Zr,"Zr,Fe,P,O",mp-759723,mp-1176803,"mp-759723,mp-773105,mp-1176803",,"['Zr', 'Fe', 'P', 'O']",True,True,False,False,True,False,True,0.055700121578945
BAT_02340,Li1-2Fe(SO4)2,Fe(SO4)2,LiFe(SO4)2,Li2Fe(SO4)2,Li,3.908987278333332,102.3534694203978,293.9634646119707,400.0984098576148,1149.0994434629845,0.047961562025282,0.027069799375006,0.007571663173074,1,3,Fe-O-S,"Fe,S,O",mp-780523,mp-780594,"mp-780523,mp-780594",More than one working ion per transition metal,"['Fe', 'S', 'O']",True,True,True,False,False,False,True,0.027069799375006
BAT_02341,Li0-1Fe2(SO4)3,Fe2(SO4)3,Fe2(SO4)3,LiFe2(SO4)3,Li,3.149304093333332,65.88063566719111,192.06793144987577,207.4781555780869,604.8803227131596,0.013500310009562,0.0,0.029626511874997,1,3,Fe-O-S,"Fe,S,O",mp-540767,mp-768683,"mp-540767,mp-768683",,"['Fe', 'S', 'O']",True,True,True,False,False,False,True,0.029626511874997
BAT_02342,Li0-2Fe2(SO4)3,Fe2(SO4)3,Fe2(SO4)3,Li2Fe2(SO4)3,Li,3.668856170833334,129.550918892381,367.9291513138877,475.30368821544073,1349.8791372274284,0.11465853565793,0.007453446911764,0.008113624736836,1,3,Fe-O-S,"Fe,S,O",mp-540894,mp-777573,"mp-540894,mp-769018,mp-777573",,"['Fe', 'S', 'O']",True,True,True,False,False,False,True,0.008113624736836
BAT_02343,Li0-1Fe(SO4)2,Fe(SO4)2,Fe(SO4)2,LiFe(SO4)2,Li,5.321085920000006,105.14046124832448,289.18120840465,559.4614279707656,1538.7580563705706,0.012707052755298,0.06591522939393,0.02824912225695,1,3,Fe-O-S,"Fe,S,O",mp-772225,mp-849740,"mp-772225,mp-849740",,"['Fe', 'S', 'O']",True,True,True,False,False,False,True,0.06591522939393
BAT_02344,Li0-1Fe(SO4)2,Fe(SO4)2,Fe(SO4)2,LiFe(SO4)2,Li,5.37251290666666,105.14046124832448,290.3450711195054,564.8684850695091,1559.882641976592,0.011606126403935,0.0622204590909,0.02057666725695,1,3,Fe-O-S,"Fe,S,O",mp-771312,mp-771819,"mp-771312,mp-771819",,"['Fe', 'S', 'O']",True,True,True,False,False,False,True,0.0622204590909
BAT_02345,Li0-3Fe(SbO3)4,Fe(SbO3)4,Fe(SbO3)4,Li3Fe(SbO3)4,Li,3.827047448333331,106.39719242865915,589.1964661654788,407.18710379393053,2254.8828324056117,0.061695609093956,0.084832964999995,0.055221446687497,1,3,Fe-O-Sb,"Fe,Sb,O",mp-754951,mp-756153,"mp-754951,mp-756153",More than one working ion per transition metal,"['Fe', 'Sb', 'O']",True,True,False,False,False,False,True,0.084832964999995
BAT_02346,Li3-4Fe3SbO8,Fe3SbO8,Li3Fe3SbO8,Li4Fe3SbO8,Li,2.618652813333345,60.220712770183695,275.4581181471858,157.69713891658083,721.3291760416372,0.002839125818661,0.043171925833333,0.015012720468749,1,3,Fe-O-Sb,"Fe,Sb,O",mp-772131,mp-780303,"mp-772131,mp-756407,mp-780303",More than one working ion per transition metal,"['Fe', 'Sb', 'O']",True,True,False,False,False,False,True,0.043171925833333
BAT_02347,Li4-6Fe5SbO12,Fe5SbO12,Li4Fe5SbO12,Li6Fe5SbO12,Li,2.989814803333321,84.46415386679128,351.7581142377379,252.532177581956,1051.6916171406024,0.041823463990698,0.099964067954539,0.026876614687503,1,3,Fe-O-Sb,"Fe,Sb,O",mp-1177408,mp-765615,"mp-1177408,mp-765615",More than one working ion per transition metal,"['Fe', 'Sb', 'O']",True,True,False,False,False,False,True,0.099964067954539
BAT_02348,Li0-4Ti3Fe3(SbO8)2,Ti3Fe3(SbO8)2,Ti3Fe3(SbO8)2,Li4Ti3Fe3(SbO8)2,Li,3.318056148333331,127.86807580327672,570.8955720586437,424.27345509461475,1894.2635629254569,0.063156241473495,0.123849036354167,0.048137964821414,1,4,Fe-O-Sb-Ti,"Ti,Fe,Sb,O",mp-753029,mp-865132,"mp-753029,mp-865132,mp-863112",,"['Ti', 'Fe', 'Sb', 'O']",True,True,False,False,False,False,True,0.123849036354167
BAT_02350,Li0-1Fe(SeO3)2,Fe(SeO3)2,Fe(SeO3)2,LiFe(SeO3)2,Li,5.054418733333333,84.62670679276157,297.84474227869714,427.7388121536413,1505.4320449982854,0.01786371086121,0.106825348611113,0.0,1,3,Fe-O-Se,"Fe,Se,O",mp-25261,mp-558555,"mp-25261,mp-558555",,"['Fe', 'Se', 'O']",True,True,False,False,False,False,True,0.106825348611113
BAT_02353,Li1-2Fe(SiO3)2,Fe(SiO3)2,LiFe(SiO3)2,Li2Fe(SiO3)2,Li,2.884041040833328,120.78484696037346,339.649867162388,348.34845574448974,979.5641564099152,0.046822230923719,0.034437433250001,0.011557355000002,1,3,Fe-O-Si,"Fe,Si,O",mp-777840,mp-753634,"mp-777840,mp-753634",More than one working ion per transition metal,"['Fe', 'Si', 'O']",True,True,False,False,False,True,True,0.034437433250001
BAT_02354,Li0-2FeSiO4,FeSiO4,FeSiO4,Li2FeSiO4,Li,4.048538149583334,331.2708062767885,1036.6366798436009,1341.1624970548085,4196.863145604223,0.177338363099093,0.276704148750001,0.0,2,3,Fe-O-Si,"Fe,Si,O",mp-1102363,mp-18968,"mp-1102363,mp-756984,mp-861039,mp-752644,mp-18968",More than one working ion per transition metal,"['Fe', 'Si', 'O']",True,True,False,False,False,True,True,0.276704148750001
BAT_02355,Li0-1Fe(SiO3)2,Fe(SiO3)2,Fe(SiO3)2,LiFe(SiO3)2,Li,5.06306346833333,124.68507660434258,413.351134717925,631.2884564017897,2092.823029784455,0.028697016187225,0.152752098333332,0.008175921000002,1,3,Fe-O-Si,"Fe,Si,O",mp-25231,mp-19061,"mp-25231,mp-19061",,"['Fe', 'Si', 'O']",True,True,False,False,False,True,True,0.152752098333332
BAT_02356,Li1.5-2FeSiO4,FeSiO4,Li3Fe2(SiO4)2,Li2FeSiO4,Li,3.42389415833333,82.81770156919713,253.86653983163808,283.5590446093671,869.2121627258413,0.025612551482282,0.073517069666674,0.021603718749999,1,3,Fe-O-Si,"Fe,Si,O",mp-850922,mp-764344,"mp-850922,mp-764344,mp-752799",More than one working ion per transition metal,"['Fe', 'Si', 'O']",True,True,False,False,False,True,True,0.073517069666674
BAT_02357,Li1-2FeSiO4,FeSiO4,LiFeSiO4,Li2FeSiO4,Li,2.8148486308333363,165.63540313839425,489.9565910876968,466.2385877416368,1379.153639590972,0.012776925520738,0.033588317142859,0.0108834003125,1,3,Fe-O-Si,"Fe,Si,O",mp-753362,mp-752900,"mp-753362,mp-1177678,mp-1303127,mp-1306409,mp-752900",More than one working ion per transition metal,"['Fe', 'Si', 'O']",True,True,False,False,False,True,True,0.033588317142859
BAT_02358,Li1-2FeSiO4,FeSiO4,LiFeSiO4,Li2FeSiO4,Li,2.86456514833333,165.63540313839425,509.9279512279464,474.4734031603854,1460.7218372485938,0.022224319253918,0.033040580357145,0.0041895659375,1,3,Fe-O-Si,"Fe,Si,O",mp-754842,mp-752913,"mp-754842,mp-764355,mp-754087,mp-752913",More than one working ion per transition metal,"['Fe', 'Si', 'O']",True,True,False,False,False,True,True,0.033040580357145
BAT_02359,Li0-1Fe(SiO3)2,Fe(SiO3)2,Fe(SiO3)2,LiFe(SiO3)2,Li,4.9464746283333385,124.68507660434258,410.0009383751033,616.7515679551793,2028.059239265309,0.001721218602808,0.14001112472222,0.008367928750001,1,3,Fe-O-Si,"Fe,Si,O",mp-25240,mp-510708,"mp-25240,mp-510708",,"['Fe', 'Si', 'O']",True,True,False,False,False,True,True,0.14001112472222
BAT_02425,Li0-2Na2V3P2O13,Na2V3P2O13,Na2V3P2O13,Na2Li2V3P2O13,Li,2.682646933333321,111.06527344582824,317.5447936289167,297.9489152092779,851.8605668245756,0.037161785560514,0.0,0.062945641401512,1,4,Na-O-P-V,"Na,V,P,O",mp-558049,mp-849320,"mp-558049,mp-849320",,"['Na', 'V', 'P', 'O']",True,True,False,False,True,False,True,0.062945641401512
BAT_02426,Li0-1Na2VPO6,Na2VPO6,Na2VPO6,Na2LiVPO6,Li,2.123021795833343,116.10806932630445,317.8449993125042,246.4999618518731,674.7918612370803,0.02351597811578,0.0,0.096616478712113,1,4,Na-O-P-V,"Na,V,P,O",mp-559869,mp-760057,"mp-559869,mp-760057",,"['Na', 'V', 'P', 'O']",True,True,False,False,True,False,True,0.096616478712113
BAT_02429,Li3-4NbNi3O8,NbNi3O8,Li3NbNi3O8,Li4NbNi3O8,Li,3.835749133333341,63.10005280185218,298.71742780742284,242.03597284799255,1145.8051148238872,0.000185989895293,0.070027754800003,0.046286955052083,1,3,Nb-Ni-O,"Nb,Ni,O",mp-757382,mp-754424,"mp-757382,mp-754424",,"['Nb', 'Ni', 'O']",True,True,False,False,False,False,True,0.070027754800003
BAT_02430,Li2-5Nb6NiO18,Nb6NiO18,Li2Nb6NiO18,Li5Nb6NiO18,Li,3.536261751666666,85.64361629665736,397.36470925052913,302.85824458428533,1405.1856227847916,0.015943920131109,0.073119900370372,0.054046345333334,1,3,Nb-Ni-O,"Nb,Ni,O",mp-759780,mp-775480,"mp-759780,mp-769462,mp-775480",,"['Nb', 'Ni', 'O']",True,True,False,False,False,False,True,0.073119900370372
BAT_02431,Li6-8NbNi3(PO4)6,NbNi3(PO4)6,Li6NbNi3(PO4)6,Li8NbNi3(PO4)6,Li,3.00355375333334,59.93559199854485,182.5556828878136,180.01977230548508,548.3158065300235,0.01086447975641,0.077645458104171,0.097102591815468,1,4,Nb-Ni-O-P,"Nb,Ni,P,O",mp-1176954,mp-759457,"mp-1176954,mp-759457",More than one working ion per transition metal,"['Nb', 'Ni', 'P', 'O']",True,True,False,False,True,False,True,0.097102591815468
BAT_02445,Li0-6NbV3(PO4)6,NbV3(PO4)6,NbV3(PO4)6,Li6NbV3(PO4)6,Li,2.745027495000002,187.59675587187667,550.4007687379005,514.9582528411046,1510.8652434546746,0.037953554849575,0.003597213823512,0.068136329203127,1,4,Nb-O-P-V,"Nb,V,P,O",mp-775224,mp-1176951,"mp-775224,mp-1176951",More than one working ion per transition metal,"['Nb', 'V', 'P', 'O']",True,True,False,False,True,False,True,0.068136329203127
BAT_02458,Li0-4Ti3Nb2V3O16,Ti3Nb2V3O16,Ti3Nb2V3O16,Li4Ti3Nb2V3O16,Li,2.4703194908333312,139.95685622033972,575.3694078763418,345.7381497968633,1421.3462627061597,0.046599769116147,0.092241797410702,0.031096054241075,1,4,Nb-O-Ti-V,"Ti,Nb,V,O",mp-770898,mp-774881,"mp-770898,mp-774881",,"['Ti', 'Nb', 'V', 'O']",True,True,False,False,False,False,True,0.092241797410702
BAT_02459,Li0-3Nb4VO12,Nb4VO12,Nb4VO12,Li3Nb4VO12,Li,2.386320643333329,126.5448811412491,592.4214917575971,301.97666217552523,1413.7076353354798,0.008220252077549,0.051076014159564,0.028146736468757,1,3,Nb-O-V,"Nb,V,O",mp-753925,mp-753504,"mp-753925,mp-753504",,"['Nb', 'V', 'O']",True,True,False,False,False,False,True,0.051076014159564
BAT_02460,Li0-2NbV3O8,NbV3O8,NbV3O8,Li2NbV3O8,Li,2.091732388333338,138.2916534937243,549.0841549480408,289.2691306489944,1148.5371108254585,0.056699325401431,0.0196423872024,0.094810911160703,1,3,Nb-O-V,"Nb,V,O",mp-755814,mp-776672,"mp-755814,mp-776672",,"['Nb', 'V', 'O']",True,True,False,False,False,False,True,0.094810911160703
BAT_02461,Li1-9Nb7V12O48,Nb7V12O48,LiNb7V12O48,Li9Nb7V12O48,Li,3.043945247083333,102.48726437293747,367.312469134856,311.9656212745761,1118.0790446174883,0.019990567737323,0.072324188786767,0.075000854565791,1,3,Nb-O-V,"Nb,V,O",mp-774457,mp-850928,"mp-774457,mp-850928",,"['Nb', 'V', 'O']",True,True,False,False,False,False,True,0.075000854565791
BAT_02464,Li0-2NbV3O8,NbV3O8,NbV3O8,Li2NbV3O8,Li,3.13650689333333,138.2916534937243,582.3950023515478,433.7527244735307,1826.6859395185108,0.042690979313021,0.0865340947024,0.002893159732131,1,3,Nb-O-V,"Nb,V,O",mp-1101449,mp-777682,"mp-1101449,mp-770930,mp-1576362,mp-777682",,"['Nb', 'V', 'O']",True,True,False,False,False,False,True,0.0865340947024
BAT_02471,Li0.6-1NiO2,NiO2,Li3(NiO2)5,LiNiO2,Li,3.790215558333333,109.80478421423818,516.6601771869653,416.18380150824,1958.2534419452927,0.027857544867174,0.069538141157407,0.030480618333333,1,2,Ni-O,"Ni,O",mp-762930,mp-756446,"mp-762930,mp-757913,mp-756446",,"['Ni', 'O']",True,True,False,False,False,False,True,0.069538141157407
BAT_02473,Li0-1Ni6O7,Ni6O7,Ni6O7,LiNi6O7,Li,4.042082598333342,56.891616306282216,348.5996757609148,229.9606122626807,1409.068683177839,0.018504891249006,0.05691689423077,0.016778067023808,1,2,Ni-O,"Ni,O",mp-766450,mp-753344,"mp-766450,mp-753344",,"['Ni', 'O']",True,True,False,False,False,False,True,0.05691689423077
BAT_02474,Li12-17Ni11O28,Ni11O28,Li12Ni11O28,Li17Ni11O28,Li,3.548907773333342,110.6029755234446,473.2759848919108,392.51975958895,1679.6128217148955,0.020507473462914,0.066434532991311,0.053459303511904,1,2,Ni-O,"Ni,O",mp-759703,mp-766611,"mp-759703,mp-766611",More than one working ion per transition metal,"['Ni', 'O']",True,True,False,False,False,False,True,0.066434532991311
BAT_02475,Li0.75-1NiO2,NiO2,Li3(NiO2)4,LiNiO2,Li,3.70597174333334,68.62799013389885,326.94566976952785,254.3333922379884,1211.6514137710635,0.011840580751956,0.052766551694451,0.034669062708333,1,2,Ni-O,"Ni,O",mp-758978,mp-1287495,"mp-758978,mp-764850,mp-1287495,mp-755200",,"['Ni', 'O']",True,True,False,False,False,False,True,0.052766551694451
BAT_02476,Li7-11Ni13O24,Ni13O24,Li7Ni13O24,Li11Ni13O24,Li,3.772234513333335,87.6330195569869,432.45082465293245,330.5723008804811,1631.3059260752543,0.015848739922757,0.046018685568184,0.016929124930557,1,2,Ni-O,"Ni,O",mp-758593,mp-758517,"mp-758593,mp-758517",,"['Ni', 'O']",True,True,False,False,False,False,True,0.046018685568184
BAT_02477,Li0-1.25NiO2,NiO2,NiO2,Li5(NiO2)4,Li,3.461818140333334,337.147771065211,1511.3306141798644,1167.1442698464973,5231.951736208974,0.175729628396623,0.140188005277778,0.070609292941175,3,2,Ni-O,"Ni,O",mp-25428,mp-780142,"mp-25428,mp-1314210,mp-25388,mp-752531,mp-504102,mp-1172967,mp-754896,mp-752850,mp-780142",More than one working ion per transition metal,"['Ni', 'O']",True,True,False,False,False,False,True,0.140188005277778
BAT_02478,Li0.36-0.55NiO2,NiO2,Li4(NiO2)11,Li6(NiO2)11,Li,3.93364748833334,51.577999706644945,237.7845353072203,202.88966899930165,935.3605400757576,0.000382558034848,0.060857474070946,0.038000803771368,1,2,Ni-O,"Ni,O",mp-758676,mp-758747,"mp-758676,mp-758747",,"['Ni', 'O']",True,True,False,False,False,False,True,0.060857474070946
BAT_02479,Li0.2-1NiO2,NiO2,Li(NiO2)5,LiNiO2,Li,3.876486978333333,219.6095684284763,1027.5757521099792,851.3136323303917,3983.384022305416,0.04275194110941,0.10326846339844,0.009115211333333,3,2,Ni-O,"Ni,O",mp-1222991,mp-850062,"mp-1222991,mp-1311345,mp-762165,mp-763578,mp-850062,mp-849241",,"['Ni', 'O']",True,True,False,False,False,False,True,0.10326846339844
BAT_02480,Li5-6NiO4,NiO4,Li5NiO4,Li6NiO4,Li,2.716354020833333,163.08853846281662,437.661379526944,443.0062072053036,1188.8432480414776,0.038733402616264,0.031675914583333,0.020854933636363,1,2,Ni-O,"Ni,O",mp-774500,mp-756411,"mp-774500,mp-769472,mp-756411,mp-1570562,mp-1641670,mp-1643730,mp-1568601",More than one working ion per transition metal,"['Ni', 'O']",True,True,False,False,False,False,True,0.031675914583333
BAT_02481,Li2-4Ni5O9,Ni5O9,Li2Ni5O9,Li4Ni5O9,Li,3.654861770833332,115.21928778366406,575.9223173582967,421.1105701831578,2104.9164606825807,0.002844014948514,0.04065556328125,0.015506800740744,1,2,Ni-O,"Ni,O",mp-1177872,mp-766892,"mp-1177872,mp-766892",,"['Ni', 'O']",True,True,False,False,False,False,True,0.04065556328125
BAT_02482,Li0.58-0.92NiO2,NiO2,Li7(NiO2)12,Li11(NiO2)12,Li,3.711697078333336,92.04932247153158,428.89028353929183,341.6592012801469,1591.9108123383455,0.025063443818555,0.039054019777127,0.015090391959224,1,2,Ni-O,"Ni,O",mp-758820,mp-38676,"mp-758820,mp-38676",,"['Ni', 'O']",True,True,False,False,False,False,True,0.039054019777127
BAT_02483,Li4.5-5.88NiO4,NiO4,Li9(NiO4)2,Li47(NiO4)8,Li,2.976023002424239,225.43694545155847,603.1920906766705,670.9055352600965,1795.113536734139,0.06433126126756,0.091094277412278,0.03742404113027,2,2,Ni-O,"Ni,O",mp-775731,mp-850945,"mp-775731,mp-771876,mp-850945",More than one working ion per transition metal,"['Ni', 'O']",True,True,False,False,False,False,True,0.091094277412278
BAT_02484,Li0.67-1NiO2,NiO2,Li2(NiO2)3,LiNiO2,Li,4.099164658333326,91.50398684519848,423.0997315316656,375.0899089724351,1734.3554664449218,0.026948623162222,0.077220331098486,0.018286454583334,1,2,Ni-O,"Ni,O",mp-755410,mp-1176588,"mp-755410,mp-1176588",,"['Ni', 'O']",True,True,False,False,False,False,True,0.077220331098486
BAT_02485,Li9-13Ni15O28,Ni15O28,Li9Ni15O28,Li13Ni15O28,Li,3.769117580833328,75.57072096789433,367.4897398696267,284.8349329963404,1385.112039318477,0.03751489559652,0.035243458878206,0.011301846845238,1,2,Ni-O,"Ni,O",mp-759153,mp-766878,"mp-759153,mp-766878",,"['Ni', 'O']",True,True,False,False,False,False,True,0.035243458878206
BAT_02486,Li0.5-1.25NiO2,NiO2,Li(NiO2)2,Li5(NiO2)4,Li,3.101379809999997,202.2886626391266,920.6920186667446,627.3739741008881,2855.4156379211827,0.104783562232827,0.056080834107141,0.061667549117646,1,2,Ni-O,"Ni,O",mp-754917,mp-780518,"mp-754917,mp-780518,mp-891926",More than one working ion per transition metal,"['Ni', 'O']",True,True,False,False,False,False,True,0.061667549117646
BAT_02488,Li1-2NiO2,NiO2,LiNiO2,Li2NiO2,Li,3.259315803333334,256.291524538212,918.0764952080576,835.3350161877873,2992.301229500502,0.077110788854318,0.273997970833334,0.093135045000002,1,2,Ni-O,"Ni,O",mp-25316,mp-19183,"mp-25316,mp-19183",More than one working ion per transition metal,"['Ni', 'O']",True,True,False,False,False,False,True,0.273997970833334
BAT_02490,Li0.33-1NiO2,NiO2,Li(NiO2)3,LiNiO2,Li,3.7760492383333353,183.00797369039697,848.3244868228225,691.0471196625506,3203.3150323268364,0.01982684424182,0.056066058729169,0.0,1,2,Ni-O,"Ni,O",mp-1222821,mp-2348641,"mp-1222821,mp-2348641,mp-866271",,"['Ni', 'O']",True,True,False,False,False,False,True,0.056066058729169
BAT_02491,Li0.4-1.6NiO2,NiO2,Li2(NiO2)5,Li8(NiO2)5,Li,3.065886653333331,315.93784319932917,1296.5633863176429,968.629616747742,3975.116381311929,0.140411337606402,0.062886759767154,0.044407338768113,3,2,Ni-O,"Ni,O",mp-762387,mp-755081,"mp-762387,mp-758441,mp-752908,mp-755081",More than one working ion per transition metal,"['Ni', 'O']",True,True,False,False,False,False,True,0.062886759767154
BAT_02492,Li0-1NiO2,NiO2,NiO2,LiNiO2,Li,3.938574663333332,274.5119605355954,1285.5715001484302,1081.1858525474554,5063.31933838803,0.063653448764636,0.129827186111111,0.000113815833334,3,2,Ni-O,"Ni,O",mp-25210,mp-865631,"mp-25210,mp-1045572,mp-694965,mp-1045516,mp-762391,mp-755972,mp-865631,mp-25411",,"['Ni', 'O']",True,True,False,False,False,False,True,0.129827186111111
BAT_02493,Li0-1Ni3O4,Ni3O4,Ni3O4,LiNi3O4,Li,3.51241752333333,108.49976254991074,613.5351508297151,381.0964672578119,2154.9916149552496,0.01907879145217,0.0,0.003079798541667,1,2,Ni-O,"Ni,O",mp-656887,mp-1273274,"mp-656887,mp-1273274,mp-1275948,mp-755956",,"['Ni', 'O']",True,True,False,False,False,False,True,0.003079798541667
BAT_02494,Li0-1Ni2P2O9,Ni2P2O9,Ni2P2O9,LiNi2P2O9,Li,5.268835358333338,81.15023257571552,276.1185210210051,427.56721473190385,1454.8230266461787,0.069198922233658,0.225696044038465,0.143404990714286,1,3,Ni-O-P,"Ni,P,O",mp-1044234,mp-1013987,"mp-1044234,mp-1013987",,"['Ni', 'P', 'O']",True,True,False,False,True,False,True,0.225696044038465
BAT_02495,Li0-1NiPO4,NiPO4,NiPO4,LiNiPO4,Li,4.971688053333335,166.87745702027735,642.9255176793889,829.66265943836,3196.425115429768,0.122488752764701,0.120949799166675,0.009307963214272,1,3,Ni-O-P,"Ni,P,O",mp-25304,mp-26093,"mp-25304,mp-26093,mp-861615",,"['Ni', 'P', 'O']",True,True,False,False,True,False,True,0.120949799166675
BAT_02496,Li0-3Ni3(PO4)4,Ni3(PO4)4,Ni3(PO4)4,Li3Ni3(PO4)4,Li,5.121817229999999,139.40018361126218,430.5170631082474,713.9822622853262,2205.029711636819,0.024048569201587,0.203270946485508,0.092603852788462,1,3,Ni-O-P,"Ni,P,O",mp-1101533,mp-504236,"mp-1101533,mp-504236",,"['Ni', 'P', 'O']",True,True,False,False,True,False,True,0.203270946485508
BAT_02497,Li0-1NiPO4,NiPO4,NiPO4,LiNiPO4,Li,4.954485295833335,166.87745702027735,625.7455222288278,826.7919070130234,3100.246988816278,0.035713322692224,0.107223382500008,0.0,2,3,Ni-O-P,"Ni,P,O",mp-504165,mp-22417,"mp-504165,mp-753843,mp-22417,mp-763217,mp-1665344,mp-757970",,"['Ni', 'P', 'O']",True,True,False,False,True,False,True,0.107223382500008
BAT_02498,Li1-5Ni2(PO4)3,Ni2(PO4)3,LiNi2(PO4)3,Li5Ni2(PO4)3,Li,4.685555025833335,245.3191776493728,751.8214426532217,1149.4565057683196,3522.7007391530715,0.040658558441386,0.163844963333342,0.055630615454541,3,3,Ni-O-P,"Ni,P,O",mp-540199,mp-761038,"mp-540199,mp-26275,mp-772620,mp-761038",More than one working ion per transition metal,"['Ni', 'P', 'O']",True,True,False,False,True,False,True,0.163844963333342
BAT_02499,Li0-4Ni7(PO4)6,Ni7(PO4)6,Ni7(PO4)6,Li4Ni7(PO4)6,Li,4.347283045833326,106.30804976972586,395.9535068865743,462.15118239953466,1721.3219674262537,0.081154979196854,0.05594163297297,0.046958249756101,1,3,Ni-O-P,"Ni,P,O",mp-771985,mp-32384,"mp-771985,mp-1360010,mp-32384",,"['Ni', 'P', 'O']",True,True,False,False,True,False,True,0.05594163297297
BAT_02500,Li0-1Ni4(PO4)3,Ni4(PO4)3,Ni4(PO4)3,LiNi4(PO4)3,Li,4.545262138333361,50.892558377201446,221.55242886452453,231.32001871481404,1007.0138665737186,0.001722128433366,0.041007583421047,0.027251347375,1,3,Ni-O-P,"Ni,P,O",mp-26512,mp-26511,"mp-26512,mp-26511",,"['Ni', 'P', 'O']",True,True,False,False,True,False,True,0.041007583421047
BAT_02501,Li1-3Ni2(PO4)3,Ni2(PO4)3,LiNi2(PO4)3,Li3Ni2(PO4)3,Li,4.9475653683333345,126.68384854720252,424.384855742847,626.7766217993243,2099.6718151184473,0.08194151739406,0.158281959444453,0.07667772370833,1,3,Ni-O-P,"Ni,P,O",mp-25848,mp-25847,"mp-25848,mp-25847",More than one working ion per transition metal,"['Ni', 'P', 'O']",True,True,False,False,True,False,True,0.158281959444453
BAT_02504,Li0-1NiP2O7,NiP2O7,NiP2O7,LiNiP2O7,Li,5.014135900833328,111.86967092718474,378.7308587037269,560.9297332104074,1899.0079953797915,0.142703206195351,0.15270210874999,0.082329347007606,1,3,Ni-O-P,"Ni,P,O",mp-26786,mp-26785,"mp-26786,mp-26785",,"['Ni', 'P', 'O']",True,True,False,False,True,False,True,0.15270210874999
BAT_02505,Li0-4Ni7(PO4)6,Ni7(PO4)6,Ni7(PO4)6,Li4Ni7(PO4)6,Li,4.210608743333329,106.30804976972586,386.2988963975939,447.62160384712234,1626.5535107117248,0.032915745710856,0.059097808108106,0.063140583658539,1,3,Ni-O-P,"Ni,P,O",mp-32385,mp-860872,"mp-32385,mp-704235,mp-860872",,"['Ni', 'P', 'O']",True,True,False,False,True,False,True,0.063140583658539
BAT_02508,Li0-2Ni4P4O15,Ni4P4O15,Ni4P4O15,Li2Ni4P4O15,Li,4.44047234333333,87.50909014227189,287.671256863163,388.5816945670217,1277.396260072814,0.021159734051582,0.059779155652178,0.04715556820001,1,3,Ni-O-P,"Ni,P,O",mp-585202,mp-705401,"mp-585202,mp-705401",,"['Ni', 'P', 'O']",True,True,False,False,True,False,True,0.059779155652178
BAT_02509,Li0-1Ni3P3O13,Ni3P3O13,Ni3P3O13,LiNi3P3O13,Li,5.233454993333344,55.38243469773499,188.88732243463417,289.841479411819,988.5333007729014,0.05101533066136,0.19351760236842,0.140857388125004,1,3,Ni-O-P,"Ni,P,O",mp-1048029,mp-1094143,"mp-1048029,mp-1094143",,"['Ni', 'P', 'O']",True,True,False,False,True,False,True,0.19351760236842
BAT_02511,Li0-2Ni3(P2O7)2,Ni3(P2O7)2,Ni3(P2O7)2,Li2Ni3(P2O7)2,Li,4.930101610833336,99.6617590426219,355.3876694888308,491.34259879451406,1752.09732181719,0.013343425260645,0.078364111309525,0.027782668913044,1,3,Ni-O-P,"Ni,P,O",mp-1101547,mp-32395,"mp-1101547,mp-32395",,"['Ni', 'P', 'O']",True,True,False,False,True,False,True,0.078364111309525
BAT_02512,Li1-5Ni2(PO4)3,Ni2(PO4)3,LiNi2(PO4)3,Li5Ni2(PO4)3,Li,4.61391850645833,245.3191776493728,768.7030664033692,1131.88269374558,3546.733304049772,0.057282149110576,0.139700267916674,0.048900686363632,3,3,Ni-O-P,"Ni,P,O",mp-26438,mp-777338,"mp-26438,mp-26437,mp-1177557,mp-504271,mp-1178182,mp-849437,mp-777338",More than one working ion per transition metal,"['Ni', 'P', 'O']",True,True,False,False,True,False,True,0.139700267916674
BAT_02513,Li2-3Ni(PO4)2,Ni(PO4)2,Li2Ni(PO4)2,Li3Ni(PO4)2,Li,4.9806822308333425,99.4639956795966,316.8892415914352,495.3985558890512,1578.3246147367156,0.011522475719685,0.125485596282047,0.063928024642854,1,3,Ni-O-P,"Ni,P,O",mp-540059,mp-32398,"mp-540059,mp-32398",More than one working ion per transition metal,"['Ni', 'P', 'O']",True,True,False,False,True,False,True,0.125485596282047
BAT_02515,Li0-1NiPO4,NiPO4,NiPO4,LiNiPO4,Li,4.954802378333331,166.87745702027735,533.1069770401236,826.8448209342884,2641.439717744497,0.037727094058203,0.156979355277786,0.042602679166654,1,3,Ni-O-P,"Ni,P,O",mp-504281,mp-26577,"mp-504281,mp-26577",,"['Ni', 'P', 'O']",True,True,False,False,True,False,True,0.156979355277786
BAT_02516,Li0-1Ni(PO3)3,Ni(PO3)3,Ni(PO3)3,LiNi(PO3)3,Li,5.066259283333328,88.58521173357572,219.26584389941945,448.79565131127646,1110.8576171733505,0.010084422283953,0.047593460480782,0.028720952500012,1,3,Ni-O-P,"Ni,P,O",mp-26842,mp-26841,"mp-26842,mp-26841",,"['Ni', 'P', 'O']",True,True,False,False,True,False,True,0.047593460480782
BAT_02517,Li0-1Ni(PO3)3,Ni(PO3)3,Ni(PO3)3,LiNi(PO3)3,Li,5.18405965333334,88.58521173357572,262.95559102138134,459.23102203002105,1363.1774700323656,0.025340407095836,0.078800738942321,0.049284827500012,1,3,Ni-O-P,"Ni,P,O",mp-753788,mp-759771,"mp-753788,mp-759771",,"['Ni', 'P', 'O']",True,True,False,False,True,False,True,0.078800738942321
BAT_02518,Li0-1Ni2(PO3)5,Ni2(PO3)5,Ni2(PO3)5,LiNi2(PO3)5,Li,5.435916183333323,51.6219582847208,149.9564012514517,280.61263845527156,815.1504283571917,0.008060611080533,0.074298407215904,0.045577669891311,1,3,Ni-O-P,"Ni,P,O",mp-704988,mp-25823,"mp-704988,mp-25823",,"['Ni', 'P', 'O']",True,True,False,False,True,False,True,0.074298407215904
BAT_02519,Li0-1NiP2O7,NiP2O7,NiP2O7,LiNiP2O7,Li,5.36230047833333,111.86967092718474,361.8744622010902,599.8787899238349,1940.4796017575225,0.052031614592755,0.167408633499989,0.064047589734879,1,3,Ni-O-P,"Ni,P,O",mp-32334,mp-26345,"mp-32334,mp-26345",,"['Ni', 'P', 'O']",True,True,False,False,True,False,True,0.167408633499989
BAT_02520,Li0-4Ni3P4O15,Ni3P4O15,Ni3P4O15,Li4Ni3P4O15,Li,5.449055136458332,188.8325044492883,612.3814601234664,1028.9587282996854,3336.900340757628,0.052109625629715,0.244016767159084,0.035170394198714,2,3,Ni-O-P,"Ni,P,O",mp-1101501,mp-540518,"mp-1101501,mp-27080,mp-540518",More than one working ion per transition metal,"['Ni', 'P', 'O']",True,True,False,False,True,False,True,0.244016767159084
BAT_02521,Li0-1Ni3P3O11,Ni3P3O11,Ni3P3O11,LiNi3P3O11,Li,4.690572925833327,59.303724213137365,218.3530629269492,278.16844319522846,1024.2009652379286,0.000406753214313,0.047426874264706,0.027191791527782,1,3,Ni-O-P,"Ni,P,O",mp-585392,mp-25879,"mp-585392,mp-25879",,"['Ni', 'P', 'O']",True,True,False,False,True,False,True,0.047426874264706
BAT_02522,Li1-3Ni2(PO4)3,Ni2(PO4)3,LiNi2(PO4)3,Li3Ni2(PO4)3,Li,4.834790620833336,126.68384854720252,432.45641668526906,612.4898827670855,2090.8362273091316,0.001901468567081,0.14355132861112,0.07469763070833,1,3,Ni-O-P,"Ni,P,O",mp-26680,mp-26679,"mp-26680,mp-26679",More than one working ion per transition metal,"['Ni', 'P', 'O']",True,True,False,False,True,False,True,0.14355132861112
BAT_02523,Li0-1Ni(PO3)4,Ni(PO3)4,Ni(PO3)4,LiNi(PO3)4,Li,5.13654329333335,70.24880275229425,175.72643862402268,360.8360166419944,902.6264597755784,0.081371453663136,0.097212280588238,0.075035626087959,1,3,Ni-O-P,"Ni,P,O",mp-26686,mp-26685,"mp-26686,mp-26685",,"['Ni', 'P', 'O']",True,True,False,False,True,False,True,0.097212280588238
BAT_02524,Li0-4Ni5(P3O11)2,Ni5(P3O11)2,Ni5(P3O11)2,Li4Ni5(P3O11)2,Li,4.835588507083334,124.79440104060062,424.8077717576275,603.4543714202769,2054.195578830864,0.033419569959729,0.082430159772727,0.023072689594591,1,3,Ni-O-P,"Ni,P,O",mp-26314,mp-26313,"mp-26314,mp-26313",,"['Ni', 'P', 'O']",True,True,False,False,True,False,True,0.082430159772727
BAT_02527,Li0-3Ni3(PO4)4,Ni3(PO4)4,Ni3(PO4)4,Li3Ni3(PO4)4,Li,5.147823918333334,139.4001836112622,447.4787670843978,717.6075994141141,2303.5419001433743,0.039736402241094,0.201597328152176,0.088122572532053,1,3,Ni-O-P,"Ni,P,O",mp-26264,mp-26263,"mp-26264,mp-26263",,"['Ni', 'P', 'O']",True,True,False,False,True,False,True,0.201597328152176
BAT_02528,Li0-1Ni2P3O10,Ni2P3O10,Ni2P3O10,LiNi2P3O10,Li,5.268361598333333,71.0456523658167,254.4933688126999,374.29418665260835,1340.76309128331,0.019234595388082,0.054455641500001,0.0,1,3,Ni-O-P,"Ni,P,O",mp-25269,mp-17664,"mp-25269,mp-17664",,"['Ni', 'P', 'O']",True,True,False,False,True,False,True,0.054455641500001
BAT_02529,Li2-3Ni(PO4)2,Ni(PO4)2,Li2Ni(PO4)2,Li3Ni(PO4)2,Li,4.940689533333331,99.4639956795966,317.77026756973,491.42072239769465,1570.004234986297,0.004281640396004,0.119060127051278,0.060818138749997,1,3,Ni-O-P,"Ni,P,O",mp-26692,mp-26691,"mp-26692,mp-26691",More than one working ion per transition metal,"['Ni', 'P', 'O']",True,True,False,False,True,False,True,0.119060127051278
BAT_02533,Li1-3Ni2(PO4)3,Ni2(PO4)3,LiNi2(PO4)3,Li3Ni2(PO4)3,Li,4.916421169583335,126.68384854720252,389.3217489958169,622.8311548417554,1914.0696885422433,0.054592818378513,0.161397765833341,0.082596369333328,1,3,Ni-O-P,"Ni,P,O",mp-25898,mp-504139,"mp-25898,mp-504139,mp-705397",More than one working ion per transition metal,"['Ni', 'P', 'O']",True,True,False,False,True,False,True,0.161397765833341
BAT_02534,Li0-2Ni3(P2O7)2,Ni3(P2O7)2,Ni3(P2O7)2,Li2Ni3(P2O7)2,Li,5.060933100833329,99.6617590426219,350.00625011068144,504.38149522608046,1771.3582166836966,0.002121583111222,0.060395615833332,0.0,1,3,Ni-O-P,"Ni,P,O",mp-25992,mp-25991,"mp-25992,mp-25991",,"['Ni', 'P', 'O']",True,True,False,False,True,False,True,0.060395615833332
BAT_02535,Li2-4Ni(PO4)2,Ni(PO4)2,Li2Ni(PO4)2,Li4Ni(PO4)2,Li,4.973678315833331,193.9324827897971,525.6963430219439,964.5577843873344,2614.644502001123,0.014144206281349,0.138397684935892,0.019272508999996,2,3,Ni-O-P,"Ni,P,O",mp-705031,mp-26369,"mp-705031,mp-25891,mp-26369",More than one working ion per transition metal,"['Ni', 'P', 'O']",True,True,False,False,True,False,True,0.138397684935892
BAT_02536,Li0-1NiP2O7,NiP2O7,NiP2O7,LiNiP2O7,Li,5.193559003333324,111.86967092718474,354.19902857763134,581.0017366438166,1839.5535538412744,0.0494240910996,0.144786867999989,0.058822482462152,1,3,Ni-O-P,"Ni,P,O",mp-26212,mp-26211,"mp-26212,mp-26211",,"['Ni', 'P', 'O']",True,True,False,False,True,False,True,0.144786867999989
BAT_02537,Li0-2Ni5(PO4)4,Ni5(PO4)4,Ni5(PO4)4,Li2Ni5(PO4)4,Li,4.157002860833335,77.99807248708781,301.05857424901313,324.23821046830983,1251.5013544315525,0.016112613743032,0.046997217000006,0.054933877962962,1,3,Ni-O-P,"Ni,P,O",mp-26922,mp-26921,"mp-26922,mp-26921",,"['Ni', 'P', 'O']",True,True,False,False,True,False,True,0.054933877962962
BAT_02538,Li5-14Ni9(P2O7)8,Ni9(P2O7)8,Li5Ni9(P2O7)8,Li14Ni9(P2O7)8,Li,5.066215665555551,119.59244990186951,373.0264148362565,605.8811431750187,1889.832266509466,0.017202280475246,0.102053110363375,0.023449304263151,1,3,Ni-O-P,"O,P,Ni",mp-27049,mp-540237,"mp-27049,mp-540237",More than one working ion per transition metal,"['O', 'P', 'Ni']",True,True,False,False,True,False,True,0.102053110363375
BAT_02539,Li0-1NiPO4,NiPO4,NiPO4,LiNiPO4,Li,5.069874553333325,166.87745702027735,596.2072178940645,846.0477728720798,3022.695802514774,0.022122932198708,0.186483085000008,0.051452708214274,1,3,Ni-O-P,"Ni,P,O",mp-25968,mp-25967,"mp-25968,mp-25967",,"['Ni', 'P', 'O']",True,True,False,False,True,False,True,0.186483085000008
BAT_02541,Li0-6Ni5(P2O7)4,Ni5(P2O7)4,Ni5(P2O7)4,Li6Ni5(P2O7)4,Li,5.472516511666664,155.9909055888578,508.82215344092225,853.6628065048601,2784.537636207236,0.044147686487689,0.203491798597555,0.038332059007091,2,3,Ni-O-P,"Ni,P,O",mp-705436,mp-705432,"mp-705436,mp-27060,mp-705432",More than one working ion per transition metal,"['Ni', 'P', 'O']",True,True,False,False,True,False,True,0.203491798597555
BAT_02542,Li1-2NiP2O7,NiP2O7,LiNiP2O7,Li2NiP2O7,Li,5.141733410833329,108.71985993795704,327.35854408136953,559.0085362641138,1683.190363424933,0.033194146034088,0.101861526098514,0.025499805138891,1,3,Ni-O-P,"Ni,P,O",mp-705295,mp-26365,"mp-705295,mp-26365",More than one working ion per transition metal,"['Ni', 'P', 'O']",True,True,False,False,True,False,True,0.101861526098514
BAT_02543,Li0-2NiP2O7,NiP2O7,NiP2O7,Li2NiP2O7,Li,5.027659912083327,217.4397198759141,662.5310030252973,1093.2129629147616,3330.980564422645,0.068240724427478,0.162747724999989,0.024345778472224,2,3,Ni-O-P,"Ni,P,O",mp-689834,mp-32383,"mp-689834,mp-585376,mp-32314,mp-32383",More than one working ion per transition metal,"['Ni', 'P', 'O']",True,True,False,False,True,False,True,0.162747724999989
BAT_02546,Li1-2NiP2O7,NiP2O7,LiNiP2O7,Li2NiP2O7,Li,4.725953423333327,108.71985993795704,340.4480288513798,513.804994258108,1608.9415274172616,0.01616950554934,0.076445029962151,0.036849682638891,1,3,Ni-O-P,"Ni,P,O",mp-753784,mp-753547,"mp-753784,mp-753547",More than one working ion per transition metal,"['Ni', 'P', 'O']",True,True,False,False,True,False,True,0.076445029962151
BAT_02547,Li0-1NiP2O7,NiP2O7,NiP2O7,LiNiP2O7,Li,4.824455048333324,111.86967092718474,327.50226940550635,539.7101986600442,1580.0199769740157,0.033994172263831,0.156990543749989,0.103471638143969,1,3,Ni-O-P,"Ni,P,O",mp-32363,mp-32396,"mp-32363,mp-32396,mp-705331",,"['Ni', 'P', 'O']",True,True,False,False,True,False,True,0.156990543749989
BAT_02548,Li0-1NiP2O7,NiP2O7,NiP2O7,LiNiP2O7,Li,5.481116533333325,111.86967092718474,364.04436598445744,613.1707028975507,1995.3695932642577,0.0143815633816,0.179771878749989,0.064485444053061,1,3,Ni-O-P,"Ni,P,O",mp-26232,mp-26231,"mp-26232,mp-26231",,"['Ni', 'P', 'O']",True,True,False,False,True,False,True,0.179771878749989
BAT_02549,Li0-1Ni(PO3)3,Ni(PO3)3,Ni(PO3)3,LiNi(PO3)3,Li,5.069943593333339,88.58521173357572,224.22346135218015,449.12202669271954,1136.8003013575114,0.023817935433424,0.047539342019244,0.02840753464287,1,3,Ni-O-P,"Ni,P,O",mp-504150,mp-25927,"mp-504150,mp-25927",,"['Ni', 'P', 'O']",True,True,False,False,True,False,True,0.047539342019244
BAT_02552,Li0-1NiPO4,NiPO4,NiPO4,LiNiPO4,Li,4.925171425833331,166.87745702027735,518.4020063607243,821.9000829319998,2553.2187488225077,9.827000834694569e-05,0.140307311250007,0.032545348928558,1,3,Ni-O-P,"Ni,P,O",mp-26388,mp-26387,"mp-26388,mp-26387",,"['Ni', 'P', 'O']",True,True,False,False,True,False,True,0.140307311250007
BAT_02553,Li0-3Ni2P5O16,Ni2P5O16,Ni2P5O16,Li3Ni2P5O16,Li,5.065938405000002,146.4377737073372,428.4469532628063,741.844741766699,2170.485875039291,0.027142952387068,0.085535222336956,0.014403235128236,1,3,Ni-O-P,"Ni,P,O",mp-32393,mp-26191,"mp-32393,mp-26192,mp-26191",More than one working ion per transition metal,"['Ni', 'P', 'O']",True,True,False,False,True,False,True,0.085535222336956
BAT_02554,Li0-1NiPO4,NiPO4,NiPO4,LiNiPO4,Li,5.007095733333334,166.87745702027735,519.5923889272659,835.5714030357476,2601.6488336701873,0.058039694773562,0.152580012500008,0.031361334642843,1,3,Ni-O-P,"Ni,P,O",mp-540256,mp-26403,"mp-540256,mp-26403",,"['Ni', 'P', 'O']",True,True,False,False,True,False,True,0.152580012500008
BAT_02557,Li0-2.5Ni3(P2O7)2,Ni3(P2O7)2,Ni3(P2O7)2,Li5Ni6(P2O7)4,Li,4.494455401333339,123.77851098610596,437.1111642123313,556.316997270502,1964.5766329772168,0.001163443635316,0.090068307500001,0.037844027748237,1,3,Ni-O-P,"Ni,P,O",mp-851093,mp-886210,"mp-851093,mp-886210",,"['Ni', 'P', 'O']",True,True,False,False,True,False,True,0.090068307500001
BAT_02558,Li1-2NiP2O7,NiP2O7,LiNiP2O7,Li2NiP2O7,Li,4.709062583333339,108.71985993795704,338.2531924307519,511.9686244990749,1592.8554521687056,0.032642106531906,0.081824967916698,0.043188862430557,1,3,Ni-O-P,"Ni,P,O",mp-766087,mp-758298,"mp-766087,mp-758298",More than one working ion per transition metal,"['Ni', 'P', 'O']",True,True,False,False,True,False,True,0.081824967916698
BAT_02559,Li0.5-1NiPO4,NiPO4,LiNi2(PO4)2,LiNiPO4,Li,4.924767253333333,83.43872851013867,261.07616982712915,410.9163178265013,1285.7393717903376,0.026178421110218,0.090102995192315,0.037600359285701,1,3,Ni-O-P,"Ni,P,O",mp-766097,mp-758148,"mp-766097,mp-758148",,"['Ni', 'P', 'O']",True,True,False,False,True,False,True,0.090102995192315
BAT_02560,Li0-1Ni4(PO4)3,Ni4(PO4)3,Ni4(PO4)3,LiNi4(PO4)3,Li,4.307069493333306,50.892558377201446,188.31955998871223,219.19778562412873,811.105431825334,0.012874935879939,0.051322082105257,0.048959753375002,1,3,Ni-O-P,"Ni,P,O",mp-777879,mp-861635,"mp-777879,mp-861635",,"['Ni', 'P', 'O']",True,True,False,False,True,False,True,0.051322082105257
BAT_02561,Li0-4Ni3Sb(PO4)4,Ni3Sb(PO4)4,Ni3Sb(PO4)4,Li4Ni3Sb(PO4)4,Li,3.320146145833331,151.95959981181122,576.6696403392997,504.5280796375605,1914.6274837916192,0.085846310716778,0.084893167500013,0.101459717607149,1,4,Ni-O-P-Sb,"Ni,Sb,P,O",mp-775544,mp-756181,"mp-775544,mp-756181",More than one working ion per transition metal,"['Ni', 'Sb', 'P', 'O']",True,True,False,False,True,False,True,0.101459717607149
BAT_02562,Li0-2NiSn(PO4)2,NiSn(PO4)2,NiSn(PO4)2,Li2NiSn(PO4)2,Li,2.506699007083338,140.60600180360194,532.8539914303361,352.4569251110471,1335.7045712388174,0.134775005674121,0.030662662013888,0.078768220119046,1,4,Ni-O-P-Sn,"Ni,Sn,P,O",mp-757910,mp-770823,"mp-757910,mp-770823",More than one working ion per transition metal,"['Ni', 'Sn', 'P', 'O']",True,True,False,False,True,False,True,0.078768220119046
BAT_02563,Li0-4Ni3Sn(PO4)4,Ni3Sn(PO4)4,Ni3Sn(PO4)4,Li4Ni3Sn(PO4)4,Li,3.720390370833333,152.61940991897933,576.2324530891757,567.803783064836,2143.8096698346394,0.088103139213829,0.083484090000008,0.048882062023809,1,4,Ni-O-P-Sn,"Ni,Sn,P,O",mp-774257,mp-753100,"mp-774257,mp-753100",More than one working ion per transition metal,"['Ni', 'Sn', 'P', 'O']",True,True,False,False,True,False,True,0.083484090000008
BAT_02564,Li0-4Ni5Te(PO4)6,Ni5Te(PO4)6,Ni5Te(PO4)6,Li4Ni5Te(PO4)6,Li,3.9228222908333272,105.2421924115906,391.0381520452705,412.8464183283577,1533.9731794094591,0.020618602973294,0.082421237361102,0.095776839031283,1,4,Ni-O-P-Te,"Ni,Te,P,O",mp-850365,mp-774836,"mp-850365,mp-774836",,"['Ni', 'Te', 'P', 'O']",True,True,False,False,True,False,True,0.095776839031283
BAT_02565,Li0-4TiNi5(PO4)6,TiNi5(PO4)6,TiNi5(PO4)6,Li4TiNi5(PO4)6,Li,4.277841093333326,114.17929095862456,395.5688465839032,488.4408628704665,1692.1806671590875,0.013556030189468,0.084824422847212,0.08066587990625,1,4,Ni-O-P-Ti,"Ti,Ni,P,O",mp-772277,mp-770943,"mp-772277,mp-770943",,"['Ti', 'Ni', 'P', 'O']",True,True,False,False,True,False,True,0.084824422847212
BAT_02567,Li0-2Ti4Ni(PO5)4,Ti4Ni(PO5)4,Ti4Ni(PO5)4,Li2Ti4Ni(PO5)4,Li,5.059151570833341,75.71826485952646,252.62774587448632,383.07017860484825,1278.0820573769936,0.0023370250131,0.063693760718397,0.010165957903232,1,4,Ni-O-P-Ti,"Ti,Ni,P,O",mp-766392,mp-532743,"mp-766392,mp-532743",,"['Ti', 'Ni', 'P', 'O']",True,True,False,False,True,False,True,0.063693760718397
BAT_02568,Li0-4VNi3(PO4)4,VNi3(PO4)4,VNi3(PO4)4,Li4VNi3(PO4)4,Li,3.965149778333331,168.9157052739627,613.91886243225,669.7760713240715,2434.280241287887,0.046356475505666,0.086054935729167,0.022796248437498,1,4,Ni-O-P-V,"V,Ni,P,O",mp-775192,mp-757423,"mp-775192,mp-757423",,"['V', 'Ni', 'P', 'O']",True,True,False,False,True,False,True,0.086054935729167
BAT_02569,Li0-7V3Ni(PO4)6,V3Ni(PO4)6,V3Ni(PO4)6,Li7V3Ni(PO4)6,Li,3.478982757619044,226.05481616178713,634.2507919024039,786.4408077036004,2206.547569034688,0.070296078337307,0.042102565220583,0.092351550365852,2,4,Ni-O-P-V,"V,Ni,P,O",mp-774649,mp-760800,"mp-774649,mp-769109,mp-760800",More than one working ion per transition metal,"['V', 'Ni', 'P', 'O']",True,True,False,False,True,False,True,0.092351550365852
BAT_02570,Li6-8VNi3(PO4)6,VNi3(PO4)6,Li6VNi3(PO4)6,Li8VNi3(PO4)6,Li,4.188687993333336,62.88638413964808,193.46610917958307,263.4114421898919,810.369168637436,0.013105880702704,0.081238997229164,0.070205972261911,1,4,Ni-O-P-V,"V,Ni,P,O",mp-759133,mp-760785,"mp-759133,mp-760785",More than one working ion per transition metal,"['V', 'Ni', 'P', 'O']",True,True,False,False,True,False,True,0.081238997229164
BAT_02571,Li0-4V3Ni(PO4)4,V3Ni(PO4)4,V3Ni(PO4)4,Li4V3Ni(PO4)4,Li,2.774079743333335,173.14531350489682,590.7423805138384,480.3189068470341,1638.7664713119525,0.055849745520901,0.038012532222216,0.048725323255948,1,4,Ni-O-P-V,"V,Ni,P,O",mp-1101186,mp-1177236,"mp-1101186,mp-1177236",,"['V', 'Ni', 'P', 'O']",True,True,False,False,True,False,True,0.048725323255948
BAT_02572,Li0-2VNi(PO4)2,VNi(PO4)2,VNi(PO4)2,Li2VNi(PO4)2,Li,3.119846650833336,171.0043596898074,602.1086079321705,533.5073788561447,1878.4865238951045,0.064392020960496,0.043577846111111,0.041329184732142,1,4,Ni-O-P-V,"V,Ni,P,O",mp-1101213,mp-752716,"mp-1101213,mp-1650144,mp-752716",,"['V', 'Ni', 'P', 'O']",True,True,False,False,True,False,True,0.043577846111111
BAT_02574,Li0-2Ni(SO4)2,Ni(SO4)2,Ni(SO4)2,Li2Ni(SO4)2,Li,5.483738657708334,202.5041208472054,612.3946958652821,1110.4796758350603,3358.212467491985,0.139741612759211,0.101900462196971,0.001803345865384,2,3,Ni-O-S,"Ni,S,O",mp-849993,mp-560212,"mp-849993,mp-782632,mp-560212",More than one working ion per transition metal,"['Ni', 'S', 'O']",True,True,True,False,False,False,True,0.101900462196971
BAT_02575,Li0-1Ni(SO4)2,Ni(SO4)2,Ni(SO4)2,LiNi(SO4)2,Li,5.297736993333335,103.97859534761808,285.21329245395543,550.8512510879136,1510.9850104237191,0.007119082821845,0.057145319242425,0.045802751979165,1,3,Ni-O-S,"Ni,S,O",mp-772505,mp-776292,"mp-772505,mp-776292",,"['Ni', 'S', 'O']",True,True,True,False,False,False,True,0.057145319242425
BAT_02576,Li0-2Ni2(SO4)3,Ni2(SO4)3,Ni2(SO4)3,Li2Ni2(SO4)3,Li,5.207700085833329,127.79143847236588,410.2315479604638,665.4994851013043,2136.3628675252467,0.003207556762567,0.04968637127451,0.0157517825,1,3,Ni-O-S,"Ni,S,O",mp-768526,mp-768590,"mp-768526,mp-768590",,"['Ni', 'S', 'O']",True,True,True,False,False,False,True,0.04968637127451
BAT_02577,Li0-2Ni2(SO4)3,Ni2(SO4)3,Ni2(SO4)3,Li2Ni2(SO4)3,Li,5.203199792708337,127.79143847236588,403.51078824722566,664.9243861693143,2099.5472497635424,0.004580922526866,0.074547524803922,0.038469687565789,1,3,Ni-O-S,"Ni,S,O",mp-778234,mp-764857,"mp-778234,mp-764857",,"['Ni', 'S', 'O']",True,True,True,False,False,False,True,0.074547524803922
BAT_02578,Li0-1Ni2(SO4)3,Ni2(SO4)3,Ni2(SO4)3,LiNi2(SO4)3,Li,5.026555798333338,64.9708305464421,198.53214565265844,326.5795050057513,997.9329078859292,0.026800873779805,0.022059012450982,0.031512162152776,1,3,Ni-O-S,"Ni,S,O",mp-779766,mp-778860,"mp-779766,mp-778860",,"['Ni', 'S', 'O']",True,True,True,False,False,False,True,0.031512162152776
BAT_02579,Li3-4Ni3SbO8,Ni3SbO8,Li3Ni3SbO8,Li4Ni3SbO8,Li,4.149162853333341,59.08623588427121,294.6292683655063,245.1584150743096,1222.4648158069388,0.000336448981153,0.065787666555557,0.023231194583333,1,3,Ni-O-Sb,"Ni,Sb,O",mp-772016,mp-1306001,"mp-772016,mp-1306001,mp-1302740,mp-754228",More than one working ion per transition metal,"['Ni', 'Sb', 'O']",True,True,False,False,False,False,True,0.065787666555557
BAT_02580,Li1.5-2SiNiO4,SiNiO4,Li3Si2(NiO4)2,Li2SiNiO4,Li,4.501480338333327,81.38505192675717,259.30077694339025,366.3532110825343,1167.237349125227,0.00398566902514,0.084650487955557,0.027700101562501,1,3,Ni-O-Si,"Si,Ni,O",mp-777771,mp-766496,"mp-777771,mp-766496",More than one working ion per transition metal,"['Si', 'Ni', 'O']",True,True,False,False,False,True,True,0.084650487955557
BAT_02581,Li0-1Ni(SO4)2,Ni(SO4)2,Ni(SO4)2,LiNi(SO4)2,Li,5.3185460566666665,103.97859534761808,289.05317574478727,553.0149482638129,1537.342628024415,0.026127937543112,0.059210608636364,0.045961845312498,1,3,Ni-O-S,"Ni,S,O",mp-772423,mp-774590,"mp-772423,mp-774590",,"['Ni', 'S', 'O']",True,True,True,False,False,False,True,0.059210608636364
BAT_02582,Li1.5-2SiNiO4,SiNiO4,Li3Si2(NiO4)2,Li2SiNiO4,Li,4.612755223333328,81.38505192675717,262.486023116567,375.4093233764033,1210.7837741829371,0.003884557388495,0.08485779528889,0.020939771875001,1,3,Ni-O-Si,"Si,Ni,O",mp-756019,mp-766710,"mp-756019,mp-766710",More than one working ion per transition metal,"['Si', 'Ni', 'O']",True,True,False,False,False,True,True,0.08485779528889
BAT_02583,Li1.5-2SiNiO4,SiNiO4,Li3Si2(NiO4)2,Li2SiNiO4,Li,4.628999493333343,81.38505192675717,262.2289026013495,376.7313641338668,1213.8574572790055,0.018630546998727,0.088419424288891,0.023263532187501,1,3,Ni-O-Si,"Si,Ni,O",mp-780288,mp-1177860,"mp-780288,mp-1177860",More than one working ion per transition metal,"['Si', 'Ni', 'O']",True,True,False,False,False,True,True,0.088419424288891
BAT_02584,Li1-2NiSnO4,NiSnO4,LiNiSnO4,Li2NiSnO4,Li,3.852479748333334,104.9873322758033,550.7627093565962,404.46157142407486,2121.8021839334856,0.005699834429628,0.068773148869049,0.012322317812501,1,3,Ni-O-Sn,"Ni,Sn,O",mp-758463,mp-755249,"mp-758463,mp-755249",More than one working ion per transition metal,"['Ni', 'Sn', 'O']",True,True,False,False,False,False,True,0.068773148869049
BAT_02585,Li1-2NiSnO4,NiSnO4,LiNiSnO4,Li2NiSnO4,Li,3.418978985833331,104.9873322758033,548.3032348048123,358.94948282967295,1874.637237662092,0.018625584263851,0.006895322440477,0.012366815000001,1,3,Ni-O-Sn,"Ni,Sn,O",mp-756797,mp-758684,"mp-756797,mp-753935,mp-758684",More than one working ion per transition metal,"['Ni', 'Sn', 'O']",True,True,False,False,False,False,True,0.012366815000001
BAT_02586,Li2-4Ni3TeO8,Ni3TeO8,Li2Ni3TeO8,Li4Ni3TeO8,Li,3.680825623333331,116.67036455891196,581.0055838730192,429.4432673520841,2138.580240419552,0.030350762414901,0.080161317142856,0.043624319062499,2,3,Ni-O-Te,"Ni,Te,O",mp-757998,mp-756871,"mp-757998,mp-1177536,mp-756871",More than one working ion per transition metal,"['Ni', 'Te', 'O']",True,True,False,False,False,False,True,0.080161317142856
BAT_02587,Li3-4TiNi3O8,TiNi3O8,Li3TiNi3O8,Li4TiNi3O8,Li,3.652731923333338,70.58474954692333,308.80041046161443,257.82716797053524,1127.965117231577,0.013095583166101,0.034954444583335,0.021297701041667,1,3,Ni-O-Ti,"Ti,Ni,O",mp-1303223,mp-1306771,"mp-1303223,mp-1305541,mp-1306771,mp-1303744",,"['Ti', 'Ni', 'O']",True,True,False,False,False,False,True,0.034954444583335
BAT_02588,Li0-4Ti3Ni3(TeO8)2,Ti3Ni3(TeO8)2,Ti3Ni3(TeO8)2,Li4Ti3Ni3(TeO8)2,Li,3.8811237945833352,124.85613755294511,573.066608362739,484.5821263565053,2224.142449597796,0.096218166017586,0.109022267395832,0.029266044709823,1,4,Ni-O-Te-Ti,"Ti,Ni,Te,O",mp-771243,mp-763178,"mp-771243,mp-763178",,"['Ti', 'Ni', 'Te', 'O']",True,True,False,False,False,False,True,0.109022267395832
BAT_02589,Li1-2TiNiO4,TiNiO4,LiTiNiO4,Li2TiNiO4,Li,3.65246461833333,145.31273663719307,605.7649024964363,530.7496291605371,2212.5348733963733,0.00915919359739,0.045677943803706,0.035012286874997,1,3,Ni-O-Ti,"Ti,Ni,O",mp-1290806,mp-764019,"mp-1290806,mp-773607,mp-1290956,mp-753424,mp-752816,mp-764019",,"['Ti', 'Ni', 'O']",True,True,False,False,False,False,True,0.045677943803706
BAT_02590,Li3-4TiNi3O8,TiNi3O8,Li3TiNi3O8,Li4TiNi3O8,Li,3.674954188333335,70.58474954692333,308.76481337289334,259.3957209799254,1134.696544114675,0.01123162669925,0.036163635916668,0.021042426354167,1,3,Ni-O-Ti,"Ti,Ni,O",mp-1306670,mp-1277563,"mp-1306670,mp-758244,mp-1277563,mp-756601",,"['Ti', 'Ni', 'O']",True,True,False,False,False,False,True,0.036163635916668
BAT_02592,Li6-8TiNi7O16,TiNi7O16,Li6TiNi7O16,Li8TiNi7O16,Li,3.810261408333336,69.59261783966303,319.8561066509771,265.1660660593582,1218.73537939197,0.005781017259171,0.042649948805556,0.0186666434375,1,3,Ni-O-Ti,"Ti,Ni,O",mp-758326,mp-760950,"mp-758326,mp-760950",,"['Ti', 'Ni', 'O']",True,True,False,False,False,False,True,0.042649948805556
BAT_02593,Li0-1V2NiO6,V2NiO6,V2NiO6,LiV2NiO6,Li,2.319858578333328,101.7080742843976,357.9545541492315,235.9483486144232,830.4039430965768,0.00542383695366,0.0,0.098252356500005,1,3,Ni-O-V,"V,Ni,O",mp-756506,mp-755467,"mp-756506,mp-1235775,mp-1235087,mp-755467",,"['V', 'Ni', 'O']",True,True,False,False,False,False,True,0.098252356500005
BAT_02595,Li1.5-2VNiO4,VNiO4,Li3V2(NiO4)2,Li2VNiO4,Li,3.298424103333308,71.46508975402939,304.3353775272402,235.72217459156877,1003.827144732891,0.000865029924903,0.087502775000001,0.041216689921874,1,3,Ni-O-V,"V,Ni,O",mp-1177514,mp-753337,"mp-1177514,mp-753337,mp-1305888",,"['V', 'Ni', 'O']",True,True,False,False,False,False,True,0.087502775000001
BAT_02596,Li0-2V3NiO8,V3NiO8,V3NiO8,Li2V3NiO8,Li,2.856987448333332,151.67998167130156,589.8036889492136,433.3478037983385,1685.0617363086,0.065909762945605,0.051716695000001,0.06955267511905,1,3,Ni-O-V,"V,Ni,O",mp-755704,mp-754650,"mp-755704,mp-754650",,"['V', 'Ni', 'O']",True,True,False,False,False,False,True,0.06955267511905
BAT_02597,Li0-2Ni(WO4)2,Ni(WO4)2,Ni(WO4)2,Li2Ni(WO4)2,Li,4.936968248333334,94.32979444408468,630.2875628533611,465.7032000422562,3111.709685126444,0.030357365866969,0.199262208295463,0.001622865769226,2,3,Ni-O-W,"Ni,W,O",mp-25292,mp-558765,"mp-25292,mp-25291,mp-558765",,"['Ni', 'W', 'O']",True,True,False,False,False,False,True,0.199262208295463
BAT_02599,Li0-2Ni(PS3)2,Ni(PS3)2,Ni(PS3)2,Li2Ni(PS3)2,Li,2.502047823333332,163.96709446313534,407.9175680475829,410.25351179977866,1020.6292632328812,0.106223000653416,0.093307389537037,0.02745398520606,2,3,Ni-P-S,"Ni,P,S",mp-769218,mp-775433,"mp-769218,mp-557500,mp-775433",More than one working ion per transition metal,"['Ni', 'P', 'S']",True,False,True,False,True,False,True,0.093307389537037
BAT_02601,Li0-1RbV(PO4)2,RbV(PO4)2,RbV(PO4)2,RbLiV(PO4)2,Li,3.002796268333331,80.41416776057062,244.99297193007072,241.46736287257195,735.663981879509,0.007107763688927,0.0,0.056342644967955,1,4,O-P-Rb-V,"Rb,V,P,O",mp-559279,mp-761134,"mp-559279,mp-761134",,"['Rb', 'V', 'P', 'O']",True,True,False,False,True,False,True,0.056342644967955
BAT_02659,Li0-2VSn(PO4)2,VSn(PO4)2,VSn(PO4)2,Li2VSn(PO4)2,Li,2.615450627083338,143.5244303282015,510.3092930538496,375.3810613036735,1334.688760524146,0.133467241350698,0.080852397812494,0.071903410684522,1,4,O-P-Sn-V,"V,Sn,P,O",mp-753543,mp-756985,"mp-753543,mp-756985",More than one working ion per transition metal,"['V', 'Sn', 'P', 'O']",True,True,False,False,True,False,True,0.080852397812494
BAT_02660,Li0-1SrVPO6,SrVPO6,SrVPO6,SrLiVPO6,Li,2.557258880833335,98.3639274070141,362.07543734839857,251.5420269152323,925.920627690806,0.030722144976788,0.0,0.073873494083358,1,4,O-P-Sr-V,"Sr,V,P,O",mp-17502,mp-759976,"mp-17502,mp-759976",,"['Sr', 'V', 'P', 'O']",True,True,False,False,True,False,True,0.073873494083358
BAT_02661,Li0-2V2Sn(PO4)3,V2Sn(PO4)3,V2Sn(PO4)3,Li2V2Sn(PO4)3,Li,2.522546725833327,103.20386726556626,339.2479631835954,260.3365774640915,855.7688387744038,0.084869654150611,0.057196065763886,0.063571024395838,1,4,O-P-Sn-V,"V,Sn,P,O",mp-850780,mp-768559,"mp-850780,mp-768559",,"['V', 'Sn', 'P', 'O']",True,True,False,False,True,False,True,0.063571024395838
BAT_02662,Li1-2Ti(PO3)5,Ti(PO3)5,LiTi(PO3)5,Li2Ti(PO3)5,Li,3.800237403333317,58.69681127125842,137.68374736039354,223.06181764943287,523.2309265500623,0.025388984037355,0.078779450530302,0.05241331461594,1,3,O-P-Ti,"Ti,P,O",mp-684059,mp-684066,"mp-684059,mp-684066",More than one working ion per transition metal,"['Ti', 'P', 'O']",True,True,False,False,True,False,True,0.078779450530302
BAT_02663,Li0-1Ti(PO3)4,Ti(PO3)4,Ti(PO3)4,LiTi(PO3)4,Li,2.928506388333351,72.30046219822752,202.4836035385352,211.73236542696324,592.9745264953578,0.015480941104607,0.024403313970589,0.042163648722223,1,3,O-P-Ti,"Ti,P,O",mp-752705,mp-1176592,"mp-752705,mp-1176592",,"['Ti', 'P', 'O']",True,True,False,False,True,False,True,0.042163648722223
BAT_02664,Li0-1Ti2P2O9,Ti2P2O9,Ti2P2O9,LiTi2P2O9,Li,2.6458167883333252,86.84379142021909,258.4308305156363,229.77276130213323,683.7606300011945,0.011850432922547,0.063909959102563,0.049104004988084,1,3,O-P-Ti,"Ti,P,O",mp-1044823,mp-1013762,"mp-1044823,mp-1013762",,"['Ti', 'P', 'O']",True,True,False,False,True,False,True,0.063909959102563
BAT_02665,Li0-1Ti(PO3)4,Ti(PO3)4,Ti(PO3)4,LiTi(PO3)4,Li,3.235353588333343,72.30046219822752,198.2349150094063,233.91755981119468,641.3600436086381,0.011663276301082,0.038629186029412,0.03855212788889,1,3,O-P-Ti,"Ti,P,O",mp-540258,mp-26409,"mp-540258,mp-26409",,"['Ti', 'P', 'O']",True,True,False,False,True,False,True,0.038629186029412
BAT_02666,Li0-1Ti3P3O13,Ti3P3O13,Ti3P3O13,LiTi3P3O13,Li,2.032772578333355,59.366830122790645,175.4902769213352,120.67926433618342,356.731822689817,1.816036067303628e-05,0.031923137114041,0.059645128733336,1,3,O-P-Ti,"Ti,P,O",mp-1041196,mp-1012865,"mp-1041196,mp-1012865",,"['Ti', 'P', 'O']",True,True,False,False,True,False,True,0.059645128733336
BAT_02668,Li0-1Ti(PO3)4,Ti(PO3)4,Ti(PO3)4,LiTi(PO3)4,Li,2.944444275833324,72.30046219822752,173.51454856268046,212.88468205967467,510.90391928918785,0.018464897940198,0.001910455441175,0.020034955250001,1,3,O-P-Ti,"Ti,P,O",mp-26114,mp-26113,"mp-26114,mp-26113",,"['Ti', 'P', 'O']",True,True,False,False,True,False,True,0.020034955250001
BAT_02669,Li0-1Ti(PO3)4,Ti(PO3)4,Ti(PO3)4,LiTi(PO3)4,Li,2.703610688333331,72.30046219822752,193.0410202642549,195.47230237056792,521.9077656732109,0.034561207703193,0.038918963088234,0.068367078444445,1,3,O-P-Ti,"Ti,P,O",mp-766396,mp-765102,"mp-766396,mp-765102",,"['Ti', 'P', 'O']",True,True,False,False,True,False,True,0.068367078444445
BAT_02673,Li0-3Ti2(PO4)3,Ti2(PO4)3,Ti2(PO4)3,Li3Ti2(PO4)3,Li,2.642043108333339,200.27455585205377,555.9565618544746,529.1340100634391,1468.8612027803124,0.061486476899191,0.013037193112749,0.063703383483328,2,3,O-P-Ti,"Ti,P,O",mp-774537,mp-776625,"mp-774537,mp-18640,mp-776502,mp-772524,mp-26884,mp-762322,mp-776625,mp-757671,mp-758393,mp-759187,mp-781803,mp-26883",More than one working ion per transition metal,"['Ti', 'P', 'O']",True,True,False,False,True,False,True,0.063703383483328
BAT_02677,Li1-6Ti3V(PO4)6,Ti3V(PO4)6,LiTi3V(PO4)6,Li6Ti3V(PO4)6,Li,2.343681571333336,166.25885094200564,470.4958745873876,389.6578050238347,1102.692510658821,0.020459302367607,0.014259826571404,0.073767730117184,1,4,O-P-Ti-V,"Ti,V,P,O",mp-757374,mp-758994,"mp-757374,mp-758994",More than one working ion per transition metal,"['Ti', 'V', 'P', 'O']",True,True,False,False,True,False,True,0.073767730117184
BAT_02679,Li0-2V(PO3)5,V(PO3)5,V(PO3)5,Li2V(PO3)5,Li,5.370006610833333,116.60845874680066,276.3403639837732,626.1881943494056,1483.9495814329516,0.021180460562506,0.088763531904763,0.037536389963767,1,3,O-P-V,"V,P,O",mp-883522,mp-705334,"mp-883522,mp-705334",More than one working ion per transition metal,"['V', 'P', 'O']",True,True,False,False,True,False,True,0.088763531904763
BAT_02680,Li0-1VPO5,VPO5,VPO5,LiVPO5,Li,4.012412478333329,158.72646360461718,509.8883936402671,636.8760432088869,2045.882553199544,0.038215073375587,0.056569030714285,0.026959480625027,1,3,O-P-V,"V,P,O",mp-26430,mp-26429,"mp-26430,mp-26429",,"['V', 'P', 'O']",True,True,False,False,True,False,True,0.056569030714285
BAT_02681,Li0-4.5V2(PO4)3,V2(PO4)3,V2(PO4)3,Li9V4(PO4)6,Li,2.973455428888887,288.5108905482025,809.3923758932136,857.8742737941202,2406.692154200951,0.117195485055408,0.014576926617646,0.046659088488373,6,3,O-P-V,"V,P,O",mp-26104,mp-760985,"mp-26104,mp-26962,mp-1101601,mp-26103,mp-1101492,mp-1101493,mp-697749,mp-849376,mp-26712,mp-766372,mp-766125,mp-758511,mp-1177831,mp-705293,mp-26711,mp-831152,mp-775921,mp-774346,mp-760371,mp-1176893,mp-777185,mp-761150,mp-770403,mp-760985",More than one working ion per transition metal,"['V', 'P', 'O']",True,True,False,False,True,False,True,0.046659088488373
BAT_02682,Li0-1VPO5,VPO5,VPO5,LiVPO5,Li,3.832105108333334,158.72646360461718,507.34456688317783,608.2564920069386,1944.197706438189,0.005146724943774,0.0,0.0,1,3,O-P-V,"V,P,O",mp-25265,mp-26963,"mp-25265,mp-26963",,"['V', 'P', 'O']",True,True,False,False,True,False,True,0.0
BAT_02683,Li0-2V3(P2O7)2,V3(P2O7)2,V3(P2O7)2,Li2V3(P2O7)2,Li,2.655799505833333,104.16571324173128,334.3477383045789,276.64324975216664,887.9605581657934,0.019953416234159,0.032227547417576,0.021240333152176,1,3,O-P-V,"V,P,O",mp-26242,mp-26241,"mp-26242,mp-26241",,"['V', 'P', 'O']",True,True,False,False,True,False,True,0.032227547417576
BAT_02684,Li0-4V2(PO4)3,V2(PO4)3,V2(PO4)3,Li4V2(PO4)3,Li,3.163282101458333,258.60103179451716,728.3421648312648,818.0280152942536,2303.951733748155,0.125278657756902,0.016242477352941,0.030578416904768,5,3,O-P-V,"V,P,O",mp-26124,mp-760234,"mp-26124,mp-850007,mp-26123,mp-776244,mp-849421,mp-758869,mp-766682,mp-729675,mp-849317,mp-26957,mp-1199961,mp-759481,mp-849426,mp-771281,mp-849384,mp-6396,mp-643154,mp-759065,mp-757321,mp-1202865,mp-760234",More than one working ion per transition metal,"['V', 'P', 'O']",True,True,False,False,True,False,True,0.030578416904768
BAT_02685,Li0-1V(PO3)4,V(PO3)4,V(PO3)4,LiV(PO3)4,Li,4.784154748333326,71.70574468728024,173.41893709490756,343.05137892842896,829.6630313535204,0.020898337183887,0.02268152,0.020052745833333,1,3,O-P-V,"V,P,O",mp-26322,mp-32523,"mp-26322,mp-32523",,"['V', 'P', 'O']",True,True,False,False,True,False,True,0.02268152
BAT_02686,Li0-1VP2O7,VP2O7,VP2O7,LiVP2O7,Li,4.387062008333335,115.61042114688608,367.2204340557465,507.19008638092066,1611.0188149296423,0.025674619467231,0.105618612,0.027524946590922,1,3,O-P-V,"V,P,O",mp-25850,mp-25849,"mp-25850,mp-25849",,"['V', 'P', 'O']",True,True,False,False,True,False,True,0.105618612
BAT_02687,Li3-9V3P8O29,V3P8O29,Li3V3P8O29,Li9V3P8O29,Li,4.142220825833329,173.45998329571643,457.1765310072272,718.5095552562179,1893.7261478203732,0.038529336063413,0.039024006976749,0.000163768248295,4,3,O-P-V,"V,P,O",mp-1177582,mp-27013,"mp-1177582,mp-760123,mp-765008,mp-863375,mp-849573,mp-759003,mp-759733,mp-863371,mp-760964,mp-761040,mp-760101,mp-757491,mp-757622,mp-780579,mp-765488,mp-863396,mp-764991,mp-1177499,mp-780765,mp-761023,mp-759935,mp-849499,mp-765010,mp-863397,mp-761008,mp-761007,mp-758165,mp-761011,mp-705314,mp-863385,mp-759404,mp-760969,mp-831255,mp-761029,mp-759418,mp-1177634,mp-760981,mp-861112,mp-863388,mp-765337,mp-757550,mp-760973,mp-757522,mp-1177598,mp-863394,mp-863360,mp-760955,mp-1177526,mp-759039,mp-1177489,mp-760301,mp-863361,mp-765009,mp-765352,mp-863393,mp-764068,mp-759453,mp-760079,mp-849998,mp-760974,mp-863398,mp-1177676,mp-761002,mp-831250,mp-765407,mp-764993,mp-765483,mp-757329,mp-757633,mp-1177532,mp-765415,mp-759567,mp-758776,mp-760081,mp-863379,mp-765405,mp-760968,mp-1177540,mp-761000,mp-757904,mp-759644,mp-863366,mp-758030,mp-757589,mp-761001,mp-764994,mp-1177508,mp-831254,mp-1177550,mp-760770,mp-765426,mp-1177189,mp-1177211,mp-1177400,mp-764988,mp-1177226,mp-851253,mp-1177208,mp-759078,mp-764989,mp-780652,mp-765395,mp-765396,mp-849411,mp-851256,mp-765428,mp-851334,mp-765015,mp-851247,mp-764990,mp-758406,mp-1177383,mp-1177183,mp-1177201,mp-765430,mp-1177184,mp-765762,mp-1177229,mp-1177292,mp-851255,mp-758149,mp-760278,mp-1177214,mp-760113,mp-765371,mp-1177352,mp-1177215,mp-765018,mp-759620,mp-851114,mp-765427,mp-1177210,mp-1177335,mp-851254,mp-775383,mp-1177191,mp-759494,mp-759906,mp-1177309,mp-1177197,mp-1177222,mp-1177393,mp-765417,mp-765408,mp-775173,mp-765412,mp-1177194,mp-1177198,mp-760322,mp-1177192,mp-1177202,mp-760111,mp-1177216,mp-760176,mp-759745,mp-1177212,mp-760224,mp-1177320,mp-1177387,mp-863380,mp-1177204,mp-765479,mp-849997,mp-765043,mp-851113,mp-773489,mp-765017,mp-1177190,mp-1177218,mp-850022,mp-1177200,mp-765025,mp-1177203,mp-1177205,mp-779534,mp-1176978,mp-850768,mp-779467,mp-773232,mp-1177186,mp-765045,mp-1177059,mp-1177126,mp-773422,mp-773580,mp-1177077,mp-765130,mp-850001,mp-759626,mp-1177053,mp-765231,mp-1177067,mp-1177169,mp-1177180,mp-759789,mp-1177091,mp-760183,mp-773042,mp-1177130,mp-759335,mp-760779,mp-765219,mp-1177051,mp-1177062,mp-759762,mp-765083,mp-1177064,mp-1177217,mp-1177181,mp-765148,mp-765086,mp-1177092,mp-765080,mp-1177046,mp-773083,mp-1177056,mp-759175,mp-759905,mp-773108,mp-758864,mp-1177165,mp-765196,mp-765197,mp-759994,mp-849999,mp-773559,mp-759995,mp-773095,mp-765155,mp-1177170,mp-760071,mp-773571,mp-851088,mp-765199,mp-1177093,mp-1177088,mp-759944,mp-1177250,mp-772729,mp-773479,mp-758589,mp-1177086,mp-760076,mp-765088,mp-1177248,mp-765137,mp-765158,mp-765084,mp-759548,mp-1177080,mp-759834,mp-1177058,mp-1177065,mp-1177238,mp-775382,mp-773480,mp-759298,mp-1177055,mp-1177073,mp-760182,mp-1177041,mp-772139,mp-1176998,mp-772078,mp-760124,mp-1176908,mp-1177035,mp-1177071,mp-772092,mp-1176938,mp-757217,mp-757517,mp-759755,mp-757213,mp-774273,mp-772963,mp-1176915,mp-772361,mp-772709,mp-772104,mp-771835,mp-1176906,mp-1176925,mp-773684,mp-772112,mp-1176932,mp-1176930,mp-1176904,mp-757632,mp-757631,mp-1176944,mp-1176896,mp-1176916,mp-1176900,mp-772081,mp-760201,mp-757882,mp-772196,mp-1176947,mp-760114,mp-1176921,mp-757536,mp-1176905,mp-771874,mp-1176948,mp-772227,mp-772646,mp-1176922,mp-1176913,mp-772719,mp-1176935,mp-1177100,mp-772026,mp-1177111,mp-1177068,mp-1176927,mp-504367,mp-760070,mp-1176929,mp-1176912,mp-760160,mp-772239,mp-1176928,mp-772642,mp-1176942,mp-1176917,mp-1176920,mp-772675,mp-757400,mp-772961,mp-1177009,mp-1176903,mp-772557,mp-1176914,mp-757184,mp-760259,mp-772075,mp-1176909,mp-1176926,mp-1177106,mp-1176919,mp-757591,mp-773693,mp-1176918,mp-1176943,mp-772985,mp-772407,mp-1176902,mp-757509,mp-1176923,mp-757432,mp-757537,mp-757708,mp-1176845,mp-760223,mp-1176972,mp-760789,mp-1176850,mp-757637,mp-757689,mp-1176878,mp-1176881,mp-757654,mp-1176897,mp-1176861,mp-1176869,mp-757380,mp-1176870,mp-1176849,mp-761127,mp-850667,mp-757373,mp-1176872,mp-757679,mp-1176852,mp-1176941,mp-1176863,mp-1176873,mp-1177038,mp-1176857,mp-850710,mp-757710,mp-1176866,mp-1176871,mp-1176864,mp-1176865,mp-757263,mp-757556,mp-1178192,mp-849522,mp-757784,mp-757498,mp-882371,mp-757283,mp-1176826,mp-757891,mp-27013",More than one working ion per transition metal,"['V', 'P', 'O']",True,True,False,False,True,False,True,0.039024006976749
BAT_02688,Li0-1VP2O7,VP2O7,VP2O7,LiVP2O7,Li,3.883292353333336,115.61042114688608,367.12514862748367,448.9490644053493,1425.6542823814718,0.045692611887022,0.032697511,0.007030277954559,1,3,O-P-V,"V,P,O",mp-26252,mp-26251,"mp-26252,mp-26251",,"['V', 'P', 'O']",True,True,False,False,True,False,True,0.032697511
BAT_02689,Li0-2V(PO3)4,V(PO3)4,V(PO3)4,Li2V(PO3)4,Li,4.091716760833326,140.79685980552327,394.6647305440968,576.1008711389596,1614.856292877049,0.051486698992967,0.077374878529412,0.025719927543859,2,3,O-P-V,"V,P,O",mp-26802,mp-697754,"mp-26802,mp-1101503,mp-697754",More than one working ion per transition metal,"['V', 'P', 'O']",True,True,False,False,True,False,True,0.077374878529412
BAT_02690,Li0-1VP2O7,VP2O7,VP2O7,LiVP2O7,Li,3.487044063333333,115.61042114688608,339.8551240479744,403.13863271971553,1185.0897927049027,0.007456703458337,0.004769900000001,0.017664112500014,1,3,O-P-V,"V,P,O",mp-26524,mp-705340,"mp-26524,mp-705340",,"['V', 'P', 'O']",True,True,False,False,True,False,True,0.017664112500014
BAT_02692,Li0-2VPO5,VPO5,VPO5,Li2VPO5,Li,3.106591852083338,304.91872533773477,976.0249030892222,947.258027681844,3032.111011367407,0.104498227348343,0.009875720357143,0.076318011898151,2,3,O-P-V,"V,P,O",mp-763482,mp-780725,"mp-763482,mp-559299,mp-19000,mp-26465,mp-27055,mp-780725",More than one working ion per transition metal,"['V', 'P', 'O']",True,True,False,False,True,False,True,0.076318011898151
BAT_02693,Li0-3V2P5O16,V2P5O16,V2P5O16,Li3V2P5O16,Li,2.701183733333336,150.69281491589695,411.6617331374914,407.048980381032,1111.9739771868008,0.029281678833604,0.004774376231857,0.035266063094183,2,3,O-P-V,"V,P,O",mp-27022,mp-25811,"mp-27022,mp-25812,mp-25811",More than one working ion per transition metal,"['V', 'P', 'O']",True,True,False,False,True,False,True,0.035266063094183
BAT_02694,Li0-1V2P3O10,V2P3O10,V2P3O10,LiV2P3O10,Li,2.647418473333336,74.09060111144215,243.11079670784284,196.1488260828034,643.6160142711284,0.006387509207721,0.02584313071795,0.028912816249992,1,3,O-P-V,"V,P,O",mp-26636,mp-26635,"mp-26636,mp-26635",,"['V', 'P', 'O']",True,True,False,False,True,False,True,0.028912816249992
BAT_02695,Li0-1VP2O7,VP2O7,VP2O7,LiVP2O7,Li,4.476897383333328,115.61042114688608,346.00187754875907,517.5759919185583,1549.014900226458,0.021390580357243,0.096468868499999,0.011040145681832,1,3,O-P-V,"V,P,O",mp-540363,mp-26681,"mp-540363,mp-26681",,"['V', 'P', 'O']",True,True,False,False,True,False,True,0.096468868499999
BAT_02696,Li1-3V2(PO4)3,V2(PO4)3,LiV2(PO4)3,Li3V2(PO4)3,Li,3.707869343333333,131.50225941203442,412.2494561346549,487.59319625294967,1528.5671202075264,0.00742825857927,0.08342906500003,0.042418174999999,2,3,O-P-V,"V,P,O",mp-26904,mp-26903,"mp-26904,mp-766085,mp-26903",More than one working ion per transition metal,"['V', 'P', 'O']",True,True,False,False,True,False,True,0.08342906500003
BAT_02697,Li0-1VPO5,VPO5,VPO5,LiVPO5,Li,4.032565223333333,158.72646360461718,503.0148533598126,640.0748171546633,2028.4402044788965,0.006517343096773,0.060073951071428,0.027507192812527,1,3,O-P-V,"V,P,O",mp-26462,mp-26461,"mp-26462,mp-26461",,"['V', 'P', 'O']",True,True,False,False,True,False,True,0.060073951071428
BAT_02698,Li1-2VP4O13,VP4O13,LiVP4O13,Li2VP4O13,Li,4.420369633333341,67.55925137012898,165.65487324820594,298.6368632072521,732.2557713200532,0.046323766336372,0.018805585745609,0.045836709166662,1,3,O-P-V,"V,P,O",mp-25948,mp-704203,"mp-25948,mp-704203",More than one working ion per transition metal,"['V', 'P', 'O']",True,True,False,False,True,False,True,0.045836709166662
BAT_02699,Li0-1V(PO3)4,V(PO3)4,V(PO3)4,LiV(PO3)4,Li,4.467424198333338,71.70574468728024,168.01197285586565,320.33997897546794,750.5807531460181,0.029622610606567,0.018019397352942,0.033245771666665,1,3,O-P-V,"V,P,O",mp-26834,mp-32502,"mp-26834,mp-32502",,"['V', 'P', 'O']",True,True,False,False,True,False,True,0.033245771666665
BAT_02700,Li0-3V3(PO4)4,V3(PO4)4,V3(PO4)4,Li3V3(PO4)4,Li,4.332005802222222,145.256833810174,427.3134973811511,629.2534468781026,1851.1245500230168,0.027994282113986,0.111150102246377,0.013054908076924,1,3,O-P-V,"V,P,O",mp-694629,mp-26101,"mp-694629,mp-26101",,"['V', 'P', 'O']",True,True,False,False,True,False,True,0.111150102246377
BAT_02701,Li0-1VPO5,VPO5,VPO5,LiVPO5,Li,3.161477798333334,158.72646360461718,459.248259273027,501.8101906939612,1451.9031756149056,0.067311465918191,0.007286513214285,0.090204112812527,1,3,O-P-V,"V,P,O",mp-1100906,mp-753248,"mp-1100906,mp-1104567,mp-753248",,"['V', 'P', 'O']",True,True,False,False,True,False,True,0.090204112812527
BAT_02702,Li3-5V2P5O18,V2P5O18,Li3V2P5O18,Li5V2P5O18,Li,4.26271734833333,92.50725928845,275.04973511951846,394.3322990156453,1172.4592775484584,0.025724195615864,0.075814928511876,0.02035948477777,1,3,O-P-V,"V,P,O",mp-697772,mp-26595,"mp-697772,mp-26595",More than one working ion per transition metal,"['V', 'P', 'O']",True,True,False,False,True,False,True,0.075814928511876
BAT_02703,Li0-2V(PO3)5,V(PO3)5,V(PO3)5,Li2V(PO3)5,Li,5.093885785833341,116.60845874680066,295.0057007859999,593.9901705182614,1502.725345973609,0.02808928361532,0.056622180714287,0.032200445398549,1,3,O-P-V,"V,P,O",mp-26152,mp-540330,"mp-26152,mp-540330",More than one working ion per transition metal,"['V', 'P', 'O']",True,True,False,False,True,False,True,0.056622180714287
BAT_02704,Li1-2V(PO4)2,V(PO4)2,LiV(PO4)2,Li2V(PO4)2,Li,3.778100145833325,105.20029195614208,300.44431939234465,397.4572383812088,1135.1087269110114,0.06870596975446,0.032823056388893,0.040963035256425,1,3,O-P-V,"V,P,O",mp-32465,mp-32525,"mp-32465,mp-32525",More than one working ion per transition metal,"['V', 'P', 'O']",True,True,False,False,True,False,True,0.040963035256425
BAT_02706,Li1-3V(PO4)2,V(PO4)2,LiV(PO4)2,Li3V(PO4)2,Li,3.8496719158333312,204.82033881773089,614.2022427773612,788.4911061380859,2364.477124661853,0.006692245260888,0.068358367638892,0.028430997678575,2,3,O-P-V,"V,P,O",mp-26896,mp-757334,"mp-26896,mp-583836,mp-757334",More than one working ion per transition metal,"['V', 'P', 'O']",True,True,False,False,True,False,True,0.068358367638892
BAT_02707,Li1-3V(PO4)2,V(PO4)2,LiV(PO4)2,Li3V(PO4)2,Li,3.697573206666672,204.82033881773089,599.9572304364788,757.3381969928313,2218.385780407866,0.044963631426429,0.061464405972226,0.044250274702384,2,3,O-P-V,"V,P,O",mp-32471,mp-757278,"mp-32471,mp-689929,mp-26415,mp-26673,mp-762897,mp-757278",More than one working ion per transition metal,"['V', 'P', 'O']",True,True,False,False,True,False,True,0.061464405972226
BAT_02708,Li0-1V(PO3)4,V(PO3)4,V(PO3)4,LiV(PO3)4,Li,4.284778378333304,71.70574468728024,170.70733268430925,307.2432244383466,731.4430881086785,0.042536572425982,0.012485954411764,0.038166732222222,1,3,O-P-V,"V,P,O",mp-32509,mp-26719,"mp-32509,mp-26719",,"['V', 'P', 'O']",True,True,False,False,True,False,True,0.038166732222222
BAT_02710,Li1-3V(PO4)2,V(PO4)2,LiV(PO4)2,Li3V(PO4)2,Li,3.9467562133333343,204.82033881773089,634.4999313958621,808.375944845918,2504.216546596193,0.015520247938767,0.082254780138893,0.026473023035717,2,3,O-P-V,"V,P,O",mp-767644,mp-26399,"mp-767644,mp-26400,mp-26399",More than one working ion per transition metal,"['V', 'P', 'O']",True,True,False,False,True,False,True,0.082254780138893
BAT_02711,Li0-2VP2O7,VP2O7,VP2O7,Li2VP2O7,Li,2.780152095833334,224.49920551243665,654.687651148052,624.141936718319,1820.1312454554595,0.02611482311411,0.0,0.036475685842006,2,3,O-P-V,"V,P,O",mp-26728,mp-26731,"mp-26728,mp-26727,mp-26731",More than one working ion per transition metal,"['V', 'P', 'O']",True,True,False,False,True,False,True,0.036475685842006
BAT_02712,Li0-1V(PO3)3,V(PO3)3,V(PO3)3,LiV(PO3)3,Li,2.672491773333324,90.91461289534976,273.7405833226301,242.968555038606,731.5694569571943,0.014305652780995,0.015126286217961,0.015639488333325,1,3,O-P-V,"V,P,O",mp-26226,mp-26225,"mp-26226,mp-26225",,"['V', 'P', 'O']",True,True,False,False,True,False,True,0.015639488333325
BAT_02713,Li0-1V2P2O9,V2P2O9,V2P2O9,LiV2P2O9,Li,4.13852687583334,85.14728587935305,259.46130523692693,352.38433101596723,1073.7875849618197,0.011664759669951,0.035604401346162,0.010699509821442,1,3,O-P-V,"V,P,O",mp-1350503,mp-1013850,"mp-1350503,mp-1013850",,"['V', 'P', 'O']",True,True,False,False,True,False,True,0.035604401346162
BAT_02714,Li0-3V3(PO4)4,V3(PO4)4,V3(PO4)4,Li3V3(PO4)4,Li,4.404106558333329,145.256833810174,421.8662720225449,639.7265744261217,1857.9440153541225,0.037080664850646,0.118675984782607,0.011393101538462,1,3,O-P-V,"V,P,O",mp-32529,mp-32528,"mp-32529,mp-32528",,"['V', 'P', 'O']",True,True,False,False,True,False,True,0.118675984782607
BAT_02715,Li0-1VP2O7,VP2O7,VP2O7,LiVP2O7,Li,3.601397705833325,115.61042114688608,352.18379590668366,416.3591054888201,1268.353914610003,0.0144553796029,0.0294152615,0.029673200909105,1,3,O-P-V,"V,P,O",mp-26888,mp-26887,"mp-26888,mp-26887",,"['V', 'P', 'O']",True,True,False,False,True,False,True,0.029673200909105
BAT_02716,Li1-2V(PO4)2,V(PO4)2,LiV(PO4)2,Li2V(PO4)2,Li,4.733139288333338,105.20029195614208,313.35353385286413,497.92763500175374,1483.145922217082,0.032871838970876,0.12029893430556,0.048245450064117,1,3,O-P-V,"V,P,O",mp-26948,mp-26947,"mp-26948,mp-26947",More than one working ion per transition metal,"['V', 'P', 'O']",True,True,False,False,True,False,True,0.12029893430556
BAT_02717,Li0-1VP2O7,VP2O7,VP2O7,LiVP2O7,Li,3.480475828333344,115.61042114688608,343.7751122464492,402.3792763051751,1196.5009685563489,0.023195178775749,0.00261825225,0.016305181363649,1,3,O-P-V,"V,P,O",mp-26818,mp-26817,"mp-26818,mp-26817",,"['V', 'P', 'O']",True,True,False,False,True,False,True,0.016305181363649
BAT_02718,Li1-3V(PO4)2,V(PO4)2,LiV(PO4)2,Li3V(PO4)2,Li,3.885769387083333,204.82033881773089,627.7432666262928,795.8846024299746,2439.2655684041392,0.020430385663228,0.076767830138892,0.030482326785717,2,3,O-P-V,"V,P,O",mp-766050,mp-26619,"mp-766050,mp-705365,mp-26619",More than one working ion per transition metal,"['V', 'P', 'O']",True,True,False,False,True,False,True,0.076767830138892
BAT_02719,Li0-1VPO4,VPO4,VPO4,LiVPO4,Li,2.292511645833326,175.3405559707997,602.0933944943126,401.9702665499485,1380.306118757531,0.090801882617638,0.0,0.0,1,3,O-P-V,"V,P,O",mp-18835,mp-26127,"mp-18835,mp-26127,mp-757319,mp-765022",,"['V', 'P', 'O']",True,True,False,False,True,False,True,0.0
BAT_02720,Li0-2VP2O7,VP2O7,VP2O7,Li2VP2O7,Li,2.908027082083333,224.49920551243665,607.5881896179202,652.8497695363577,1766.8829101628958,0.116919862969652,0.001825057000001,0.016684068967006,2,3,O-P-V,"V,P,O",mp-25294,mp-754669,"mp-25294,mp-18911,mp-754669",More than one working ion per transition metal,"['V', 'P', 'O']",True,True,False,False,True,False,True,0.016684068967006
BAT_02721,Li0-1VP2O7,VP2O7,VP2O7,LiVP2O7,Li,3.946934458333335,115.61042114688608,351.5479457675184,456.3067549670736,1387.536700906117,0.03831905646101,0.03132841575,0.0,1,3,O-P-V,"V,P,O",mp-26228,mp-26227,"mp-26228,mp-26227",,"['V', 'P', 'O']",True,True,False,False,True,False,True,0.03132841575
BAT_02722,Li0-1V(PO3)4,V(PO3)4,V(PO3)4,LiV(PO3)4,Li,4.568068373333323,71.70574468728024,189.94134639841704,327.5567444922788,867.6650572709581,0.018919163497331,0.037125691764706,0.045699262222222,1,3,O-P-V,"V,P,O",mp-697797,mp-26865,"mp-697797,mp-26865",,"['V', 'P', 'O']",True,True,False,False,True,False,True,0.045699262222222
BAT_02723,Li0-1VPO4,VPO4,VPO4,LiVPO4,Li,2.408275798333332,175.3405559707997,580.1286881650043,422.268417410788,1397.109879626645,0.042051367497579,0.026620015416668,0.006279420000014,2,3,O-P-V,"V,P,O",mp-26110,mp-25422,"mp-26110,mp-753869,mp-25422",,"['V', 'P', 'O']",True,True,False,False,True,False,True,0.026620015416668
BAT_02724,Li0-7V4P9O32,V4P9O32,V4P9O32,Li7V4P9O32,Li,4.1060685133333354,179.8588718694518,507.7410564972537,738.5128506268106,2084.819565009975,0.01876868085584,0.057340526555551,0.035870245929479,2,3,O-P-V,"V,P,O",mp-705008,mp-27087,"mp-705008,mp-705002,mp-27087",More than one working ion per transition metal,"['V', 'P', 'O']",True,True,False,False,True,False,True,0.057340526555551
BAT_02725,Li0-1V(PO3)4,V(PO3)4,V(PO3)4,LiV(PO3)4,Li,4.761070423333312,71.70574468728024,198.3526871834746,341.39610021369975,944.3711123379254,0.03226536595336,0.03635385,0.034247964444444,1,3,O-P-V,"V,P,O",mp-26916,mp-26915,"mp-26916,mp-26915",,"['V', 'P', 'O']",True,True,False,False,True,False,True,0.03635385
BAT_02726,Li0-1V3P3O13,V3P3O13,V3P3O13,LiV3P3O13,Li,4.875956493333324,58.17821511260314,178.35315107288935,283.6744457488402,869.6422050803143,0.000937144882065,0.071252842368416,0.015165515375015,1,3,O-P-V,"V,P,O",mp-1047927,mp-1013878,"mp-1047927,mp-1013878",,"['V', 'P', 'O']",True,True,False,False,True,False,True,0.071252842368416
BAT_02727,Li0-1V2P3O11,V2P3O11,V2P3O11,LiV2P3O11,Li,3.203968088333316,70.95243918268908,218.32473686278408,227.32935093074624,699.5054898021286,0.013822988692491,0.013772491249971,0.03823776897059,1,3,O-P-V,"V,P,O",mp-1244659,mp-32516,"mp-1244659,mp-26932,mp-32516",,"['V', 'P', 'O']",True,True,False,False,True,False,True,0.03823776897059
BAT_02728,Li0-3V3(PO4)4,V3(PO4)4,V3(PO4)4,Li3V3(PO4)4,Li,4.039884624999999,145.256833810174,407.1278558048771,586.8208495859019,1644.7495650753394,0.01981492703001,0.08943458369565,0.027551315961538,1,3,O-P-V,"V,P,O",mp-1101510,mp-26421,"mp-1101510,mp-26421",,"['V', 'P', 'O']",True,True,False,False,True,False,True,0.08943458369565
BAT_02729,Li1-3V(PO4)2,V(PO4)2,LiV(PO4)2,Li3V(PO4)2,Li,3.990402845833335,204.82033881773089,627.790293149873,817.3156629028211,2505.136172371797,0.056215512606812,0.093528192638893,0.029900714821431,2,3,O-P-V,"V,P,O",mp-753696,mp-26539,"mp-753696,mp-26416,mp-540312,mp-26539",More than one working ion per transition metal,"['V', 'P', 'O']",True,True,False,False,True,False,True,0.093528192638893
BAT_02730,Li0-1V(PO3)3,V(PO3)3,V(PO3)3,LiV(PO3)3,Li,3.398709913333339,90.91461289534976,247.91627395927432,308.9923961142882,842.5954979820496,0.018397104260252,0.072262457948731,0.016821780654754,1,3,O-P-V,"V,P,O",mp-705305,mp-26297,"mp-705305,mp-26297",,"['V', 'P', 'O']",True,True,False,False,True,False,True,0.072262457948731
BAT_02731,Li0-1V(PO3)4,V(PO3)4,V(PO3)4,LiV(PO3)4,Li,5.045728303333339,71.70574468728024,199.74744475511056,361.80770548020416,1007.8713355193738,0.004425714370892,0.033063489705883,0.015326075277777,1,3,O-P-V,"V,P,O",mp-32527,mp-26199,"mp-32527,mp-26199",,"['V', 'P', 'O']",True,True,False,False,True,False,True,0.033063489705883
BAT_02732,Li0-1V(PO3)4,V(PO3)4,V(PO3)4,LiV(PO3)4,Li,4.835385495833326,71.70574468728024,175.09380694552522,346.72491782880246,846.6460545146331,0.021814771698118,0.004462774264706,0.0,1,3,O-P-V,"V,P,O",mp-26956,mp-26955,"mp-26956,mp-26955",,"['V', 'P', 'O']",True,True,False,False,True,False,True,0.004462774264706
BAT_02733,Li0-1VP2O7,VP2O7,VP2O7,LiVP2O7,Li,4.406634853333334,115.61042114688608,347.6072781530277,509.4529112344133,1531.7783471814669,0.040362772976394,0.137163500249999,0.054422768181831,1,3,O-P-V,"V,P,O",mp-1048335,mp-758422,"mp-1048335,mp-758422",,"['V', 'P', 'O']",True,True,False,False,True,False,True,0.137163500249999
BAT_02734,Li0-1VPO4,VPO4,VPO4,LiVPO4,Li,2.176045970833333,175.3405559707997,599.948505949813,381.5491103439352,1305.5155290795683,0.070575066937872,0.004669389166668,0.020640287142871,1,3,O-P-V,"V,P,O",mp-767632,mp-752431,"mp-767632,mp-753871,mp-752431",,"['V', 'P', 'O']",True,True,False,False,True,False,True,0.020640287142871
BAT_02735,Li0-2VP2O7,VP2O7,VP2O7,Li2VP2O7,Li,3.075299818333331,224.49920551243665,630.2197646399156,690.4023659283736,1938.1147277072075,0.019959919660763,0.067569794749999,0.043592561050339,2,3,O-P-V,"V,P,O",mp-705024,mp-752869,"mp-705024,mp-1365117,mp-705056,mp-752869",More than one working ion per transition metal,"['V', 'P', 'O']",True,True,False,False,True,False,True,0.067569794749999
BAT_02736,Li0-1VPO5,VPO5,VPO5,LiVPO5,Li,3.815353475833331,158.72646360461718,504.6783210803555,605.5975646206089,1925.526186511664,0.011342276019174,0.0056868725,0.007069967500027,1,3,O-P-V,"V,P,O",mp-25203,mp-26091,"mp-25203,mp-26091",,"['V', 'P', 'O']",True,True,False,False,True,False,True,0.007069967500027
BAT_02737,Li0-2V3(P2O7)2,V3(P2O7)2,V3(P2O7)2,Li2V3(P2O7)2,Li,3.038230903333332,104.16571324173128,334.0277083075763,316.47948903878614,1014.8533059496904,0.034496364141703,0.097510772655672,0.04759185206522,1,3,O-P-V,"V,P,O",mp-883548,mp-758066,"mp-883548,mp-758066",,"['V', 'P', 'O']",True,True,False,False,True,False,True,0.097510772655672
BAT_02739,Li0-1V(PO3)4,V(PO3)4,V(PO3)4,LiV(PO3)4,Li,4.797773008333313,71.70574468728024,204.82445668148264,344.027886403073,982.7012497129532,0.003462673789492,0.022176050588235,0.018818788055555,1,3,O-P-V,"V,P,O",mp-765972,mp-1176577,"mp-765972,mp-1176577",,"['V', 'P', 'O']",True,True,False,False,True,False,True,0.022176050588235
BAT_02743,Li0-14V9(P2O7)8,V9(P2O7)8,V9(P2O7)8,Li14V9(P2O7)8,Li,2.97214028904762,192.69816890708523,549.8081749915959,572.7259914344514,1634.1070281402665,0.002770758644879,0.071516216769575,0.047109551746705,1,3,O-P-V,"V,P,O",mp-1101365,mp-765044,"mp-1101365,mp-765044",More than one working ion per transition metal,"['V', 'P', 'O']",True,True,False,False,True,False,True,0.071516216769575
BAT_02745,Li0-0.67VPO4,VPO4,VPO4,Li2V3(PO4)3,Li,2.402976733333333,118.69025450210052,375.2807600269104,285.2099200419595,901.7909348123158,0.055099627347839,0.076418085833335,0.059564821160256,1,3,O-P-V,"V,P,O",mp-861444,mp-772292,"mp-861444,mp-772292",,"['V', 'P', 'O']",True,True,False,False,True,False,True,0.076418085833335
BAT_02746,Li0-4V5(P3O11)2,V5(P3O11)2,V5(P3O11)2,Li4V5(P3O11)2,Li,2.199291855833327,130.69097966466086,394.4994202923952,287.42760720736766,867.6193621800337,0.033994157797024,0.022798128356649,0.048407794559945,1,3,O-P-V,"V,P,O",mp-767351,mp-758308,"mp-767351,mp-758308",,"['V', 'P', 'O']",True,True,False,False,True,False,True,0.048407794559945
BAT_02748,Li0-1VPO5,VPO5,VPO5,LiVPO5,Li,3.273639053333331,158.72646360461718,426.15563910956826,519.6131500535664,1395.0797429873076,0.020139625325568,0.003769471964284,0.073106544843777,1,3,O-P-V,"V,P,O",mp-766127,mp-776381,"mp-766127,mp-776381",,"['V', 'P', 'O']",True,True,False,False,True,False,True,0.073106544843777
BAT_02749,Li0-1V(PO3)3,V(PO3)3,V(PO3)3,LiV(PO3)3,Li,2.760444800833331,90.91461289534976,267.2590695187122,250.9647704867431,737.7539089284828,0.011614554010556,0.025071999102577,0.018592434047612,1,3,O-P-V,"V,P,O",mp-767740,mp-758307,"mp-767740,mp-758307",,"['V', 'P', 'O']",True,True,False,False,True,False,True,0.025071999102577
BAT_02752,Li0-1VPO5,VPO5,VPO5,LiVPO5,Li,3.648990778333339,158.72646360461718,416.271702642124,579.1914019707106,1518.9716042222285,0.027278108704285,0.0288097275,0.048097802812526,1,3,O-P-V,"V,P,O",mp-770892,mp-772256,"mp-770892,mp-772256,mp-757445",,"['V', 'P', 'O']",True,True,False,False,True,False,True,0.048097802812526
BAT_02753,Li0-6V3P6WO24,V3P6WO24,V3P6WO24,Li6V3P6WO24,Li,2.8523138683333342,169.60481796715845,557.0791558698672,483.7661744238768,1588.9646020470498,0.02683896241967,0.0,0.059272935093755,1,4,O-P-V-W,"V,P,W,O",mp-775437,mp-758674,"mp-775437,mp-758674",More than one working ion per transition metal,"['V', 'P', 'W', 'O']",True,True,False,False,True,False,True,0.059272935093755
