battery_id,battery_formula,framework_formula,formula_charge,formula_discharge,working_ion,average_voltage,capacity_grav,capacity_vol,energy_grav,energy_vol,max_delta_volume,stability_charge,stability_discharge,num_steps,nelements,chemsys,elements,id_charge,id_discharge,material_ids,warnings,element_list,has_transition_metal,oxide,sulfide,fluoride,phosphate_possible,silicate_possible,has_main_transition_metal,max_stability,MagpieData minimum Number,MagpieData maximum Number,MagpieData range Number,MagpieData mean Number,MagpieData avg_dev Number,MagpieData mode Number,MagpieData minimum MendeleevNumber,MagpieData maximum MendeleevNumber,MagpieData range MendeleevNumber,MagpieData mean MendeleevNumber,MagpieData avg_dev MendeleevNumber,MagpieData mode MendeleevNumber,MagpieData minimum AtomicWeight,MagpieData maximum AtomicWeight,MagpieData range AtomicWeight,MagpieData mean AtomicWeight,MagpieData avg_dev AtomicWeight,MagpieData mode AtomicWeight,MagpieData minimum MeltingT,MagpieData maximum MeltingT,MagpieData range MeltingT,MagpieData mean MeltingT,MagpieData avg_dev MeltingT,MagpieData mode MeltingT,MagpieData minimum Column,MagpieData maximum Column,MagpieData range Column,MagpieData mean Column,MagpieData avg_dev Column,MagpieData mode Column,MagpieData minimum Row,MagpieData maximum Row,MagpieData range Row,MagpieData mean Row,MagpieData avg_dev Row,MagpieData mode Row,MagpieData minimum CovalentRadius,MagpieData maximum CovalentRadius,MagpieData range CovalentRadius,MagpieData mean CovalentRadius,MagpieData avg_dev CovalentRadius,MagpieData mode CovalentRadius,MagpieData minimum Electronegativity,MagpieData maximum Electronegativity,MagpieData range Electronegativity,MagpieData mean Electronegativity,MagpieData avg_dev Electronegativity,MagpieData mode Electronegativity,MagpieData minimum NsValence,MagpieData maximum NsValence,MagpieData range NsValence,MagpieData mean NsValence,MagpieData avg_dev NsValence,MagpieData mode NsValence,MagpieData minimum NpValence,MagpieData maximum NpValence,MagpieData range NpValence,MagpieData mean NpValence,MagpieData avg_dev NpValence,MagpieData mode NpValence,MagpieData minimum NdValence,MagpieData maximum NdValence,MagpieData range NdValence,MagpieData mean NdValence,MagpieData avg_dev NdValence,MagpieData mode NdValence,MagpieData minimum NfValence,MagpieData maximum NfValence,MagpieData range NfValence,MagpieData mean NfValence,MagpieData avg_dev NfValence,MagpieData mode NfValence,MagpieData minimum NValence,MagpieData maximum NValence,MagpieData range NValence,MagpieData mean NValence,MagpieData avg_dev NValence,MagpieData mode NValence,MagpieData minimum NsUnfilled,MagpieData maximum NsUnfilled,MagpieData range NsUnfilled,MagpieData mean NsUnfilled,MagpieData avg_dev NsUnfilled,MagpieData mode NsUnfilled,MagpieData minimum NpUnfilled,MagpieData maximum NpUnfilled,MagpieData range NpUnfilled,MagpieData mean NpUnfilled,MagpieData avg_dev NpUnfilled,MagpieData mode NpUnfilled,MagpieData minimum NdUnfilled,MagpieData maximum NdUnfilled,MagpieData range NdUnfilled,MagpieData mean NdUnfilled,MagpieData avg_dev NdUnfilled,MagpieData mode NdUnfilled,MagpieData minimum NfUnfilled,MagpieData maximum NfUnfilled,MagpieData range NfUnfilled,MagpieData mean NfUnfilled,MagpieData avg_dev NfUnfilled,MagpieData mode NfUnfilled,MagpieData minimum NUnfilled,MagpieData maximum NUnfilled,MagpieData range NUnfilled,MagpieData mean NUnfilled,MagpieData avg_dev NUnfilled,MagpieData mode NUnfilled,MagpieData minimum GSvolume_pa,MagpieData maximum GSvolume_pa,MagpieData range GSvolume_pa,MagpieData mean GSvolume_pa,MagpieData avg_dev GSvolume_pa,MagpieData mode GSvolume_pa,MagpieData minimum GSbandgap,MagpieData maximum GSbandgap,MagpieData range GSbandgap,MagpieData mean GSbandgap,MagpieData avg_dev GSbandgap,MagpieData mode GSbandgap,MagpieData minimum GSmagmom,MagpieData maximum GSmagmom,MagpieData range GSmagmom,MagpieData mean GSmagmom,MagpieData avg_dev GSmagmom,MagpieData mode GSmagmom,MagpieData minimum SpaceGroupNumber,MagpieData maximum SpaceGroupNumber,MagpieData range SpaceGroupNumber,MagpieData mean SpaceGroupNumber,MagpieData avg_dev SpaceGroupNumber,MagpieData mode SpaceGroupNumber,0-norm,2-norm,3-norm,5-norm,7-norm,10-norm,avg s valence electrons,avg p valence electrons,avg d valence electrons,avg f valence electrons,normalized_delta_li,relative_delta_li,capacity_physics,endpoint_delta_abs,volume_residual,voltage_oof_pred,oof_fold,voltage_oof_error,pareto,score_voltage,score_capacity,score_volume,score_stability,composite_score,screening_rank
BAT_01569,Li0-1CoPO4,CoPO4,CoPO4,LiCoPO4,Li,4.30184314833333,166.6286694220835,509.8638048848632,716.8103998692894,2193.354115627111,0.027169235487028,0.005624451666666,0.002524872142857,1,3,Co-O-P,"Co,P,O",mp-689940,mp-26989,"mp-689940,mp-26989",,"['Co', 'P', 'O']",True,True,False,False,True,False,True,0.005624451666666,8.0,27.0,19.0,12.333333333333334,5.777777777777779,8.0,58.0,87.0,29.0,81.5,7.833333333333333,87.0,15.9994,58.933195,42.933795,25.650759500000003,12.868479333333337,15.9994,54.8,1768.0,1713.2,384.0833333333333,461.3055555555555,54.8,9.0,16.0,7.0,14.666666666666666,1.8888888888888893,16.0,2.0,4.0,2.0,2.5,0.6666666666666666,2.0,66.0,126.0,60.0,82.83333333333333,22.444444444444443,66.0,1.88,3.44,1.56,2.9716666666666662,0.6244444444444446,3.44,2.0,2.0,0.0,2.0,0.0,2.0,0.0,4.0,4.0,3.1666666666666665,1.1111111111111112,4.0,0.0,7.0,7.0,1.1666666666666667,1.9444444444444449,0.0,0.0,0.0,0.0,0.0,0.0,0.0,5.0,9.0,4.0,6.333333333333333,0.8888888888888887,6.0,0.0,0.0,0.0,0.0,0.0,0.0,0.0,3.0,3.0,1.8333333333333333,0.6111111111111112,2.0,0.0,3.0,3.0,0.5,0.8333333333333334,0.0,0.0,0.0,0.0,0.0,0.0,0.0,2.0,3.0,1.0,2.3333333333333335,0.4444444444444445,2.0,9.105,22.5702380952,13.4652380952,11.5392063492,3.677010582,9.105,0.0,1.625,1.625,0.2708333333333333,0.4513888888888888,0.0,0.0,1.5484712,1.5484712,0.2580785333333333,0.4301308888888889,0.0,2.0,194.0,192.0,40.666666666666664,51.11111111111111,12.0,3,0.7071067811865476,0.6735400034370317,0.6669268801209055,0.6666782918025496,0.666666793823133,2.0,3.1666666666666665,1.1666666666666667,0.0,1.0,0.1666666666666666,166.6286694163672,0.0003663958974409,0.026802839589587,4.513853073120117,5,-0.21200992478678682,True,0.7626192904288961,0.2817227122300581,0.9978696347615004,0.9436832257441472,0.7016131728988158,1
BAT_01383,Li0-1K2CoF6,K2CoF6,K2CoF6,K2LiCoF6,Li,5.18577194333334,103.85706828687738,341.0772113602943,538.5790708389435,1768.74863318259,0.121213361768858,0.0,0.0,1,3,Co-F-K,"K,Co,F",mp-1206883,mp-1111150,"mp-1206883,mp-1111150",,"['K', 'Co', 'F']",True,False,False,True,False,False,True,0.0,9.0,27.0,18.0,13.22222222222222,5.62962962962963,9.0,3.0,93.0,90.0,69.11111111111111,31.851851851851848,93.0,18.9984032,58.933195,39.9347918,27.902246022222226,11.871790429629632,18.9984032,53.5,1768.0,1714.5,306.8955555555556,337.86074074074077,53.5,1.0,17.0,16.0,12.555555555555555,5.925925925925926,17.0,2.0,4.0,2.0,2.6666666666666665,0.8888888888888888,2.0,57.0,203.0,146.0,97.11111111111111,53.48148148148149,57.0,0.82,3.98,3.16,3.0444444444444443,1.2474074074074073,3.98,1.0,2.0,1.0,1.7777777777777777,0.345679012345679,2.0,0.0,5.0,5.0,3.3333333333333335,2.2222222222222223,5.0,0.0,7.0,7.0,0.7777777777777778,1.382716049382716,0.0,0.0,0.0,0.0,0.0,0.0,0.0,1.0,9.0,8.0,5.888888888888889,2.1728395061728394,7.0,0.0,1.0,1.0,0.2222222222222222,0.345679012345679,0.0,0.0,1.0,1.0,0.6666666666666666,0.4444444444444444,1.0,0.0,3.0,3.0,0.3333333333333333,0.5925925925925926,0.0,0.0,0.0,0.0,0.0,0.0,0.0,1.0,3.0,2.0,1.2222222222222223,0.3950617283950618,1.0,9.7075,73.1066666667,63.3991666667,23.855925925933334,21.889218107007405,9.7075,0.0,1.97,1.97,1.3133333333333337,0.8755555555555554,1.97,0.0,1.5484712,1.5484712,0.1720523555555555,0.3058708543209876,0.0,15.0,229.0,214.0,82.44444444444444,89.92592592592592,15.0,3,0.7114582486036499,0.6758002217303778,0.6672315521896236,0.6667105455840667,0.6666677967664446,1.7777777777777777,3.3333333333333335,0.7777777777777778,0.0,1.0,0.1111111111111111,103.85706828331448,0.0157471603732854,0.1054662013955725,4.802742958068848,5,0.3830289852644926,True,0.9083025200708018,0.014580099154466482,0.8427007261012293,1.0,0.6454049309878263,2
BAT_02100,Li1-3VF6,VF6,LiVF6,Li3VF6,Li,4.212237958333334,288.5681979329664,797.3604318201006,1215.5179169010878,3358.671877385686,0.005251741075092,0.052534470624999,0.034814206999989,1,2,F-V,"V,F",mp-1176528,mp-777681,"mp-1176528,mp-777681",More than one working ion per transition metal,"['V', 'F']",True,False,False,True,False,False,True,0.052534470624999,9.0,23.0,14.0,11.0,3.4285714285714284,9.0,46.0,93.0,47.0,86.28571428571429,11.510204081632647,93.0,18.9984032,50.9415,31.9430968,23.56170274285714,7.82279921632653,18.9984032,53.5,2183.0,2129.5,357.7142857142857,521.5102040816327,53.5,5.0,17.0,12.0,15.285714285714286,2.9387755102040813,17.0,2.0,4.0,2.0,2.2857142857142856,0.4897959183673468,2.0,57.0,153.0,96.0,70.71428571428571,23.51020408163265,57.0,1.63,3.98,2.35,3.644285714285714,0.5755102040816328,3.98,2.0,2.0,0.0,2.0,0.0,2.0,0.0,5.0,5.0,4.285714285714286,1.2244897959183676,5.0,0.0,3.0,3.0,0.4285714285714285,0.7346938775510203,0.0,0.0,0.0,0.0,0.0,0.0,0.0,5.0,7.0,2.0,6.714285714285714,0.4897959183673468,7.0,0.0,0.0,0.0,0.0,0.0,0.0,0.0,1.0,1.0,0.8571428571428571,0.2448979591836735,1.0,0.0,7.0,7.0,1.0,1.7142857142857142,0.0,0.0,0.0,0.0,0.0,0.0,0.0,1.0,7.0,6.0,1.8571428571428572,1.469387755102041,1.0,9.7075,13.01,3.3025,10.179285714285712,0.8087755102040813,9.7075,0.0,1.97,1.97,1.6885714285714286,0.4824489795918367,1.97,0.0,0.0,0.0,0.0,0.0,0.0,15.0,229.0,214.0,45.57142857142857,52.40816326530613,15.0,2,0.8689660757568884,0.8584635724167666,0.8571649018642777,0.8571432945599529,0.8571428585604146,2.0,4.285714285714286,0.4285714285714285,0.0,2.0,0.2857142857142857,288.56819792306686,0.0052517409464426,1.2864932123074488e-10,3.7167932987213135,2,0.4954446596120201,True,0.3606729150039688,0.8006714676304152,0.9485838101932238,0.47398038099018003,0.6329161530269959,3
BAT_02576,Li0-2Ni2(SO4)3,Ni2(SO4)3,Ni2(SO4)3,Li2Ni2(SO4)3,Li,5.207700085833329,127.79143847236588,410.2315479604638,665.4994851013043,2136.3628675252467,0.003207556762567,0.04968637127451,0.0157517825,1,3,Ni-O-S,"Ni,S,O",mp-768526,mp-768590,"mp-768526,mp-768590",,"['Ni', 'S', 'O']",True,True,True,False,False,False,True,0.04968637127451,8.0,28.0,20.0,11.764705882352942,5.314878892733565,8.0,61.0,88.0,27.0,84.11764705882354,5.439446366782001,87.0,15.9994,58.6934,42.694,23.857329411764702,11.09354740484429,15.9994,54.8,1728.0,1673.2,310.5105882352941,361.0031833910034,54.8,10.0,16.0,6.0,15.294117647058824,1.2456747404844284,16.0,2.0,4.0,2.0,2.411764705882353,0.5813148788927335,2.0,66.0,124.0,58.0,79.70588235294117,19.34948096885813,66.0,1.91,3.44,1.53,3.108235294117647,0.4683737024221452,3.44,2.0,2.0,0.0,2.0,0.0,2.0,0.0,4.0,4.0,3.5294117647058822,0.8304498269896194,4.0,0.0,8.0,8.0,0.9411764705882352,1.6608996539792389,0.0,0.0,0.0,0.0,0.0,0.0,0.0,6.0,10.0,4.0,6.470588235294118,0.8304498269896194,6.0,0.0,0.0,0.0,0.0,0.0,0.0,0.0,2.0,2.0,1.7647058823529411,0.4152249134948097,2.0,0.0,2.0,2.0,0.2352941176470588,0.4152249134948096,0.0,0.0,0.0,0.0,0.0,0.0,0.0,2.0,2.0,0.0,2.0,0.0,2.0,9.105,25.786875,16.681874999999998,12.191801470588237,4.79826124567474,9.105,0.0,2.202,2.202,0.3885882352941176,0.6400276816608996,0.0,0.0,0.5953947,0.5953947,0.0700464352941176,0.123611356401384,0.0,12.0,225.0,213.0,47.294117647058826,49.82698961937716,12.0,3,0.73705671094951,0.7106163289264071,0.7060383070718634,0.7058888677928571,0.705882421426734,2.0,3.5294117647058822,0.9411764705882352,0.0,2.0,0.1176470588235294,127.79143846798188,0.0032075570845688,-3.220018830567273e-10,4.984579086303711,1,0.22312099952961795,True,1.0,0.11643969932457977,0.9692065678881386,0.5024979641583909,0.6292728162066799,4
BAT_02102,Li0-1VF4,VF4,VF4,LiVF4,Li,4.253298993333336,200.196140930706,638.1194698262105,851.4940446897905,2714.112898638223,0.023531466414419,0.0,0.005662450833333,1,2,F-V,"V,F",mp-554799,mp-754895,"mp-554799,mp-759867,mp-754895,mp-759459,mp-752465",,"['V', 'F']",True,False,False,True,False,False,True,0.005662450833333,9.0,23.0,14.0,11.8,4.48,9.0,46.0,93.0,47.0,83.6,15.040000000000004,93.0,18.9984032,50.9415,31.9430968,25.38702256,10.221790976,18.9984032,53.5,2183.0,2129.5,479.4,681.4399999999999,53.5,5.0,17.0,12.0,14.6,3.8400000000000007,17.0,2.0,4.0,2.0,2.4,0.6399999999999999,2.0,57.0,153.0,96.0,76.2,30.72000000000001,57.0,1.63,3.98,2.35,3.51,0.7519999999999999,3.98,2.0,2.0,0.0,2.0,0.0,2.0,0.0,5.0,5.0,4.0,1.6,5.0,0.0,3.0,3.0,0.6,0.96,0.0,0.0,0.0,0.0,0.0,0.0,0.0,5.0,7.0,2.0,6.6,0.6400000000000002,7.0,0.0,0.0,0.0,0.0,0.0,0.0,0.0,1.0,1.0,0.8,0.3199999999999999,1.0,0.0,7.0,7.0,1.4,2.24,0.0,0.0,0.0,0.0,0.0,0.0,0.0,1.0,7.0,6.0,2.2,1.9200000000000004,1.0,9.7075,13.01,3.3025,10.368,1.0567999999999995,9.7075,0.0,1.97,1.97,1.576,0.6304,1.97,0.0,0.0,0.0,0.0,0.0,0.0,15.0,229.0,214.0,57.8,68.47999999999999,15.0,2,0.8246211251235323,0.8041451517178116,0.8001561890005822,0.8000069752639724,0.8000000762939126,2.0,4.0,0.6,0.0,1.0,0.2,200.19614092383813,0.0294606866461223,-0.0059292202317033,4.070563793182373,4,0.18273520015096256,True,0.5390745513030301,0.4245787472997845,0.7043517572328778,0.9433027459004357,0.618626890207507,5
BAT_01782,Li0-1K2NiF6,K2NiF6,K2NiF6,K2LiNiF6,Li,4.9501593633333325,103.95366385200585,344.6954180498721,514.5872024698124,1706.2972511576716,0.083206637775305,0.0,0.022245482000003,1,3,F-K-Ni,"K,Ni,F",mp-605034,mp-1111147,"mp-605034,mp-1111147",,"['K', 'Ni', 'F']",True,False,False,True,False,False,True,0.022245482000003,9.0,28.0,19.0,13.333333333333334,5.777777777777778,9.0,3.0,93.0,90.0,69.44444444444444,31.407407407407405,93.0,18.9984032,58.6934,39.6949968,27.87560213333333,11.836265244444444,18.9984032,53.5,1728.0,1674.5,302.4511111111111,331.93481481481484,53.5,1.0,17.0,16.0,12.666666666666666,5.777777777777778,17.0,2.0,4.0,2.0,2.6666666666666665,0.8888888888888888,2.0,57.0,203.0,146.0,96.88888888888889,53.18518518518518,57.0,0.82,3.98,3.16,3.0477777777777777,1.242962962962963,3.98,1.0,2.0,1.0,1.7777777777777777,0.345679012345679,2.0,0.0,5.0,5.0,3.3333333333333335,2.2222222222222223,5.0,0.0,8.0,8.0,0.8888888888888888,1.5802469135802468,0.0,0.0,0.0,0.0,0.0,0.0,0.0,1.0,10.0,9.0,6.0,2.2222222222222223,7.0,0.0,1.0,1.0,0.2222222222222222,0.345679012345679,0.0,0.0,1.0,1.0,0.6666666666666666,0.4444444444444444,1.0,0.0,2.0,2.0,0.2222222222222222,0.3950617283950617,0.0,0.0,0.0,0.0,0.0,0.0,0.0,1.0,2.0,1.0,1.1111111111111112,0.1975308641975309,1.0,9.7075,73.1066666667,63.3991666667,23.864259259266664,21.885514403303706,9.7075,0.0,1.97,1.97,1.3133333333333337,0.8755555555555554,1.97,0.0,0.5953947,0.5953947,0.0661549666666666,0.1176088296296296,0.0,15.0,229.0,214.0,85.88888888888889,94.51851851851852,15.0,3,0.7114582486036499,0.6758002217303778,0.6672315521896236,0.6667105455840667,0.6666677967664446,1.7777777777777777,3.3333333333333335,0.8888888888888888,0.0,1.0,0.1111111111111111,103.95366384843966,0.0077220820364515,0.0754845557388534,4.791733264923096,1,0.1584260984102368,True,0.9027504819469189,0.014991189380193856,0.9236617634667876,0.7772593912697943,0.6155067323454502,6
BAT_01582,Li0-2CoP2O7,CoP2O7,CoP2O7,Li2CoP2O7,Li,4.72837373083333,217.22841629928809,666.3200957173807,1027.1371372200804,3150.610436916413,0.006548734674648,0.085900742000005,0.034158972013876,1,3,Co-O-P,"Co,P,O",mp-26780,mp-697726,"mp-26780,mp-26406,mp-697726",More than one working ion per transition metal,"['Co', 'P', 'O']",True,True,False,False,True,False,True,0.085900742000005,8.0,27.0,19.0,11.3,4.62,8.0,58.0,87.0,29.0,83.3,5.1800000000000015,87.0,15.9994,58.933195,42.933795,23.2876519,10.20355266,15.9994,54.8,1768.0,1713.2,278.62,313.34800000000007,54.8,9.0,16.0,7.0,15.1,1.2600000000000002,16.0,2.0,4.0,2.0,2.4,0.5599999999999999,2.0,66.0,126.0,60.0,80.2,19.880000000000003,66.0,1.88,3.44,1.56,3.034,0.5684000000000001,3.44,2.0,2.0,0.0,2.0,0.0,2.0,0.0,4.0,4.0,3.4,0.8400000000000001,4.0,0.0,7.0,7.0,0.7,1.2599999999999998,0.0,0.0,0.0,0.0,0.0,0.0,0.0,5.0,9.0,4.0,6.1,0.5799999999999997,6.0,0.0,0.0,0.0,0.0,0.0,0.0,0.0,3.0,3.0,2.0,0.4,2.0,0.0,3.0,3.0,0.3,0.54,0.0,0.0,0.0,0.0,0.0,0.0,0.0,2.0,3.0,1.0,2.3,0.4199999999999999,2.0,9.105,22.5702380952,13.4652380952,11.91204761904,4.2632761904639995,9.105,0.0,1.625,1.625,0.325,0.52,0.0,0.0,1.5484712,1.5484712,0.15484712,0.278724816,0.0,2.0,194.0,192.0,28.2,33.160000000000004,12.0,3,0.7348469228349533,0.7060696670652126,0.7002746698268968,0.7000156629758094,0.7000002540041405,2.0,3.4,0.7,0.0,2.0,0.2,217.22841629183583,0.0065061285616205,4.26061130274517e-05,4.540205478668213,1,0.18816825216511734,True,0.7759084492021816,0.49706449668803915,0.935928915334792,0.1398890092174726,0.5970554686775191,7
BAT_01614,Li0-1CoPO4,CoPO4,CoPO4,LiCoPO4,Li,4.247482669583332,166.6286694220835,511.5818163972382,707.7523856260298,2172.934899221231,0.059272070583294,3.690833333358512e-05,0.005501331964286,1,3,Co-O-P,"Co,P,O",mp-1178446,mp-758373,"mp-1178446,mp-1176783,mp-758373",,"['Co', 'P', 'O']",True,True,False,False,True,False,True,0.005501331964286,8.0,27.0,19.0,12.333333333333334,5.777777777777779,8.0,58.0,87.0,29.0,81.5,7.833333333333333,87.0,15.9994,58.933195,42.933795,25.650759500000003,12.868479333333337,15.9994,54.8,1768.0,1713.2,384.0833333333333,461.3055555555555,54.8,9.0,16.0,7.0,14.666666666666666,1.8888888888888893,16.0,2.0,4.0,2.0,2.5,0.6666666666666666,2.0,66.0,126.0,60.0,82.83333333333333,22.444444444444443,66.0,1.88,3.44,1.56,2.9716666666666662,0.6244444444444446,3.44,2.0,2.0,0.0,2.0,0.0,2.0,0.0,4.0,4.0,3.1666666666666665,1.1111111111111112,4.0,0.0,7.0,7.0,1.1666666666666667,1.9444444444444449,0.0,0.0,0.0,0.0,0.0,0.0,0.0,5.0,9.0,4.0,6.333333333333333,0.8888888888888887,6.0,0.0,0.0,0.0,0.0,0.0,0.0,0.0,3.0,3.0,1.8333333333333333,0.6111111111111112,2.0,0.0,3.0,3.0,0.5,0.8333333333333334,0.0,0.0,0.0,0.0,0.0,0.0,0.0,2.0,3.0,1.0,2.3333333333333335,0.4444444444444445,2.0,9.105,22.5702380952,13.4652380952,11.5392063492,3.677010582,9.105,0.0,1.625,1.625,0.2708333333333333,0.4513888888888888,0.0,0.0,1.5484712,1.5484712,0.2580785333333333,0.4301308888888889,0.0,2.0,194.0,192.0,40.666666666666664,51.11111111111111,12.0,3,0.7071067811865476,0.6735400034370317,0.6669268801209055,0.6666782918025496,0.666666793823133,2.0,3.1666666666666665,1.1666666666666667,0.0,1.0,0.1666666666666666,166.6286694163672,0.05595547379122,0.0033165967920739,4.513853073120117,5,-0.26637040353678554,True,0.7626192904288961,0.2817227122300581,0.4370589830052002,0.9449160044924252,0.5896975982972114,8
BAT_00317,Li0-6MnCr3(PO4)6,MnCr3(PO4)6,MnCr3(PO4)6,Li6MnCr3(PO4)6,Li,4.33996152666667,195.53597492714533,582.6138597702405,848.6186082630694,2528.5217363056145,0.008521003646523,0.06019616132353,0.058126859174959,1,4,Cr-Mn-O-P,"Mn,Cr,P,O",mp-774419,mp-767775,"mp-774419,mp-767775",More than one working ion per transition metal,"['Mn', 'Cr', 'P', 'O']",True,True,False,False,True,False,True,0.06019616132353,8.0,25.0,17.0,11.147058823529411,4.442906574394463,8.0,49.0,87.0,38.0,81.91176470588235,7.567474048442911,87.0,15.9994,54.938045,38.938645,22.963368147058823,9.831484442906577,15.9994,54.8,2180.0,2125.2,331.70588235294116,396.0103806228373,54.8,6.0,16.0,10.0,14.676470588235292,1.9826989619377169,16.0,2.0,4.0,2.0,2.411764705882353,0.5813148788927335,2.0,66.0,139.0,73.0,81.82352941176471,22.339100346020764,66.0,1.55,3.44,1.89,3.006764705882353,0.6116262975778546,3.44,1.0,2.0,1.0,1.911764705882353,0.1608996539792386,2.0,0.0,4.0,4.0,3.3529411764705883,0.9134948096885812,4.0,0.0,5.0,5.0,0.5882352941176471,1.0380622837370244,0.0,0.0,0.0,0.0,0.0,0.0,0.0,5.0,7.0,2.0,5.852941176470588,0.3010380622837372,6.0,0.0,1.0,1.0,0.088235294117647,0.1608996539792387,0.0,0.0,3.0,3.0,1.9411764705882353,0.4567474048442906,2.0,0.0,5.0,5.0,0.5882352941176471,1.0380622837370244,0.0,0.0,0.0,0.0,0.0,0.0,0.0,2.0,6.0,4.0,2.6176470588235294,0.8719723183391004,2.0,9.105,22.5702380952,13.4652380952,11.70585337582647,3.8344887244847743,9.105,0.0,1.625,1.625,0.2867647058823529,0.472318339100346,0.0,0.0,0.000310120689655,0.000310120689655,9.121196754558822e-06,1.7705852523555362e-05,0.0,2.0,229.0,227.0,35.411764705882355,44.84429065743945,12.0,4,0.7335272890199958,0.7100112054470428,0.7060244894293579,0.7058885556897373,0.7058824203250761,1.911764705882353,3.3529411764705883,0.5882352941176471,0.0,6.0,0.1764705882352941,195.5359749204373,0.0085210044761286,-8.296056827616916e-10,4.271539688110352,5,0.06842183855631845,True,0.6404239545833711,0.4047460697665837,0.9156018309931068,0.3972650439121559,0.576124382286039,9
BAT_01606,Li0-1CoPO4,CoPO4,CoPO4,LiCoPO4,Li,4.257700939583334,166.6286694220835,513.1947057286051,709.4550423599258,2185.029580769875,0.07038666376667,0.000564491041666,0.004493792857142,1,3,Co-O-P,"Co,P,O",mp-861694,mp-757936,"mp-861694,mp-766459,mp-757936",,"['Co', 'P', 'O']",True,True,False,False,True,False,True,0.004493792857142,8.0,27.0,19.0,12.333333333333334,5.777777777777779,8.0,58.0,87.0,29.0,81.5,7.833333333333333,87.0,15.9994,58.933195,42.933795,25.650759500000003,12.868479333333337,15.9994,54.8,1768.0,1713.2,384.0833333333333,461.3055555555555,54.8,9.0,16.0,7.0,14.666666666666666,1.8888888888888893,16.0,2.0,4.0,2.0,2.5,0.6666666666666666,2.0,66.0,126.0,60.0,82.83333333333333,22.444444444444443,66.0,1.88,3.44,1.56,2.9716666666666662,0.6244444444444446,3.44,2.0,2.0,0.0,2.0,0.0,2.0,0.0,4.0,4.0,3.1666666666666665,1.1111111111111112,4.0,0.0,7.0,7.0,1.1666666666666667,1.9444444444444449,0.0,0.0,0.0,0.0,0.0,0.0,0.0,5.0,9.0,4.0,6.333333333333333,0.8888888888888887,6.0,0.0,0.0,0.0,0.0,0.0,0.0,0.0,3.0,3.0,1.8333333333333333,0.6111111111111112,2.0,0.0,3.0,3.0,0.5,0.8333333333333334,0.0,0.0,0.0,0.0,0.0,0.0,0.0,2.0,3.0,1.0,2.3333333333333335,0.4444444444444445,2.0,9.105,22.5702380952,13.4652380952,11.5392063492,3.677010582,9.105,0.0,1.625,1.625,0.2708333333333333,0.4513888888888888,0.0,0.0,1.5484712,1.5484712,0.2580785333333333,0.4301308888888889,0.0,2.0,194.0,192.0,40.666666666666664,51.11111111111111,12.0,3,0.7071067811865476,0.6735400034370317,0.6669268801209055,0.6666782918025496,0.666666793823133,2.0,3.1666666666666665,1.1666666666666667,0.0,1.0,0.1666666666666666,166.6286694163672,0.0657581658566083,0.0046284979100616,4.513853073120117,5,-0.25615213353678357,True,0.7626192904288961,0.2817227122300581,0.3381644818828502,0.9550043394651047,0.5719363650672773,10
BAT_01812,Li1-2MnF4,MnF4,LiMnF4,Li2MnF4,Li,4.01926013333333,185.0756451603413,539.4563701402028,743.8671622439056,2168.215482177226,0.061992042565232,0.047226376666666,0.031310658571428,1,2,F-Mn,"Mn,F",mp-755191,mp-778554,"mp-755191,mp-778554,mp-1177903",More than one working ion per transition metal,"['Mn', 'F']",True,False,False,True,False,False,True,0.047226376666666,9.0,25.0,16.0,12.2,5.119999999999999,9.0,52.0,93.0,41.0,84.8,13.12,93.0,18.9984032,54.938045,35.939641800000004,26.186331559999996,11.500685375999998,18.9984032,53.5,1519.0,1465.5,346.6,468.96,53.5,7.0,17.0,10.0,15.0,3.2,17.0,2.0,4.0,2.0,2.4,0.6399999999999999,2.0,57.0,139.0,82.0,73.4,26.24,57.0,1.55,3.98,2.4299999999999997,3.494,0.7776000000000002,3.98,2.0,2.0,0.0,2.0,0.0,2.0,0.0,5.0,5.0,4.0,1.6,5.0,0.0,5.0,5.0,1.0,1.6,0.0,0.0,0.0,0.0,0.0,0.0,0.0,7.0,7.0,0.0,7.0,0.0,7.0,0.0,0.0,0.0,0.0,0.0,0.0,0.0,1.0,1.0,0.8,0.3199999999999999,1.0,0.0,5.0,5.0,1.0,1.6,0.0,0.0,0.0,0.0,0.0,0.0,0.0,1.0,5.0,4.0,1.8,1.28,1.0,9.7075,10.4875862069,0.7800862069000001,9.86351724138,0.2496275862079993,9.7075,0.0,1.97,1.97,1.576,0.6304,1.97,0.0,0.000310120689655,0.000310120689655,6.2024137931e-05,9.92386206896e-05,0.0,15.0,217.0,202.0,55.4,64.64,15.0,2,0.8246211251235323,0.8041451517178116,0.8001561890005822,0.8000069752639724,0.8000000762939126,2.0,4.0,1.0,0.0,1.0,0.2,185.07564515399216,0.0619920404073587,2.157873234265306e-09,4.862342357635498,2,-0.8430822243021678,True,0.9383576845675752,0.36022912616469205,0.37615905469849364,0.5271295139006766,0.5702337569395142,11
BAT_00945,Li1-2MnP2O7,MnP2O7,LiMnP2O7,Li2MnP2O7,Li,4.051171003333342,110.401669147061,311.411611049208,447.2560407681748,1261.5816887838723,0.008020185627112,0.046860550909104,0.025054616041638,1,3,Mn-O-P,"Mn,P,O",mp-697744,mp-26413,"mp-697744,mp-26413",More than one working ion per transition metal,"['Mn', 'P', 'O']",True,True,False,False,True,False,True,0.046860550909104,8.0,25.0,17.0,11.1,4.34,8.0,52.0,87.0,35.0,82.7,6.139999999999998,87.0,15.9994,54.938045,38.938645,22.8881369,9.64423166,15.9994,54.8,1519.0,1464.2,253.71999999999997,278.48799999999994,54.8,7.0,16.0,9.0,14.9,1.5799999999999996,16.0,2.0,4.0,2.0,2.4,0.5599999999999999,2.0,66.0,139.0,73.0,81.5,21.7,66.0,1.55,3.44,1.89,3.001,0.6146,3.44,2.0,2.0,0.0,2.0,0.0,2.0,0.0,4.0,4.0,3.4,0.8400000000000001,4.0,0.0,5.0,5.0,0.5,0.9,0.0,0.0,0.0,0.0,0.0,0.0,0.0,5.0,7.0,2.0,5.9,0.3599999999999997,6.0,0.0,0.0,0.0,0.0,0.0,0.0,0.0,3.0,3.0,2.0,0.4,2.0,0.0,5.0,5.0,0.5,0.9,0.0,0.0,0.0,0.0,0.0,0.0,0.0,2.0,5.0,3.0,2.5,0.7,2.0,9.105,22.5702380952,13.4652380952,11.93630623973,4.253572742188,9.105,0.0,1.625,1.625,0.325,0.52,0.0,0.0,0.000310120689655,0.000310120689655,3.10120689655e-05,5.58217241379e-05,0.0,2.0,217.0,215.0,30.5,37.3,12.0,3,0.7348469228349533,0.7060696670652126,0.7002746698268968,0.7000156629758094,0.7000002540041405,2.0,3.4,0.5,0.0,1.0,0.1,110.4016691432736,0.0080201848620194,7.65092515384036e-10,4.696592330932617,4,-0.6454213275992755,True,0.8547722062889114,0.04243253152369029,0.9206543518271023,0.5307924712566259,0.5594507859605261,12
BAT_02314,Li2-3FePO5,FePO5,Li2FePO5,Li3FePO5,Li,2.679945040833336,142.83552534504514,406.8335135325081,382.791357803278,1090.291457036247,0.006739265591828,0.0564479588889,0.060272362499998,1,3,Fe-O-P,"Fe,P,O",mp-766462,mp-765579,"mp-766462,mp-1176795,mp-765579",More than one working ion per transition metal,"['Fe', 'P', 'O']",True,True,False,False,True,False,True,0.060272362499998,8.0,26.0,18.0,11.571428571428571,5.10204081632653,8.0,55.0,87.0,32.0,81.85714285714286,7.673469387755099,87.0,15.9994,55.845,39.8456,23.830823142857145,11.187747346938778,15.9994,54.8,1811.0,1756.2,343.1857142857143,419.3755102040817,54.8,8.0,16.0,8.0,14.714285714285714,1.918367346938776,16.0,2.0,4.0,2.0,2.4285714285714284,0.6122448979591836,2.0,66.0,132.0,66.0,81.28571428571429,21.836734693877556,66.0,1.83,3.44,1.61,3.031428571428571,0.5836734693877552,3.44,2.0,2.0,0.0,2.0,0.0,2.0,0.0,4.0,4.0,3.2857142857142856,1.020408163265306,4.0,0.0,6.0,6.0,0.8571428571428571,1.469387755102041,0.0,0.0,0.0,0.0,0.0,0.0,0.0,5.0,8.0,3.0,6.142857142857143,0.5306122448979594,6.0,0.0,0.0,0.0,0.0,0.0,0.0,0.0,3.0,3.0,1.8571428571428572,0.5306122448979591,2.0,0.0,4.0,4.0,0.5714285714285714,0.979591836734694,0.0,0.0,0.0,0.0,0.0,0.0,0.0,2.0,4.0,2.0,2.4285714285714284,0.6122448979591836,2.0,9.105,22.5702380952,13.4652380952,11.260748299314288,3.2312827988244903,9.105,0.0,1.625,1.625,0.2321428571428571,0.3979591836734694,0.0,0.0,2.1106628,2.1106628,0.3015232571428571,0.5168970122448979,0.0,2.0,229.0,227.0,41.57142857142857,53.55102040816326,12.0,3,0.7423074889580903,0.7180750993304971,0.7143771194604124,0.7142883265019526,0.7142857289142843,2.0,3.2857142857142856,0.8571428571428571,0.0,1.0,0.1428571428571428,142.83552534014504,0.0067392655709422,2.0885771410961148e-11,4.570764064788818,1,-1.8908190239554825,True,0.7913187274821919,0.1804641404065787,0.9335769116121174,0.3965020531874578,0.5575506533265463,13
BAT_01610,Li0-6Co5(P2O7)4,Co5(P2O7)4,Co5(P2O7)4,Li6Co5(P2O7)4,Li,4.848867404999997,155.80969072097471,518.6653974873882,755.5005307200648,2514.939739977964,0.008869811555814,0.074305082926833,0.015354510620581,1,3,Co-O-P,"Co,P,O",mp-1178442,mp-769575,"mp-1178442,mp-769575",More than one working ion per transition metal,"['Co', 'P', 'O']",True,True,False,False,True,False,True,0.074305082926833,8.0,27.0,19.0,11.682926829268292,5.030339083878644,8.0,58.0,87.0,29.0,82.6829268292683,6.0202260559190925,87.0,15.9994,58.933195,42.933795,24.157055390243904,11.142163459845332,15.9994,54.8,1768.0,1713.2,314.9463414634146,355.3218322427127,54.8,9.0,16.0,7.0,14.951219512195122,1.4515169541939323,16.0,2.0,4.0,2.0,2.4390243902439024,0.5996430696014278,2.0,66.0,126.0,60.0,81.3170731707317,20.92088042831648,66.0,1.88,3.44,1.56,3.005853658536586,0.5929803688280786,3.44,2.0,2.0,0.0,2.0,0.0,2.0,0.0,4.0,4.0,3.317073170731707,0.9327781082688876,4.0,0.0,7.0,7.0,0.8536585365853658,1.4991076740035694,0.0,0.0,0.0,0.0,0.0,0.0,0.0,5.0,9.0,4.0,6.170731707317073,0.6900654372397383,6.0,0.0,0.0,0.0,0.0,0.0,0.0,0.0,3.0,3.0,1.951219512195122,0.4759071980963713,2.0,0.0,3.0,3.0,0.3658536585365853,0.6424747174301012,0.0,0.0,0.0,0.0,0.0,0.0,0.0,2.0,3.0,1.0,2.317073170731707,0.4330755502676977,2.0,9.105,22.5702380952,13.4652380952,11.871387921014634,4.1751610435845325,9.105,0.0,1.625,1.625,0.3170731707317073,0.5104104699583581,0.0,0.0,1.5484712,1.5484712,0.1888379512195122,0.3316178655562166,0.0,2.0,194.0,192.0,32.24390243902439,39.45270672218917,12.0,3,0.7206481318387394,0.6894696365228965,0.6832114468852546,0.6829425565794273,0.6829270790870523,2.0,3.317073170731707,0.8536585365853658,0.0,6.0,0.1463414634146341,155.80969071562947,0.00879183013245,7.798142336392852e-05,4.660050868988037,1,0.18881653601196025,True,0.8363448453140957,0.23567943487605117,0.9128696051928488,0.25599456991451286,0.5553801190785164,14
BAT_02557,Li0-2.5Ni3(P2O7)2,Ni3(P2O7)2,Ni3(P2O7)2,Li5Ni6(P2O7)4,Li,4.494455401333339,123.77851098610596,437.1111642123313,556.316997270502,1964.5766329772168,0.001163443635316,0.090068307500001,0.037844027748237,1,3,Ni-O-P,"Ni,P,O",mp-851093,mp-886210,"mp-851093,mp-886210",,"['Ni', 'P', 'O']",True,True,False,False,True,False,True,0.090068307500001,8.0,28.0,20.0,12.19047619047619,5.587301587301587,8.0,61.0,87.0,26.0,82.52380952380952,6.149659863945582,87.0,15.9994,58.6934,42.694,24.950802285714285,11.935203047619046,15.9994,54.8,1728.0,1673.2,343.8285714285714,395.47755102040816,54.8,10.0,16.0,6.0,14.952380952380953,1.4149659863945576,16.0,2.0,4.0,2.0,2.4761904761904763,0.634920634920635,2.0,66.0,124.0,58.0,82.0952380952381,21.460317460317462,66.0,1.91,3.44,1.53,2.983333333333333,0.608888888888889,3.44,2.0,2.0,0.0,2.0,0.0,2.0,0.0,4.0,4.0,3.238095238095238,1.015873015873016,4.0,0.0,8.0,8.0,1.1428571428571428,1.959183673469388,0.0,0.0,0.0,0.0,0.0,0.0,0.0,5.0,10.0,5.0,6.380952380952381,1.0340136054421771,6.0,0.0,0.0,0.0,0.0,0.0,0.0,0.0,3.0,3.0,1.9047619047619049,0.54421768707483,2.0,0.0,2.0,2.0,0.2857142857142857,0.489795918367347,0.0,0.0,0.0,0.0,0.0,0.0,0.0,2.0,3.0,1.0,2.1904761904761907,0.3083900226757371,2.0,9.105,22.5702380952,13.4652380952,11.8433786848,4.086422632533333,9.105,0.0,1.625,1.625,0.3095238095238095,0.5011337868480726,0.0,0.0,0.5953947,0.5953947,0.0850563857142857,0.1458109469387755,0.0,2.0,225.0,223.0,40.523809523809526,52.70748299319728,12.0,3,0.7079080355865954,0.6739562829023619,0.6669804763319831,0.6666834437689835,0.6666669219487793,2.0,3.238095238095238,1.1428571428571428,0.0,2.5,0.119047619047619,123.77851098185968,0.0011620915231371,1.3521121788749504e-06,4.981325626373291,5,-0.4868702250399517,True,0.998359324521666,0.09936153156439709,0.9898422560145638,0.0981598133118956,0.5469166706911108,15
BAT_02051,Li5-6VF8,VF8,Li5VF8,Li6VF8,Li,2.129598203333334,109.58401805261552,300.48406092926615,233.36992795889776,639.9103162852695,0.001676418840121,0.055627510357142,0.056394783333334,1,2,F-V,"V,F",mp-753236,mp-765804,"mp-753236,mp-765804",More than one working ion per transition metal,"['V', 'F']",True,False,False,True,False,False,True,0.056394783333334,9.0,23.0,14.0,10.555555555555555,2.765432098765432,9.0,46.0,93.0,47.0,87.77777777777777,9.283950617283956,93.0,18.9984032,50.9415,31.9430968,22.547636177777775,6.309747516049382,18.9984032,53.5,2183.0,2129.5,290.1111111111111,420.6419753086419,53.5,5.0,17.0,12.0,15.666666666666666,2.3703703703703707,17.0,2.0,4.0,2.0,2.2222222222222223,0.3950617283950618,2.0,57.0,153.0,96.0,67.66666666666667,18.962962962962965,57.0,1.63,3.98,2.35,3.718888888888889,0.4641975308641974,3.98,2.0,2.0,0.0,2.0,0.0,2.0,0.0,5.0,5.0,4.444444444444445,0.9876543209876542,5.0,0.0,3.0,3.0,0.3333333333333333,0.5925925925925926,0.0,0.0,0.0,0.0,0.0,0.0,0.0,5.0,7.0,2.0,6.777777777777778,0.3950617283950618,7.0,0.0,0.0,0.0,0.0,0.0,0.0,0.0,1.0,1.0,0.8888888888888888,0.1975308641975309,1.0,0.0,7.0,7.0,0.7777777777777778,1.382716049382716,0.0,0.0,0.0,0.0,0.0,0.0,0.0,1.0,7.0,6.0,1.6666666666666667,1.1851851851851851,1.0,9.7075,13.01,3.3025,10.074444444444444,0.6523456790123467,9.7075,0.0,1.97,1.97,1.751111111111111,0.3891358024691358,1.97,0.0,0.0,0.0,0.0,0.0,0.0,15.0,229.0,214.0,38.77777777777778,42.27160493827161,15.0,2,0.8958064164776166,0.8894672162406482,0.8888943141698848,0.8888889494396267,0.8888888889716731,2.0,4.444444444444445,0.3333333333333333,0.0,1.0,0.1111111111111111,109.58401804885618,0.0016736130377924,2.8058023285651695e-06,4.65865421295166,5,-2.5290560096183263,True,0.8356405307199231,0.03895278198721128,0.9846817690108153,0.4353276602919559,0.5463798796726946,16
BAT_01806,Li1-2MnF4,MnF4,LiMnF4,Li2MnF4,Li,4.092699433333334,185.0756451603413,596.3541326024281,757.4589880715301,2440.6982205679496,0.050677875963202,0.071712339999999,0.041807298571428,1,2,F-Mn,"Mn,F",mp-1176622,mp-760139,"mp-1176622,mp-760139",More than one working ion per transition metal,"['Mn', 'F']",True,False,False,True,False,False,True,0.071712339999999,9.0,25.0,16.0,12.2,5.119999999999999,9.0,52.0,93.0,41.0,84.8,13.12,93.0,18.9984032,54.938045,35.939641800000004,26.186331559999996,11.500685375999998,18.9984032,53.5,1519.0,1465.5,346.6,468.96,53.5,7.0,17.0,10.0,15.0,3.2,17.0,2.0,4.0,2.0,2.4,0.6399999999999999,2.0,57.0,139.0,82.0,73.4,26.24,57.0,1.55,3.98,2.4299999999999997,3.494,0.7776000000000002,3.98,2.0,2.0,0.0,2.0,0.0,2.0,0.0,5.0,5.0,4.0,1.6,5.0,0.0,5.0,5.0,1.0,1.6,0.0,0.0,0.0,0.0,0.0,0.0,0.0,7.0,7.0,0.0,7.0,0.0,7.0,0.0,0.0,0.0,0.0,0.0,0.0,0.0,1.0,1.0,0.8,0.3199999999999999,1.0,0.0,5.0,5.0,1.0,1.6,0.0,0.0,0.0,0.0,0.0,0.0,0.0,1.0,5.0,4.0,1.8,1.28,1.0,9.7075,10.4875862069,0.7800862069000001,9.86351724138,0.2496275862079993,9.7075,0.0,1.97,1.97,1.576,0.6304,1.97,0.0,0.000310120689655,0.000310120689655,6.2024137931e-05,9.92386206896e-05,0.0,15.0,217.0,202.0,55.4,64.64,15.0,2,0.8246211251235323,0.8041451517178116,0.8001561890005822,0.8000069752639724,0.8000000762939126,2.0,4.0,1.0,0.0,1.0,0.2,185.07564515399216,0.0506778788292522,-2.866050251293384e-09,4.862342357635498,2,-0.7696429243021639,True,0.9383576845675752,0.36022912616469205,0.490302022509875,0.2819553082704569,0.5440275093757465,17
BAT_00931,Li1-2MnP2O7,MnP2O7,LiMnP2O7,Li2MnP2O7,Li,4.052284408333326,110.401669147061,276.9059348960709,447.3789625386097,1122.101602554311,0.018109006390311,0.045775441590921,0.023967148749973,1,3,Mn-O-P,"Mn,P,O",mp-540193,mp-26257,"mp-540193,mp-26257",More than one working ion per transition metal,"['Mn', 'P', 'O']",True,True,False,False,True,False,True,0.045775441590921,8.0,25.0,17.0,11.1,4.34,8.0,52.0,87.0,35.0,82.7,6.139999999999998,87.0,15.9994,54.938045,38.938645,22.8881369,9.64423166,15.9994,54.8,1519.0,1464.2,253.71999999999997,278.48799999999994,54.8,7.0,16.0,9.0,14.9,1.5799999999999996,16.0,2.0,4.0,2.0,2.4,0.5599999999999999,2.0,66.0,139.0,73.0,81.5,21.7,66.0,1.55,3.44,1.89,3.001,0.6146,3.44,2.0,2.0,0.0,2.0,0.0,2.0,0.0,4.0,4.0,3.4,0.8400000000000001,4.0,0.0,5.0,5.0,0.5,0.9,0.0,0.0,0.0,0.0,0.0,0.0,0.0,5.0,7.0,2.0,5.9,0.3599999999999997,6.0,0.0,0.0,0.0,0.0,0.0,0.0,0.0,3.0,3.0,2.0,0.4,2.0,0.0,5.0,5.0,0.5,0.9,0.0,0.0,0.0,0.0,0.0,0.0,0.0,2.0,5.0,3.0,2.5,0.7,2.0,9.105,22.5702380952,13.4652380952,11.93630623973,4.253572742188,9.105,0.0,1.625,1.625,0.325,0.52,0.0,0.0,0.000310120689655,0.000310120689655,3.10120689655e-05,5.58217241379e-05,0.0,2.0,217.0,215.0,30.5,37.3,12.0,3,0.7348469228349533,0.7060696670652126,0.7002746698268968,0.7000156629758094,0.7000002540041405,2.0,3.4,0.5,0.0,1.0,0.1,110.4016691432736,0.018109006527703,-1.373920942293605e-10,4.696592330932617,4,-0.6443079225992916,True,0.8547722062889114,0.04243253152369029,0.818873230999799,0.5416575048877637,0.541267568521293,18
BAT_02332,Li0-8VFe7(PO4)12,VFe7(PO4)12,VFe7(PO4)12,Li8VFe7(PO4)12,Li,5.005458034583317,130.97525938266153,385.5978003033728,655.5911644085772,1930.0936076461708,0.011269886198883,0.081385193223043,0.014779573807574,1,4,Fe-O-P-V,"V,Fe,P,O",mp-1101268,mp-758577,"mp-1101268,mp-758577",,"['V', 'Fe', 'P', 'O']",True,True,False,False,True,False,True,0.081385193223043,8.0,26.0,18.0,11.308823529411764,4.671280276816609,8.0,46.0,87.0,41.0,82.3970588235294,6.711072664359866,87.0,15.9994,55.845,39.8456,23.257541823529408,10.246788456747405,15.9994,54.8,2183.0,2128.2,313.20588235294116,364.80830449826993,54.8,5.0,16.0,11.0,14.838235294117649,1.697231833910035,16.0,2.0,4.0,2.0,2.411764705882353,0.5813148788927335,2.0,66.0,153.0,87.0,81.30882352941177,21.612456747404845,66.0,1.63,3.44,1.81,3.027058823529412,0.5829757785467127,3.44,2.0,2.0,0.0,2.0,0.0,2.0,0.0,4.0,4.0,3.3529411764705883,0.9134948096885812,4.0,0.0,6.0,6.0,0.6617647058823529,1.1678200692041525,0.0,0.0,0.0,0.0,0.0,0.0,0.0,5.0,8.0,3.0,6.014705882352941,0.4087370242214532,6.0,0.0,0.0,0.0,0.0,0.0,0.0,0.0,3.0,3.0,1.9411764705882353,0.4567474048442906,2.0,0.0,7.0,7.0,0.5147058823529411,0.9083044982698962,0.0,0.0,0.0,0.0,0.0,0.0,0.0,2.0,7.0,5.0,2.4558823529411766,0.643598615916955,2.0,9.105,22.5702380952,13.4652380952,11.705924369741176,3.872818833404844,9.105,0.0,1.625,1.625,0.2867647058823529,0.472318339100346,0.0,0.0,2.1106628,2.1106628,0.2172741117647059,0.3898153181660899,0.0,2.0,229.0,227.0,35.76470588235294,45.46712802768167,12.0,4,0.7349999411529295,0.7102634655426822,0.706029471877076,0.7058886490379743,0.7058824205664489,2.0,3.3529411764705883,0.6617647058823529,0.0,8.0,0.1176470588235294,130.97525937816832,0.0111442907249623,0.0001255954739206,4.846315383911133,1,0.1591426506721838,True,0.9302755002641481,0.12998936545001594,0.8891367963731243,0.1851025084498703,0.5329273206788482,19
BAT_02553,Li0-3Ni2P5O16,Ni2P5O16,Ni2P5O16,Li3Ni2P5O16,Li,5.065938405000002,146.4377737073372,428.4469532628063,741.844741766699,2170.485875039291,0.027142952387068,0.085535222336956,0.014403235128236,1,3,Ni-O-P,"Ni,P,O",mp-32393,mp-26191,"mp-32393,mp-26192,mp-26191",More than one working ion per transition metal,"['Ni', 'P', 'O']",True,True,False,False,True,False,True,0.085535222336956,8.0,28.0,20.0,11.26086956521739,4.536862003780718,8.0,61.0,87.0,26.0,83.8695652173913,4.355387523629492,87.0,15.9994,58.6934,42.694,22.967217826086955,9.694355236294896,15.9994,54.8,1728.0,1673.2,257.3608695652174,281.82381852551987,54.8,10.0,16.0,6.0,15.26086956521739,1.0283553875236298,16.0,2.0,4.0,2.0,2.391304347826087,0.5444234404536862,2.0,66.0,124.0,58.0,79.95652173913044,19.417769376181475,66.0,1.91,3.44,1.53,3.035217391304348,0.5631758034026465,3.44,2.0,2.0,0.0,2.0,0.0,2.0,0.0,4.0,4.0,3.4347826086956523,0.7863894139886578,4.0,0.0,8.0,8.0,0.6956521739130435,1.2703213610586013,0.0,0.0,0.0,0.0,0.0,0.0,0.0,5.0,10.0,5.0,6.130434782608695,0.6729678638941397,6.0,0.0,0.0,0.0,0.0,0.0,0.0,0.0,3.0,3.0,2.0434782608695654,0.4158790170132326,2.0,0.0,2.0,2.0,0.1739130434782608,0.3175803402646503,0.0,0.0,0.0,0.0,0.0,0.0,0.0,2.0,3.0,1.0,2.217391304347826,0.3402646502835539,2.0,9.105,22.5702380952,13.4652380952,12.137877846782608,4.535808803659735,9.105,0.0,1.625,1.625,0.3532608695652174,0.5529300567107751,0.0,0.0,0.5953947,0.5953947,0.051773452173913,0.0945428257088847,0.0,2.0,225.0,223.0,28.347826086956523,34.20037807183365,12.0,3,0.7339975224406144,0.7031015559657958,0.6960705572879647,0.6956811407431388,0.6956527918386096,2.0,3.4347826086956523,0.6956521739130435,0.0,3.0,0.1304347826086956,146.43777370231356,0.026425681420759,0.0007172709663089,4.974368095397949,2,0.09157030960205237,True,0.9948507365245429,0.19579454496926013,0.7349704205208731,0.14354890169588164,0.5328974488914919,20
BAT_00040,Li0-1VAsO5,VAsO5,VAsO5,LiVAsO5,Li,3.8472558033333377,125.946158856152,466.6035746693971,484.5470905668732,1795.1433105029182,0.010222359532899,0.0,0.0,1,3,As-O-V,"V,As,O",mp-510763,mp-17387,"mp-510763,mp-17387",,"['V', 'As', 'O']",True,True,False,False,False,False,True,0.0,8.0,33.0,25.0,13.714285714285714,8.16326530612245,8.0,46.0,87.0,41.0,80.71428571428571,9.91836734693878,87.0,15.9994,74.9216,58.9222,29.408585714285714,19.155979591836733,15.9994,54.8,2183.0,2128.2,506.7142857142857,645.5918367346939,54.8,5.0,16.0,11.0,14.285714285714286,2.653061224489796,16.0,2.0,4.0,2.0,2.5714285714285716,0.816326530612245,2.0,66.0,153.0,87.0,86.0,28.571428571428573,66.0,1.63,3.44,1.81,3.0014285714285713,0.626530612244898,3.44,2.0,2.0,0.0,2.0,0.0,2.0,0.0,4.0,4.0,3.2857142857142856,1.020408163265306,4.0,0.0,10.0,10.0,1.8571428571428572,2.653061224489796,0.0,0.0,0.0,0.0,0.0,0.0,0.0,5.0,15.0,10.0,7.142857142857143,2.2448979591836737,6.0,0.0,0.0,0.0,0.0,0.0,0.0,0.0,3.0,3.0,1.8571428571428572,0.5306122448979591,2.0,0.0,7.0,7.0,1.0,1.7142857142857142,0.0,0.0,0.0,0.0,0.0,0.0,0.0,2.0,7.0,5.0,2.857142857142857,1.2244897959183674,2.0,9.105,22.175,13.07,11.53,3.4642857142857144,9.105,0.0,0.0,0.0,0.0,0.0,0.0,0.0,0.0,0.0,0.0,0.0,0.0,12.0,229.0,217.0,65.0,75.71428571428571,12.0,3,0.7423074889580903,0.7180750993304971,0.7143771194604124,0.7142883265019526,0.7142857289142843,2.0,3.2857142857142856,1.8571428571428572,0.0,1.0,0.1428571428571428,125.94615885183136,0.0065652853688946,0.0036570741640043,3.6744637489318848,1,0.17279205440145295,True,0.3393267002560685,0.1085865808822336,0.9353321116298159,1.0,0.5214404066674538,21
BAT_01786,Li1-2MnF4,MnF4,LiMnF4,Li2MnF4,Li,4.033669358333332,185.0756451603413,595.8656530861147,746.5339588570413,2403.52502653674,0.035348434329255,0.098465577083333,0.0731715125,1,2,F-Mn,"Mn,F",mp-753485,mp-763349,"mp-753485,mp-763349",More than one working ion per transition metal,"['Mn', 'F']",True,False,False,True,False,False,True,0.098465577083333,9.0,25.0,16.0,12.2,5.119999999999999,9.0,52.0,93.0,41.0,84.8,13.12,93.0,18.9984032,54.938045,35.939641800000004,26.186331559999996,11.500685375999998,18.9984032,53.5,1519.0,1465.5,346.6,468.96,53.5,7.0,17.0,10.0,15.0,3.2,17.0,2.0,4.0,2.0,2.4,0.6399999999999999,2.0,57.0,139.0,82.0,73.4,26.24,57.0,1.55,3.98,2.4299999999999997,3.494,0.7776000000000002,3.98,2.0,2.0,0.0,2.0,0.0,2.0,0.0,5.0,5.0,4.0,1.6,5.0,0.0,5.0,5.0,1.0,1.6,0.0,0.0,0.0,0.0,0.0,0.0,0.0,7.0,7.0,0.0,7.0,0.0,7.0,0.0,0.0,0.0,0.0,0.0,0.0,0.0,1.0,1.0,0.8,0.3199999999999999,1.0,0.0,5.0,5.0,1.0,1.6,0.0,0.0,0.0,0.0,0.0,0.0,0.0,1.0,5.0,4.0,1.8,1.28,1.0,9.7075,10.4875862069,0.7800862069000001,9.86351724138,0.2496275862079993,9.7075,0.0,1.97,1.97,1.576,0.6304,1.97,0.0,0.000310120689655,0.000310120689655,6.2024137931e-05,9.92386206896e-05,0.0,15.0,217.0,202.0,55.4,64.64,15.0,2,0.8246211251235323,0.8041451517178116,0.8001561890005822,0.8000069752639724,0.8000000762939126,2.0,4.0,1.0,0.0,1.0,0.2,185.07564515399216,0.0353484343292558,-8.049116928532385e-16,4.862342357635498,2,-0.8286729993021664,True,0.9383576845675752,0.36022912616469205,0.6449531893727649,0.01407923737010397,0.5213825285682538,22
BAT_00958,Li1-2MnP2O7,MnP2O7,LiMnP2O7,Li2MnP2O7,Li,3.943506073333329,110.401669147061,305.83610823952915,435.3696527875719,1206.0665502872123,0.057256430655618,0.017101070681831,0.006747169999972,1,3,Mn-O-P,"Mn,P,O",mp-31960,mp-1101535,"mp-31960,mp-1101535",More than one working ion per transition metal,"['Mn', 'P', 'O']",True,True,False,False,True,False,True,0.017101070681831,8.0,25.0,17.0,11.1,4.34,8.0,52.0,87.0,35.0,82.7,6.139999999999998,87.0,15.9994,54.938045,38.938645,22.8881369,9.64423166,15.9994,54.8,1519.0,1464.2,253.71999999999997,278.48799999999994,54.8,7.0,16.0,9.0,14.9,1.5799999999999996,16.0,2.0,4.0,2.0,2.4,0.5599999999999999,2.0,66.0,139.0,73.0,81.5,21.7,66.0,1.55,3.44,1.89,3.001,0.6146,3.44,2.0,2.0,0.0,2.0,0.0,2.0,0.0,4.0,4.0,3.4,0.8400000000000001,4.0,0.0,5.0,5.0,0.5,0.9,0.0,0.0,0.0,0.0,0.0,0.0,0.0,5.0,7.0,2.0,5.9,0.3599999999999997,6.0,0.0,0.0,0.0,0.0,0.0,0.0,0.0,3.0,3.0,2.0,0.4,2.0,0.0,5.0,5.0,0.5,0.9,0.0,0.0,0.0,0.0,0.0,0.0,0.0,2.0,5.0,3.0,2.5,0.7,2.0,9.105,22.5702380952,13.4652380952,11.93630623973,4.253572742188,9.105,0.0,1.625,1.625,0.325,0.52,0.0,0.0,0.000310120689655,0.000310120689655,3.10120689655e-05,5.58217241379e-05,0.0,2.0,217.0,215.0,30.5,37.3,12.0,3,0.7348469228349533,0.7060696670652126,0.7002746698268968,0.7000156629758094,0.7000002540041405,2.0,3.4,0.5,0.0,1.0,0.1,110.4016691432736,0.0572564313096834,-6.540654406972378e-10,4.696592330932617,4,-0.7530862575992883,True,0.8547722062889114,0.04243253152369029,0.42393426747689367,0.8287695949402761,0.5197021938272144,23
BAT_01905,Li0-1VOF3,VOF3,VOF3,LiVOF3,Li,4.157885925833331,204.7835654934413,579.1951083741394,851.4667048071478,2408.2271894203454,0.007673147128671,0.020398917999999,0.045681405416661,1,3,F-O-V,"V,O,F",mp-753030,mp-756068,"mp-753030,mp-756068",,"['V', 'O', 'F']",True,True,False,True,False,False,True,0.045681405416661,8.0,23.0,15.0,11.6,4.56,9.0,46.0,93.0,47.0,82.4,14.559999999999995,93.0,15.9994,50.9415,34.942099999999996,24.78722192,10.461711232,18.9984032,53.5,2183.0,2129.5,479.66,681.336,53.5,5.0,17.0,12.0,14.4,3.7599999999999993,17.0,2.0,4.0,2.0,2.4,0.6399999999999999,2.0,57.0,153.0,96.0,78.0,30.0,57.0,1.63,3.98,2.35,3.4019999999999997,0.7088000000000002,3.98,2.0,2.0,0.0,2.0,0.0,2.0,0.0,5.0,5.0,3.8,1.52,5.0,0.0,3.0,3.0,0.6,0.96,0.0,0.0,0.0,0.0,0.0,0.0,0.0,5.0,7.0,2.0,6.4,0.72,7.0,0.0,0.0,0.0,0.0,0.0,0.0,0.0,2.0,2.0,1.0,0.4,1.0,0.0,7.0,7.0,1.4,2.24,0.0,0.0,0.0,0.0,0.0,0.0,0.0,1.0,7.0,6.0,2.4,1.84,1.0,9.105,13.01,3.9049999999999994,10.2475,1.104999999999999,9.7075,0.0,1.97,1.97,1.182,0.9456,1.97,0.0,0.0,0.0,0.0,0.0,0.0,12.0,229.0,217.0,57.2,68.72,15.0,3,0.6633249580710799,0.6144633651371695,0.6009844187491661,0.6000783545597032,0.6000020321795635,2.0,3.8,0.6,0.0,1.0,0.2,204.78356548641605,0.0076147182750038,5.842885366715011e-05,3.6146240234375,5,0.5432619023958312,True,0.3091503426710524,0.4441018526979823,0.9247449032365738,0.5425990747174184,0.5194444542015089,24
BAT_00293,Li1-2Ni(CO3)2,Ni(CO3)2,LiNi(CO3)2,Li2Ni(CO3)2,Li,4.3980102208333465,139.16109782361937,374.3857862173295,612.0319305706672,1646.5525143185437,0.007285311113242,0.077323372750001,0.042308470681818,1,3,C-Ni-O,"Ni,C,O",mp-763540,mp-766032,"mp-763540,mp-752720,mp-766032",More than one working ion per transition metal,"['Ni', 'C', 'O']",True,True,False,False,False,False,True,0.077323372750001,6.0,28.0,22.0,9.77777777777778,4.049382716049383,8.0,61.0,87.0,26.0,81.88888888888889,6.814814814814816,87.0,12.0107,58.6934,46.6827,19.8568,8.630355555555555,15.9994,54.8,3823.0,3768.2,1078.0888888888887,1364.3851851851853,54.8,10.0,16.0,6.0,14.88888888888889,1.4814814814814814,16.0,2.0,4.0,2.0,2.2222222222222223,0.3950617283950618,2.0,66.0,124.0,58.0,74.66666666666667,11.555555555555555,66.0,1.91,3.44,1.53,3.072222222222222,0.4903703703703704,3.44,2.0,2.0,0.0,2.0,0.0,2.0,0.0,4.0,4.0,3.111111111111111,1.1851851851851851,4.0,0.0,8.0,8.0,0.8888888888888888,1.5802469135802468,0.0,0.0,0.0,0.0,0.0,0.0,0.0,4.0,10.0,6.0,6.0,0.8888888888888888,6.0,0.0,0.0,0.0,0.0,0.0,0.0,0.0,4.0,4.0,2.2222222222222223,0.7901234567901235,2.0,0.0,2.0,2.0,0.2222222222222222,0.3950617283950617,0.0,0.0,0.0,0.0,0.0,0.0,0.0,2.0,4.0,2.0,2.4444444444444446,0.6913580246913581,2.0,5.64,10.32,4.680000000000001,8.47,1.257777777777778,9.105,0.0,4.496,4.496,0.9991111111111112,1.5541728395061731,0.0,0.0,0.5953947,0.5953947,0.0661549666666666,0.1176088296296296,0.0,12.0,225.0,213.0,76.11111111111111,85.48148148148147,12.0,3,0.7114582486036499,0.6758002217303778,0.6672315521896236,0.6667105455840667,0.6666677967664446,2.0,3.111111111111111,0.8888888888888888,0.0,1.0,0.1111111111111111,139.16109781884535,0.0072853116350043,-5.217623989112186e-10,4.576850891113281,5,-0.17884067027993478,True,0.7943882309969117,0.16482655666044732,0.9280681235429795,0.2257728955746836,0.5185326401207403,25
BAT_00453,Li0-6VCr3(PO4)6,VCr3(PO4)6,VCr3(PO4)6,Li6VCr3(PO4)6,Li,4.076617078333342,196.49084361015707,575.6344497309923,801.0179287972921,2346.6412286503787,0.010597324709673,0.047437102573526,0.043690441624986,1,4,Cr-O-P-V,"V,Cr,P,O",mp-774402,mp-1176888,"mp-774402,mp-1176888",More than one working ion per transition metal,"['V', 'Cr', 'P', 'O']",True,True,False,False,True,False,True,0.047437102573526,8.0,24.0,16.0,11.088235294117649,4.359861591695502,8.0,46.0,87.0,41.0,81.73529411764706,7.878892733564013,87.0,15.9994,51.9961,35.9967,22.84582270588235,9.665537937716262,15.9994,54.8,2183.0,2128.2,351.2352941176471,430.47404844290656,54.8,5.0,16.0,11.0,14.617647058823527,2.086505190311419,16.0,2.0,4.0,2.0,2.411764705882353,0.5813148788927335,2.0,66.0,153.0,87.0,82.23529411764706,22.920415224913494,66.0,1.63,3.44,1.81,3.0091176470588237,0.6083044982698961,3.44,1.0,2.0,1.0,1.911764705882353,0.1608996539792386,2.0,0.0,4.0,4.0,3.3529411764705883,0.9134948096885812,4.0,0.0,5.0,5.0,0.5294117647058824,0.9342560553633218,0.0,0.0,0.0,0.0,0.0,0.0,0.0,5.0,6.0,1.0,5.794117647058823,0.3269896193771627,6.0,0.0,1.0,1.0,0.088235294117647,0.1608996539792387,0.0,0.0,3.0,3.0,1.9411764705882353,0.4567474048442906,2.0,0.0,7.0,7.0,0.6470588235294118,1.1418685121107268,0.0,0.0,0.0,0.0,0.0,0.0,0.0,2.0,7.0,5.0,2.676470588235294,0.9550173010380624,2.0,9.105,22.5702380952,13.4652380952,11.7800420168,3.880654967858824,9.105,0.0,1.625,1.625,0.2867647058823529,0.472318339100346,0.0,0.0,0.0,0.0,0.0,0.0,0.0,2.0,229.0,227.0,35.76470588235294,45.46712802768167,12.0,4,0.7335272890199958,0.7100112054470428,0.7060244894293579,0.7058885556897373,0.7058824203250761,1.911764705882353,3.3529411764705883,0.5294117647058824,0.0,6.0,0.1764705882352941,196.49084360341627,0.010597324987708,-2.7803508280410666e-10,3.7370808124542236,1,0.33953626587911856,True,0.37090363153646144,0.408809788239757,0.8946548625692228,0.5250195476266614,0.5178489079720423,26
BAT_02040,Li0-2VF5,VF5,VF5,Li2VF5,Li,4.587971613333331,335.40524494960664,985.238006220814,1538.8297427919078,4520.244004918222,0.010795832500496,0.057544122083332,0.007267066562513,1,2,F-V,"V,F",mp-752600,mp-754000,"mp-752600,mp-754000",More than one working ion per transition metal,"['V', 'F']",True,False,False,True,False,False,True,0.057544122083332,9.0,23.0,14.0,11.333333333333334,3.8888888888888897,9.0,46.0,93.0,47.0,85.16666666666667,13.055555555555552,93.0,18.9984032,50.9415,31.9430968,24.322252666666667,8.873082444444446,18.9984032,53.5,2183.0,2129.5,408.4166666666667,591.5277777777778,53.5,5.0,17.0,12.0,15.0,3.3333333333333335,17.0,2.0,4.0,2.0,2.3333333333333335,0.5555555555555557,2.0,57.0,153.0,96.0,73.0,26.666666666666668,57.0,1.63,3.98,2.35,3.588333333333333,0.652777777777778,3.98,2.0,2.0,0.0,2.0,0.0,2.0,0.0,5.0,5.0,4.166666666666667,1.3888888888888886,5.0,0.0,3.0,3.0,0.5,0.8333333333333334,0.0,0.0,0.0,0.0,0.0,0.0,0.0,5.0,7.0,2.0,6.666666666666667,0.5555555555555554,7.0,0.0,0.0,0.0,0.0,0.0,0.0,0.0,1.0,1.0,0.8333333333333334,0.2777777777777777,1.0,0.0,7.0,7.0,1.1666666666666667,1.9444444444444449,0.0,0.0,0.0,0.0,0.0,0.0,0.0,1.0,7.0,6.0,2.0,1.6666666666666667,1.0,9.7075,13.01,3.3025,10.257916666666665,0.9173611111111102,9.7075,0.0,1.97,1.97,1.6416666666666666,0.5472222222222222,1.97,0.0,0.0,0.0,0.0,0.0,0.0,15.0,229.0,214.0,50.666666666666664,59.44444444444443,15.0,2,0.8498365855987975,0.8355496558274309,0.8333866598413104,0.8333348571344981,0.8333333418666663,2.0,4.166666666666667,0.5,0.0,2.0,0.3333333333333333,335.4052449381003,0.0977007949175839,-0.0869049624170879,3.813814640045166,2,0.7741569732881652,True,0.4095994544387329,1.0,0.015911131022713576,0.42381950718420436,0.5108259639730035,27
BAT_01928,Li0-1VOF3,VOF3,VOF3,LiVOF3,Li,4.452488713333335,204.7835654934413,642.2040061731748,911.7965140357052,2859.4060891435124,0.004595965023352,0.0536463695,0.02428715041666,1,3,F-O-V,"V,O,F",mp-760367,mp-764721,"mp-760367,mp-764721",,"['V', 'O', 'F']",True,True,False,True,False,False,True,0.0536463695,8.0,23.0,15.0,11.6,4.56,9.0,46.0,93.0,47.0,82.4,14.559999999999995,93.0,15.9994,50.9415,34.942099999999996,24.78722192,10.461711232,18.9984032,53.5,2183.0,2129.5,479.66,681.336,53.5,5.0,17.0,12.0,14.4,3.7599999999999993,17.0,2.0,4.0,2.0,2.4,0.6399999999999999,2.0,57.0,153.0,96.0,78.0,30.0,57.0,1.63,3.98,2.35,3.4019999999999997,0.7088000000000002,3.98,2.0,2.0,0.0,2.0,0.0,2.0,0.0,5.0,5.0,3.8,1.52,5.0,0.0,3.0,3.0,0.6,0.96,0.0,0.0,0.0,0.0,0.0,0.0,0.0,5.0,7.0,2.0,6.4,0.72,7.0,0.0,0.0,0.0,0.0,0.0,0.0,0.0,2.0,2.0,1.0,0.4,1.0,0.0,7.0,7.0,1.4,2.24,0.0,0.0,0.0,0.0,0.0,0.0,0.0,1.0,7.0,6.0,2.4,1.84,1.0,9.105,13.01,3.9049999999999994,10.2475,1.104999999999999,9.7075,0.0,1.97,1.97,1.182,0.9456,1.97,0.0,0.0,0.0,0.0,0.0,0.0,12.0,229.0,217.0,57.2,68.72,15.0,3,0.6633249580710799,0.6144633651371695,0.6009844187491661,0.6000783545597032,0.6000020321795635,2.0,3.8,0.6,0.0,1.0,0.2,204.78356548641605,0.0045959641592859,8.640660565523151e-10,3.6146240234375,5,0.8378646898958353,True,0.3091503426710524,0.4441018526979823,0.9551996171349173,0.4628471076241941,0.5095850035625327,28
BAT_00934,Li0-1MnP2O7,MnP2O7,MnP2O7,LiMnP2O7,Li,4.536827918333333,113.65114030113016,354.3799116181087,515.6156662685861,1607.760676725535,0.051294483460389,0.030568915249999,0.013826801590922,1,3,Mn-O-P,"Mn,P,O",mp-26340,mp-26339,"mp-26340,mp-26339",,"['Mn', 'P', 'O']",True,True,False,False,True,False,True,0.030568915249999,8.0,25.0,17.0,11.1,4.34,8.0,52.0,87.0,35.0,82.7,6.139999999999998,87.0,15.9994,54.938045,38.938645,22.8881369,9.64423166,15.9994,54.8,1519.0,1464.2,253.71999999999997,278.48799999999994,54.8,7.0,16.0,9.0,14.9,1.5799999999999996,16.0,2.0,4.0,2.0,2.4,0.5599999999999999,2.0,66.0,139.0,73.0,81.5,21.7,66.0,1.55,3.44,1.89,3.001,0.6146,3.44,2.0,2.0,0.0,2.0,0.0,2.0,0.0,4.0,4.0,3.4,0.8400000000000001,4.0,0.0,5.0,5.0,0.5,0.9,0.0,0.0,0.0,0.0,0.0,0.0,0.0,5.0,7.0,2.0,5.9,0.3599999999999997,6.0,0.0,0.0,0.0,0.0,0.0,0.0,0.0,3.0,3.0,2.0,0.4,2.0,0.0,5.0,5.0,0.5,0.9,0.0,0.0,0.0,0.0,0.0,0.0,0.0,2.0,5.0,3.0,2.5,0.7,2.0,9.105,22.5702380952,13.4652380952,11.93630623973,4.253572742188,9.105,0.0,1.625,1.625,0.325,0.52,0.0,0.0,0.000310120689655,0.000310120689655,3.10120689655e-05,5.58217241379e-05,0.0,2.0,217.0,215.0,30.5,37.3,12.0,3,0.7348469228349533,0.7060696670652126,0.7002746698268968,0.7000156629758094,0.7000002540041405,2.0,3.4,0.5,0.0,1.0,0.1,113.65114029723128,0.0512944833645371,9.585190280381184e-11,4.696592330932617,4,-0.15976441259928453,True,0.8547722062889114,0.05626159115436659,0.48408140499990704,0.6939181272401324,0.5089100456809912,29
BAT_00956,Li1-2Mn(PO4)2,Mn(PO4)2,LiMn(PO4)2,Li2Mn(PO4)2,Li,5.18018951833334,103.57549213489786,293.42896048903117,536.5406787134152,1520.017625500727,0.002805136997757,0.079415136458342,0.004694524423081,1,3,Mn-O-P,"Mn,P,O",mp-753867,mp-753291,"mp-753867,mp-753291",More than one working ion per transition metal,"['Mn', 'P', 'O']",True,True,False,False,True,False,True,0.079415136458342,8.0,25.0,17.0,10.818181818181818,4.099173553719009,8.0,52.0,87.0,35.0,83.0909090909091,5.685950413223139,87.0,15.9994,54.938045,38.938645,22.26188809090909,9.10907358677686,15.9994,54.8,1519.0,1464.2,235.63636363636363,263.03471074380167,54.8,7.0,16.0,9.0,15.0,1.4545454545454546,16.0,2.0,4.0,2.0,2.363636363636364,0.5289256198347108,2.0,66.0,139.0,73.0,80.0909090909091,20.495867768595044,66.0,1.55,3.44,1.89,3.040909090909091,0.580495867768595,3.44,2.0,2.0,0.0,2.0,0.0,2.0,0.0,4.0,4.0,3.4545454545454546,0.793388429752066,4.0,0.0,5.0,5.0,0.4545454545454545,0.8264462809917356,0.0,0.0,0.0,0.0,0.0,0.0,0.0,5.0,7.0,2.0,5.909090909090909,0.3305785123966941,6.0,0.0,0.0,0.0,0.0,0.0,0.0,0.0,3.0,3.0,2.0,0.3636363636363636,2.0,0.0,5.0,5.0,0.4545454545454545,0.8264462809917356,0.0,0.0,0.0,0.0,0.0,0.0,0.0,2.0,5.0,3.0,2.4545454545454546,0.6611570247933884,2.0,9.105,22.5702380952,13.4652380952,11.678914763390909,3.960481211566942,9.105,0.0,1.625,1.625,0.2954545454545454,0.4834710743801653,0.0,0.0,0.000310120689655,0.000310120689655,2.8192789968636364e-05,5.125961812479339e-05,0.0,2.0,217.0,215.0,28.818181818181817,34.214876033057855,12.0,3,0.7551476239016431,0.7315093629975883,0.7274191526747597,0.7272791179607141,0.7272727966985622,2.0,3.4545454545454546,0.4545454545454545,0.0,1.0,0.0909090909090909,103.57549213134462,0.0027972903724969,7.84662526002967e-06,4.726718902587891,3,0.45347061574544956,True,0.8699646255650567,0.01338177080758304,0.9733455453799151,0.20482838550672622,0.5006387050891202,30
BAT_02056,Li1-2VF4,VF4,LiVF4,Li2VF4,Li,2.402084283333335,190.3282961313768,568.0794695428623,457.184608810793,1364.5747654732477,0.006091666999104,0.082772888333333,0.061920437142855,1,2,F-V,"V,F",mp-753373,mp-760339,"mp-753373,mp-760339",More than one working ion per transition metal,"['V', 'F']",True,False,False,True,False,False,True,0.082772888333333,9.0,23.0,14.0,11.8,4.48,9.0,46.0,93.0,47.0,83.6,15.040000000000004,93.0,18.9984032,50.9415,31.9430968,25.38702256,10.221790976,18.9984032,53.5,2183.0,2129.5,479.4,681.4399999999999,53.5,5.0,17.0,12.0,14.6,3.8400000000000007,17.0,2.0,4.0,2.0,2.4,0.6399999999999999,2.0,57.0,153.0,96.0,76.2,30.72000000000001,57.0,1.63,3.98,2.35,3.51,0.7519999999999999,3.98,2.0,2.0,0.0,2.0,0.0,2.0,0.0,5.0,5.0,4.0,1.6,5.0,0.0,3.0,3.0,0.6,0.96,0.0,0.0,0.0,0.0,0.0,0.0,0.0,5.0,7.0,2.0,6.6,0.6400000000000002,7.0,0.0,0.0,0.0,0.0,0.0,0.0,0.0,1.0,1.0,0.8,0.3199999999999999,1.0,0.0,7.0,7.0,1.4,2.24,0.0,0.0,0.0,0.0,0.0,0.0,0.0,1.0,7.0,6.0,2.2,1.9200000000000004,1.0,9.7075,13.01,3.3025,10.368,1.0567999999999995,9.7075,0.0,1.97,1.97,1.576,0.6304,1.97,0.0,0.0,0.0,0.0,0.0,0.0,15.0,229.0,214.0,57.8,68.47999999999999,15.0,2,0.8246211251235323,0.8041451517178116,0.8001561890005822,0.8000069752639724,0.8000000762939126,2.0,4.0,0.6,0.0,1.0,0.2,190.32829612484747,0.0060916646327142,2.36638971699149e-09,4.070563793182373,4,-1.6684795098490381,True,0.5390745513030301,0.3825832939826206,0.9401102364666799,0.17120772956407748,0.4987609467918466,31
BAT_01450,Li2-14MgCo13O28,MgCo13O28,Li2MgCo13O28,Li14MgCo13O28,Li,3.73865790916667,240.8050931328805,1157.159594134468,900.2878660088604,4326.223868778924,0.057859109581875,0.02804946789773,0.007876497589285,1,3,Co-Mg-O,"Mg,Co,O",mp-760219,mp-769537,"mp-760219,mp-769527,mp-777406,mp-769537",More than one working ion per transition metal,"['Mg', 'Co', 'O']",True,True,False,False,False,False,True,0.02804946789773,8.0,27.0,19.0,13.976190476190476,8.062358276643991,8.0,58.0,87.0,29.0,77.57142857142857,12.571428571428571,87.0,15.9994,58.933195,42.933795,29.486184166666664,18.229101944444444,15.9994,54.8,1768.0,1713.2,605.7476190476191,734.5968253968255,54.8,2.0,16.0,14.0,13.5,3.3333333333333335,16.0,2.0,4.0,2.0,2.642857142857143,0.8571428571428571,2.0,66.0,141.0,75.0,86.35714285714286,27.142857142857142,66.0,1.31,3.44,2.13,2.906428571428571,0.7114285714285715,3.44,2.0,2.0,0.0,2.0,0.0,2.0,0.0,4.0,4.0,2.6666666666666665,1.7777777777777777,4.0,0.0,7.0,7.0,2.1666666666666665,2.9920634920634925,0.0,0.0,0.0,0.0,0.0,0.0,0.0,2.0,9.0,7.0,6.833333333333333,1.3412698412698412,6.0,0.0,0.0,0.0,0.0,0.0,0.0,0.0,2.0,2.0,1.3333333333333333,0.8888888888888887,2.0,0.0,3.0,3.0,0.9285714285714286,1.2823129251700678,0.0,0.0,0.0,0.0,0.0,0.0,0.0,0.0,3.0,3.0,2.261904761904762,0.4569160997732426,2.0,9.105,22.89,13.785,9.786071428571429,0.9080952380952376,9.105,0.0,0.0,0.0,0.0,0.0,0.0,0.0,1.5484712,1.5484712,0.4792887047619047,0.6618748780045351,0.0,12.0,194.0,182.0,72.66666666666667,80.88888888888889,12.0,3,0.7354021529276429,0.6882133422826646,0.6695186743346596,0.667108688787819,0.6666976887534162,2.0,2.6666666666666665,2.1666666666666665,0.0,12.0,0.2857142857142857,240.80509312461948,0.0546945320669987,0.0031645775148762,3.551701545715332,3,0.18695636345133781,True,0.27741939517435094,0.5974018298619761,0.4497799990209451,0.7191449682188096,0.496231360958849,32
BAT_02082,Li0-1VF5,VF5,VF5,LiVF5,Li,4.68927737333333,175.31686671285286,463.5196846793617,822.1094162402762,2173.572369461531,0.016625853147931,0.005471208541666,0.029048278749997,1,2,F-V,"V,F",mp-760312,mp-759086,"mp-760312,mp-759086",,"['V', 'F']",True,False,False,True,False,False,True,0.029048278749997,9.0,23.0,14.0,11.333333333333334,3.8888888888888897,9.0,46.0,93.0,47.0,85.16666666666667,13.055555555555552,93.0,18.9984032,50.9415,31.9430968,24.322252666666667,8.873082444444446,18.9984032,53.5,2183.0,2129.5,408.4166666666667,591.5277777777778,53.5,5.0,17.0,12.0,15.0,3.3333333333333335,17.0,2.0,4.0,2.0,2.3333333333333335,0.5555555555555557,2.0,57.0,153.0,96.0,73.0,26.666666666666668,57.0,1.63,3.98,2.35,3.588333333333333,0.652777777777778,3.98,2.0,2.0,0.0,2.0,0.0,2.0,0.0,5.0,5.0,4.166666666666667,1.3888888888888886,5.0,0.0,3.0,3.0,0.5,0.8333333333333334,0.0,0.0,0.0,0.0,0.0,0.0,0.0,5.0,7.0,2.0,6.666666666666667,0.5555555555555554,7.0,0.0,0.0,0.0,0.0,0.0,0.0,0.0,1.0,1.0,0.8333333333333334,0.2777777777777777,1.0,0.0,7.0,7.0,1.1666666666666667,1.9444444444444449,0.0,0.0,0.0,0.0,0.0,0.0,0.0,1.0,7.0,6.0,2.0,1.6666666666666667,1.0,9.7075,13.01,3.3025,10.257916666666665,0.9173611111111102,9.7075,0.0,1.97,1.97,1.6416666666666666,0.5472222222222222,1.97,0.0,0.0,0.0,0.0,0.0,0.0,15.0,229.0,214.0,50.666666666666664,59.44444444444443,15.0,2,0.8498365855987975,0.8355496558274309,0.8333866598413104,0.8333348571344981,0.8333333418666663,2.0,4.166666666666667,0.5,0.0,1.0,0.1666666666666666,175.31686670683848,0.0166258526215351,5.263958713364048e-10,3.5962839126586914,2,1.0929934606746388,True,0.2999016748932888,0.318697836094959,0.8338360355701911,0.7091440279271919,0.494175865995951,33
BAT_02326,Li0-6Fe3Sb(PO4)6,Fe3Sb(PO4)6,Fe3Sb(PO4)6,Li6Fe3Sb(PO4)6,Li,3.9572313316666663,178.52396803848805,551.8048842029468,706.4606397753635,2183.619576734598,0.001921936363528,0.06574333499999,0.073889446256248,1,4,Fe-O-P-Sb,"Fe,Sb,P,O",mp-775128,mp-757289,"mp-775128,mp-757289",More than one working ion per transition metal,"['Fe', 'Sb', 'P', 'O']",True,True,False,False,True,False,True,0.073889446256248,8.0,51.0,43.0,12.088235294117649,5.771626297577855,8.0,55.0,87.0,32.0,83.41176470588235,5.159169550173012,87.0,15.9994,121.76,105.7606,25.268328588235295,13.085546242214534,15.9994,54.8,1811.0,1756.2,281.0523529411764,319.41508650519023,54.8,8.0,16.0,8.0,15.088235294117649,1.28719723183391,16.0,2.0,5.0,3.0,2.4411764705882355,0.6228373702422146,2.0,66.0,139.0,73.0,81.20588235294117,21.46712802768166,66.0,1.83,3.44,1.61,3.0364705882352943,0.5696885813148789,3.44,2.0,2.0,0.0,2.0,0.0,2.0,0.0,4.0,4.0,3.4411764705882355,0.7889273356401383,4.0,0.0,10.0,10.0,0.8235294117647058,1.453287197231834,0.0,0.0,0.0,0.0,0.0,0.0,0.0,5.0,15.0,10.0,6.264705882352941,0.8200692041522492,6.0,0.0,0.0,0.0,0.0,0.0,0.0,0.0,3.0,3.0,2.0294117647058822,0.3996539792387543,2.0,0.0,4.0,4.0,0.3529411764705882,0.643598615916955,0.0,0.0,0.0,0.0,0.0,0.0,0.0,2.0,4.0,2.0,2.3823529411764706,0.5397923875432525,2.0,9.105,31.56,22.455,12.285042016800002,4.763890261976472,9.105,0.0,1.625,1.625,0.2867647058823529,0.472318339100346,0.0,0.0,2.1106628,2.1106628,0.1862349529411764,0.3396049141868512,0.0,2.0,229.0,227.0,33.911764705882355,42.197231833910045,12.0,4,0.7335272890199958,0.7100112054470428,0.7060244894293579,0.7058885556897373,0.7058824203250761,2.0,3.4411764705882355,0.8235294117647058,0.0,6.0,0.1764705882352941,178.52396803236363,0.0019182504498417,3.6859136862564448e-06,3.9610414505004883,4,-0.003810118833821985,True,0.483843927348591,0.3323465787275227,0.9822137434256906,0.26015627632378213,0.4933311557727286,34
BAT_01522,Li0-4Co3Ni(PO4)4,Co3Ni(PO4)4,Co3Ni(PO4)4,Li4Co3Ni(PO4)4,Li,4.490021620833336,166.69079675148035,614.5748640534283,748.445281408082,2759.4544272206017,0.047824612818544,0.068686823958316,0.03060192580357,1,4,Co-Ni-O-P,"Co,Ni,P,O",mp-775307,mp-770952,"mp-775307,mp-770952",,"['Co', 'Ni', 'P', 'O']",True,True,False,False,True,False,True,0.068686823958316,8.0,28.0,20.0,12.375,5.833333333333333,8.0,58.0,87.0,29.0,81.625,7.625,87.0,15.9994,58.933195,42.933795,25.640768041666664,12.85515738888889,15.9994,54.8,1768.0,1713.2,382.4166666666667,458.52777777777777,54.8,9.0,16.0,7.0,14.708333333333334,1.819444444444444,16.0,2.0,4.0,2.0,2.5,0.6666666666666666,2.0,66.0,126.0,60.0,82.75,22.333333333333332,66.0,1.88,3.44,1.56,2.9729166666666664,0.6227777777777779,3.44,2.0,2.0,0.0,2.0,0.0,2.0,0.0,4.0,4.0,3.1666666666666665,1.1111111111111112,4.0,0.0,8.0,8.0,1.2083333333333333,2.013888888888889,0.0,0.0,0.0,0.0,0.0,0.0,0.0,5.0,10.0,5.0,6.375,0.9583333333333334,6.0,0.0,0.0,0.0,0.0,0.0,0.0,0.0,3.0,3.0,1.8333333333333333,0.6111111111111112,2.0,0.0,3.0,3.0,0.4583333333333333,0.7638888888888888,0.0,0.0,0.0,0.0,0.0,0.0,0.0,2.0,3.0,1.0,2.2916666666666665,0.4131944444444443,2.0,9.105,22.5702380952,13.4652380952,11.5423313492,3.6759689153333337,9.105,0.0,1.625,1.625,0.2708333333333333,0.4513888888888888,0.0,0.0,1.5484712,1.5484712,0.2183670125,0.3639450208333333,0.0,2.0,225.0,223.0,41.958333333333336,53.26388888888889,12.0,4,0.699702317656111,0.671621075649736,0.6668278232712366,0.666673255622863,0.6666667338253014,2.0,3.1666666666666665,1.2083333333333333,0.0,4.0,0.1666666666666666,166.69079674576187,0.0478246133688926,-5.503486902314059e-10,4.593386650085449,2,-0.10336502925211288,True,0.802726988762948,0.28198711295934215,0.5190872033958684,0.3122493376309977,0.49168153872206033,35
BAT_01911,Li1-4V3OF11,V3OF11,LiV3OF11,Li4V3OF11,Li,4.052507453333334,198.25030693243775,633.055113820987,803.4108464693252,2565.460567130332,0.02913706885626,0.059031770195316,0.0369198575,1,3,F-O-V,"V,O,F",mp-752815,mp-765238,"mp-752815,mp-765238",More than one working ion per transition metal,"['V', 'O', 'F']",True,True,False,True,False,False,True,0.059031770195316,8.0,23.0,15.0,11.733333333333333,4.506666666666666,9.0,46.0,93.0,47.0,83.2,14.88,93.0,15.9994,50.9415,34.942099999999996,25.187089013333335,10.301764394666668,18.9984032,53.5,2183.0,2129.5,479.4866666666667,681.4053333333334,53.5,5.0,17.0,12.0,14.533333333333331,3.8133333333333335,17.0,2.0,4.0,2.0,2.4,0.64,2.0,57.0,153.0,96.0,76.8,30.48,57.0,1.63,3.98,2.35,3.474,0.7421333333333334,3.98,2.0,2.0,0.0,2.0,0.0,2.0,0.0,5.0,5.0,3.933333333333333,1.5733333333333337,5.0,0.0,3.0,3.0,0.6,0.96,0.0,0.0,0.0,0.0,0.0,0.0,0.0,5.0,7.0,2.0,6.533333333333333,0.6844444444444445,7.0,0.0,0.0,0.0,0.0,0.0,0.0,0.0,2.0,2.0,0.8666666666666667,0.3466666666666666,1.0,0.0,7.0,7.0,1.4,2.24,0.0,0.0,0.0,0.0,0.0,0.0,0.0,1.0,7.0,6.0,2.2666666666666666,1.893333333333333,1.0,9.105,13.01,3.9049999999999994,10.327833333333334,1.0728666666666673,9.7075,0.0,1.97,1.97,1.4446666666666663,0.7704888888888889,1.97,0.0,0.0,0.0,0.0,0.0,0.0,12.0,229.0,217.0,57.6,68.56,15.0,3,0.7630348761506398,0.7384400219276852,0.7335554058380228,0.7333450953288772,0.733333500286258,2.0,3.933333333333333,0.6,0.0,3.0,0.2,198.2503069256366,0.0283121355404092,0.0008249333158507,3.927870750427246,5,0.12463670290608775,True,0.4671163956213707,0.4162976907470121,0.7159389200097309,0.40892391418066265,0.48999679274859353,36
BAT_00774,Li0-4MnH6(S2O9)2,MnH6(S2O9)2,MnH6(S2O9)2,Li4MnH6(S2O9)2,Li,4.629674714583328,212.2894282854814,468.3860201210281,982.830998306644,2168.474914018642,0.034771936912155,0.073303116551715,0.062775461249995,1,4,H-Mn-O-S,"Mn,H,S,O",mp-779879,mp-777769,"mp-779879,mp-777769",More than one working ion per transition metal,"['Mn', 'H', 'S', 'O']",True,True,True,False,False,False,True,0.073303116551715,1.0,25.0,24.0,8.241379310344827,3.296076099881094,8.0,52.0,92.0,40.0,86.96551724137932,2.4114149821640845,87.0,1.00794,54.938045,53.930105000000005,16.456375344827585,6.9597357431629,15.9994,14.01,1519.0,1504.99,142.85862068965517,162.63082045184305,54.8,1.0,16.0,15.0,12.586206896551724,5.179548156956004,16.0,1.0,4.0,3.0,2.0,0.4137931034482758,2.0,31.0,139.0,108.0,66.65517241379311,15.567181926278243,66.0,1.55,3.44,1.89,2.999655172413793,0.5466349583828773,3.44,1.0,2.0,1.0,1.793103448275862,0.3281807372175981,2.0,0.0,4.0,4.0,3.0344827586206895,1.464922711058264,4.0,0.0,5.0,5.0,0.1724137931034483,0.3329369797859691,0.0,0.0,0.0,0.0,0.0,0.0,0.0,1.0,7.0,6.0,5.0,1.6551724137931034,6.0,0.0,1.0,1.0,0.2068965517241379,0.3281807372175981,0.0,0.0,2.0,2.0,1.5172413793103448,0.7324613555291319,2.0,0.0,5.0,5.0,0.1724137931034483,0.3329369797859691,0.0,0.0,0.0,0.0,0.0,0.0,0.0,1.0,5.0,4.0,1.896551724137931,0.3709869203329369,2.0,6.615,25.786875,19.171875,10.938451248513791,4.0961168969617106,9.105,0.0,7.853,7.853,1.9284827586206896,2.5269774078478,0.0,0.0,0.000310120689655,0.000310120689655,1.0693816884655172e-05,2.0650129156575504e-05,0.0,12.0,217.0,205.0,64.72413793103448,65.45065398335315,12.0,4,0.6695340634119862,0.6305024822415193,0.6212667755114512,0.6207325634708605,0.6206907245359561,1.793103448275862,3.0344827586206895,0.1724137931034483,0.0,4.0,0.1379310344827586,212.28942827819864,0.0336034788650315,0.0011684580471234,4.057392597198486,3,0.5722821173848418,True,0.5324324967723925,0.47604521185069065,0.6625571800892013,0.26602710597378776,0.48826016979952275,37
BAT_00654,Li1-2FeF4,FeF4,LiFeF4,Li2FeF4,Li,3.153068693333328,183.92374716505373,573.3801501980706,579.9242091466855,1807.9070009682985,0.005446910756986,0.064319857499988,0.097964054999999,1,2,F-Fe,"Fe,F",mp-755299,mp-755356,"mp-755299,mp-755356",More than one working ion per transition metal,"['Fe', 'F']",True,False,False,True,False,False,True,0.097964054999999,9.0,26.0,17.0,12.4,5.44,9.0,55.0,93.0,38.0,85.4,12.159999999999997,93.0,18.9984032,55.845,36.8465968,26.367722559999997,11.790910976,18.9984032,53.5,1811.0,1757.5,405.0,562.4,53.5,8.0,17.0,9.0,15.2,2.8800000000000003,17.0,2.0,4.0,2.0,2.4,0.6399999999999999,2.0,57.0,132.0,75.0,72.0,24.0,57.0,1.83,3.98,2.15,3.55,0.6880000000000001,3.98,2.0,2.0,0.0,2.0,0.0,2.0,0.0,5.0,5.0,4.0,1.6,5.0,0.0,6.0,6.0,1.2,1.92,0.0,0.0,0.0,0.0,0.0,0.0,0.0,7.0,8.0,1.0,7.2,0.3200000000000001,7.0,0.0,0.0,0.0,0.0,0.0,0.0,0.0,1.0,1.0,0.8,0.3199999999999999,1.0,0.0,4.0,4.0,0.8,1.28,0.0,0.0,0.0,0.0,0.0,0.0,0.0,1.0,4.0,3.0,1.6,0.9600000000000002,1.0,9.7075,10.73,1.0225000000000009,9.912,0.3272000000000009,9.7075,0.0,1.97,1.97,1.576,0.6304,1.97,0.0,2.1106628,2.1106628,0.42213256,0.675412096,0.0,15.0,229.0,214.0,57.8,68.47999999999999,15.0,2,0.8246211251235323,0.8041451517178116,0.8001561890005822,0.8000069752639724,0.8000000762939126,2.0,4.0,1.2,0.0,1.0,0.2,183.92374715874405,0.0054174017018855,2.9509055100470673e-05,4.247036933898926,2,-1.093968240565598,True,0.6280675497570968,0.3553268927519285,0.946912540948429,0.019100901280710292,0.48822102119853544,38
BAT_02067,Li0-1VF5,VF5,VF5,LiVF5,Li,5.067682328333331,175.31686671285286,485.42489458402054,888.4501872994944,2459.979160016511,0.073079823650144,0.037283077083333,0.002257743928568,1,2,F-V,"V,F",mp-757128,mp-761275,"mp-757128,mp-1443442,mp-761275",,"['V', 'F']",True,False,False,True,False,False,True,0.037283077083333,9.0,23.0,14.0,11.333333333333334,3.8888888888888897,9.0,46.0,93.0,47.0,85.16666666666667,13.055555555555552,93.0,18.9984032,50.9415,31.9430968,24.322252666666667,8.873082444444446,18.9984032,53.5,2183.0,2129.5,408.4166666666667,591.5277777777778,53.5,5.0,17.0,12.0,15.0,3.3333333333333335,17.0,2.0,4.0,2.0,2.3333333333333335,0.5555555555555557,2.0,57.0,153.0,96.0,73.0,26.666666666666668,57.0,1.63,3.98,2.35,3.588333333333333,0.652777777777778,3.98,2.0,2.0,0.0,2.0,0.0,2.0,0.0,5.0,5.0,4.166666666666667,1.3888888888888886,5.0,0.0,3.0,3.0,0.5,0.8333333333333334,0.0,0.0,0.0,0.0,0.0,0.0,0.0,5.0,7.0,2.0,6.666666666666667,0.5555555555555554,7.0,0.0,0.0,0.0,0.0,0.0,0.0,0.0,1.0,1.0,0.8333333333333334,0.2777777777777777,1.0,0.0,7.0,7.0,1.1666666666666667,1.9444444444444449,0.0,0.0,0.0,0.0,0.0,0.0,0.0,1.0,7.0,6.0,2.0,1.6666666666666667,1.0,9.7075,13.01,3.3025,10.257916666666665,0.9173611111111102,9.7075,0.0,1.97,1.97,1.6416666666666666,0.5472222222222222,1.97,0.0,0.0,0.0,0.0,0.0,0.0,15.0,229.0,214.0,50.666666666666664,59.44444444444443,15.0,2,0.8498365855987975,0.8355496558274309,0.8333866598413104,0.8333348571344981,0.8333333418666663,2.0,4.166666666666667,0.5,0.0,1.0,0.1666666666666666,175.31686670683848,0.0115466914567224,0.0615331321934215,3.5962839126586914,2,1.4713984156746394,True,0.2999016748932888,0.318697836094959,0.8850771748576026,0.6266902517609799,0.48793333862019084,39
BAT_02278,Li0-1FePO4,FePO4,FePO4,LiFePO4,Li,3.33833296833333,169.89052558677983,482.13429141027206,567.1511425738244,1609.5248001789405,0.061233715544775,0.006887935833333,0.008219499285714,1,3,Fe-O-P,"Fe,P,O",mp-504276,mp-756958,"mp-504276,mp-753877,mp-757359,mp-756958,mp-26559",,"['Fe', 'P', 'O']",True,True,False,False,True,False,True,0.008219499285714,8.0,26.0,18.0,12.166666666666666,5.5555555555555545,8.0,55.0,87.0,32.0,81.0,8.666666666666666,87.0,15.9994,55.845,39.8456,25.136060333333333,12.182213777777775,15.9994,54.8,1811.0,1756.2,391.25,473.25,54.8,8.0,16.0,8.0,14.5,2.1666666666666665,16.0,2.0,4.0,2.0,2.5,0.6666666666666666,2.0,66.0,132.0,66.0,83.83333333333333,23.777777777777775,66.0,1.83,3.44,1.61,2.963333333333334,0.6355555555555555,3.44,2.0,2.0,0.0,2.0,0.0,2.0,0.0,4.0,4.0,3.1666666666666665,1.1111111111111112,4.0,0.0,6.0,6.0,1.0,1.6666666666666667,0.0,0.0,0.0,0.0,0.0,0.0,0.0,5.0,8.0,3.0,6.166666666666667,0.6111111111111113,6.0,0.0,0.0,0.0,0.0,0.0,0.0,0.0,3.0,3.0,1.8333333333333333,0.6111111111111112,2.0,0.0,4.0,4.0,0.6666666666666666,1.111111111111111,0.0,0.0,0.0,0.0,0.0,0.0,0.0,2.0,4.0,2.0,2.5,0.6666666666666666,2.0,9.105,22.5702380952,13.4652380952,11.620039682533331,3.650066137555555,9.105,0.0,1.625,1.625,0.2708333333333333,0.4513888888888888,0.0,0.0,2.1106628,2.1106628,0.3517771333333333,0.5862952222222222,0.0,2.0,229.0,227.0,46.5,60.833333333333336,12.0,3,0.7071067811865476,0.6735400034370317,0.6669268801209055,0.6666782918025496,0.666666793823133,2.0,3.1666666666666665,1.0,0.0,1.0,0.1666666666666666,169.89052558095162,0.0032628756600656,0.0579708398847093,3.1412501335144043,5,0.19708283481892552,True,0.07043434496698811,0.2956044798376233,0.9686484862009794,0.9176994108575763,0.48708122685309463,40
BAT_01425,Li0-4FeCo5O12,FeCo5O12,FeCo5O12,Li4FeCo5O12,Li,3.788066720833328,187.9922543079969,848.2347718257155,712.127202318559,3213.169910606645,0.005294060432553,0.06873653625,0.073710526278405,1,3,Co-Fe-O,"Fe,Co,O",mp-756471,mp-756543,"mp-756471,mp-756543",,"['Fe', 'Co', 'O']",True,True,False,False,False,False,True,0.073710526278405,8.0,27.0,19.0,14.27777777777778,8.370370370370372,8.0,55.0,87.0,32.0,77.16666666666667,13.111111111111107,87.0,15.9994,58.933195,42.933795,30.139098611111113,18.85293148148148,15.9994,54.8,1811.0,1756.2,628.2555555555556,764.6074074074074,54.8,8.0,16.0,8.0,13.61111111111111,3.185185185185185,16.0,2.0,4.0,2.0,2.6666666666666665,0.8888888888888888,2.0,66.0,132.0,66.0,86.33333333333333,27.11111111111111,66.0,1.83,3.44,1.61,2.917222222222222,0.697037037037037,3.44,2.0,2.0,0.0,2.0,0.0,2.0,0.0,4.0,4.0,2.6666666666666665,1.7777777777777777,4.0,0.0,7.0,7.0,2.2777777777777777,3.0370370370370368,0.0,0.0,0.0,0.0,0.0,0.0,0.0,6.0,9.0,3.0,6.944444444444445,1.2592592592592593,6.0,0.0,0.0,0.0,0.0,0.0,0.0,0.0,2.0,2.0,1.3333333333333333,0.8888888888888888,2.0,0.0,4.0,4.0,1.0555555555555556,1.4074074074074074,0.0,0.0,0.0,0.0,0.0,0.0,0.0,2.0,4.0,2.0,2.388888888888889,0.5185185185185185,2.0,9.105,10.73,1.625,9.511944444444444,0.5425925925925924,9.105,0.0,0.0,0.0,0.0,0.0,0.0,0.0,2.1106628,2.1106628,0.5473899333333334,0.7298532444444444,0.0,12.0,229.0,217.0,74.61111111111111,83.48148148148148,12.0,3,0.7243558228002943,0.6824917482168344,0.6683333381458043,0.6668741255828416,0.666677180607933,2.0,2.6666666666666665,2.2777777777777777,0.0,4.0,0.2222222222222222,187.9922543015477,0.0052661809728756,2.7879459677360163e-05,3.8763227462768555,2,-0.08825602544352762,True,0.4411214400432063,0.37264159573587036,0.9484381319243606,0.2619477746953949,0.4862060920576741,41
BAT_00201,Li0-2NaCoPCO7,NaCoPCO7,NaCoPCO7,NaLi2CoPCO7,Li,4.187993579583339,213.740510499133,624.5691224436379,895.1438856672343,2615.691474799956,0.036319852034025,0.053627843579542,0.028326489230768,1,5,C-Co-Na-O-P,"Na,Co,P,C,O",mp-1101670,mp-760344,"mp-1101670,mp-760344",More than one working ion per transition metal,"['Na', 'Co', 'P', 'C', 'O']",True,True,False,False,True,False,True,0.053627843579542,6.0,27.0,21.0,10.454545454545457,3.933884297520662,8.0,2.0,87.0,85.0,75.36363636363636,16.495867768595044,87.0,12.0107,58.933195,46.922495,21.536656934545455,8.77941008661157,15.9994,54.8,3823.0,3768.2,605.7063636363637,796.2885950413223,54.8,1.0,16.0,15.0,13.727272727272728,3.173553719008265,16.0,2.0,4.0,2.0,2.363636363636364,0.5289256198347108,2.0,66.0,166.0,100.0,85.18181818181819,26.082644628099175,66.0,0.93,3.44,2.51,2.8754545454545455,0.7185123966942148,3.44,1.0,2.0,1.0,1.9090909090909092,0.165289256198347,2.0,0.0,4.0,4.0,3.0,1.2727272727272727,4.0,0.0,7.0,7.0,0.6363636363636364,1.1570247933884297,0.0,0.0,0.0,0.0,0.0,0.0,0.0,1.0,9.0,8.0,5.545454545454546,1.206611570247934,6.0,0.0,1.0,1.0,0.0909090909090909,0.165289256198347,0.0,0.0,4.0,4.0,1.9090909090909092,0.6942148760330578,2.0,0.0,3.0,3.0,0.2727272727272727,0.4958677685950413,0.0,0.0,0.0,0.0,0.0,0.0,0.0,1.0,4.0,3.0,2.272727272727273,0.5785123966942151,2.0,5.64,29.2433333333,23.6033333333,11.948506493499998,5.075737898454545,9.105,0.0,4.496,4.496,0.5564545454545455,0.9105619834710744,0.0,0.0,1.5484712,1.5484712,0.1407701090909091,0.2559456528925619,0.0,2.0,229.0,227.0,63.90909090909091,77.32231404958678,12.0,5,0.6618281717527744,0.6388277989398534,0.6363939238897478,0.6363640779138732,0.6363636372647612,1.9090909090909092,3.0,0.6363636363636364,0.0,2.0,0.1818181818181818,213.74051049180045,0.0350469524897868,0.0012728995442381,3.778592586517334,5,0.4094009930660052,True,0.3918374531368691,0.4822207098040953,0.647994690208745,0.46303260483212605,0.4844229078904635,42
BAT_00315,Li0-6Mn3Cr(PO4)6,Mn3Cr(PO4)6,Mn3Cr(PO4)6,Li6Mn3Cr(PO4)6,Li,4.259802988333324,194.14694459192364,572.032351867595,827.0277347484606,2436.7451219089207,0.060179756868359,0.061740761911765,0.060109882627461,1,4,Cr-Mn-O-P,"Mn,Cr,P,O",mp-771880,mp-771092,"mp-771880,mp-771092",More than one working ion per transition metal,"['Mn', 'Cr', 'P', 'O']",True,True,False,False,True,False,True,0.061740761911765,8.0,25.0,17.0,11.205882352941176,4.525951557093426,8.0,49.0,87.0,38.0,82.08823529411765,7.256055363321796,87.0,15.9994,54.938045,38.938645,23.13642373529412,10.075798214532872,15.9994,54.8,2180.0,2125.2,292.8235294117647,336.0332179930796,54.8,6.0,16.0,10.0,14.735294117647058,1.8788927335640144,16.0,2.0,4.0,2.0,2.411764705882353,0.5813148788927335,2.0,66.0,139.0,73.0,81.82352941176471,22.339100346020764,66.0,1.55,3.44,1.89,3.000294117647059,0.6207612456747403,3.44,1.0,2.0,1.0,1.9705882352941175,0.0570934256055362,2.0,0.0,4.0,4.0,3.3529411764705883,0.9134948096885812,4.0,0.0,5.0,5.0,0.5882352941176471,1.0380622837370244,0.0,0.0,0.0,0.0,0.0,0.0,0.0,5.0,7.0,2.0,5.911764705882353,0.3217993079584773,6.0,0.0,1.0,1.0,0.0294117647058823,0.0570934256055363,0.0,0.0,3.0,3.0,1.9411764705882353,0.4567474048442906,2.0,0.0,5.0,5.0,0.5882352941176471,1.0380622837370244,0.0,0.0,0.0,0.0,0.0,0.0,0.0,2.0,6.0,4.0,2.5588235294117645,0.7889273356401383,2.0,9.105,22.5702380952,13.4652380952,11.664534917408824,3.849071709808651,9.105,0.0,1.625,1.625,0.2867647058823529,0.472318339100346,0.0,0.0,0.000310120689655,0.000310120689655,2.736359026367647e-05,4.989831165729239e-05,0.0,2.0,229.0,227.0,34.705882352941174,43.59861591695502,12.0,4,0.7335272890199958,0.7100112054470428,0.7060244894293579,0.7058885556897373,0.7058824203250761,1.9705882352941175,3.3529411764705883,0.5882352941176471,0.0,6.0,0.1764705882352941,194.1469445852633,0.0601797560771214,7.912375477037158e-10,4.3819403648376465,4,-0.12213737650432233,True,0.6960975104198402,0.39883465143916025,0.394442292969691,0.38179919447502286,0.483727946046643,43
BAT_01247,Li0-1V2O5,V2O5,V2O5,LiV2O5,Li,3.6379150808333423,141.94120963962638,451.970935231576,516.3700671397238,1644.2318813773002,0.016409184455228,0.003877444642856,0.0,1,2,O-V,"V,O",mp-776152,mp-777667,"mp-776152,mp-777667",,"['V', 'O']",True,True,False,False,False,False,True,0.003877444642856,8.0,23.0,15.0,12.285714285714286,6.122448979591837,8.0,46.0,87.0,41.0,75.28571428571429,16.734693877551017,87.0,15.9994,50.9415,34.942099999999996,25.982857142857146,14.26208163265306,15.9994,54.8,2183.0,2128.2,662.8571428571429,868.6530612244899,54.8,5.0,16.0,11.0,12.857142857142858,4.489795918367347,16.0,2.0,4.0,2.0,2.5714285714285716,0.816326530612245,2.0,66.0,153.0,87.0,90.85714285714286,35.51020408163266,66.0,1.63,3.44,1.81,2.922857142857143,0.7387755102040815,3.44,2.0,2.0,0.0,2.0,0.0,2.0,0.0,4.0,4.0,2.857142857142857,1.6326530612244896,4.0,0.0,3.0,3.0,0.8571428571428571,1.2244897959183674,0.0,0.0,0.0,0.0,0.0,0.0,0.0,5.0,6.0,1.0,5.714285714285714,0.4081632653061224,6.0,0.0,0.0,0.0,0.0,0.0,0.0,0.0,2.0,2.0,1.4285714285714286,0.8163265306122448,2.0,0.0,7.0,7.0,2.0,2.857142857142857,0.0,0.0,0.0,0.0,0.0,0.0,0.0,2.0,7.0,5.0,3.4285714285714284,2.0408163265306123,2.0,9.105,13.01,3.9049999999999994,10.220714285714283,1.5938775510204075,9.105,0.0,0.0,0.0,0.0,0.0,0.0,0.0,0.0,0.0,0.0,0.0,0.0,12.0,229.0,217.0,74.0,88.57142857142857,12.0,2,0.769309258162072,0.7292098174287804,0.7157426161178738,0.7144527806865099,0.7142932037608948,2.0,2.857142857142857,0.8571428571428571,0.0,1.0,0.1428571428571428,141.94120963475697,0.0164267511914638,-1.7566736235895275e-05,3.4321401119232178,1,0.20577496891012448,True,0.21712619446729506,0.17665812255552044,0.8358446712050052,0.9611757398618154,0.4775393773202088,44
BAT_01542,Li0-2Co21O40,Co21O40,Co21O40,Li20Co21O40,Li,3.631684728833334,265.83587507637134,1310.596005167601,965.4320878909036,4759.671497637151,0.053063142602658,0.048658195807964,0.036648759444444,1,2,Co-O,"Co,O",mp-850026,mp-705640,"mp-850026,mp-705640,mp-685270",,"['Co', 'O']",True,True,False,False,False,False,True,0.048658195807964,8.0,27.0,19.0,14.540983606557376,8.578339156140823,8.0,58.0,87.0,29.0,77.01639344262296,13.093254501478096,87.0,15.9994,58.933195,42.933795,30.77988680327869,19.384244987906477,15.9994,54.8,1768.0,1713.2,644.5901639344262,773.4952969631821,54.8,9.0,16.0,7.0,13.59016393442623,3.160440741736093,16.0,2.0,4.0,2.0,2.6885245901639343,0.902983069067455,2.0,66.0,126.0,60.0,86.65573770491804,27.08949207202365,66.0,1.88,3.44,1.56,2.9029508196721308,0.704326793872615,3.44,2.0,2.0,0.0,2.0,0.0,2.0,0.0,4.0,4.0,2.622950819672131,1.80596613813491,4.0,0.0,7.0,7.0,2.4098360655737703,3.1604407417360925,0.0,0.0,0.0,0.0,0.0,0.0,0.0,6.0,9.0,3.0,7.032786885245901,1.3544746036011823,6.0,0.0,0.0,0.0,0.0,0.0,0.0,0.0,2.0,2.0,1.3114754098360657,0.9029830690674552,2.0,0.0,3.0,3.0,1.0327868852459017,1.3544746036011823,0.0,0.0,0.0,0.0,0.0,0.0,0.0,2.0,3.0,1.0,2.3442622950819674,0.4514915345337275,2.0,9.105,10.245,1.1399999999999988,9.497459016393442,0.5147003493684487,9.105,0.0,0.0,0.0,0.0,0.0,0.0,0.0,1.5484712,1.5484712,0.5330802491803278,0.6991216382692825,0.0,12.0,194.0,182.0,74.65573770491804,82.17145928513841,12.0,2,0.7406135736443618,0.6859531357963248,0.6608868623964275,0.6567626726794703,0.6558419396644561,2.0,2.622950819672131,2.4098360655737703,0.0,20.0,0.3278688524590163,265.8358750672517,0.0530631425158983,8.675965501581118e-11,3.460416793823242,4,0.17126793501009185,True,0.23138573956519093,0.703927525794227,0.4662382795336971,0.5127929278413486,0.47640022108283453,45
BAT_01775,Li0-3VFeP2(O4F)2,VFeP2(O4F)2,VFeP2(O4F)2,Li3VFeP2(O4F)2,Li,4.54309631,226.14164731551935,715.4396767251781,1027.3832834564575,3250.3113553577496,0.058655711056436,0.038207805297615,0.0,1,5,F-Fe-O-P-V,"V,Fe,P,O,F",mp-777408,mp-1177545,"mp-777408,mp-777388,mp-756057,mp-1177545",More than one working ion per transition metal,"['V', 'Fe', 'P', 'O', 'F']",True,True,False,True,True,False,True,0.038207805297615,8.0,26.0,18.0,11.5,4.714285714285714,8.0,46.0,93.0,47.0,82.07142857142857,9.020408163265309,87.0,15.9994,55.845,39.8456,23.909002171428572,10.44257361632653,15.9994,53.5,2183.0,2129.5,369.57142857142856,464.97959183673464,54.8,5.0,17.0,12.0,14.642857142857142,2.3265306122448983,16.0,2.0,4.0,2.0,2.4285714285714284,0.6122448979591836,2.0,57.0,153.0,96.0,81.5,24.714285714285715,66.0,1.63,3.98,2.35,3.0942857142857143,0.6481632653061224,3.44,2.0,2.0,0.0,2.0,0.0,2.0,0.0,5.0,5.0,3.4285714285714284,1.1020408163265307,4.0,0.0,6.0,6.0,0.6428571428571429,1.1020408163265307,0.0,0.0,0.0,0.0,0.0,0.0,0.0,5.0,8.0,3.0,6.071428571428571,0.5408163265306121,6.0,0.0,0.0,0.0,0.0,0.0,0.0,0.0,3.0,3.0,1.7142857142857142,0.6938775510204083,2.0,0.0,7.0,7.0,0.7857142857142857,1.346938775510204,0.0,0.0,0.0,0.0,0.0,0.0,0.0,1.0,7.0,6.0,2.5,1.0,2.0,9.105,22.5702380952,13.4652380952,11.509676870742856,3.3744922254530607,9.105,0.0,1.97,1.97,0.5135714285714286,0.7336734693877551,0.0,0.0,2.1106628,2.1106628,0.1507616285714285,0.2799858816326531,0.0,2.0,229.0,227.0,42.0,53.42857142857143,12.0,5,0.614451804788759,0.578048023897604,0.5716585759289263,0.5714386136735448,0.5714286805262649,2.0,3.4285714285714284,0.6428571428571429,0.0,3.0,0.2142857142857142,226.1416473077614,0.0586557096194782,1.4369577056028147e-09,3.725804567337036,4,0.817291742662964,True,0.36521717488811883,0.5349973163319686,0.409817642221768,0.617431089592269,0.47551409372883363,46
BAT_01244,Li1-2VO3,VO3,LiVO3,Li2VO3,Li,3.150589805833331,237.5560831414869,822.110683547462,748.4417738592639,2590.1335388513057,0.003162421656268,0.084545015500006,0.022451055833339,1,2,O-V,"V,O",mp-763200,mp-774192,"mp-763200,mp-762268,mp-752603,mp-774192",More than one working ion per transition metal,"['V', 'O']",True,True,False,False,False,False,True,0.084545015500006,8.0,23.0,15.0,11.75,5.625,8.0,46.0,87.0,41.0,76.75,15.375,87.0,15.9994,50.9415,34.942099999999996,24.734924999999997,13.1032875,15.9994,54.8,2183.0,2128.2,586.85,798.075,54.8,5.0,16.0,11.0,13.25,4.125,16.0,2.0,4.0,2.0,2.5,0.75,2.0,66.0,153.0,87.0,87.75,32.625,66.0,1.63,3.44,1.81,2.9875,0.6787500000000001,3.44,2.0,2.0,0.0,2.0,0.0,2.0,0.0,4.0,4.0,3.0,1.5,4.0,0.0,3.0,3.0,0.75,1.125,0.0,0.0,0.0,0.0,0.0,0.0,0.0,5.0,6.0,1.0,5.75,0.375,6.0,0.0,0.0,0.0,0.0,0.0,0.0,0.0,2.0,2.0,1.5,0.75,2.0,0.0,7.0,7.0,1.75,2.625,0.0,0.0,0.0,0.0,0.0,0.0,0.0,2.0,7.0,5.0,3.25,1.875,2.0,9.105,13.01,3.9049999999999994,10.08125,1.464375,9.105,0.0,0.0,0.0,0.0,0.0,0.0,0.0,0.0,0.0,0.0,0.0,0.0,12.0,229.0,217.0,66.25,81.375,12.0,2,0.7905694150420949,0.7591472429689157,0.7506162703470459,0.7500489811920582,0.7500012701219063,2.0,3.0,0.75,0.0,1.0,0.25,237.55608313333735,0.003162421617505,3.876293340129844e-11,3.4908361434936523,3,-0.34024633766032153,True,0.24672580280201306,0.5835747328417793,0.9696619172420126,0.15346369129814896,0.47371528240117,47
BAT_01925,Li1-2VOF3,VOF3,LiVOF3,Li2VOF3,Li,3.076697253333333,194.46995190364947,593.8038627149714,598.3251668778238,1826.954713433876,0.001065261433017,0.032575627916661,0.069250719107141,1,3,F-O-V,"V,O,F",mp-850913,mp-850895,"mp-850913,mp-850895,mp-1177749",More than one working ion per transition metal,"['V', 'O', 'F']",True,True,False,True,False,False,True,0.069250719107141,8.0,23.0,15.0,11.6,4.56,9.0,46.0,93.0,47.0,82.4,14.559999999999995,93.0,15.9994,50.9415,34.942099999999996,24.78722192,10.461711232,18.9984032,53.5,2183.0,2129.5,479.66,681.336,53.5,5.0,17.0,12.0,14.4,3.7599999999999993,17.0,2.0,4.0,2.0,2.4,0.6399999999999999,2.0,57.0,153.0,96.0,78.0,30.0,57.0,1.63,3.98,2.35,3.4019999999999997,0.7088000000000002,3.98,2.0,2.0,0.0,2.0,0.0,2.0,0.0,5.0,5.0,3.8,1.52,5.0,0.0,3.0,3.0,0.6,0.96,0.0,0.0,0.0,0.0,0.0,0.0,0.0,5.0,7.0,2.0,6.4,0.72,7.0,0.0,0.0,0.0,0.0,0.0,0.0,0.0,2.0,2.0,1.0,0.4,1.0,0.0,7.0,7.0,1.4,2.24,0.0,0.0,0.0,0.0,0.0,0.0,0.0,1.0,7.0,6.0,2.4,1.84,1.0,9.105,13.01,3.9049999999999994,10.2475,1.104999999999999,9.7075,0.0,1.97,1.97,1.182,0.9456,1.97,0.0,0.0,0.0,0.0,0.0,0.0,12.0,229.0,217.0,57.2,68.72,15.0,3,0.6633249580710799,0.6144633651371695,0.6009844187491661,0.6000783545597032,0.6000020321795635,2.0,3.8,0.6,0.0,1.0,0.2,194.46995189697805,0.0010641279017693,1.1335312476801285e-06,3.6146240234375,5,-0.5379267701041668,True,0.3091503426710524,0.4002093020094252,0.990830562430667,0.3066031417558409,0.4722946342414449,48
BAT_01058,Li0-1Mn(SO4)2,Mn(SO4)2,Mn(SO4)2,LiMn(SO4)2,Li,5.296113933333335,105.51587886007138,286.1663161628236,558.8241162187363,1515.5694142806024,0.054029557015248,0.046224714848489,0.012280482812501,1,3,Mn-O-S,"Mn,S,O",mp-773014,mp-774465,"mp-773014,mp-774465",,"['Mn', 'S', 'O']",True,True,True,False,False,False,True,0.046224714848489,8.0,25.0,17.0,11.0,4.363636363636363,8.0,52.0,88.0,36.0,84.0,5.818181818181818,87.0,15.9994,54.938045,38.938645,22.460295,9.397665454545454,15.9994,54.8,1519.0,1464.2,248.55636363636367,281.82743801652896,54.8,7.0,16.0,9.0,15.181818181818182,1.4876033057851243,16.0,2.0,4.0,2.0,2.363636363636364,0.5289256198347108,2.0,66.0,139.0,73.0,79.72727272727273,19.966942148760335,66.0,1.55,3.44,1.89,3.111818181818182,0.4773553719008266,3.44,2.0,2.0,0.0,2.0,0.0,2.0,0.0,4.0,4.0,3.636363636363636,0.6611570247933884,4.0,0.0,5.0,5.0,0.4545454545454545,0.8264462809917356,0.0,0.0,0.0,0.0,0.0,0.0,0.0,6.0,7.0,1.0,6.090909090909091,0.165289256198347,6.0,0.0,0.0,0.0,0.0,0.0,0.0,0.0,2.0,2.0,1.818181818181818,0.3305785123966942,2.0,0.0,5.0,5.0,0.4545454545454545,0.8264462809917356,0.0,0.0,0.0,0.0,0.0,0.0,0.0,2.0,5.0,3.0,2.272727272727273,0.4958677685950415,2.0,9.105,25.786875,16.681874999999998,12.263757836990909,4.917497150185123,9.105,0.0,2.202,2.202,0.4003636363636363,0.6551404958677686,0.0,0.0,0.000310120689655,0.000310120689655,2.8192789968636364e-05,5.125961812479339e-05,0.0,12.0,217.0,205.0,41.18181818181818,42.446280991735534,12.0,3,0.7551476239016431,0.7315093629975883,0.7274191526747597,0.7272791179607141,0.7272727966985622,2.0,3.636363636363636,0.4545454545454545,0.0,1.0,0.0909090909090909,105.51587885645156,0.054029556487195,5.280529694062784e-10,4.765198230743408,4,0.5309157025899269,True,0.889369226045068,0.021639644922081522,0.4564886080218775,0.5371590004778846,0.4720321829900972,49
BAT_01596,Li1-2CoP2O7,CoP2O7,LiCoP2O7,Li2CoP2O7,Li,4.084572525833342,108.61420814964404,332.83530051361595,443.6426105231798,1359.4899241053995,0.063527675880992,0.028930794015154,0.043286395972208,1,3,Co-O-P,"Co,P,O",mp-754170,mp-757366,"mp-754170,mp-757366",More than one working ion per transition metal,"['Co', 'P', 'O']",True,True,False,False,True,False,True,0.043286395972208,8.0,27.0,19.0,11.3,4.62,8.0,58.0,87.0,29.0,83.3,5.1800000000000015,87.0,15.9994,58.933195,42.933795,23.2876519,10.20355266,15.9994,54.8,1768.0,1713.2,278.62,313.34800000000007,54.8,9.0,16.0,7.0,15.1,1.2600000000000002,16.0,2.0,4.0,2.0,2.4,0.5599999999999999,2.0,66.0,126.0,60.0,80.2,19.880000000000003,66.0,1.88,3.44,1.56,3.034,0.5684000000000001,3.44,2.0,2.0,0.0,2.0,0.0,2.0,0.0,4.0,4.0,3.4,0.8400000000000001,4.0,0.0,7.0,7.0,0.7,1.2599999999999998,0.0,0.0,0.0,0.0,0.0,0.0,0.0,5.0,9.0,4.0,6.1,0.5799999999999997,6.0,0.0,0.0,0.0,0.0,0.0,0.0,0.0,3.0,3.0,2.0,0.4,2.0,0.0,3.0,3.0,0.3,0.54,0.0,0.0,0.0,0.0,0.0,0.0,0.0,2.0,3.0,1.0,2.3,0.4199999999999999,2.0,9.105,22.5702380952,13.4652380952,11.91204761904,4.2632761904639995,9.105,0.0,1.625,1.625,0.325,0.52,0.0,0.0,1.5484712,1.5484712,0.15484712,0.278724816,0.0,2.0,194.0,192.0,28.2,33.160000000000004,12.0,3,0.7348469228349533,0.7060696670652126,0.7002746698268968,0.7000156629758094,0.7000002540041405,2.0,3.4,0.7,0.0,1.0,0.1,108.61420814591791,0.0635276774452774,-1.564285423416578e-09,4.807805061340332,1,-0.7232325355069902,True,0.9108552697231531,0.03482547685270682,0.360666773827386,0.5665799379584118,0.46915356632991756,50
BAT_00949,Li1-3Mn2(PO4)3,Mn2(PO4)3,LiMn2(PO4)3,Li3Mn2(PO4)3,Li,4.497210830833329,128.9732024538312,424.642781270383,580.0196829626293,1909.708115164355,0.056964856163744,0.061434238472232,0.028542203250025,1,3,Mn-O-P,"Mn,P,O",mp-32023,mp-26453,"mp-32023,mp-26453",More than one working ion per transition metal,"['Mn', 'P', 'O']",True,True,False,False,True,False,True,0.061434238472232,8.0,25.0,17.0,11.235294117647058,4.567474048442906,8.0,52.0,87.0,35.0,82.17647058823529,7.100346020761249,87.0,15.9994,54.938045,38.938645,23.222951529411763,10.197955100346022,15.9994,54.8,1519.0,1464.2,273.38235294117646,308.58685121107266,54.8,7.0,16.0,9.0,14.764705882352942,1.826989619377162,16.0,2.0,4.0,2.0,2.411764705882353,0.5813148788927335,2.0,66.0,139.0,73.0,81.82352941176471,22.339100346020764,66.0,1.55,3.44,1.89,2.997058823529412,0.6253287197231833,3.44,2.0,2.0,0.0,2.0,0.0,2.0,0.0,4.0,4.0,3.3529411764705883,0.9134948096885812,4.0,0.0,5.0,5.0,0.5882352941176471,1.0380622837370244,0.0,0.0,0.0,0.0,0.0,0.0,0.0,5.0,7.0,2.0,5.9411764705882355,0.3321799307958476,6.0,0.0,0.0,0.0,0.0,0.0,0.0,0.0,3.0,3.0,1.9411764705882353,0.4567474048442906,2.0,0.0,5.0,5.0,0.5882352941176471,1.0380622837370244,0.0,0.0,0.0,0.0,0.0,0.0,0.0,2.0,5.0,3.0,2.5294117647058822,0.7474048442906573,2.0,9.105,22.5702380952,13.4652380952,11.6438756882,3.856363202470588,9.105,0.0,1.625,1.625,0.2867647058823529,0.472318339100346,0.0,0.0,0.000310120689655,0.000310120689655,3.648478701823529e-05,6.438491826747405e-05,0.0,2.0,217.0,215.0,34.35294117647059,42.9757785467128,12.0,3,0.73705671094951,0.7106163289264071,0.7060383070718634,0.7058888677928571,0.705882421426734,2.0,3.3529411764705883,0.5882352941176471,0.0,2.0,0.1176470588235294,128.9732024494067,0.0569648581048903,-1.941146347828049e-09,4.78012752532959,1,-0.28291669449626067,True,0.8968978657271958,0.12146903603637203,0.42687580500926914,0.3848683667910756,0.4678589048891393,51
BAT_01054,Li0-1Mn(SO4)2,Mn(SO4)2,Mn(SO4)2,LiMn(SO4)2,Li,5.108003853333348,105.51587886007138,287.61313492202197,538.9755158050993,1469.1290014509725,0.069086330533403,0.033983541515156,0.016735247256945,1,3,Mn-O-S,"Mn,S,O",mp-771239,mp-773112,"mp-771239,mp-773112",,"['Mn', 'S', 'O']",True,True,True,False,False,False,True,0.033983541515156,8.0,25.0,17.0,11.0,4.363636363636363,8.0,52.0,88.0,36.0,84.0,5.818181818181818,87.0,15.9994,54.938045,38.938645,22.460295,9.397665454545454,15.9994,54.8,1519.0,1464.2,248.55636363636367,281.82743801652896,54.8,7.0,16.0,9.0,15.181818181818182,1.4876033057851243,16.0,2.0,4.0,2.0,2.363636363636364,0.5289256198347108,2.0,66.0,139.0,73.0,79.72727272727273,19.966942148760335,66.0,1.55,3.44,1.89,3.111818181818182,0.4773553719008266,3.44,2.0,2.0,0.0,2.0,0.0,2.0,0.0,4.0,4.0,3.636363636363636,0.6611570247933884,4.0,0.0,5.0,5.0,0.4545454545454545,0.8264462809917356,0.0,0.0,0.0,0.0,0.0,0.0,0.0,6.0,7.0,1.0,6.090909090909091,0.165289256198347,6.0,0.0,0.0,0.0,0.0,0.0,0.0,0.0,2.0,2.0,1.818181818181818,0.3305785123966942,2.0,0.0,5.0,5.0,0.4545454545454545,0.8264462809917356,0.0,0.0,0.0,0.0,0.0,0.0,0.0,2.0,5.0,3.0,2.272727272727273,0.4958677685950415,2.0,9.105,25.786875,16.681874999999998,12.263757836990909,4.917497150185123,9.105,0.0,2.202,2.202,0.4003636363636363,0.6551404958677686,0.0,0.0,0.000310120689655,0.000310120689655,2.8192789968636364e-05,5.125961812479339e-05,0.0,12.0,217.0,205.0,41.18181818181818,42.446280991735534,12.0,3,0.7551476239016431,0.7315093629975883,0.7274191526747597,0.7272791179607141,0.7272727966985622,2.0,3.636363636363636,0.4545454545454545,0.0,1.0,0.0909090909090909,105.51587885645156,0.0690863296014388,9.319641863791972e-10,4.765198230743408,4,0.34280562258993985,True,0.889369226045068,0.021639644922081522,0.3045882876085618,0.6597279967279179,0.46616591815744074,52
BAT_02010,Li0-5V6O5F19,V6O5F19,V6O5F19,Li5V6O5F19,Li,4.327268909333337,171.5139666082915,492.6524723157514,742.1870552204958,2131.8397265581534,0.059258155803604,0.030633829750006,0.039616781325404,1,3,F-O-V,"V,O,F",mp-777859,mp-1177029,"mp-777859,mp-1177029",,"['V', 'O', 'F']",True,True,False,True,False,False,True,0.039616781325404,8.0,23.0,15.0,11.633333333333333,4.546666666666667,9.0,46.0,93.0,47.0,82.6,14.640000000000004,93.0,15.9994,50.9415,34.942099999999996,24.887188693333332,10.421724522666668,18.9984032,53.5,2183.0,2129.5,479.6166666666667,681.3533333333332,53.5,5.0,17.0,12.0,14.433333333333334,3.7733333333333334,17.0,2.0,4.0,2.0,2.4,0.64,2.0,57.0,153.0,96.0,77.7,30.12,57.0,1.63,3.98,2.35,3.42,0.716,3.98,2.0,2.0,0.0,2.0,0.0,2.0,0.0,5.0,5.0,3.8333333333333335,1.5333333333333334,5.0,0.0,3.0,3.0,0.6,0.96,0.0,0.0,0.0,0.0,0.0,0.0,0.0,5.0,7.0,2.0,6.433333333333334,0.7177777777777777,7.0,0.0,0.0,0.0,0.0,0.0,0.0,0.0,2.0,2.0,0.9666666666666668,0.3866666666666666,1.0,0.0,7.0,7.0,1.4,2.24,0.0,0.0,0.0,0.0,0.0,0.0,0.0,1.0,7.0,6.0,2.3666666666666667,1.853333333333333,1.0,9.105,13.01,3.9049999999999994,10.267583333333334,1.096966666666667,9.7075,0.0,1.97,1.97,1.2476666666666667,0.9149555555555556,1.97,0.0,0.0,0.0,0.0,0.0,0.0,12.0,229.0,217.0,57.3,68.67999999999999,15.0,3,0.6847546194724712,0.6436595897370865,0.6338900025801167,0.6333695694437809,0.6333340588174412,2.0,3.8333333333333335,0.6,0.0,5.0,0.1666666666666666,171.51396660240758,0.0592581555240488,2.79555122106867e-10,4.137191295623779,4,0.19007761370955745,True,0.572673892243474,0.30251350029938573,0.4037398641187431,0.6033232281345604,0.4639688362135186,53
BAT_02682,Li0-1VPO5,VPO5,VPO5,LiVPO5,Li,3.832105108333334,158.72646360461718,507.34456688317783,608.2564920069386,1944.197706438189,0.005146724943774,0.0,0.0,1,3,O-P-V,"V,P,O",mp-25265,mp-26963,"mp-25265,mp-26963",,"['V', 'P', 'O']",True,True,False,False,True,False,True,0.0,8.0,23.0,15.0,11.142857142857142,4.489795918367347,8.0,46.0,87.0,41.0,80.57142857142857,9.877551020408164,87.0,15.9994,50.9415,34.942099999999996,23.130323142857144,10.187033061224488,15.9994,54.8,2183.0,2128.2,396.3285714285715,510.4775510204082,54.8,5.0,16.0,11.0,14.285714285714286,2.653061224489796,16.0,2.0,4.0,2.0,2.4285714285714284,0.6122448979591836,2.0,66.0,153.0,87.0,84.28571428571429,26.12244897959184,66.0,1.63,3.44,1.81,3.0028571428571427,0.6244897959183674,3.44,2.0,2.0,0.0,2.0,0.0,2.0,0.0,4.0,4.0,3.2857142857142856,1.020408163265306,4.0,0.0,3.0,3.0,0.4285714285714285,0.7346938775510203,0.0,0.0,0.0,0.0,0.0,0.0,0.0,5.0,6.0,1.0,5.714285714285714,0.4081632653061224,6.0,0.0,0.0,0.0,0.0,0.0,0.0,0.0,3.0,3.0,1.8571428571428572,0.5306122448979591,2.0,0.0,7.0,7.0,1.0,1.7142857142857142,0.0,0.0,0.0,0.0,0.0,0.0,0.0,2.0,7.0,5.0,2.857142857142857,1.2244897959183674,2.0,9.105,22.5702380952,13.4652380952,11.586462585028572,3.5449465500408164,9.105,0.0,1.625,1.625,0.2321428571428571,0.3979591836734694,0.0,0.0,0.0,0.0,0.0,0.0,0.0,2.0,229.0,227.0,41.57142857142857,53.55102040816326,12.0,3,0.7423074889580903,0.7180750993304971,0.7143771194604124,0.7142883265019526,0.7142857289142843,2.0,3.2857142857142856,0.4285714285714285,0.0,1.0,0.1428571428571428,158.72646359917198,0.0623339612816189,-0.0571872363378449,3.754716396331787,1,0.07738871200154707,True,0.379797016004942,0.2480926012728421,0.37270958448584945,1.0,0.4629088020805051,54
BAT_00831,Li0-3Mg(NiO2)4,Mg(NiO2)4,Mg(NiO2)4,Li3Mg(NiO2)4,Li,3.645868066666669,197.11957396108937,933.8584698231268,718.6719600196745,3404.724773914338,0.026254223717851,0.036787709786324,0.01156981125,1,3,Mg-Ni-O,"Mg,Ni,O",mp-756552,mp-756610,"mp-756552,mp-756610",,"['Mg', 'Ni', 'O']",True,True,False,False,False,False,True,0.036787709786324,8.0,28.0,20.0,14.461538461538462,8.331360946745562,8.0,61.0,87.0,26.0,77.53846153846153,11.644970414201186,87.0,15.9994,58.6934,42.694,29.774907692307693,17.795995266272186,15.9994,54.8,1728.0,1673.2,636.4153846153846,715.8343195266273,54.8,2.0,16.0,14.0,13.076923076923077,3.5976331360946747,16.0,2.0,4.0,2.0,2.6923076923076925,0.8520710059171598,2.0,66.0,141.0,75.0,89.61538461538461,29.065088757396445,66.0,1.31,3.44,2.13,2.8053846153846154,0.7810650887573964,3.44,2.0,2.0,0.0,2.0,0.0,2.0,0.0,4.0,4.0,2.4615384615384617,1.893491124260355,4.0,0.0,8.0,8.0,2.4615384615384617,3.408284023668639,0.0,0.0,0.0,0.0,0.0,0.0,0.0,2.0,10.0,8.0,6.923076923076923,1.8934911242603552,6.0,0.0,0.0,0.0,0.0,0.0,0.0,0.0,2.0,2.0,1.2307692307692308,0.9467455621301776,2.0,0.0,2.0,2.0,0.6153846153846154,0.8520710059171598,0.0,0.0,0.0,0.0,0.0,0.0,0.0,0.0,2.0,2.0,1.8461538461538465,0.2840236686390531,2.0,9.105,22.89,13.785,10.539230769230768,1.9001183431952648,9.105,0.0,0.0,0.0,0.0,0.0,0.0,0.0,0.5953947,0.5953947,0.1831983692307692,0.2536592804733728,0.0,12.0,225.0,213.0,91.53846153846152,97.89349112426036,12.0,3,0.6923076923076924,0.6403959628675595,0.6191872391199975,0.6160691816746312,0.6154446852026032,2.0,2.4615384615384617,2.4615384615384617,0.0,3.0,0.2307692307692307,197.119573954327,0.0262542261568774,-2.439026397516031e-09,3.417513847351074,5,0.22835421931559496,True,0.20975036868909236,0.4114855311845038,0.736700147689009,0.6316502887375133,0.46004085724738336,55
BAT_01941,Li0-5V6O5F19,V6O5F19,V6O5F19,Li5V6O5F19,Li,4.240871992333335,171.5139666082915,482.9114630551091,727.3687772830982,2047.9656984471264,0.054520336359304,0.026671167416673,0.048562630325404,1,3,F-O-V,"V,O,F",mp-760859,mp-778233,"mp-760859,mp-778233",,"['V', 'O', 'F']",True,True,False,True,False,False,True,0.048562630325404,8.0,23.0,15.0,11.633333333333333,4.546666666666667,9.0,46.0,93.0,47.0,82.6,14.640000000000004,93.0,15.9994,50.9415,34.942099999999996,24.887188693333332,10.421724522666668,18.9984032,53.5,2183.0,2129.5,479.6166666666667,681.3533333333332,53.5,5.0,17.0,12.0,14.433333333333334,3.7733333333333334,17.0,2.0,4.0,2.0,2.4,0.64,2.0,57.0,153.0,96.0,77.7,30.12,57.0,1.63,3.98,2.35,3.42,0.716,3.98,2.0,2.0,0.0,2.0,0.0,2.0,0.0,5.0,5.0,3.8333333333333335,1.5333333333333334,5.0,0.0,3.0,3.0,0.6,0.96,0.0,0.0,0.0,0.0,0.0,0.0,0.0,5.0,7.0,2.0,6.433333333333334,0.7177777777777777,7.0,0.0,0.0,0.0,0.0,0.0,0.0,0.0,2.0,2.0,0.9666666666666668,0.3866666666666666,1.0,0.0,7.0,7.0,1.4,2.24,0.0,0.0,0.0,0.0,0.0,0.0,0.0,1.0,7.0,6.0,2.3666666666666667,1.853333333333333,1.0,9.105,13.01,3.9049999999999994,10.267583333333334,1.096966666666667,9.7075,0.0,1.97,1.97,1.2476666666666667,0.9149555555555556,1.97,0.0,0.0,0.0,0.0,0.0,0.0,12.0,229.0,217.0,57.3,68.67999999999999,15.0,3,0.6847546194724712,0.6436595897370865,0.6338900025801167,0.6333695694437809,0.6333340588174412,2.0,3.8333333333333335,0.6,0.0,5.0,0.1666666666666666,171.51396660240758,0.0545203370882671,-7.28963105156577e-10,4.137191295623779,4,0.1036806967095556,True,0.572673892243474,0.30251350029938573,0.4515373658141453,0.5137498104010975,0.4556136530059064,56
BAT_02244,Li0-1FePO4,FePO4,FePO4,LiFePO4,Li,3.499170160833334,169.89052558677983,589.6723353614005,594.4758577415521,2063.3638405655197,0.064445117027244,0.024104718749999,0.0,1,3,Fe-O-P,"Fe,P,O",mp-20361,mp-19017,"mp-20361,mp-2234625,mp-632692,mp-19017",,"['Fe', 'P', 'O']",True,True,False,False,True,False,True,0.024104718749999,8.0,26.0,18.0,12.166666666666666,5.5555555555555545,8.0,55.0,87.0,32.0,81.0,8.666666666666666,87.0,15.9994,55.845,39.8456,25.136060333333333,12.182213777777775,15.9994,54.8,1811.0,1756.2,391.25,473.25,54.8,8.0,16.0,8.0,14.5,2.1666666666666665,16.0,2.0,4.0,2.0,2.5,0.6666666666666666,2.0,66.0,132.0,66.0,83.83333333333333,23.777777777777775,66.0,1.83,3.44,1.61,2.963333333333334,0.6355555555555555,3.44,2.0,2.0,0.0,2.0,0.0,2.0,0.0,4.0,4.0,3.1666666666666665,1.1111111111111112,4.0,0.0,6.0,6.0,1.0,1.6666666666666667,0.0,0.0,0.0,0.0,0.0,0.0,0.0,5.0,8.0,3.0,6.166666666666667,0.6111111111111113,6.0,0.0,0.0,0.0,0.0,0.0,0.0,0.0,3.0,3.0,1.8333333333333333,0.6111111111111112,2.0,0.0,4.0,4.0,0.6666666666666666,1.111111111111111,0.0,0.0,0.0,0.0,0.0,0.0,0.0,2.0,4.0,2.0,2.5,0.6666666666666666,2.0,9.105,22.5702380952,13.4652380952,11.620039682533331,3.650066137555555,9.105,0.0,1.625,1.625,0.2708333333333333,0.4513888888888888,0.0,0.0,2.1106628,2.1106628,0.3517771333333333,0.5862952222222222,0.0,2.0,229.0,227.0,46.5,60.833333333333336,12.0,3,0.7071067811865476,0.6735400034370317,0.6669268801209055,0.6666782918025496,0.666666793823133,2.0,3.1666666666666665,1.0,0.0,1.0,0.1666666666666666,169.89052558095162,0.0031039851552224,0.0613411318720215,3.1412501335144043,5,0.3579200273189298,True,0.07043434496698811,0.2956044798376233,0.9702514537434392,0.7586431380698132,0.4555905658040339,57
BAT_00617,Li0-4TiCu3(PO4)4,TiCu3(PO4)4,TiCu3(PO4)4,Li4TiCu3(PO4)4,Li,3.450589888333337,165.91377636304,588.758957101665,572.5003990535046,2031.5657040406863,0.000296318507337,0.038160195416674,0.08093020017857,1,4,Cu-O-P-Ti,"Ti,Cu,P,O",mp-1101275,mp-1177279,"mp-1101275,mp-1177279,mp-760136",,"['Ti', 'Cu', 'P', 'O']",True,True,False,False,True,False,True,0.08093020017857,8.0,29.0,21.0,12.375,5.833333333333333,8.0,43.0,87.0,44.0,81.625,7.625,87.0,15.9994,63.546,47.5466,25.766268666666665,13.022491555555556,15.9994,54.8,1941.0,1886.2,340.0129166666666,387.8548611111111,54.8,4.0,16.0,12.0,14.708333333333334,1.819444444444444,16.0,2.0,4.0,2.0,2.5,0.6666666666666666,2.0,66.0,160.0,94.0,85.0,25.333333333333332,66.0,1.54,3.44,1.9,2.9599999999999995,0.6400000000000001,3.44,1.0,2.0,1.0,1.875,0.21875,2.0,0.0,4.0,4.0,3.1666666666666665,1.1111111111111112,4.0,0.0,10.0,10.0,1.3333333333333333,2.222222222222222,0.0,0.0,0.0,0.0,0.0,0.0,0.0,4.0,11.0,7.0,6.375,1.15625,6.0,0.0,1.0,1.0,0.125,0.21875,0.0,0.0,3.0,3.0,1.8333333333333333,0.6111111111111112,2.0,0.0,8.0,8.0,0.3333333333333333,0.638888888888889,0.0,0.0,0.0,0.0,0.0,0.0,0.0,1.0,8.0,7.0,2.2916666666666665,0.7118055555555555,2.0,9.105,22.5702380952,13.4652380952,11.910873015866668,3.951382275122223,9.105,0.0,1.625,1.625,0.2708333333333333,0.4513888888888888,0.0,0.0,2.25333333333e-05,2.25333333333e-05,9.388888888875e-07,1.799537037034375e-06,0.0,2.0,225.0,223.0,44.541666666666664,57.56944444444443,12.0,4,0.699702317656111,0.671621075649736,0.6668278232712366,0.666673255622863,0.6666667338253014,1.875,3.1666666666666665,1.3333333333333333,0.0,4.0,0.1666666666666666,165.9137763573482,0.0002963184294688,7.786817176301529e-11,3.833350896835327,2,-0.38276100850199013,True,0.4194513223392286,0.27868027908499415,0.998576611598964,0.1896582842111647,0.44708645958929255,58
BAT_00757,Li2-4V2SiGeO10,V2SiGeO10,Li2V2SiGeO10,Li4V2SiGeO10,Li,3.465082243333339,137.31445267646632,460.97699346460575,475.8058717222596,1597.3231946393944,0.000155252397364,0.059789898854166,0.004404313819436,1,4,Ge-O-Si-V,"V,Si,Ge,O",mp-766106,mp-766048,"mp-766106,mp-766048",More than one working ion per transition metal,"['V', 'Si', 'Ge', 'O']",True,True,False,False,False,True,True,0.059789898854166,8.0,32.0,24.0,12.285714285714286,6.122448979591837,8.0,46.0,87.0,41.0,79.92857142857143,10.10204081632653,87.0,15.9994,72.64,56.6406,25.90017857142857,14.1439693877551,15.9994,54.8,2183.0,2128.2,558.0285714285714,718.8979591836734,54.8,5.0,16.0,11.0,14.142857142857142,2.653061224489796,16.0,2.0,4.0,2.0,2.5,0.7142857142857143,2.0,66.0,153.0,87.0,85.5,27.857142857142858,66.0,1.63,3.44,1.81,2.9692857142857143,0.6724489795918368,3.44,2.0,2.0,0.0,2.0,0.0,2.0,0.0,4.0,4.0,3.142857142857143,1.2244897959183676,4.0,0.0,10.0,10.0,1.1428571428571428,1.7959183673469388,0.0,0.0,0.0,0.0,0.0,0.0,0.0,4.0,14.0,10.0,6.285714285714286,1.1020408163265305,6.0,0.0,0.0,0.0,0.0,0.0,0.0,0.0,4.0,4.0,2.0,0.5714285714285714,2.0,0.0,7.0,7.0,1.0,1.7142857142857142,0.0,0.0,0.0,0.0,0.0,0.0,0.0,2.0,7.0,5.0,3.0,1.4285714285714286,2.0,9.105,23.005,13.9,11.465357142857144,3.371938775510204,9.105,0.0,0.773,0.773,0.0825714285714285,0.1415510204081632,0.0,0.0,0.0,0.0,0.0,0.0,0.0,12.0,229.0,217.0,73.57142857142857,87.9591836734694,12.0,4,0.7354021529276429,0.7166587739586352,0.7143342791099186,0.7142870408089359,0.7142857216142854,2.0,3.142857142857143,1.1428571428571428,0.0,2.0,0.1428571428571428,137.31445267175565,0.0001552282977987,2.4099565270306343e-08,3.7913007736206055,2,-0.32621853028726644,True,0.3982460186026581,0.15696762680821602,1.0,0.40133288787842103,0.4468306711989465,59
BAT_01798,Li0-1MnF3,MnF3,MnF3,LiMnF3,Li,3.9998955633333377,225.46077143068695,716.0055000691009,901.8195393513164,2863.947223048664,0.090416050382195,0.0,0.034108333999996,1,2,F-Mn,"Mn,F",mp-556560,mp-752938,"mp-556560,mp-541384,mp-752938",,"['Mn', 'F']",True,False,False,True,False,False,True,0.034108333999996,9.0,25.0,16.0,13.0,6.0,9.0,52.0,93.0,41.0,82.75,15.375,93.0,18.9984032,54.938045,35.939641800000004,27.98331365,13.477365675,18.9984032,53.5,1519.0,1465.5,419.875,549.5625,53.5,7.0,17.0,10.0,14.5,3.75,17.0,2.0,4.0,2.0,2.5,0.75,2.0,57.0,139.0,82.0,77.5,30.75,57.0,1.55,3.98,2.4299999999999997,3.3725,0.91125,3.98,2.0,2.0,0.0,2.0,0.0,2.0,0.0,5.0,5.0,3.75,1.875,5.0,0.0,5.0,5.0,1.25,1.875,0.0,0.0,0.0,0.0,0.0,0.0,0.0,7.0,7.0,0.0,7.0,0.0,7.0,0.0,0.0,0.0,0.0,0.0,0.0,0.0,1.0,1.0,0.75,0.375,1.0,0.0,5.0,5.0,1.25,1.875,0.0,0.0,0.0,0.0,0.0,0.0,0.0,1.0,5.0,4.0,2.0,1.5,1.0,9.7075,10.4875862069,0.7800862069000001,9.902521551725,0.2925323275875002,9.7075,0.0,1.97,1.97,1.4775,0.73875,1.97,0.0,0.000310120689655,0.000310120689655,7.753017241375e-05,0.0001162952586206,0.0,15.0,217.0,202.0,65.5,75.75,15.0,2,0.7905694150420949,0.7591472429689157,0.7506162703470459,0.7500489811920582,0.7500012701219063,2.0,3.75,1.25,0.0,1.0,0.25,225.4607714229524,0.0904160490441939,1.3380010710495327e-09,3.8864903450012207,5,0.11340521833211703,True,0.4462488214332862,0.5320996530612407,0.08940332114216976,0.6584784686647268,0.4430809003097374,60
BAT_00243,Li0-2NaFePCO7,NaFePCO7,NaFePCO7,NaLi2FePCO7,Li,3.720026075833336,216.40534815346368,615.0074494112922,805.0335380806763,2287.8437486417583,0.083123033251872,0.040621705954548,0.025701401538463,1,5,C-Fe-Na-O-P,"Na,Fe,P,C,O",mp-769633,mp-770772,"mp-769633,mp-770772",More than one working ion per transition metal,"['Na', 'Fe', 'P', 'C', 'O']",True,True,False,False,True,False,True,0.040621705954548,6.0,26.0,20.0,10.363636363636363,3.801652892561983,8.0,2.0,87.0,85.0,75.0909090909091,16.94214876033058,87.0,12.0107,55.845,43.8343,21.255911934545455,8.371053722975207,15.9994,54.8,3823.0,3768.2,609.6154545454546,802.6852892561983,54.8,1.0,16.0,15.0,13.636363636363637,3.322314049586777,16.0,2.0,4.0,2.0,2.363636363636364,0.5289256198347108,2.0,66.0,166.0,100.0,85.72727272727273,26.876033057851245,66.0,0.93,3.44,2.51,2.87090909090909,0.724297520661157,3.44,1.0,2.0,1.0,1.9090909090909092,0.165289256198347,2.0,0.0,4.0,4.0,3.0,1.2727272727272727,4.0,0.0,6.0,6.0,0.5454545454545454,0.9917355371900826,0.0,0.0,0.0,0.0,0.0,0.0,0.0,1.0,8.0,7.0,5.454545454545454,1.15702479338843,6.0,0.0,1.0,1.0,0.0909090909090909,0.165289256198347,0.0,0.0,4.0,4.0,1.9090909090909092,0.6942148760330578,2.0,0.0,4.0,4.0,0.3636363636363636,0.6611570247933883,0.0,0.0,0.0,0.0,0.0,0.0,0.0,1.0,4.0,3.0,2.363636363636364,0.7107438016528925,2.0,5.64,29.2433333333,23.6033333333,11.99259740259091,5.059704840603306,9.105,0.0,4.496,4.496,0.5564545454545455,0.9105619834710744,0.0,0.0,2.1106628,2.1106628,0.1918784363636363,0.3488698842975207,0.0,2.0,229.0,227.0,67.0909090909091,81.95041322314049,12.0,5,0.6618281717527744,0.6388277989398534,0.6363939238897478,0.6363640779138732,0.6363636372647612,1.9090909090909092,3.0,0.5454545454545454,0.0,2.0,0.1818181818181818,216.4053481460397,0.0767438499449403,0.0063791833069316,3.80808687210083,2,-0.08806079626749419,True,0.40671101916894725,0.4935616933304953,0.2273353606418279,0.5932610715302,0.43420110018423835,61
BAT_00911,Li0-1MnO2,MnO2,MnO2,LiMnO2,Li,3.150337450833334,285.49314425958426,1125.501977395577,899.3997443171321,3545.7110303762583,0.009808180218552,0.015143706666666,0.029270926249999,1,2,Mn-O,"Mn,O",mp-1271850,mp-2506805,"mp-1271850,mp-2506805,mp-755562",,"['Mn', 'O']",True,True,False,False,False,False,True,0.029270926249999,8.0,25.0,17.0,13.666666666666666,7.555555555555555,8.0,52.0,87.0,35.0,75.33333333333333,15.555555555555555,87.0,15.9994,54.938045,38.938645,28.978948333333335,17.306064444444445,15.9994,54.8,1519.0,1464.2,542.8666666666667,650.7555555555556,54.8,7.0,16.0,9.0,13.0,4.0,16.0,2.0,4.0,2.0,2.6666666666666665,0.8888888888888888,2.0,66.0,139.0,73.0,90.33333333333331,32.44444444444444,66.0,1.55,3.44,1.89,2.81,0.8399999999999999,3.44,2.0,2.0,0.0,2.0,0.0,2.0,0.0,4.0,4.0,2.6666666666666665,1.777777777777778,4.0,0.0,5.0,5.0,1.6666666666666667,2.222222222222222,0.0,0.0,0.0,0.0,0.0,0.0,0.0,6.0,7.0,1.0,6.333333333333333,0.4444444444444443,6.0,0.0,0.0,0.0,0.0,0.0,0.0,0.0,2.0,2.0,1.3333333333333333,0.888888888888889,2.0,0.0,5.0,5.0,1.6666666666666667,2.222222222222222,0.0,0.0,0.0,0.0,0.0,0.0,0.0,2.0,5.0,3.0,3.0,1.3333333333333333,2.0,9.105,10.4875862069,1.3825862068999992,9.565862068966666,0.6144827586222217,9.105,0.0,0.0,0.0,0.0,0.0,0.0,0.0,0.000310120689655,0.000310120689655,0.0001033735632183,0.0001378314176244,0.0,12.0,217.0,205.0,80.33333333333333,91.11111111111111,12.0,2,0.7453559924999299,0.6933612743506347,0.6707822056951861,0.667408235036379,0.6667317422407864,2.0,2.6666666666666665,1.6666666666666667,0.0,1.0,0.3333333333333333,285.4931442497902,0.0960324057345616,-0.0862242255160096,3.3078556060791016,1,-0.1575181552457674,True,0.1544512129288017,0.7875846917827576,0.03274268248146894,0.7069146925645012,0.4305422464226618,62
BAT_01517,Li0-3Co(NiO2)4,Co(NiO2)4,Co(NiO2)4,Li3Co(NiO2)4,Li,3.712947963333329,181.69469373383455,959.3955705241126,674.6229430475141,3562.1858296085215,0.021135091075629,0.038864772051279,0.019836509583333,1,3,Co-Ni-O,"Co,Ni,O",mp-756594,mp-756787,"mp-756594,mp-756787",,"['Co', 'Ni', 'O']",True,True,False,False,False,False,True,0.038864772051279,8.0,28.0,20.0,15.615384615384617,9.372781065088756,8.0,58.0,87.0,29.0,76.76923076923077,12.59171597633136,87.0,15.9994,58.933195,42.933795,32.438615,20.23288,15.9994,54.8,1768.0,1713.2,701.4153846153846,795.8343195266274,54.8,9.0,16.0,7.0,13.615384615384617,2.93491124260355,16.0,2.0,4.0,2.0,2.769230769230769,0.9467455621301776,2.0,66.0,126.0,60.0,88.46153846153847,27.644970414201183,66.0,1.88,3.44,1.56,2.8492307692307692,0.7271005917159763,3.44,2.0,2.0,0.0,2.0,0.0,2.0,0.0,4.0,4.0,2.4615384615384617,1.893491124260355,4.0,0.0,8.0,8.0,3.0,3.692307692307693,0.0,0.0,0.0,0.0,0.0,0.0,0.0,6.0,10.0,4.0,7.461538461538462,1.7988165680473374,6.0,0.0,0.0,0.0,0.0,0.0,0.0,0.0,2.0,2.0,1.2307692307692308,0.9467455621301776,2.0,0.0,3.0,3.0,0.8461538461538461,1.041420118343195,0.0,0.0,0.0,0.0,0.0,0.0,0.0,2.0,3.0,1.0,2.076923076923077,0.1420118343195267,2.0,9.105,10.32,1.215,9.566538461538462,0.5680473372781064,9.105,0.0,0.0,0.0,0.0,0.0,0.0,0.0,1.5484712,1.5484712,0.3023115384615385,0.3720757396449704,0.0,12.0,225.0,213.0,91.53846153846152,97.89349112426036,12.0,3,0.6923076923076924,0.6403959628675595,0.6191872391199975,0.6160691816746312,0.6154446852026032,2.0,2.4615384615384617,3.0,0.0,3.0,0.2307692307692307,181.6946937276014,0.0211350908532432,2.2238576258271079e-10,3.3040931224823,3,0.4088548408510291,True,0.15255384375662023,0.34584051439719493,0.7883445662480917,0.6108529819735351,0.4293578170904699,63
BAT_01922,Li2-3V(OF)2,V(OF)2,Li2V(OF)2,Li3V(OF)2,Li,2.30192013333333,189.06222509271404,605.2257420945608,435.2061423937164,1393.181320939075,0.000823368902977,0.058052366785717,0.0798429384375,1,3,F-O-V,"V,O,F",mp-1280578,mp-753080,"mp-1280578,mp-1306444,mp-761260,mp-753080",More than one working ion per transition metal,"['V', 'O', 'F']",True,True,False,True,False,False,True,0.0798429384375,8.0,23.0,15.0,11.4,4.64,8.0,46.0,93.0,47.0,81.2,14.079999999999998,87.0,15.9994,50.9415,34.942099999999996,24.18742128,10.701631488,15.9994,53.5,2183.0,2129.5,479.92,681.232,53.5,5.0,17.0,12.0,14.2,3.6800000000000006,16.0,2.0,4.0,2.0,2.4,0.6399999999999999,2.0,57.0,153.0,96.0,79.8,29.27999999999999,57.0,1.63,3.98,2.35,3.2939999999999996,0.6656000000000002,3.44,2.0,2.0,0.0,2.0,0.0,2.0,0.0,5.0,5.0,3.6,1.44,4.0,0.0,3.0,3.0,0.6,0.96,0.0,0.0,0.0,0.0,0.0,0.0,0.0,5.0,7.0,2.0,6.2,0.64,6.0,0.0,0.0,0.0,0.0,0.0,0.0,0.0,2.0,2.0,1.2,0.6399999999999999,1.0,0.0,7.0,7.0,1.4,2.24,0.0,0.0,0.0,0.0,0.0,0.0,0.0,1.0,7.0,6.0,2.6,1.7600000000000002,1.0,9.105,13.01,3.9049999999999994,10.127,1.1531999999999991,9.105,0.0,1.97,1.97,0.788,0.9456,0.0,0.0,0.0,0.0,0.0,0.0,0.0,12.0,229.0,217.0,56.6,68.96000000000001,12.0,3,0.6000000000000001,0.5142563181316472,0.4609063239604281,0.4418818424353128,0.4287303134918266,2.0,3.6,0.6,0.0,1.0,0.2,189.06222508622812,0.0008226913901667,6.775128102848305e-07,3.4879093170166016,4,-1.1859891836832714,True,0.24524984412019948,0.377195164326995,0.9932662957178489,0.2005448697234482,0.42549573562241777,64
BAT_02493,Li0-1Ni3O4,Ni3O4,Ni3O4,LiNi3O4,Li,3.51241752333333,108.49976254991074,613.5351508297151,381.0964672578119,2154.9916149552496,0.01907879145217,0.0,0.003079798541667,1,2,Ni-O,"Ni,O",mp-656887,mp-1273274,"mp-656887,mp-1273274,mp-1275948,mp-755956",,"['Ni', 'O']",True,True,False,False,False,False,True,0.003079798541667,8.0,28.0,20.0,16.571428571428573,9.79591836734694,8.0,61.0,87.0,26.0,75.85714285714286,12.73469387755102,87.0,15.9994,58.6934,42.694,34.29682857142857,20.911346938775505,15.9994,54.8,1728.0,1673.2,771.8857142857142,819.5265306122449,54.8,10.0,16.0,6.0,13.428571428571429,2.9387755102040813,16.0,2.0,4.0,2.0,2.857142857142857,0.979591836734694,2.0,66.0,124.0,58.0,90.85714285714286,28.40816326530612,66.0,1.91,3.44,1.53,2.7842857142857143,0.7493877551020408,3.44,2.0,2.0,0.0,2.0,0.0,2.0,0.0,4.0,4.0,2.2857142857142856,1.959183673469388,4.0,0.0,8.0,8.0,3.4285714285714284,3.9183673469387754,0.0,0.0,0.0,0.0,0.0,0.0,0.0,6.0,10.0,4.0,7.714285714285714,1.959183673469388,6.0,0.0,0.0,0.0,0.0,0.0,0.0,0.0,2.0,2.0,1.1428571428571428,0.979591836734694,2.0,0.0,2.0,2.0,0.8571428571428571,0.979591836734694,0.0,0.0,0.0,0.0,0.0,0.0,0.0,2.0,2.0,0.0,2.0,0.0,2.0,9.105,10.32,1.215,9.625714285714285,0.5951020408163262,9.105,0.0,0.0,0.0,0.0,0.0,0.0,0.0,0.5953947,0.5953947,0.2551691571428572,0.291621893877551,0.0,12.0,225.0,213.0,103.28571428571428,104.3265306122449,12.0,2,0.7142857142857142,0.6425630636107735,0.5962896661282494,0.5817489027710038,0.5745677356889045,2.0,2.2857142857142856,3.4285714285714284,0.0,1.0,0.1428571428571428,108.49976254618856,0.0451717969830034,-0.0260930055308334,3.7231857776641846,1,-0.21076825433085444,True,0.36389655496623546,0.03433842066782637,0.545850152930723,0.9691624482698458,0.4224730129303323,65
BAT_01296,Li0-2V(CO3)2,V(CO3)2,V(CO3)2,Li2V(CO3)2,Li,3.042650575833332,289.9945103758077,793.1825773406698,882.3519639834565,2413.3774256865554,0.044336898836361,0.078162138333338,0.050253854630685,1,3,C-O-V,"V,C,O",mp-757524,mp-752552,"mp-757524,mp-752552,mp-758928",More than one working ion per transition metal,"['V', 'C', 'O']",True,True,False,False,False,False,True,0.078162138333338,6.0,23.0,17.0,9.22222222222222,3.061728395061728,8.0,46.0,87.0,41.0,80.22222222222223,9.037037037037036,87.0,12.0107,50.9415,38.9308,18.995477777777776,7.0991160493827135,15.9994,54.8,3823.0,3768.2,1128.6444444444444,1431.7925925925929,54.8,5.0,16.0,11.0,14.333333333333334,2.2222222222222223,16.0,2.0,4.0,2.0,2.2222222222222223,0.3950617283950618,2.0,66.0,153.0,87.0,77.88888888888889,16.691358024691354,66.0,1.63,3.44,1.81,3.0411111111111113,0.5318518518518518,3.44,2.0,2.0,0.0,2.0,0.0,2.0,0.0,4.0,4.0,3.111111111111111,1.1851851851851851,4.0,0.0,3.0,3.0,0.3333333333333333,0.5925925925925926,0.0,0.0,0.0,0.0,0.0,0.0,0.0,4.0,6.0,2.0,5.444444444444445,0.7407407407407407,6.0,0.0,0.0,0.0,0.0,0.0,0.0,0.0,4.0,4.0,2.2222222222222223,0.7901234567901235,2.0,0.0,7.0,7.0,0.7777777777777778,1.382716049382716,0.0,0.0,0.0,0.0,0.0,0.0,0.0,2.0,7.0,5.0,3.0,1.3333333333333333,2.0,5.64,13.01,7.37,8.768888888888888,1.390617283950618,9.105,0.0,4.496,4.496,0.9991111111111112,1.5541728395061731,0.0,0.0,0.0,0.0,0.0,0.0,0.0,12.0,229.0,217.0,76.55555555555556,86.07407407407408,12.0,3,0.7114582486036499,0.6758002217303778,0.6672315521896236,0.6667105455840667,0.6666677967664446,2.0,3.111111111111111,0.3333333333333333,0.0,2.0,0.2222222222222222,289.99451036585924,0.0424545943046013,0.0018823045317596,3.1214845180511475,1,-0.07883394221781526,True,0.060466814615213145,0.8067415506958788,0.573262663854909,0.21737446408129513,0.41828993518056845,66
BAT_02061,Li0-1VF3,VF3,VF3,LiVF3,Li,2.350988858333328,233.30445252334565,760.935334803196,548.4961684819425,1788.9504940344546,0.055139315568536,0.0,0.018508798999996,1,2,F-V,"V,F",mp-559931,mp-752764,"mp-559931,mp-1178903,mp-752764",,"['V', 'F']",True,False,False,True,False,False,True,0.018508798999996,9.0,23.0,14.0,12.5,5.25,9.0,46.0,93.0,47.0,81.25,17.625,93.0,18.9984032,50.9415,31.9430968,26.9841774,11.9786613,18.9984032,53.5,2183.0,2129.5,585.875,798.5625,53.5,5.0,17.0,12.0,14.0,4.5,17.0,2.0,4.0,2.0,2.5,0.75,2.0,57.0,153.0,96.0,81.0,36.0,57.0,1.63,3.98,2.35,3.3925,0.88125,3.98,2.0,2.0,0.0,2.0,0.0,2.0,0.0,5.0,5.0,3.75,1.875,5.0,0.0,3.0,3.0,0.75,1.125,0.0,0.0,0.0,0.0,0.0,0.0,0.0,5.0,7.0,2.0,6.5,0.75,7.0,0.0,0.0,0.0,0.0,0.0,0.0,0.0,1.0,1.0,0.75,0.375,1.0,0.0,7.0,7.0,1.75,2.625,0.0,0.0,0.0,0.0,0.0,0.0,0.0,1.0,7.0,6.0,2.5,2.25,1.0,9.7075,13.01,3.3025,10.533125,1.2384375000000003,9.7075,0.0,1.97,1.97,1.4775,0.73875,1.97,0.0,0.0,0.0,0.0,0.0,0.0,15.0,229.0,214.0,68.5,80.25,15.0,2,0.7905694150420949,0.7591472429689157,0.7506162703470459,0.7500489811920582,0.7500012701219063,2.0,3.75,0.75,0.0,1.0,0.25,233.30445251534195,0.0825202580906205,-0.0273809425220845,3.098668098449707,5,-0.747679240116379,True,0.04896080533768987,0.5654806952097613,0.16906004218485737,0.8146742266081906,0.38107930392284495,67
BAT_01499,Li2-3Na2CoO4,Na2CoO4,Na2Li2CoO4,Na2Li3CoO4,Li,3.18593919333333,141.25868471545286,406.4456317841556,450.04158003367706,1294.9110682602684,0.00035425116192,0.055879007222224,0.0,1,3,Co-Na-O,"Na,Co,O",mp-861533,mp-504854,"mp-861533,mp-759586,mp-504854",More than one working ion per transition metal,"['Na', 'Co', 'O']",True,True,False,False,False,False,True,0.055879007222224,8.0,27.0,19.0,11.571428571428571,4.408163265306122,8.0,2.0,87.0,85.0,58.57142857142857,32.48979591836735,87.0,15.9994,58.933195,42.933795,24.130047651428573,9.943756385306122,15.9994,54.8,1768.0,1713.2,389.84857142857135,393.7575510204082,54.8,1.0,16.0,15.0,10.714285714285714,6.040816326530612,16.0,2.0,4.0,2.0,2.5714285714285716,0.6530612244897959,2.0,66.0,166.0,100.0,103.14285714285714,42.44897959183673,66.0,0.93,3.44,2.51,2.5,1.0742857142857145,3.44,1.0,2.0,1.0,1.7142857142857142,0.4081632653061225,2.0,0.0,4.0,4.0,2.2857142857142856,1.959183673469388,4.0,0.0,7.0,7.0,1.0,1.7142857142857142,0.0,0.0,0.0,0.0,0.0,0.0,0.0,1.0,9.0,8.0,5.0,2.2857142857142856,6.0,0.0,1.0,1.0,0.2857142857142857,0.4081632653061224,0.0,0.0,2.0,2.0,1.1428571428571428,0.979591836734694,2.0,0.0,3.0,3.0,0.4285714285714285,0.7346938775510204,0.0,0.0,0.0,0.0,0.0,0.0,0.0,1.0,3.0,2.0,1.8571428571428572,0.4897959183673469,2.0,9.105,29.2433333333,20.1383333333,15.021666666657143,8.126666666653062,9.105,0.0,0.0,0.0,0.0,0.0,0.0,0.0,1.5484712,1.5484712,0.2212101714285714,0.3792174367346939,0.0,12.0,229.0,217.0,100.0,100.57142857142856,12.0,3,0.6546536707079771,0.5970484566258902,0.5750650283013602,0.5720691506685885,0.5714844049399023,1.7142857142857142,2.2857142857142856,1.0,0.0,1.0,0.1428571428571428,141.25868471060684,0.0003541262246733,1.2493724662411597e-07,3.1465301513671875,3,0.03940904196614259,True,0.07309698597117865,0.17375344132331466,0.9979934174080624,0.4404920476024725,0.361752221190455,68
BAT_00653,Li0-1FeF3,FeF3,FeF3,LiFeF3,Li,3.246644476666664,223.7536357736355,739.5625799137715,726.4485057185582,2401.096765226395,0.089806646114283,0.038028017916666,0.091847262999996,1,2,F-Fe,"Fe,F",mp-1181398,mp-760354,"mp-1181398,mp-760354",,"['Fe', 'F']",True,False,False,True,False,False,True,0.091847262999996,9.0,26.0,17.0,13.25,6.375,9.0,55.0,93.0,38.0,83.5,14.25,93.0,18.9984032,55.845,36.8465968,28.2100524,13.8174738,18.9984032,53.5,1811.0,1757.5,492.875,659.0625,53.5,8.0,17.0,9.0,14.75,3.375,17.0,2.0,4.0,2.0,2.5,0.75,2.0,57.0,132.0,75.0,75.75,28.125,57.0,1.83,3.98,2.15,3.4425,0.80625,3.98,2.0,2.0,0.0,2.0,0.0,2.0,0.0,5.0,5.0,3.75,1.875,5.0,0.0,6.0,6.0,1.5,2.25,0.0,0.0,0.0,0.0,0.0,0.0,0.0,7.0,8.0,1.0,7.25,0.375,7.0,0.0,0.0,0.0,0.0,0.0,0.0,0.0,1.0,1.0,0.75,0.375,1.0,0.0,4.0,4.0,1.0,1.5,0.0,0.0,0.0,0.0,0.0,0.0,0.0,1.0,4.0,3.0,1.75,1.125,1.0,9.7075,10.73,1.0225000000000009,9.963125,0.3834375000000003,9.7075,0.0,1.97,1.97,1.4775,0.73875,1.97,0.0,2.1106628,2.1106628,0.5276657,0.79149855,0.0,15.0,229.0,214.0,68.5,80.25,15.0,2,0.7905694150420949,0.7591472429689157,0.7506162703470459,0.7500489811920582,0.7500012701219063,2.0,3.75,1.5,0.0,1.0,0.25,223.75363576595947,0.0898066470349995,-9.207165446722954e-10,3.996350049972534,3,-0.7497055733058704,True,0.5016495725899709,0.5248344459922517,0.09555127593665191,0.08034740398883478,0.3431249415597641,69
