battery_id,framework_formula,num_steps,max_delta_volume,endpoint_delta_abs,volume_residual,abs_volume_residual,contains_F,contains_V,contains_Mn,contains_Fe,contains_Co,contains_Ni
BAT_00015,Al3Cr3(SbO8)2,1,0.05445090810899,0.0544509083658009,-2.5681096832430583e-10,2.5681096832430583e-10,False,False,False,False,False,False
BAT_00017,Al2FeO6,2,0.004728772679465,0.0047065195705012,2.225310896378663e-05,2.225310896378663e-05,True,False,False,True,False,False
BAT_00020,AlVO4,1,0.007314828338257,0.0072617112004193,5.311713783768407e-05,5.311713783768407e-05,False,True,False,False,False,False
BAT_00022,MnBAsO7,1,0.016520414441825,0.0165204147929897,-3.5116471883145373e-10,3.5116471883145373e-10,False,False,True,False,False,False
BAT_00023,FeBAsO7,1,0.04286264073662,0.0411009449757619,0.001761695760858,0.001761695760858,True,False,False,True,False,False
BAT_00025,CrAsCO7,1,0.011719696153955,0.0115839355839662,0.0001357605699887,0.0001357605699887,False,False,False,False,False,False
BAT_00027,FeAsCO7,2,0.053430317392643,0.050720315361283,0.0027100020313599,0.0027100020313599,True,False,False,True,False,False
BAT_00028,MnAsCO7,2,0.016056593070193,0.0160565935558408,-4.856478691417364e-10,4.856478691417364e-10,False,False,True,False,False,False
BAT_00029,VAsCO7,1,0.068261973663813,0.0639000309303653,0.0043619427334476,0.0043619427334476,False,True,False,False,False,False
BAT_00030,CoAsO4,1,0.047159454681764,0.047159453475786,1.2059779286310855e-09,1.2059779286310855e-09,False,False,False,False,True,False
BAT_00031,FeAs2O7,1,0.014209346040159,0.0142093466982506,-6.58091697455787e-10,6.58091697455787e-10,True,False,False,True,False,False
BAT_00033,Fe2(AsO4)3,1,0.028936473617741,0.0289364737112598,-9.351883850650111e-11,9.351883850650111e-11,True,False,False,True,False,False
BAT_00037,NiAsO4,1,0.049245463950724,0.049245463950725,-1.033895191682177e-15,1.033895191682177e-15,False,False,False,False,False,True
BAT_00038,MnAsO4,1,0.062570318125929,0.0625703181281533,-2.224345707624309e-12,2.224345707624309e-12,False,False,True,False,False,False
BAT_00039,VAs2O9,1,0.010062164969947,0.0099619264228622,0.0001002385470847,0.0001002385470847,False,True,False,False,False,False
BAT_00040,VAsO5,1,0.010222359532899,0.0065652853688946,0.0036570741640043,0.0036570741640043,False,True,False,False,False,False
BAT_00048,CrB3(HO3)3,1,0.028362813632403,0.027580551587839,0.0007822620445639,0.0007822620445639,False,False,False,False,False,False
BAT_00051,CoBO3,2,0.126054098114709,0.1260540972154237,8.99285257371929e-10,8.99285257371929e-10,False,False,False,False,True,False
BAT_00052,Mn2Fe(BO3)4,1,0.020469121009584,0.0204691034273629,1.7582221012446553e-08,1.7582221012446553e-08,True,False,True,True,False,False
BAT_00053,Cr(BO3)2,1,0.005392560122567,0.005392560419354,-2.9678702637842003e-10,2.9678702637842003e-10,False,False,False,False,False,False
BAT_00055,FeBO3,4,0.002838442240608,0.0015805996841562,0.0012578425564517,0.0012578425564517,True,False,False,True,False,False
BAT_00056,FeBO3,2,0.005331217088064,0.0053312162952411,7.928228264869607e-10,7.928228264869607e-10,True,False,False,True,False,False
BAT_00058,FeBO3,4,0.009691196834032,0.0056228968988829,0.004068299935149,0.004068299935149,True,False,False,True,False,False
BAT_00059,FeBO3,3,0.010646791974403,0.0090651308830292,0.0015816610913737,0.0015816610913737,True,False,False,True,False,False
BAT_00060,FeBO3,4,0.007534745048858,0.0056139267005371,0.0019208183483208,0.0019208183483208,True,False,False,True,False,False
BAT_00061,FeBO3,6,0.008460838951531,0.0045786282447713,0.0038822107067596,0.0038822107067596,True,False,False,True,False,False
BAT_00062,FeBO4,2,0.045135133698451,0.0137233363905424,0.0314117973079085,0.0314117973079085,True,False,False,True,False,False
BAT_00063,Fe(BO3)2,1,0.039108727628768,0.0376368005364578,0.0014719270923101,0.0014719270923101,True,False,False,True,False,False
BAT_00064,Fe3(BO3)4,2,0.016365175440707,0.0108072273174777,0.0055579481232292,0.0055579481232292,True,False,False,True,False,False
BAT_00065,FeBPO7,1,0.030709602871123,0.0297946220378657,0.0009149808332572,0.0009149808332572,True,False,False,True,False,False
BAT_00067,MnBO3,1,0.029670025448125,0.0296700263785594,-9.304344725236111e-10,9.304344725236111e-10,False,False,True,False,False,False
BAT_00069,MnBO3,3,0.007151468219929,0.007151468738219,-5.182900003272706e-10,5.182900003272706e-10,False,False,True,False,False,False
BAT_00070,MnBO3,1,0.014915362475103,0.0149153635465265,-1.0714235471054323e-09,1.0714235471054323e-09,False,False,True,False,False,False
BAT_00071,MnBO3,1,0.012613314042032,0.0124562006812248,0.0001571133608071,0.0001571133608071,False,False,True,False,False,False
BAT_00072,MnBO3,2,0.024488272908526,0.0223899115239772,0.0020983613845487,0.0020983613845487,False,False,True,False,False,False
BAT_00073,MnBO3,2,0.019850421208827,0.0198504202231855,9.856414052988871e-10,9.856414052988871e-10,False,False,True,False,False,False
BAT_00074,MnBO3,2,0.012886091989992,0.0128860924032673,-4.132753774616082e-10,4.132753774616082e-10,False,False,True,False,False,False
BAT_00075,Mn3(BO3)4,2,0.022253191926054,0.0222531922292303,-3.0317639718169254e-10,3.0317639718169254e-10,False,False,True,False,False,False
BAT_00077,MnBO3,1,0.015784861123141,0.0157848616220937,-4.989527922771853e-10,4.989527922771853e-10,False,False,True,False,False,False
BAT_00078,MnBO3,2,0.038421969278134,0.0384219689956985,2.8243547084416676e-10,2.8243547084416676e-10,False,False,True,False,False,False
BAT_00079,MnBO3,2,0.027189375629869,0.016925810802617,0.0102635648272519,0.0102635648272519,False,False,True,False,False,False
BAT_00080,MnBO3,1,0.000386347319183,0.0003863468398869,4.792960442054871e-10,4.792960442054871e-10,False,False,True,False,False,False
BAT_00081,Mn(BO3)2,1,0.034547333726739,0.0345473330677715,6.589674916845921e-10,6.589674916845921e-10,False,False,True,False,False,False
BAT_00082,MnBO3,2,0.018003279455586,0.0084435859079136,0.0095596935476723,0.0095596935476723,False,False,True,False,False,False
BAT_00083,MnBO3,2,0.027181045131234,0.0271810446877032,4.4353073297420664e-10,4.4353073297420664e-10,False,False,True,False,False,False
BAT_00085,MnBO3,1,0.000960955898699,0.0009600326160001,9.23282698887958e-07,9.23282698887958e-07,False,False,True,False,False,False
BAT_00086,MnBO3,2,0.008125268354417,0.0080597805245525,6.548782986449085e-05,6.548782986449085e-05,False,False,True,False,False,False
BAT_00088,MnBO3,1,0.005359914441086,0.0053599148973374,-4.56251409049202e-10,4.56251409049202e-10,False,False,True,False,False,False
BAT_00089,MnBO3,1,0.009288595783659,0.0092031124374886,8.54833461703345e-05,8.54833461703345e-05,False,False,True,False,False,False
BAT_00090,MnBO3,1,0.00930063258546,0.046577430014122,-0.037276797428662,0.037276797428662,False,False,True,False,False,False
BAT_00091,MnBO3,1,0.028289474365483,0.0282894741673485,1.9813442900251663e-10,1.9813442900251663e-10,False,False,True,False,False,False
BAT_00092,MnBO3,2,0.026231591308557,0.0262315915894661,-2.809091535771468e-10,2.809091535771468e-10,False,False,True,False,False,False
BAT_00093,MnBO3,2,0.021178317317151,0.021178318410528,-1.0933770694387943e-09,1.0933770694387943e-09,False,False,True,False,False,False
BAT_00094,MnBO3,1,0.007563580992514,0.0075635815802575,-5.877435768977811e-10,5.877435768977811e-10,False,False,True,False,False,False
BAT_00095,MnBO3,2,0.026885968822346,0.0268859687408225,8.152345118417337e-11,8.152345118417337e-11,False,False,True,False,False,False
BAT_00097,MnBO3,2,0.020447172773733,0.0204471723138712,4.5986170427170237e-10,4.5986170427170237e-10,False,False,True,False,False,False
BAT_00099,MnBO3,1,0.012778733426141,0.0127787334687701,-4.2629118984782715e-11,4.2629118984782715e-11,False,False,True,False,False,False
BAT_00100,MnBO3,2,0.023301190841429,0.0233011910714235,-2.29994554651336e-10,2.29994554651336e-10,False,False,True,False,False,False
BAT_00101,MnBO3,1,0.019310941469961,0.0193109422777917,-8.078307675574158e-10,8.078307675574158e-10,False,False,True,False,False,False
BAT_00102,MnBO3,1,0.016704537980735,0.0167045387662669,-7.85531913821691e-10,7.85531913821691e-10,False,False,True,False,False,False
BAT_00106,MnBPO7,1,0.014011071125088,0.0140110729030913,-1.7780033157582806e-09,1.7780033157582806e-09,False,False,True,False,False,False
BAT_00108,NiBO3,1,0.001379148808547,0.0013772493438963,1.8994646506860675e-06,1.8994646506860675e-06,False,False,False,False,False,True
BAT_00109,VBPO7,1,0.058294419992003,0.0550833666117818,0.0032110533802211,0.0032110533802211,False,True,False,False,False,False
BAT_00114,VBO4,1,0.125161862215333,0.0808274407421296,0.0443344214732033,0.0443344214732033,False,True,False,False,False,False
BAT_00118,BaCaVP2O9,1,0.030352964284559,0.0303529643088456,-2.4286676836293708e-11,2.4286676836293708e-11,False,True,False,False,False,False
BAT_00149,Co3BiO8,1,0.014538857382409,0.0145388579839609,-6.015519124491496e-10,6.015519124491496e-10,False,False,False,False,True,False
BAT_00180,V3Bi2(PO4)6,1,0.072933733742921,0.0729337339294047,-1.8648374511265328e-10,1.8648374511265328e-10,False,True,False,False,False,False
BAT_00199,CoH8(CO5)2,1,0.0483715991521,0.046139748442245,0.0022318507098549,0.0022318507098549,False,False,False,False,True,False
BAT_00200,CoH8(CO5)2,1,0.031332658649707,0.0303807489766121,0.0009519096730948,0.0009519096730948,False,False,False,False,True,False
BAT_00201,NaCoPCO7,1,0.036319852034025,0.0350469524897868,0.0012728995442381,0.0012728995442381,False,False,False,False,True,False
BAT_00202,Co2(CO3)3,2,0.022771052596862,0.0222640758460324,0.0005069767508295,0.0005069767508295,False,False,False,False,True,False
BAT_00203,Co(CO3)2,2,0.171645120157025,0.1447265039072157,0.0269186162498092,0.0269186162498092,False,False,False,False,True,False
BAT_00204,Co(CO3)2,3,0.123996110140818,0.1103172054292449,0.013678904711573,0.013678904711573,False,False,False,False,True,False
BAT_00205,CoCO4,1,0.006029008894159,0.006029009592199,-6.98040058047522e-10,6.98040058047522e-10,False,False,False,False,True,False
BAT_00206,Co(CO)4,1,0.075443762962508,0.0701512859721131,0.0052924769903948,0.0052924769903948,False,False,False,False,True,False
BAT_00207,Co2C2O7,1,0.054035811782951,0.0512656288489057,0.0027701829340452,0.0027701829340452,False,False,False,False,True,False
BAT_00209,Co(CO3)2,1,0.007545293713089,0.0074887885511785,5.6505161910426135e-05,5.6505161910426135e-05,False,False,False,False,True,False
BAT_00210,Co2C2O7,1,0.06969451050493,0.0651536593220806,0.0045408511828493,0.0045408511828493,False,False,False,False,True,False
BAT_00211,CoPCO7,2,0.035333173796732,0.0353331731657782,6.309537475823744e-10,6.309537475823744e-10,False,False,False,False,True,False
BAT_00212,Co2C4SO16,1,0.042168179628257,0.0421681777966093,1.8316476529944834e-09,1.8316476529944834e-09,False,False,False,False,True,False
BAT_00213,CoCSO7,1,0.025522692372991,0.0248874965711675,0.0006351958018234,0.0006351958018234,False,False,False,False,True,False
BAT_00214,Cr(CO3)3,1,0.015554904778144,0.0153166589022046,0.0002382458759393,0.0002382458759393,False,False,False,False,False,False
BAT_00215,Cr(CO3)2,1,0.001137918581778,0.0011379184677525,1.1402546224933974e-10,1.1402546224933974e-10,False,False,False,False,False,False
BAT_00216,Cr(CO3)2,2,0.130151434901688,0.1155943856635598,0.0145570492381282,0.0145570492381282,False,False,False,False,False,False
BAT_00217,CrPCO7,2,0.039191745605243,0.039191746947684,-1.3424410263973563e-09,1.3424410263973563e-09,False,False,False,False,False,False
BAT_00220,CrCSO7,1,0.040340757880959,0.0387764844057827,0.0015642734751762,0.0015642734751762,False,False,False,False,False,False
BAT_00241,Fe2C2O7,1,0.05237444872125,0.0497678826684221,0.0026065660528278,0.0026065660528278,True,False,False,True,False,False
BAT_00242,Fe(CO3)2,1,0.142076925170483,0.1789977589021738,-0.0369208337316908,0.0369208337316908,True,False,False,True,False,False
BAT_00243,NaFePCO7,1,0.083123033251872,0.0767438499449403,0.0063791833069316,0.0063791833069316,True,False,False,True,False,False
BAT_00245,Fe(CO3)2,2,0.088713766968627,0.0358467291336795,0.0528670378349474,0.0528670378349474,True,False,False,True,False,False
BAT_00246,Fe2(CO3)3,1,0.043847116640928,0.0438471169044036,-2.6347560244666113e-10,2.6347560244666113e-10,True,False,False,True,False,False
BAT_00247,Fe2C2O7,1,0.058231106435982,0.0582311063447108,9.127118505425358e-11,9.127118505425358e-11,True,False,False,True,False,False
BAT_00248,Fe(CO3)2,2,0.032447123042941,0.0124751364249024,0.0199719866180385,0.0199719866180385,True,False,False,True,False,False
BAT_00249,Fe(CO3)2,2,0.179010838873163,0.1008926687908936,0.0781181700822693,0.0781181700822693,True,False,False,True,False,False
BAT_00250,FeCO4,2,0.035494322785487,0.0194299713418465,0.0160643514436404,0.0160643514436404,True,False,False,True,False,False
BAT_00251,Fe2(CO3)3,2,0.007121290537613,0.004718821779854,0.0024024687577589,0.0024024687577589,True,False,False,True,False,False
BAT_00252,Fe2C2O7,1,0.08292455531801,0.0765746366752245,0.0063499186427854,0.0063499186427854,True,False,False,True,False,False
BAT_00253,Fe2C2O7,1,0.096238923410766,0.0962389233116778,9.908811271497342e-11,9.908811271497342e-11,True,False,False,True,False,False
BAT_00254,Fe(CO3)4,1,0.035090312195757,0.0339007251779229,0.001189587017834,0.001189587017834,True,False,False,True,False,False
BAT_00255,FePCO7,1,0.035563930648232,0.0343425750396712,0.0012213556085607,0.0012213556085607,True,False,False,True,False,False
BAT_00256,FePCO7,2,0.011024877695781,0.0088226955724482,0.0022021821233327,0.0022021821233327,True,False,False,True,False,False
BAT_00257,FePCO7,2,0.017592622831898,0.0172884732101142,0.0003041496217837,0.0003041496217837,True,False,False,True,False,False
BAT_00258,FePCO7,2,0.017137325549559,0.0545978085794036,-0.0374604830298446,0.0374604830298446,True,False,False,True,False,False
BAT_00259,FePCO7,2,0.008531020756535,0.008458858499414,7.216225712094841e-05,7.216225712094841e-05,True,False,False,True,False,False
BAT_00260,FePCO7,2,0.071232121639483,0.0454028290209446,0.0258292926185384,0.0258292926185384,True,False,False,True,False,False
BAT_00261,FePCO7,1,0.039524122623064,0.0380213623103353,0.0015027603127286,0.0015027603127286,True,False,False,True,False,False
BAT_00262,FePCO7,1,0.025084962424101,0.0244711057102234,0.0006138567138775,0.0006138567138775,True,False,False,True,False,False
BAT_00263,Fe2C4SO16,1,0.035721472116607,0.0344894563577761,0.0012320157588308,0.0012320157588308,True,False,False,True,False,False
BAT_00264,FePCO7,1,0.018003017914549,0.0180030182234099,-3.08860909070674e-10,3.08860909070674e-10,True,False,False,True,False,False
BAT_00265,FeSiCO7,1,0.018860311594585,0.0185111834335175,0.0003491281610674,0.0003491281610674,True,False,False,True,False,False
BAT_00266,FeCSO7,2,0.024016047805679,0.0175607317887161,0.0064553160169628,0.0064553160169628,True,False,False,True,False,False
BAT_00267,NiH8(CO5)2,1,0.025910491830266,0.0252560941152634,0.0006543977150025,0.0006543977150025,False,False,False,False,False,True
BAT_00269,KMnPCO7,1,0.013930594037867,0.0139305943225092,-2.8464223686408547e-10,2.8464223686408547e-10,False,False,True,False,False,False
BAT_00272,Mn(CO3)2,1,0.051396952532489,0.0488844407103906,0.0025125118220983,0.0025125118220983,False,False,True,False,False,False
BAT_00273,NaMnPCO7,2,0.013612153435616,0.0035439043710424,0.0100682490645735,0.0100682490645735,False,False,True,False,False,False
BAT_00274,Na2MnPCO7,1,0.027532452689224,0.0275324517783017,9.109222647019075e-10,9.109222647019075e-10,False,False,True,False,False,False
BAT_00275,Na2MnPCO7,1,0.00399348674755,0.003977602676898,1.588407065196331e-05,1.588407065196331e-05,False,False,True,False,False,False
BAT_00276,Mn(CO3)2,2,0.045566094111588,0.0455660949274476,-8.15859615976855e-10,8.15859615976855e-10,False,False,True,False,False,False
BAT_00277,Mn(CO3)2,2,0.029486368044829,0.0149865033917354,0.0144998646530935,0.0144998646530935,False,False,True,False,False,False
BAT_00278,Mn(CO3)4,1,0.077035606239165,0.0715255886214149,0.00551001761775,0.00551001761775,False,False,True,False,False,False
BAT_00279,Mn(CO3)2,2,0.142999833083565,0.142999831479303,1.604261945509222e-09,1.604261945509222e-09,False,False,True,False,False,False
BAT_00280,MnCO5,1,0.005250765213578,0.0052233386884937,2.7426525084236177e-05,2.7426525084236177e-05,False,False,True,False,False,False
BAT_00281,MnPCO7,1,0.017337310307297,0.0173373103492933,-4.1996385535814085e-11,4.1996385535814085e-11,False,False,True,False,False,False
BAT_00282,MnPCO7,2,0.022366448441633,0.022366448096721,3.4491196010399955e-10,3.4491196010399955e-10,False,False,True,False,False,False
BAT_00283,MnPCO7,2,0.054217846988892,0.0542178468609123,1.2797968934608048e-10,1.2797968934608048e-10,False,False,True,False,False,False
BAT_00284,MnPCO7,2,0.026720925986597,0.0267208334465493,9.254004770115065e-08,9.254004770115065e-08,False,False,True,False,False,False
BAT_00285,MnPCO7,1,0.014165616682839,0.0141655105606384,1.0612220057229504e-07,1.0612220057229504e-07,False,False,True,False,False,False
BAT_00286,MnPCO7,1,0.004541860797021,0.0045418596156962,1.181324774113257e-09,1.181324774113257e-09,False,False,True,False,False,False
BAT_00287,Mn2C4SO16,1,0.003849688488193,0.0038496876004237,8.877692370297395e-10,8.877692370297395e-10,False,False,True,False,False,False
BAT_00288,MnCSO7,2,0.080578998315653,0.0766510574841172,0.0039279408315357,0.0039279408315357,False,False,True,False,False,False
BAT_00289,Ni(CO3)2,1,0.064203589821126,0.0603301752260836,0.0038734145950423,0.0038734145950423,False,False,False,False,False,True
BAT_00291,Ni(CO3)2,1,0.068057442396159,0.0680574429253844,-5.292254412481157e-10,5.292254412481157e-10,False,False,False,False,False,True
BAT_00292,MnSiCO7,1,0.013895798619325,0.0138957984433125,1.7601247022380748e-10,1.7601247022380748e-10,False,False,True,False,False,False
BAT_00293,Ni(CO3)2,1,0.007285311113242,0.0072853116350043,-5.217623989112186e-10,5.217623989112186e-10,False,False,False,False,False,True
BAT_00294,NiCSO7,1,0.005053048162229,0.0050276431499308,2.540501229810182e-05,2.540501229810182e-05,False,False,False,False,False,True
BAT_00295,NiPCO7,2,0.042481563700836,0.0407504224064183,0.0017311412944176,0.0017311412944176,False,False,False,False,False,True
BAT_00296,Ni2C4SO16,1,0.060481493732431,0.0570321072329432,0.0034493864994877,0.0034493864994877,False,False,False,False,False,True
BAT_00298,Mn3CrO8,1,0.044263271028789,0.0442632710287891,-1.5959455978986623e-16,1.5959455978986623e-16,False,False,True,False,False,False
BAT_00299,VPCO7,2,0.02099943443297,0.0092837740913592,0.0117156603416107,0.0117156603416107,False,True,False,False,False,False
BAT_00300,Mn5Cr3O16,1,0.030534358331588,0.0305343578260537,5.055342498783143e-10,5.055342498783143e-10,False,False,True,False,False,False
BAT_00301,Mn15CrO32,1,0.074377611139596,0.0743776124942657,-1.3546697374966499e-09,1.3546697374966499e-09,False,False,True,False,False,False
BAT_00302,MnCrO4,2,0.044983324178502,0.044983323990448,1.88053982108638e-10,1.88053982108638e-10,False,False,True,False,False,False
BAT_00303,MnCr2O6,2,0.021698945562994,0.0216989463421106,-7.79116660076795e-10,7.79116660076795e-10,False,False,True,False,False,False
BAT_00304,Mn7Cr12O48,1,0.041312813918347,0.0413128136708636,2.4748330468282726e-10,2.4748330468282726e-10,False,False,True,False,False,False
BAT_00305,MnCrO4,2,0.048076948049716,0.0480769474884876,5.61228390150159e-10,5.61228390150159e-10,False,False,True,False,False,False
BAT_00306,Mn3CrO8,2,0.045300576194562,0.0453005758985677,2.959942638214308e-10,2.959942638214308e-10,False,False,True,False,False,False
BAT_00307,Mn2CrO6,1,0.078989095602495,0.0789890948237672,7.787277489512691e-10,7.787277489512691e-10,False,False,True,False,False,False
BAT_00308,Mn13Cr3O32,1,0.042027081069449,0.0420270813347833,-2.653343725289581e-10,2.653343725289581e-10,False,False,True,False,False,False
BAT_00309,MnCrO4,1,0.00730282389089,0.0073028245425436,-6.516536416381612e-10,6.516536416381612e-10,False,False,True,False,False,False
BAT_00310,Mn5Cr2O12,1,0.058107859758662,0.0581078583944452,1.364216718757749e-09,1.364216718757749e-09,False,False,True,False,False,False
BAT_00311,MnCr(PO4)2,1,0.110905957491978,0.110905957509572,-1.7594078971505667e-11,1.7594078971505667e-11,False,False,True,False,False,False
BAT_00312,Mn5Cr(PO4)6,1,0.071670742412995,0.0716707432689786,-8.559836173205325e-10,8.559836173205325e-10,False,False,True,False,False,False
BAT_00313,Mn3Cr(PO4)4,2,0.152453772611726,0.1524537736019703,-9.90244386489536e-10,9.90244386489536e-10,False,False,True,False,False,False
BAT_00314,MnCr3(PO4)4,1,0.121907291740923,0.1219072920636473,-3.2272436112368297e-10,3.2272436112368297e-10,False,False,True,False,False,False
BAT_00315,Mn3Cr(PO4)6,1,0.060179756868359,0.0601797560771214,7.912375477037158e-10,7.912375477037158e-10,False,False,True,False,False,False
BAT_00316,Mn7Cr(PO4)12,1,0.062513349019564,0.0625133494567236,-4.3715968345292566e-10,4.3715968345292566e-10,False,False,True,False,False,False
BAT_00317,MnCr3(PO4)6,1,0.008521003646523,0.0085210044761286,-8.296056827616916e-10,8.296056827616916e-10,False,False,True,False,False,False
BAT_00318,Mn3Cr2Sn(PO4)6,1,0.091984469017329,0.0919844688347125,1.8261640810646182e-10,1.8261640810646182e-10,False,False,True,False,False,False
BAT_00319,TiMn3Cr2(PO4)6,1,0.097218717814328,0.0972187192281009,-1.4137729598129312e-09,1.4137729598129312e-09,False,False,True,False,False,False
BAT_00321,Mn3Cr2Sb3O16,1,0.125235576735047,0.125235575219339,1.5157079757965872e-09,1.5157079757965872e-09,False,False,True,False,False,False
BAT_00322,Ti3Mn3Cr2O16,1,0.09718378086603,0.0971837815749044,-7.088744313765716e-10,7.088744313765716e-10,False,False,True,False,False,False
BAT_00323,Mn3Cr3(SbO8)2,1,0.083319995164706,0.0833199953685071,-2.038011565064224e-10,2.038011565064224e-10,False,False,True,False,False,False
BAT_00324,Mn2Cr3Sb3O16,1,0.126429960509754,0.1264299608108804,-3.0112642934732037e-10,3.0112642934732037e-10,False,False,True,False,False,False
BAT_00325,Mn3Cr3(TeO8)2,1,0.09190711939741,0.0919071164530729,2.9443370658244206e-09,2.9443370658244206e-09,False,False,True,False,False,False
BAT_00326,Mn3Cr3(SnO8)2,1,0.060770780921062,0.0607707814106589,-4.895969393792221e-10,4.895969393792221e-10,False,False,True,False,False,False
BAT_00327,Ti3Mn2Cr3O16,1,0.081448779293755,0.0814487796501654,-3.5641044282552764e-10,3.5641044282552764e-10,False,False,True,False,False,False
BAT_00328,Mn3V2Cr3O16,1,0.080844590269646,0.0808445893818727,8.87773257685076e-10,8.87773257685076e-10,False,True,True,False,False,False
BAT_00329,Mn2V3Cr3O16,1,0.086689378257871,0.0866893782372569,2.061406600972759e-11,2.061406600972759e-11,False,True,True,False,False,False
BAT_00330,Ti2Mn3Cr3O16,1,0.07926709576468,0.079267095126326,6.383539113974378e-10,6.383539113974378e-10,False,False,True,False,False,False
BAT_00331,Mn3Cr3(WO8)2,1,0.086251404140659,0.0862514045933333,-4.5267435633267183e-10,4.5267435633267183e-10,False,False,True,False,False,False
BAT_00332,NbCr3(PO4)6,1,0.016252159727363,0.0162521622962554,-2.5688924841504868e-09,2.5688924841504868e-09,False,False,False,False,False,False
BAT_00334,Cr3NiO8,1,0.003949354393029,0.003933817545773,1.5536847255984143e-05,1.5536847255984143e-05,False,False,False,False,False,True
BAT_00335,Cr3NiO8,1,0.010534000656814,0.0105340005449909,1.1182303347179179e-10,1.1182303347179179e-10,False,False,False,False,False,True
BAT_00336,Ti3Nb2Cr3O16,1,0.045894347807866,0.0458943492293807,-1.4215147461915654e-09,1.4215147461915654e-09,False,False,False,False,False,False
BAT_00337,Cr3NiO8,1,0.073125201634791,0.0731252039519011,-2.317110170402259e-09,2.317110170402259e-09,False,False,False,False,False,True
BAT_00338,CrNi3O8,1,0.003673962020641,0.0036605133620639,1.3448658577011174e-05,1.3448658577011174e-05,False,False,False,False,False,True
BAT_00339,Cr3(NiO6)2,1,0.039517638305891,0.0395176384733293,-1.6743833403110029e-10,1.6743833403110029e-10,False,False,False,False,False,True
BAT_00341,Cr3NiO8,1,0.052069110536555,0.0520691108852451,-3.486901739568893e-10,3.486901739568893e-10,False,False,False,False,False,True
BAT_00342,CrNiO4,1,0.000977012060943,0.0009760565156492,9.555452937597651e-07,9.555452937597651e-07,False,False,False,False,False,True
BAT_00343,CrNi(PO4)2,1,0.075175088633318,0.0751750888448053,-2.114873137726292e-10,2.114873137726292e-10,False,False,False,False,False,True
BAT_00344,CrNi5(PO4)6,1,0.012866276084564,0.0128662754411394,6.434245046482712e-10,6.434245046482712e-10,False,False,False,False,False,True
BAT_00345,Cr3Ni(PO4)6,1,0.024194724778757,0.0236231686811883,0.0005715560975686,0.0005715560975686,False,False,False,False,False,True
BAT_00346,CrNi3(PO4)4,1,0.065168318726389,0.0651683179734991,7.528898199327115e-10,7.528898199327115e-10,False,False,False,False,False,True
BAT_00347,Cr3Ni(PO4)4,1,0.116346525132574,0.1163465250567941,7.577984073581234e-11,7.577984073581234e-11,False,False,False,False,False,True
BAT_00348,Cr3Ni(SO4)6,2,0.035965311096069,0.0359653112093613,-1.1329239629764841e-10,1.1329239629764841e-10,False,False,False,False,False,True
BAT_00349,VCr2Ni3(PO4)6,1,0.061638613611474,0.0616386141247015,-5.132275854302647e-10,5.132275854302647e-10,False,True,False,False,False,True
BAT_00350,TiCr2Ni3(PO4)6,1,0.062048546724213,0.0620485475641194,-8.399064777009356e-10,8.399064777009356e-10,False,False,False,False,False,True
BAT_00351,CrO6,1,0.041033951927013,0.0410339530531502,-1.126137273710359e-09,1.126137273710359e-09,False,False,False,False,False,False
BAT_00354,CrO2,1,0.000333170973193,0.0003330608045701,1.1016862286133101e-07,1.1016862286133101e-07,False,False,False,False,False,False
BAT_00355,CrO2,2,0.002416179295348,0.0453995941858338,-0.0429834148904858,0.0429834148904858,False,False,False,False,False,False
BAT_00356,CrO2,1,0.11212447085603,0.182821257375651,-0.070696786519621,0.070696786519621,False,False,False,False,False,False
BAT_00357,CrO2,1,0.031031858222083,0.0300978679827926,0.0009339902392903,0.0009339902392903,False,False,False,False,False,False
BAT_00358,CrO2,3,0.063528921598051,0.0029552690385645,0.0605736525594864,0.0605736525594864,False,False,False,False,False,False
BAT_00359,Cr3O8,1,0.113678160313895,0.1761584087180114,-0.0624802484041164,0.0624802484041164,False,False,False,False,False,False
BAT_00360,CrO6,2,0.029667906830255,0.0835157199004657,-0.0538478130702107,0.0538478130702107,False,False,False,False,False,False
BAT_00361,CrO4,1,0.029444052003422,0.086746564278512,-0.05730251227509,0.05730251227509,False,False,False,False,False,False
BAT_00362,Cr19O48,1,0.006590286312381,0.0065471393425119,4.314696986905224e-05,4.314696986905224e-05,False,False,False,False,False,False
BAT_00364,Cr5O12,1,0.013605668077345,0.013605668077346,-1.016547956922409e-15,1.016547956922409e-15,False,False,False,False,False,False
BAT_00365,CrO2,1,0.100133354326063,0.1001333569000907,-2.57402774095361e-09,2.57402774095361e-09,False,False,False,False,False,False
BAT_00366,Cr19O48,1,0.004254034628494,0.0042360151422531,1.8019486240879352e-05,1.8019486240879352e-05,False,False,False,False,False,False
BAT_00367,CrO3,1,0.010061862850069,0.0100618628500691,-1.8908485888147195e-16,1.8908485888147195e-16,False,False,False,False,False,False
BAT_00368,Cr3O8,1,0.090352278229007,0.155667373292481,-0.065315095063474,0.065315095063474,False,False,False,False,False,False
BAT_00369,CrO2,1,0.025467479299231,0.0254674809029942,-1.6037632159793256e-09,1.6037632159793256e-09,False,False,False,False,False,False
BAT_00370,Cr3P3O13,1,0.00393533393129,0.0039353343984124,-4.671224474936396e-10,4.671224474936396e-10,False,False,False,False,False,False
BAT_00371,CrPO4,1,0.048512451458782,0.0485124518108423,-3.5206036697044136e-10,3.5206036697044136e-10,False,False,False,False,False,False
BAT_00372,Cr2P3O11,1,0.034496695401371,0.0241956099613271,0.0103010854400438,0.0103010854400438,False,False,False,False,False,False
BAT_00374,CrPO4,1,0.155963442498414,0.2222269699354106,-0.0662635274369966,0.0662635274369966,False,False,False,False,False,False
BAT_00375,CrP2O7,1,0.025945099195064,0.0252889722626989,0.000656126932365,0.000656126932365,False,False,False,False,False,False
BAT_00376,CrP2O7,1,0.0349610117373,0.0242572116007061,0.0107038001365938,0.0107038001365938,False,False,False,False,False,False
BAT_00377,Cr2(PO4)3,1,0.01417049132903,0.0141704917881815,-4.5915150501119046e-10,4.5915150501119046e-10,False,False,False,False,False,False
BAT_00378,Cr3(P2O7)2,1,0.070466110754354,0.0704661114083988,-6.540448738157068e-10,6.540448738157068e-10,False,False,False,False,False,False
BAT_00379,Cr(PO4)2,1,0.030189224207825,0.0293045429343566,0.0008846812734683,0.0008846812734683,False,False,False,False,False,False
BAT_00380,Cr(PO3)4,2,0.022332239426021,0.0223322398960143,-4.699933255081222e-10,4.699933255081222e-10,False,False,False,False,False,False
BAT_00381,Cr(PO3)5,2,0.010844300698721,0.0035698758035632,0.0072744248951577,0.0072744248951577,False,False,False,False,False,False
BAT_00383,Cr(PO4)2,1,0.010160537700989,0.0100583396603391,0.0001021980406498,0.0001021980406498,False,False,False,False,False,False
BAT_00385,CrP2O7,1,0.033254990155345,0.0321846887335173,0.0010703014218276,0.0010703014218276,False,False,False,False,False,False
BAT_00386,Cr2(PO4)3,1,0.0121701698822,0.0121701717828719,-1.900671947954735e-09,1.900671947954735e-09,False,False,False,False,False,False
BAT_00387,CrP2O7,1,0.063385903399548,0.0596076204365404,0.0037782829630075,0.0037782829630075,False,False,False,False,False,False
BAT_00388,Cr2(PO4)3,2,0.046967077392461,0.0263981503745826,0.0205689270178783,0.0205689270178783,False,False,False,False,False,False
BAT_00389,Cr2(PO3)5,1,0.035688615719197,0.0356886157320927,-1.2895740031382276e-11,1.2895740031382276e-11,False,False,False,False,False,False
BAT_00390,Cr(PO4)2,1,0.018753725560113,0.0184084978333013,0.0003452277268116,0.0003452277268116,False,False,False,False,False,False
BAT_00391,Cr2(PO4)3,2,0.01802193216765,0.009269912285553,0.0087520198820969,0.0087520198820969,False,False,False,False,False,False
BAT_00392,CrP2O7,1,0.008538054029548,0.0084657733428191,7.228068672881713e-05,7.228068672881713e-05,False,False,False,False,False,False
BAT_00393,CrPO4,1,0.217877312054308,0.2178773120543089,-9.43689570931383e-16,9.43689570931383e-16,False,False,False,False,False,False
BAT_00394,Cr(PO3)4,1,0.00385995161381,0.0038599504867698,1.12704011488024e-09,1.12704011488024e-09,False,False,False,False,False,False
BAT_00395,Cr2P5O18,1,0.001311793423717,0.0013100750192016,1.7184045153608232e-06,1.7184045153608232e-06,False,False,False,False,False,False
BAT_00396,Cr2(PO4)3,2,0.036947269162228,0.0369472686004128,5.61815177713143e-10,5.61815177713143e-10,False,False,False,False,False,False
BAT_00397,CrP2O7,1,0.026278471304838,0.0262784702099975,1.0948404613464467e-09,1.0948404613464467e-09,False,False,False,False,False,False
BAT_00398,CrP2O7,1,0.054549132608374,0.0517274461585447,0.0028216864498292,0.0028216864498292,False,False,False,False,False,False
BAT_00399,CrP2O7,1,0.011914712433187,0.0119147126800612,-2.4687429531211613e-10,2.4687429531211613e-10,False,False,False,False,False,False
BAT_00401,Cr(PO3)4,1,0.009890282828437,0.009890282368905,4.5953198885007035e-10,4.5953198885007035e-10,False,False,False,False,False,False
BAT_00402,Cr4(PO4)3,1,0.045918309190742,0.0459183102494694,-1.0587274251738774e-09,1.0587274251738774e-09,False,False,False,False,False,False
BAT_00403,Cr2(PO4)3,2,0.03493353739341,0.0101190530088369,0.024814484384573,0.024814484384573,False,False,False,False,False,False
BAT_00404,Cr(PO3)3,1,0.002961304791157,0.00295256161455,8.743176606924256e-06,8.743176606924256e-06,False,False,False,False,False,False
BAT_00405,CrPO4,1,0.073896416419236,0.0738964148326,1.586635975381334e-09,1.586635975381334e-09,False,False,False,False,False,False
BAT_00406,CrP2O7,1,0.00876612376231,0.0086899461759415,7.617758636847827e-05,7.617758636847827e-05,False,False,False,False,False,False
BAT_00408,Cr4(PO4)3,1,0.011391693363519,0.0112633843428502,0.0001283090206687,0.0001283090206687,False,False,False,False,False,False
BAT_00409,Cr4(PO4)3,1,0.009439817808517,0.0094398161784347,1.6300822965747972e-09,1.6300822965747972e-09,False,False,False,False,False,False
BAT_00410,CrP2O9,1,0.016392488795217,0.0161281103593532,0.0002643784358637,0.0002643784358637,False,False,False,False,False,False
BAT_00411,CrPO4,1,0.160204838478015,0.1602048384780155,-4.996003610813204e-16,4.996003610813204e-16,False,False,False,False,False,False
BAT_00412,CrPO5,1,0.061762029696972,0.0581693712547342,0.0035926584422377,0.0035926584422377,False,False,False,False,False,False
BAT_00413,CrP2O7,1,0.01311852857386,0.0669311885360918,-0.0538126599622318,0.0538126599622318,False,False,False,False,False,False
BAT_00414,Cr2(PO4)3,3,0.142388794338991,0.0969857061991781,0.0454030881398128,0.0454030881398128,False,False,False,False,False,False
BAT_00415,Cr3P8O29,1,0.016789182420047,0.0165119605538136,0.0002772218662333,0.0002772218662333,False,False,False,False,False,False
BAT_00416,Cr(PO3)3,1,0.063903983430703,0.0081697912797142,0.0557341921509887,0.0557341921509887,False,False,False,False,False,False
BAT_00417,CrP2O7,1,0.005562180639452,0.0055621778941692,2.7452827788820855e-09,2.7452827788820855e-09,False,False,False,False,False,False
BAT_00418,CrPO4,1,0.069966750373084,0.0699667491537516,1.219332398938455e-09,1.219332398938455e-09,False,False,False,False,False,False
BAT_00419,Cr4P9O32,2,0.03035846030007,0.0205621011073645,0.0097963591927054,0.0097963591927054,False,False,False,False,False,False
BAT_00420,Cr2P5O16,2,0.030668434074926,0.0047580945468413,0.0259103395280846,0.0259103395280846,False,False,False,False,False,False
BAT_00421,Cr2P3O13,1,0.022476310940095,0.0219822317816995,0.0004940791583954,0.0004940791583954,False,False,False,False,False,False
BAT_00422,Cr2P3O10,1,0.050556206098506,0.0505562059911352,1.0737072342337227e-10,1.0737072342337227e-10,False,False,False,False,False,False
BAT_00423,Cr(PO3)3,1,0.027992703859034,0.0279927038590348,-8.291978215169138e-16,8.291978215169138e-16,False,False,False,False,False,False
BAT_00424,CrPO4,1,0.144446447672072,0.1444464475543537,1.1771825181305928e-10,1.1771825181305928e-10,False,False,False,False,False,False
BAT_00425,CrP4O13,1,0.07266632761457,0.0677436457783927,0.0049226818361772,0.0049226818361772,False,False,False,False,False,False
BAT_00426,CrP2O7,1,0.029943903739477,0.0299439033329673,4.0650963845090255e-10,4.0650963845090255e-10,False,False,False,False,False,False
BAT_00427,Cr(PO4)2,1,0.003607525011021,0.0588232990662943,-0.0552157740552733,0.0552157740552733,False,False,False,False,False,False
BAT_00428,CrPO4,1,0.003182303805385,0.003182304349898,-5.445130414269417e-10,5.445130414269417e-10,False,False,False,False,False,False
BAT_00429,CrPO4,1,0.067765909938889,0.063465137393361,0.0043007725455279,0.0043007725455279,False,False,False,False,False,False
BAT_00430,CrPO5,1,0.040235146566676,0.0386788963638154,0.0015562502028605,0.0015562502028605,False,False,False,False,False,False
BAT_00431,Cr3(P2O7)2,1,0.055831513121087,0.0558315132429272,-1.2184023928663024e-10,1.2184023928663024e-10,False,False,False,False,False,False
BAT_00433,Cr5(PO4)4,1,0.064941644737606,0.0649416450340563,-2.964503226232651e-10,2.964503226232651e-10,False,False,False,False,False,False
BAT_00434,Cr3(PO4)4,1,0.031299266559578,0.0303493554343927,0.0009499111251852,0.0009499111251852,False,False,False,False,False,False
BAT_00435,Cr2P2O9,1,0.015574628281103,0.0153357793172312,0.0002388489638717,0.0002388489638717,False,False,False,False,False,False
BAT_00436,CrPO4,1,0.023363801631371,0.0228303961665287,0.0005334054648422,0.0005334054648422,False,False,False,False,False,False
BAT_00437,Cr3(PO4)4,1,0.01984696213929,0.0198469617959189,3.4337101911807716e-10,3.4337101911807716e-10,False,False,False,False,False,False
BAT_00440,CrPO4,1,0.007083152246051,0.0070831530167724,-7.70721493570381e-10,7.70721493570381e-10,False,False,False,False,False,False
BAT_00442,Cr3(PO4)4,1,0.016235953085667,0.0162359529361711,1.494958289105508e-10,1.494958289105508e-10,False,False,False,False,False,False
BAT_00444,CrPO4,1,0.013019198991609,0.013019198833385,1.5822398426179607e-10,1.5822398426179607e-10,False,False,False,False,False,False
BAT_00445,CrPO5,1,0.049416759693519,0.0494167599342077,-2.4068871895543964e-10,2.4068871895543964e-10,False,False,False,False,False,False
BAT_00446,Cr3P4O15,2,0.055044601366298,0.0351294268424444,0.0199151745238535,0.0199151745238535,False,False,False,False,False,False
BAT_00448,Cr(PO3)3,1,0.076689287019072,0.0766892870190727,-7.771561172376097e-16,7.771561172376097e-16,False,False,False,False,False,False
BAT_00449,CrP2O7,1,0.048887005500304,0.0466084584462919,0.002278547054012,0.002278547054012,False,False,False,False,False,False
BAT_00451,Ti3Cr(PO4)6,1,0.026624720928218,0.026624720048171,8.800469311620596e-10,8.800469311620596e-10,False,False,False,False,False,False
BAT_00452,TiCr3(PO4)6,2,0.072839899885533,0.0494992952469323,0.0233406046386006,0.0233406046386006,False,False,False,False,False,False
BAT_00453,VCr3(PO4)6,1,0.010597324709673,0.010597324987708,-2.7803508280410666e-10,2.7803508280410666e-10,False,True,False,False,False,False
BAT_00454,V2Cr(PO4)3,1,0.069260442958948,0.0692604414063979,1.5525500329793827e-09,1.5525500329793827e-09,False,True,False,False,False,False
BAT_00455,V3Cr(PO4)6,1,0.031379453808073,0.0313794534067786,4.0129431722046855e-10,4.0129431722046855e-10,False,True,False,False,False,False
BAT_00456,VCr(P2O7)2,3,0.057665171546183,0.0576651735801778,-2.033994826733387e-09,2.033994826733387e-09,False,True,False,False,False,False
BAT_00457,Cr3P6WO24,1,0.009843060407758,0.0098430614052687,-9.975107805731962e-10,9.975107805731962e-10,False,False,False,False,False,False
BAT_00458,Cr2(SO4)3,1,0.092193535281335,0.0921935354279853,-1.4665038627903468e-10,1.4665038627903468e-10,False,False,False,False,False,False
BAT_00459,Cr2(SO4)3,1,0.051559954557409,0.1132775816164367,-0.0617176270590277,0.0617176270590277,False,False,False,False,False,False
BAT_00460,Cr(SO4)2,2,0.130002266418313,0.2360423654324517,-0.1060400990141386,0.1060400990141386,False,False,False,False,False,False
BAT_00461,Cr(SO4)2,1,0.000721861165427,0.0007213394519496,5.217134773402143e-07,5.217134773402143e-07,False,False,False,False,False,False
BAT_00462,Cr(SO4)2,1,0.018235513161713,0.0182355135292592,-3.675462920127437e-10,3.675462920127437e-10,False,False,False,False,False,False
BAT_00463,ZnCr3(SO4)6,2,0.042371068133744,0.0423710688053177,-6.715737826956668e-10,6.715737826956668e-10,False,False,False,False,False,False
BAT_00464,Cr3SbO8,1,0.045884925949939,0.0458849252490869,7.00852036128463e-10,7.00852036128463e-10,False,False,False,False,False,False
BAT_00465,TiCrSO8,1,0.007557645825867,0.0075009555317735,5.669029409345258e-05,5.669029409345258e-05,False,False,False,False,False,False
BAT_00466,Cr3Sn3(SbO8)2,1,0.091956492457807,0.0919564926699202,-2.1211322975833724e-10,2.1211322975833724e-10,False,False,False,False,False,False
BAT_00467,V2Cr3Sb3O16,1,0.095150438311537,0.0951504378630105,4.4852646596815754e-10,4.4852646596815754e-10,False,True,False,False,False,False
BAT_00468,Cr5(Si2O7)2,1,0.009612343901525,0.0096123448852167,-9.836917339717255e-10,9.836917339717255e-10,False,False,False,False,False,False
BAT_00469,V3Cr3(SbO8)2,1,0.053470251013152,0.0534702509194381,9.371384224188262e-11,9.371384224188262e-11,False,True,False,False,False,False
BAT_00470,Ti3Cr3(SbO8)2,1,0.092159252448738,0.0921592514882619,9.60476032041413e-10,9.60476032041413e-10,False,False,False,False,False,False
BAT_00471,Cr(SiO3)2,1,0.012639754274715,0.0126397528094833,1.4652316235319596e-09,1.4652316235319596e-09,False,False,False,False,False,False
BAT_00473,Cr(Si2O5)3,1,0.018574575764226,0.0185745763429351,-5.787091916786834e-10,5.787091916786834e-10,False,False,False,False,False,False
BAT_00474,Cr(Si2O5)3,2,0.025540713531574,0.0255407133765155,1.5505849729202659e-10,1.5505849729202659e-10,False,False,False,False,False,False
BAT_00475,Cr(Si2O5)2,1,0.013448567373068,0.0134485662783694,1.0946985071896842e-09,1.0946985071896842e-09,False,False,False,False,False,False
BAT_00479,Cr3TeO8,1,0.068589260594501,0.0685892617080763,-1.1135753569258e-09,1.1135753569258e-09,False,False,False,False,False,False
BAT_00480,CrTe(WO6)2,1,0.054902359761629,0.0549023590935379,6.680911032730386e-10,6.680911032730386e-10,False,False,False,False,False,False
BAT_00481,V3Cr3(TeO8)2,1,0.082757931620991,0.0827579302760513,1.3449396457643203e-09,1.3449396457643203e-09,False,True,False,False,False,False
BAT_00482,TiCr3O8,2,0.020640149939082,0.0202227493302222,0.0004174006088597,0.0004174006088597,False,False,False,False,False,False
BAT_00483,TiCrO4,1,0.087721874533658,0.0877218758375513,-1.3038933682762988e-09,1.3038933682762988e-09,False,False,False,False,False,False
BAT_00484,V3CrO8,2,0.093158686441288,0.0931586850668213,1.3744666654824655e-09,1.3744666654824655e-09,False,True,False,False,False,False
BAT_00486,TiV2CrO10,1,0.077323248288216,0.0773232482778683,1.0347639411989462e-11,1.0347639411989462e-11,False,True,False,False,False,False
BAT_00488,VCr2O6,1,0.004597752655576,0.0045767100737607,2.104258181520255e-05,2.104258181520255e-05,False,True,False,False,False,False
BAT_00489,V5Cr2O12,2,0.033057878056564,0.0330578772839888,7.72575135810083e-10,7.72575135810083e-10,False,True,False,False,False,False
BAT_00490,VCrO4,1,0.011127925281915,0.0110054557370268,0.0001224695448881,0.0001224695448881,False,True,False,False,False,False
BAT_00492,V3CrO8,1,0.00217997685529,0.0021799791759125,-2.320622533545646e-09,2.320622533545646e-09,False,True,False,False,False,False
BAT_00493,VCrO4,1,0.026150501905385,0.0261504990515884,2.853796574053824e-09,2.853796574053824e-09,False,True,False,False,False,False
BAT_00495,V3Cr2O10,1,0.006000022350102,0.0059642358592242,3.578649087778753e-05,3.578649087778753e-05,False,True,False,False,False,False
BAT_00496,VCr3O8,2,0.007520586824446,0.0063831399399434,0.0011374468845025,0.0011374468845025,False,True,False,False,False,False
BAT_00498,V3CrO8,1,0.018372140057379,0.0183721392147635,8.426154982088541e-10,8.426154982088541e-10,False,True,False,False,False,False
BAT_00502,VCr3O8,2,0.009995304275455,0.0098963870469057,9.891722854924942e-05,9.891722854924942e-05,False,True,False,False,False,False
BAT_00503,V2CrO6,2,0.014928927860048,0.014709333945794,0.0002195939142539,0.0002195939142539,False,True,False,False,False,False
BAT_00504,V3CrO8,2,0.009847958237087,0.0077714095018764,0.0020765487352105,0.0020765487352105,False,True,False,False,False,False
BAT_00505,VCrO4,1,0.002394559701686,0.0023888396098009,5.72009188506712e-06,5.72009188506712e-06,False,True,False,False,False,False
BAT_00506,Cr(WO4)3,1,0.00585743848761,0.0058233274159364,3.411107167358273e-05,3.411107167358273e-05,False,False,False,False,False,False
BAT_00507,V3Cr3(WO8)2,1,0.043551108589647,0.043551107417471,1.1721759812788335e-09,1.1721759812788335e-09,False,True,False,False,False,False
BAT_00508,CrWO6,1,0.086164437443208,0.0793290895367335,0.0068353479064744,0.0068353479064744,False,False,False,False,False,False
BAT_00509,Cr3WO8,1,0.03943575552023,0.0394357527297174,2.790512598771499e-09,2.790512598771499e-09,False,False,False,False,False,False
BAT_00510,Cr2(PS4)3,2,0.090876290828228,0.0833057712462619,0.007570519581966,0.007570519581966,False,False,False,False,False,False
BAT_00512,CrS2,1,0.177575623477484,0.1638252960066832,0.0137503274708007,0.0137503274708007,False,False,False,False,False,False
BAT_00513,CrS2,2,0.110568866212591,0.1880379117308196,-0.0774690455182286,0.0774690455182286,False,False,False,False,False,False
BAT_00515,CsMnP3HO10,1,0.080134511499921,0.0801345117011336,-2.0121262989114539e-10,2.0121262989114539e-10,False,False,True,False,False,False
BAT_00516,Cs2MnO4,1,0.026893950796789,0.026189608522067,0.0007043422747219,0.0007043422747219,False,False,True,False,False,False
BAT_00525,NbFe3Cu2(PO4)6,1,0.062527703059662,0.0625277035017875,-4.4212550287525687e-10,4.4212550287525687e-10,True,False,False,True,False,False
BAT_00527,Fe3CuO8,2,0.011124005542635,0.0071598818247949,0.00396412371784,0.00396412371784,True,False,False,True,False,False
BAT_00528,Fe2Cu3O10,1,0.013641185887838,0.0136411875679273,-1.6800893558321926e-09,1.6800893558321926e-09,True,False,False,True,False,False
BAT_00529,Fe(CuO3)2,1,0.007832476585911,0.0077716058173354,6.087076857556623e-05,6.087076857556623e-05,True,False,False,True,False,False
BAT_00530,FeCu3O8,1,0.004561938990056,0.0045412206996426,2.0718290413300477e-05,2.0718290413300477e-05,True,False,False,True,False,False
BAT_00531,FeCuO4,1,0.015113506457425,0.0151135054986105,9.588144410377364e-10,9.588144410377364e-10,True,False,False,True,False,False
BAT_00532,Fe2Cu(PO4)3,1,0.004522804716095,0.0045228051557088,-4.396138262446891e-10,4.396138262446891e-10,True,False,False,True,False,False
BAT_00533,Fe3Cu(PO4)4,1,0.054071583986808,0.0540715847773173,-7.905093316051826e-10,7.905093316051826e-10,True,False,False,True,False,False
BAT_00534,FeCu3(PO4)4,1,0.036215600619238,0.0349498698559759,0.001265730763262,0.001265730763262,True,False,False,True,False,False
BAT_00535,TiFe3Cu2(PO4)6,1,0.060495269984451,0.0604952680719823,1.912468690357105e-09,1.912468690357105e-09,True,False,False,True,False,False
BAT_00536,FeCu(PO4)2,1,0.046853054727297,0.0447560948899686,0.0020969598373283,0.0020969598373283,True,False,False,True,False,False
BAT_00537,V3Fe2CuO12,2,0.0079377183984,0.0078752082239467,6.251017445326953e-05,6.251017445326953e-05,True,True,False,True,False,False
BAT_00553,Mn3CuNi2(PO4)6,1,0.071289493142945,0.0712894929373384,2.0560660118906784e-10,2.0560660118906784e-10,False,False,True,False,False,True
BAT_00554,MnCu3O8,1,0.006648969960914,0.0066050554283905,4.39145325234272e-05,4.39145325234272e-05,False,False,True,False,False,False
BAT_00555,Mn5(CuO6)2,2,0.022984220644009,0.0229842180862797,2.557729247149032e-09,2.557729247149032e-09,False,False,True,False,False,False
BAT_00556,Mn5CuO12,1,0.085426977567312,0.0854269792590587,-1.6917467843269307e-09,1.6917467843269307e-09,False,False,True,False,False,False
BAT_00557,Mn3CuO8,1,0.048605578600231,0.0486055778514617,7.48769254932391e-10,7.48769254932391e-10,False,False,True,False,False,False
BAT_00558,Mn2Cu3O10,1,0.005178393007883,0.0051783934281102,-4.202272696485209e-10,4.202272696485209e-10,False,False,True,False,False,False
BAT_00559,Mn3CuO8,1,0.036306176591273,0.0363061785700484,-1.9787754698685767e-09,1.9787754698685767e-09,False,False,True,False,False,False
BAT_00560,Mn3Cu(PO4)4,2,0.113940228533617,0.1139402283423456,1.9127133210616876e-10,1.9127133210616876e-10,False,False,True,False,False,False
BAT_00561,Mn5Cu(PO4)6,1,0.068988142403291,0.0689881424464623,-4.3171327623880984e-11,4.3171327623880984e-11,False,False,True,False,False,False
BAT_00562,Mn7Cu(PO4)12,1,0.042257423752788,0.0422574235372105,2.1557746560096902e-10,2.1557746560096902e-10,False,False,True,False,False,False
BAT_00563,MnCu3(PO4)4,1,0.046537021078915,0.0465370202396416,8.392733036322041e-10,8.392733036322041e-10,False,False,True,False,False,False
BAT_00564,MnCu(PO4)2,1,0.042972896709419,0.041202313806463,0.0017705829029559,0.0017705829029559,False,False,True,False,False,False
BAT_00566,Mn3Cu3(TeO8)2,1,0.090865777229044,0.0908657770064013,2.2264268206839688e-10,2.2264268206839688e-10,False,False,True,False,False,False
BAT_00567,MnV4CuO12,1,0.020420127427884,0.0200114906807528,0.0004086367471311,0.0004086367471311,False,True,True,False,False,False
BAT_00573,CuNi3O8,1,0.016371056446354,0.0163710562171902,2.2916376435366814e-10,2.2916376435366814e-10,False,False,False,False,False,True
BAT_00574,V4CuNiO12,1,0.019601467728186,0.0196014679089654,-1.8077949553996217e-10,1.8077949553996217e-10,False,True,False,False,False,True
BAT_00617,TiCu3(PO4)4,1,0.000296318507337,0.0002963184294688,7.786817176301529e-11,7.786817176301529e-11,False,False,False,False,False,False
BAT_00619,VCu(PO4)2,1,0.058973083847203,0.058973083724076,1.2312693919991347e-10,1.2312693919991347e-10,False,True,False,False,False,False
BAT_00621,V3Cu(PO4)4,1,0.039753016621219,0.0397530166310051,-9.786151056179192e-12,9.786151056179192e-12,False,True,False,False,False,False
BAT_00622,V2Cu(PO4)3,1,0.051384829564105,0.0513848302184147,-6.543097730293822e-10,6.543097730293822e-10,False,True,False,False,False,False
BAT_00624,V3Cu(PO4)6,1,0.022782976981863,0.0227829759338049,1.0480580812932683e-09,1.0480580812932683e-09,False,True,False,False,False,False
BAT_00634,Ti3Cu3(TeO8)2,1,0.087394042206606,0.0873940437886232,-1.5820172116765006e-09,1.5820172116765006e-09,False,False,False,False,False,False
BAT_00636,V5CuO12,1,0.012093216642106,0.0120932185593758,-1.917269815132627e-09,1.917269815132627e-09,False,True,False,False,False,False
BAT_00637,V4CuO12,1,0.032681818492332,0.0326818162065262,2.2858057807662036e-09,2.2858057807662036e-09,False,True,False,False,False,False
BAT_00639,V3CuO8,1,0.053527317596379,0.0535273175963797,-7.077671781985373e-16,7.077671781985373e-16,False,True,False,False,False,False
BAT_00641,Ti16CuS32,1,0.029493123648653,0.0294931232749115,3.737414891458179e-10,3.737414891458179e-10,False,False,False,False,False,False
BAT_00647,FeF6,1,0.087546003856631,0.0875460061165626,-2.259931686232619e-09,2.259931686232619e-09,True,False,False,True,False,False
BAT_00648,FeF3,1,0.029353354154893,0.1517197306435553,-0.1223663764886623,0.1223663764886623,True,False,False,True,False,False
BAT_00650,FeF4,1,0.125512613974288,0.2103260112396012,-0.0848133972653132,0.0848133972653132,True,False,False,True,False,False
BAT_00652,FeF4,1,0.014587862184091,0.0145878655493926,-3.3653016241752542e-09,3.3653016241752542e-09,True,False,False,True,False,False
BAT_00653,FeF3,1,0.089806646114283,0.0898066470349995,-9.207165446722954e-10,9.207165446722954e-10,True,False,False,True,False,False
BAT_00654,FeF4,1,0.005446910756986,0.0054174017018855,2.9509055100470673e-05,2.9509055100470673e-05,True,False,False,True,False,False
BAT_00655,FeF4,1,0.02341746623079,0.0228816381447273,0.0005358280860626,0.0005358280860626,True,False,False,True,False,False
BAT_00656,FeF4,1,0.073150312461561,0.0731503125757574,-1.141964856010702e-10,1.141964856010702e-10,True,False,False,True,False,False
BAT_00657,Fe4OF8,1,0.061667072957571,0.0580851331172246,0.0035819398403463,0.0035819398403463,True,False,False,True,False,False
BAT_00658,FeOF3,1,0.004548813612293,0.0045488131923849,4.199080371608543e-10,4.199080371608543e-10,True,False,False,True,False,False
BAT_00660,FeOF3,1,0.008495005413739,0.0084234475138132,7.15578999257796e-05,7.15578999257796e-05,True,False,False,True,False,False
BAT_00661,Fe3(OF3)2,1,0.010184229222978,0.0101842291464843,7.649367771145331e-11,7.649367771145331e-11,True,False,False,True,False,False
BAT_00663,Fe7O7F,1,0.03178655774603,0.0317865623344856,-4.588455622400733e-09,4.588455622400733e-09,True,False,False,True,False,False
BAT_00664,Fe5(OF2)4,1,0.029146267262298,0.0291468922473582,-6.249850602775553e-07,6.249850602775553e-07,True,False,False,True,False,False
BAT_00665,Fe7O3F13,1,0.006460193760416,0.0064601940981937,-3.3777775368393215e-10,3.3777775368393215e-10,True,False,False,True,False,False
BAT_00668,FeO5F,1,0.036634234658859,0.0366342343870336,2.7182530532021687e-10,2.7182530532021687e-10,True,False,False,True,False,False
BAT_00669,Fe5(OF2)4,1,0.041917928647269,0.0087885733279558,0.0331293553193131,0.0331293553193131,True,False,False,True,False,False
BAT_00670,FeOF4,1,0.014602450571506,0.0143922873032666,0.0002101632682393,0.0002101632682393,True,False,False,True,False,False
BAT_00672,Fe5OF11,1,0.02097612283366,0.0205451649365958,0.0004309578970641,0.0004309578970641,True,False,False,True,False,False
BAT_00673,FeOF3,1,0.011568896142865,0.0115688956623961,4.80468860877825e-10,4.80468860877825e-10,True,False,False,True,False,False
BAT_00674,Fe3OF5,1,0.062268436087508,0.0622684372793051,-1.1917971956543203e-09,1.1917971956543203e-09,True,False,False,True,False,False
BAT_00675,FeOF5,1,0.002572419694931,0.0025724205426443,-8.477133491696652e-10,8.477133491696652e-10,True,False,False,True,False,False
BAT_00676,Fe4OF7,1,0.081564916726213,0.0815649171229667,-3.967537132165688e-10,3.967537132165688e-10,True,False,False,True,False,False
BAT_00678,Fe2OF3,1,0.07711422308874,0.0771142230887407,-7.077671781985373e-16,7.077671781985373e-16,True,False,False,True,False,False
BAT_00679,Fe2O2F3,1,0.060874676507547,0.0608746755765209,9.310260062900255e-10,9.310260062900255e-10,True,False,False,True,False,False
BAT_00680,FeO5F,2,0.049603340984933,0.0496033414169762,-4.320432761550918e-10,4.320432761550918e-10,True,False,False,True,False,False
BAT_00682,Fe5OF11,1,0.041245614689279,0.0412456148755227,-1.8624370795583542e-10,1.8624370795583542e-10,True,False,False,True,False,False
BAT_00683,Fe5OF11,1,0.020976251506498,0.0205452907398784,0.0004309607666195,0.0004309607666195,True,False,False,True,False,False
BAT_00684,FeOF5,1,0.013618405762568,0.0136184045208879,1.2416800365677714e-09,1.2416800365677714e-09,True,False,False,True,False,False
BAT_00685,Fe7(OF7)2,1,0.11009644842452,0.110096448186866,2.376539381954146e-10,2.376539381954146e-10,True,False,False,True,False,False
BAT_00689,Fe3OF7,1,0.065363730421637,0.0653637297581908,6.634461591215056e-10,6.634461591215056e-10,True,False,False,True,False,False
BAT_00690,Fe2Si2O7,1,0.056219471304897,0.0532270737886531,0.0029923975162438,0.0029923975162438,True,False,False,True,False,False
BAT_00691,FeSiO4,1,0.006527534567018,0.0064852021855782,4.233238143979377e-05,4.233238143979377e-05,True,False,False,True,False,False
BAT_00692,FeSiO4,1,0.006380567967458,0.0063805679674579,9.540979117872439e-17,9.540979117872439e-17,True,False,False,True,False,False
BAT_00693,FeSiO4,1,0.019800043141179,0.0198000431411794,-4.0592529337857286e-16,4.0592529337857286e-16,True,False,False,True,False,False
BAT_00694,FeSiO5,1,0.065349810827572,0.0613411756427815,0.0040086351847904,0.0040086351847904,True,False,False,True,False,False
BAT_00695,Fe3(SiO4)2,2,0.043050543148792,0.0412736881808412,0.0017768549679507,0.0017768549679507,True,False,False,True,False,False
BAT_00696,Fe2Si3O10,2,0.026695272638349,0.026001164427997,0.0006941082103519,0.0006941082103519,True,False,False,True,False,False
BAT_00697,FeSiO4,1,0.049340543840538,0.0493405438405383,-3.1225022567582533e-16,3.1225022567582533e-16,True,False,False,True,False,False
BAT_00698,FeSiO4,1,0.020383396814277,0.019976213723112,0.0004071830911649,0.0004071830911649,True,False,False,True,False,False
BAT_00699,FeSiO4,1,0.071623638846402,0.0716236391799803,-3.3357834550162835e-10,3.3357834550162835e-10,True,False,False,True,False,False
BAT_00700,FeSiO4,1,0.002257754288093,0.0022577526967201,1.5913728347236034e-09,1.5913728347236034e-09,True,False,False,True,False,False
BAT_00701,FeSiO4,2,0.048810669920391,0.0199150254869576,0.0288956444334333,0.0288956444334333,True,False,False,True,False,False
BAT_00703,Fe(SiO3)2,1,0.010471641787058,0.0104716415531836,2.3387437125821364e-10,2.3387437125821364e-10,True,False,False,True,False,False
BAT_00705,FeSiO4,2,0.086894026615611,0.0799471010939678,0.0069469255216431,0.0069469255216431,True,False,False,True,False,False
BAT_00706,FeSiO4,1,0.024067041788506,0.0235014318461753,0.0005656099423306,0.0005656099423306,True,False,False,True,False,False
BAT_00707,FeSiO4,1,0.010668626559101,0.0105560083454828,0.0001126182136181,0.0001126182136181,True,False,False,True,False,False
BAT_00708,Fe(Si2O5)3,2,0.011167210789921,0.0040668387370962,0.0071003720528247,0.0071003720528247,True,False,False,True,False,False
BAT_00709,FeSiO4,1,0.037690805482461,0.036321806729091,0.00136899875337,0.00136899875337,True,False,False,True,False,False
BAT_00710,Fe3(SnO5)2,1,0.02243000938148,0.0219379391558163,0.0004920702256636,0.0004920702256636,True,False,False,True,False,False
BAT_00711,FeSnO4,1,0.011347172133027,0.0113471722218416,-8.881465528298714e-11,8.881465528298714e-11,True,False,False,True,False,False
BAT_00712,Fe3TeO8,1,0.09688020641965,0.096880208129807,-1.7101570437549894e-09,1.7101570437549894e-09,True,False,False,True,False,False
BAT_00713,V3Fe3(TeO8)2,1,0.018374234828695,0.0180427124840189,0.000331522344676,0.000331522344676,True,True,False,True,False,False
BAT_00715,Fe3TeO8,1,0.004615129289289,0.0045939257672267,2.120352206227624e-05,2.120352206227624e-05,True,False,False,True,False,False
BAT_00716,TiFe2O5,1,0.000575615260454,0.0005756133420778,1.9183761036959887e-09,1.9183761036959887e-09,True,False,False,True,False,False
BAT_00717,Ti12Fe5O32,1,0.029556908369431,0.0295569080286338,3.407971196911497e-10,3.407971196911497e-10,True,False,False,True,False,False
BAT_00718,TiFeO4,2,0.101160255608317,0.1011602550359395,5.723774926247316e-10,5.723774926247316e-10,True,False,False,True,False,False
BAT_00719,TiFe3O8,1,0.002853453105017,0.0028453332857159,8.119819301048454e-06,8.119819301048454e-06,True,False,False,True,False,False
BAT_00720,TiFeO4,1,0.016630808084626,0.016630806317871,1.7667549576105832e-09,1.7667549576105832e-09,True,False,False,True,False,False
BAT_00721,TiFe3O8,1,0.002414431908861,0.0024086175314654,5.814377395504423e-06,5.814377395504423e-06,True,False,False,True,False,False
BAT_00722,Ti2Fe3O10,2,0.012494477601847,0.012340292460006,0.0001541851418409,0.0001541851418409,True,False,False,True,False,False
BAT_00723,TiFe5O12,1,0.051987147282599,0.0494180426578697,0.0025691046247292,0.0025691046247292,True,False,False,True,False,False
BAT_00724,TiFe3O8,1,0.010676950309126,0.0105641560949334,0.0001127942141925,0.0001127942141925,True,False,False,True,False,False
BAT_00725,Ti(FeO3)2,1,0.006849672915888,0.0068030748141025,4.659810178542223e-05,4.659810178542223e-05,True,False,False,True,False,False
BAT_00726,V2Fe3O10,1,0.015262621977994,0.0150331760551655,0.0002294459228284,0.0002294459228284,True,True,False,True,False,False
BAT_00727,VFeO4,1,0.082161936701518,0.1411012686547573,-0.0589393319532393,0.0589393319532393,True,True,False,True,False,False
BAT_00728,V4FeO12,1,0.002510357114278,0.0025103543635873,2.750690639673203e-09,2.750690639673203e-09,True,True,False,True,False,False
BAT_00729,VFeO4,1,0.00285196983818,0.002843858847221,8.110990958974575e-06,8.110990958974575e-06,True,True,False,True,False,False
BAT_00730,VFe3O8,1,0.014195219578935,0.0139965379083068,0.0001986816706281,0.0001986816706281,True,True,False,True,False,False
BAT_00731,VFeO4,1,0.05466547659434,0.0546654778195928,-1.2252528505674043e-09,1.2252528505674043e-09,True,True,False,True,False,False
BAT_00732,V3(FeO5)2,2,0.011291563057598,0.0111654864714898,0.0001260765861081,0.0001260765861081,True,True,False,True,False,False
BAT_00733,V(FeO3)2,1,0.068046948336972,0.0680469480380489,2.989230390992858e-10,2.989230390992858e-10,True,True,False,True,False,False
BAT_00735,V3(FeO6)2,1,0.020584391518455,0.0205843915857415,-6.728656867793781e-11,6.728656867793781e-11,True,True,False,True,False,False
BAT_00736,V3FeO8,1,0.033405882610889,0.0334058816282455,9.82643459657151e-10,9.82643459657151e-10,True,True,False,True,False,False
BAT_00737,V2FeO6,1,0.037472522803892,0.0374725245833803,-1.7794883067079324e-09,1.7794883067079324e-09,True,True,False,True,False,False
BAT_00738,VFe3O8,1,0.005089529462997,0.0050637585076862,2.5770955310799697e-05,2.5770955310799697e-05,True,True,False,True,False,False
BAT_00739,VFeO4,1,0.004434126589106,0.0044341263388726,2.5023332277801513e-10,2.5023332277801513e-10,True,True,False,True,False,False
BAT_00740,V3FeO8,1,0.002516302425313,0.0025163019213568,5.039561541513027e-10,5.039561541513027e-10,True,True,False,True,False,False
BAT_00741,Fe3WO8,1,0.009969904291175,0.0098714854305036,9.841886067134438e-05,9.841886067134438e-05,True,False,False,True,False,False
BAT_00745,Fe(PS3)2,1,0.000227532334123,0.0002274794906923,5.2843430612602123e-08,5.2843430612602123e-08,True,False,False,True,False,False
BAT_00752,VGa3O8,1,0.037232371270258,0.0358958839227186,0.0013364873475393,0.0013364873475393,False,True,False,False,False,False
BAT_00755,NiGe3O8,1,0.069880734169379,0.0257933695625843,0.0440873646067946,0.0440873646067946,False,False,False,False,False,True
BAT_00756,V2SiGeO10,1,0.008826807412251,0.0088268079544191,-5.421681575912274e-10,5.421681575912274e-10,False,True,False,False,False,False
BAT_00757,V2SiGeO10,1,0.000155252397364,0.0001552282977987,2.4099565270306343e-08,2.4099565270306343e-08,False,True,False,False,False,False
BAT_00758,V(GeO3)2,1,0.005072336680854,0.0050723367123188,-3.1464851557583273e-11,3.1464851557583273e-11,False,True,False,False,False,False
BAT_00760,VGeO5,1,0.006805001053,0.0067590055343716,4.599551862835647e-05,4.599551862835647e-05,False,True,False,False,False,False
BAT_00763,MnPHO5,2,0.229908032526151,0.2299080344089748,-1.8828238135260023e-09,1.8828238135260023e-09,False,False,True,False,False,False
BAT_00764,MnP2HO8,1,0.076033636401051,0.0760336364842342,-8.318323807543493e-11,8.318323807543493e-11,False,False,True,False,False,False
BAT_00766,MnPH2O5,1,0.053541497146895,0.0535414995017246,-2.3548296437803096e-09,2.3548296437803096e-09,False,False,True,False,False,False
BAT_00767,Mn2P4H3O16,1,0.081544846424895,0.0815448478478279,-1.422932979777691e-09,1.422932979777691e-09,False,False,True,False,False,False
BAT_00768,MnP2HO7,1,0.063433947834164,0.1266722291465555,-0.0632382813123915,0.0632382813123915,False,False,True,False,False,False
BAT_00769,MnVP2(HO5)2,2,0.057212139416648,0.0572121393801276,3.6520328428046867e-11,3.6520328428046867e-11,False,True,True,False,False,False
BAT_00770,MnVP2(HO5)2,1,0.102068209854106,0.1020682083631019,1.4910040285753823e-09,1.4910040285753823e-09,False,True,True,False,False,False
BAT_00771,MnH4(SO5)2,2,0.03810056553073,0.0264365669658202,0.0116639985649097,0.0116639985649097,False,False,True,False,False,False
BAT_00773,MnH4(SO5)2,1,0.028128034882998,0.0281280348807076,2.2903519358852265e-12,2.2903519358852265e-12,False,False,True,False,False,False
BAT_00774,MnH6(S2O9)2,1,0.034771936912155,0.0336034788650315,0.0011684580471234,0.0011684580471234,False,False,True,False,False,False
BAT_00775,MnH8(SO6)2,1,0.048927141233389,0.0489271403690914,8.642975848904833e-10,8.642975848904833e-10,False,False,True,False,False,False
BAT_00776,NiH12(SO7)2,1,0.255655494801442,0.203603214049603,0.0520522807518389,0.0520522807518389,False,False,False,False,False,True
BAT_00782,VP2HO8,2,0.059675946190688,0.059675946771802,-5.811140388334302e-10,5.811140388334302e-10,False,True,False,False,False,False
BAT_00783,VP2HO8,1,0.042330099015676,0.0423300985053255,5.103504285841608e-10,5.103504285841608e-10,False,True,False,False,False,False
BAT_00785,V2P4H3O16,1,0.097599007125725,0.0975990077488298,-6.231048454985454e-10,6.231048454985454e-10,False,True,False,False,False,False
BAT_00786,VP2HO8,1,0.046270872018535,0.046270871481369,5.371659922426274e-10,5.371659922426274e-10,False,True,False,False,False,False
BAT_00787,VP2HO8,1,0.036171039506987,0.0361710397707363,-2.637493556889581e-10,2.637493556889581e-10,False,True,False,False,False,False
BAT_00788,VPHO5,2,0.140613970655854,0.1988378630829262,-0.0582238924270722,0.0582238924270722,False,True,False,False,False,False
BAT_00789,VSi4(HO6)2,1,0.032946980714688,0.0329469797351998,9.794881225544394e-10,9.794881225544394e-10,False,True,False,False,False,False
BAT_00790,VP2HO8,1,0.025995672211029,0.0259956717968156,4.14213371935368e-10,4.14213371935368e-10,False,True,False,False,False,False
BAT_00794,KMnO2,1,0.036749181222864,0.0367491814847489,-2.6188498591928067e-10,2.6188498591928067e-10,False,False,True,False,False,False
BAT_00796,KMnO2,1,0.019611449569086,0.0196114494546679,1.1441808264733844e-10,1.1441808264733844e-10,False,False,True,False,False,False
BAT_00803,K2NiO4,1,0.026262209883304,0.025590155248644,0.0006720546346599,0.0006720546346599,False,False,False,False,False,True
BAT_00825,LaTi2O6,1,0.003795778441476,0.0037957766204709,1.8210050338300643e-09,1.8210050338300643e-09,False,False,False,False,False,False
BAT_00829,Mg2Mn3O8,1,0.020909499377989,0.0209094990886665,2.8932248263835447e-10,2.8932248263835447e-10,False,False,True,False,False,False
BAT_00831,Mg(NiO2)4,1,0.026254223717851,0.0262542261568774,-2.439026397516031e-09,2.439026397516031e-09,False,False,False,False,False,True
BAT_00832,MgNi3O8,1,0.021034631002684,0.0210346291450326,1.8576513556578518e-09,1.8576513556578518e-09,False,False,False,False,False,True
BAT_00833,Mg(Ni6O13)2,2,0.014432458975099,0.002742936981599,0.0116895219934999,0.0116895219934999,False,False,False,False,False,True
BAT_00842,Na5Mn2O8,1,0.011525139473477,0.0115251394734774,-4.0766001685454967e-16,4.0766001685454967e-16,False,False,True,False,False,False
BAT_00843,NaMnP2O7,1,0.08890957289593,0.0889095744667083,-1.57077829909813e-09,1.57077829909813e-09,False,False,True,False,False,False
BAT_00844,Na2Mn(PO3)5,1,0.020143272492367,0.0201432727156354,-2.2326840029562867e-10,2.2326840029562867e-10,False,False,True,False,False,False
BAT_00845,Mn2NbNi3(PO4)6,1,0.024690917743684,0.0246909173397831,4.039008016931689e-10,4.039008016931689e-10,False,False,True,False,False,True
BAT_00847,Mn3NbO8,1,0.079248789711037,0.0792487919737941,-2.262757148319139e-09,2.262757148319139e-09,False,False,True,False,False,False
BAT_00848,MnNb4O12,1,0.017248307408302,0.0172483079747424,-5.664404362226705e-10,5.664404362226705e-10,False,False,True,False,False,False
BAT_00849,Mn3Nb(PO4)4,1,0.010234826514328,0.0102348267177065,-2.0337850847873537e-10,2.0337850847873537e-10,False,False,True,False,False,False
BAT_00850,Mn3Nb(PO4)6,1,0.085054280487388,0.0850542808838421,-3.964541611667371e-10,3.964541611667371e-10,False,False,True,False,False,False
BAT_00851,Mn7Nb(PO4)12,1,0.075482349635603,0.0754823497751747,-1.3957171529632714e-10,1.3957171529632714e-10,False,False,True,False,False,False
BAT_00852,MnNi3O8,2,0.021566777474717,0.0215667755620794,1.9126375899736203e-09,1.9126375899736203e-09,False,False,True,False,False,True
BAT_00853,MnNiO4,1,0.026347491048887,0.0263474936707508,-2.6218638406183548e-09,2.6218638406183548e-09,False,False,True,False,False,True
BAT_00854,Mn2Ni3O10,1,0.012853628052426,0.0128536276228271,4.2959883567172947e-10,4.2959883567172947e-10,False,False,True,False,False,True
BAT_00855,Mn3NiO8,3,0.094049921321074,0.0940499180649716,3.256102387716453e-09,3.256102387716453e-09,False,False,True,False,False,True
BAT_00856,Mn5NiO12,1,0.098208516988773,0.0982085199121401,-2.9233670900685733e-09,2.9233670900685733e-09,False,False,True,False,False,True
BAT_00858,Mn2NiO6,2,0.046197744723939,0.0446123914915431,0.0015853532323958,0.0015853532323958,False,False,True,False,False,True
BAT_00859,Mn15NiO32,1,0.051457084806271,0.0514570836585321,1.1477388831004907e-09,1.1477388831004907e-09,False,False,True,False,False,True
BAT_00860,Mn3NiO8,1,0.053192011356005,0.0531920113560053,-3.1225022567582533e-16,3.1225022567582533e-16,False,False,True,False,False,True
BAT_00861,Mn5Ni3O16,1,0.015379638069027,0.015379638106229,-3.7202046998530136e-11,3.7202046998530136e-11,False,False,True,False,False,True
BAT_00863,Mn2Ni5O12,1,0.005156444816137,0.0051564431109136,1.7052233670239447e-09,1.7052233670239447e-09,False,False,True,False,False,True
BAT_00864,Mn(NiO3)2,1,0.008461981582735,0.0084619812746899,3.0804509290605075e-10,3.0804509290605075e-10,False,False,True,False,False,True
BAT_00865,Mn2NiO6,2,0.043119466793725,0.0431194671588545,-3.6512957934942136e-10,3.6512957934942136e-10,False,False,True,False,False,True
BAT_00866,Mn4NiO8,1,0.033450700851406,0.0334507019647741,-1.1133681546149352e-09,1.1133681546149352e-09,False,False,True,False,False,True
BAT_00867,Mn3NiO8,1,0.061286354189055,0.0612863553389353,-1.149880350659327e-09,1.149880350659327e-09,False,False,True,False,False,True
BAT_00868,MnNi(PO4)2,1,0.030278244286999,0.0302782457785399,-1.4915409601856664e-09,1.4915409601856664e-09,False,False,True,False,False,True
BAT_00869,MnNi(PO4)2,1,0.061385580913817,0.0613855812012867,-2.874696938826027e-10,2.874696938826027e-10,False,False,True,False,False,True
BAT_00871,MnNi(PO4)2,1,0.103004116173754,0.103004116717884,-5.441300743314058e-10,5.441300743314058e-10,False,False,True,False,False,True
BAT_00872,Mn3Ni(PO4)4,1,0.079463920808534,0.079463920832808,-2.4274013354919074e-11,2.4274013354919074e-11,False,False,True,False,False,True
BAT_00873,Mn7Ni(PO4)12,1,0.052616699618184,0.0526166998972856,-2.7910168620692843e-10,2.7910168620692843e-10,False,False,True,False,False,True
BAT_00874,MnNi3(PO4)4,1,0.044136436229484,0.0441364360847194,1.4476460308276984e-10,1.4476460308276984e-10,False,False,True,False,False,True
BAT_00875,Mn5Ni(PO4)6,1,0.063097820565843,0.0630978204476697,1.1817329059748968e-10,1.1817329059748968e-10,False,False,True,False,False,True
BAT_00876,Mn2Ni(PO4)3,1,0.068415252210677,0.0684152539053209,-1.6946439251874779e-09,1.6946439251874779e-09,False,False,True,False,False,True
BAT_00877,Mn2VNi3(PO4)6,1,0.02619003069633,0.02619003013631,5.600199748378998e-10,5.600199748378998e-10,False,True,True,False,False,True
BAT_00878,TiMn2Ni3(PO4)6,1,0.026797443406176,0.0267974429502842,4.5589179653582335e-10,4.5589179653582335e-10,False,False,True,False,False,True
BAT_00879,Ti2Mn3Ni3O16,1,0.09419832442663,0.0941983252582739,-8.316439620292825e-10,8.316439620292825e-10,False,False,True,False,False,True
BAT_00880,Mn3Ni3(TeO8)2,1,0.0913458201002,0.0913458571957738,-3.70955738626666e-08,3.70955738626666e-08,False,False,True,False,False,True
BAT_00881,MnV4NiO12,1,0.015882601569449,0.0158826013100159,2.59433058369396e-10,2.59433058369396e-10,False,True,True,False,False,True
BAT_00883,Mn17O40,1,0.005470781257368,0.0054707799896011,1.2677668524349595e-09,1.2677668524349595e-09,False,False,True,False,False,False
BAT_00884,MnO2,1,0.012232567531829,0.0120847397144397,0.0001478278173892,0.0001478278173892,False,False,True,False,False,False
BAT_00885,Mn5O12,2,0.041012704670551,0.041012706613114,-1.942563040979728e-09,1.942563040979728e-09,False,False,True,False,False,False
BAT_00886,MnO2,2,0.249957871725363,0.1338935504845409,0.116064321240822,0.116064321240822,False,False,True,False,False,False
BAT_00888,MnO2,4,0.069642812596144,0.0613735838749794,0.0082692287211645,0.0082692287211645,False,False,True,False,False,False
BAT_00890,Mn15O32,1,0.039841949824003,0.0398419486610287,1.1629742169283475e-09,1.1629742169283475e-09,False,False,True,False,False,False
BAT_00891,MnO2,1,0.299661296814479,0.3689521240261845,-0.0692908272117055,0.0692908272117055,False,False,True,False,False,False
BAT_00892,Mn3O8,3,0.0280490256213099,0.0001505480503952,0.0278984775709146,0.0278984775709146,False,False,True,False,False,False
BAT_00893,MnO2,1,0.032710266757776,0.0327102665023553,2.5542067766393117e-10,2.5542067766393117e-10,False,False,True,False,False,False
BAT_00895,Mn7O16,1,0.051662451675757,0.0516624524498006,-7.740436555603303e-10,7.740436555603303e-10,False,False,True,False,False,False
BAT_00896,Mn5O8,1,0.001441909526962,0.0014419106459593,-1.1189973214524582e-09,1.1189973214524582e-09,False,False,True,False,False,False
BAT_00898,Mn3O8,2,0.040156150513289,0.0401561498156418,6.976471830788532e-10,6.976471830788532e-10,False,False,True,False,False,False
BAT_00899,MnO2,2,0.051157297854674,0.0511572986165548,-7.618808361975481e-10,7.618808361975481e-10,False,False,True,False,False,False
BAT_00900,MnO2,1,0.126617653203243,0.0702574705150947,0.0563601826881482,0.0563601826881482,False,False,True,False,False,False
BAT_00901,MnO2,1,0.019039557832448,0.0883045962383382,-0.0692650384058902,0.0692650384058902,False,False,True,False,False,False
BAT_00902,MnO2,1,0.004425766496548,0.0044257655583648,9.381831327440191e-10,9.381831327440191e-10,False,False,True,False,False,False
BAT_00903,MnO2,1,0.046688308737625,0.0466883097674252,-1.0298002520170435e-09,1.0298002520170435e-09,False,False,True,False,False,False
BAT_00904,Mn21O40,1,0.041572561299696,0.0399132656015255,0.0016592956981704,0.0016592956981704,False,False,True,False,False,False
BAT_00905,Mn5O12,1,0.002108138079071,0.0550984462790596,-0.0529903081999886,0.0529903081999886,False,False,True,False,False,False
BAT_00909,MnO2,2,0.127241188282644,0.2039146209835054,-0.0766734327008614,0.0766734327008614,False,False,True,False,False,False
BAT_00910,Mn21O40,1,0.049009075331603,0.0490090758261128,-4.945098913688993e-10,4.945098913688993e-10,False,False,True,False,False,False
BAT_00911,MnO2,1,0.009808180218552,0.0960324057345616,-0.0862242255160096,0.0862242255160096,False,False,True,False,False,False
BAT_00912,MnO3,1,0.007939111916712,0.0538343021491291,-0.0458951902324171,0.0458951902324171,False,False,True,False,False,False
BAT_00913,Mn15O32,1,0.049655743719771,0.0496557447260751,-1.0063041372410098e-09,1.0063041372410098e-09,False,False,True,False,False,False
BAT_00914,Mn7O12,1,0.024938260217216,0.0249382578432085,2.3740074697742312e-09,2.3740074697742312e-09,False,False,True,False,False,False
BAT_00916,MnO2,3,0.058324292130721,0.058324293733064,-1.6023430568501416e-09,1.6023430568501416e-09,False,False,True,False,False,False
BAT_00917,MnPO4,1,0.067393933044924,0.0673939319612676,1.083656345213235e-09,1.083656345213235e-09,False,False,True,False,False,False
BAT_00918,Mn(PO3)5,1,0.023100911003768,0.0225793088442859,0.000521602159482,0.000521602159482,False,False,True,False,False,False
BAT_00919,Mn4(PO4)3,1,0.016472899016948,0.0164728975221359,1.4948120276303543e-09,1.4948120276303543e-09,False,False,True,False,False,False
BAT_00921,Mn9(P2O7)8,2,0.021789115097113,0.020879991988273,0.0009091231088399,0.0009091231088399,False,False,True,False,False,False
BAT_00923,Mn(PO3)3,1,0.04561735135959,0.0456173513595905,-4.996003610813204e-16,4.996003610813204e-16,False,False,True,False,False,False
BAT_00924,MnPO4,1,0.108165025892167,0.1081650262491531,-3.5698614897494707e-10,3.5698614897494707e-10,False,False,True,False,False,False
BAT_00925,MnPO4,1,0.065671567929561,0.14161554021755,-0.075943972287989,0.075943972287989,False,False,True,False,False,False
BAT_00926,Mn(PO3)3,1,0.054812021443186,0.0548120210759175,3.67268472578619e-10,3.67268472578619e-10,False,False,True,False,False,False
BAT_00927,MnPO4,2,0.057215736139496,0.0572157366196601,-4.801641168006299e-10,4.801641168006299e-10,False,False,True,False,False,False
BAT_00928,Mn(PO3)4,1,0.010081398919854,0.0100813991012552,-1.8140125512822178e-10,1.8140125512822178e-10,False,False,True,False,False,False
BAT_00929,Mn3P8O29,2,0.018969462466735,0.0008514600605145,0.0181180024062204,0.0181180024062204,False,False,True,False,False,False
BAT_00930,Mn4(PO4)3,1,0.004387586397114,0.0043875875298959,-1.1327819333592504e-09,1.1327819333592504e-09,False,False,True,False,False,False
BAT_00931,MnP2O7,1,0.018109006390311,0.018109006527703,-1.373920942293605e-10,1.373920942293605e-10,False,False,True,False,False,False
BAT_00932,Mn3P3O13,1,0.020742906179189,0.0207429061214062,5.778277509249641e-11,5.778277509249641e-11,False,False,True,False,False,False
BAT_00933,Mn2(PO4)3,2,0.194957344620235,0.1949573445693108,5.092415378271653e-11,5.092415378271653e-11,False,False,True,False,False,False
BAT_00934,MnP2O7,1,0.051294483460389,0.0512944833645371,9.585190280381184e-11,9.585190280381184e-11,False,False,True,False,False,False
BAT_00935,MnPO4,1,0.094731169356238,0.0947311695280567,-1.7181872591365274e-10,1.7181872591365274e-10,False,False,True,False,False,False
BAT_00936,Mn3(PO4)4,2,0.224899319321994,0.2248993188946712,4.2732273275447596e-10,4.2732273275447596e-10,False,False,True,False,False,False
BAT_00937,MnPO4,1,0.098925178224841,0.0900199396510697,0.0089052385737712,0.0089052385737712,False,False,True,False,False,False
BAT_00938,MnP2O7,2,0.112571277801983,0.1125712767542445,1.047738479309501e-09,1.047738479309501e-09,False,False,True,False,False,False
BAT_00940,MnP2O7,1,0.071846284381102,0.1135321531215322,-0.0416858687404302,0.0416858687404302,False,False,True,False,False,False
BAT_00941,Mn4(PO4)3,1,0.008445654001766,0.0083749223056809,7.073169608506034e-05,7.073169608506034e-05,False,False,True,False,False,False
BAT_00942,Mn2(PO4)3,5,0.201325565996927,0.1365022018874236,0.0648233641095033,0.0648233641095033,False,False,True,False,False,False
BAT_00943,MnP2O7,2,0.121519687835453,0.1797163955628951,-0.0581967077274421,0.0581967077274421,False,False,True,False,False,False
BAT_00944,MnPO4,1,0.036602961974525,0.0366029621847988,-2.1027387470118344e-10,2.1027387470118344e-10,False,False,True,False,False,False
BAT_00945,MnP2O7,1,0.008020185627112,0.0080201848620194,7.65092515384036e-10,7.65092515384036e-10,False,False,True,False,False,False
BAT_00948,MnP2O7,1,0.108728839162103,0.1087288383146286,8.474743684594442e-10,8.474743684594442e-10,False,False,True,False,False,False
BAT_00949,Mn2(PO4)3,1,0.056964856163744,0.0569648581048903,-1.941146347828049e-09,1.941146347828049e-09,False,False,True,False,False,False
BAT_00951,MnPO4,1,0.027676897105091,0.0269315165612706,0.0007453805438203,0.0007453805438203,False,False,True,False,False,False
BAT_00952,MnP2O7,2,0.038870831107834,0.0224627263143035,0.0164081047935304,0.0164081047935304,False,False,True,False,False,False
BAT_00953,Mn(PO4)2,1,0.023543212088019,0.0235432118647392,2.2327972803992677e-10,2.2327972803992677e-10,False,False,True,False,False,False
BAT_00954,Mn4(PO4)3,1,0.025939804647934,0.0259398053999603,-7.520263890781197e-10,7.520263890781197e-10,False,False,True,False,False,False
BAT_00955,Mn(PO3)4,1,0.024296112657451,0.0242961137815009,-1.1240499954434655e-09,1.1240499954434655e-09,False,False,True,False,False,False
BAT_00956,Mn(PO4)2,1,0.002805136997757,0.0027972903724969,7.84662526002967e-06,7.84662526002967e-06,False,False,True,False,False,False
BAT_00957,Mn(PO4)2,2,0.059943619233691,0.0599436187337731,4.999178154774242e-10,4.999178154774242e-10,False,False,True,False,False,False
BAT_00958,MnP2O7,1,0.057256430655618,0.0572564313096834,-6.540654406972378e-10,6.540654406972378e-10,False,False,True,False,False,False
BAT_00959,MnPO4,1,0.003575539428858,0.0035755389348631,4.939948671477122e-10,4.939948671477122e-10,False,False,True,False,False,False
BAT_00960,Mn3(P2O7)2,1,0.041348009772475,0.0951850786504474,-0.0538370688779724,0.0538370688779724,False,False,True,False,False,False
BAT_00961,Mn2P2O9,1,0.000548048714217,0.0005480487142176,-6.410887445906789e-16,6.410887445906789e-16,False,False,True,False,False,False
BAT_00962,MnP2O7,3,0.045968971930546,0.0459689716941481,2.363978388042476e-10,2.363978388042476e-10,False,False,True,False,False,False
BAT_00963,Mn(PO4)2,2,0.029425151172906,0.0269124181924784,0.0025127329804275,0.0025127329804275,False,False,True,False,False,False
BAT_00964,MnPO4,2,0.069917162550801,0.0699171636231536,-1.0723526649991655e-09,1.0723526649991655e-09,False,False,True,False,False,False
BAT_00965,MnP2O7,1,0.088832241820707,0.1506692440321031,-0.0618370022113961,0.0618370022113961,False,False,True,False,False,False
BAT_00966,Mn(PO3)4,1,0.00303940476999,0.0030301955803125,9.209189677440896e-06,9.209189677440896e-06,False,False,True,False,False,False
BAT_00967,Mn(PO3)4,1,0.04212165630412,0.0421216563041201,-1.734723475976807e-16,1.734723475976807e-16,False,False,True,False,False,False
BAT_00968,Mn(PO3)3,1,0.115051738642869,0.1150517384049642,2.3790477921004083e-10,2.3790477921004083e-10,False,False,True,False,False,False
BAT_00969,Mn3(P2O7)2,1,0.025904084417243,0.0259040836446025,7.726404203933779e-10,7.726404203933779e-10,False,False,True,False,False,False
BAT_00970,Mn2P3O11,1,0.003105181214136,0.0030955698682021,9.611345933866705e-06,9.611345933866705e-06,False,False,True,False,False,False
BAT_00971,Mn(PO3)4,1,0.062606719380007,0.0626067198321104,-4.521034796534096e-10,4.521034796534096e-10,False,False,True,False,False,False
BAT_00972,MnP2O7,1,0.117710345454079,0.1735090533681168,-0.0557987079140378,0.0557987079140378,False,False,True,False,False,False
BAT_00973,Mn(PO4)2,1,0.076211100464685,0.0762111017771374,-1.3124523967622535e-09,1.3124523967622535e-09,False,False,True,False,False,False
BAT_00974,MnP2O7,1,0.060401886548921,0.0604018856410166,9.079043350457283e-10,9.079043350457283e-10,False,False,True,False,False,False
BAT_00975,MnPO4,1,0.021160381994088,0.0211603829403542,-9.462662736714478e-10,9.462662736714478e-10,False,False,True,False,False,False
BAT_00976,MnPO4,1,0.034677408347819,0.0335151888294713,0.0011622195183476,0.0011622195183476,False,False,True,False,False,False
BAT_00977,Mn(PO3)4,1,0.027693545526825,0.0276935455268252,-2.3939183968479943e-16,2.3939183968479943e-16,False,False,True,False,False,False
BAT_00978,MnPO4,1,0.036658776006949,0.0353624326381846,0.0012963433687643,0.0012963433687643,False,False,True,False,False,False
BAT_00979,Mn3(PO4)4,1,0.105673144596013,0.1056731442999287,2.9608425433647056e-10,2.9608425433647056e-10,False,False,True,False,False,False
BAT_00980,Mn5(P3O11)2,1,0.02852144536883,0.0285214460939314,-7.251014962073031e-10,7.251014962073031e-10,False,False,True,False,False,False
BAT_00981,Mn(PO4)2,1,0.048648504276882,0.0486485025090302,1.7678517122421411e-09,1.7678517122421411e-09,False,False,True,False,False,False
BAT_00982,Mn3(PO4)4,1,0.021200261014386,0.0212002617871379,-7.727519214795198e-10,7.727519214795198e-10,False,False,True,False,False,False
BAT_00983,Mn(PO3)3,1,0.049307479525249,0.0032621948201047,0.0460452847051442,0.0460452847051442,False,False,True,False,False,False
BAT_00984,Mn2P3O10,1,0.0419208124055,0.0402341626585773,0.0016866497469226,0.0016866497469226,False,False,True,False,False,False
BAT_00985,MnPO4,1,0.011551068996411,0.0114191662573218,0.0001319027390891,0.0001319027390891,False,False,True,False,False,False
BAT_00986,Mn4(PO4)3,1,0.037735929285795,0.0377359292857954,-4.787836793695989e-16,4.787836793695989e-16,False,False,True,False,False,False
BAT_00987,Mn2P5O16,2,0.035444919106478,0.0354449191816194,-7.514141392439555e-11,7.514141392439555e-11,False,False,True,False,False,False
BAT_00988,Mn9(PO4)8,1,0.016970911064002,0.0169709112273662,-1.6336424921159498e-10,1.6336424921159498e-10,False,False,True,False,False,False
BAT_00989,Mn3(PO4)4,3,0.08226379282368,0.0822637940938488,-1.2701688867355896e-09,1.2701688867355896e-09,False,False,True,False,False,False
BAT_00990,MnPO4,1,0.026339893909823,0.0256639100610795,0.0006759838487434,0.0006759838487434,False,False,True,False,False,False
BAT_00991,MnP2O7,2,0.203812027019146,0.2590238434358643,-0.0552118164167183,0.0552118164167183,False,False,True,False,False,False
BAT_00992,Mn(PO3)4,2,0.192051955340565,0.1920519551678201,1.7274484620521946e-10,1.7274484620521946e-10,False,False,True,False,False,False
BAT_00993,Mn(PO3)4,2,0.068716055460513,0.0687160555959786,-1.3546563870647788e-10,1.3546563870647788e-10,False,False,True,False,False,False
BAT_00994,Mn2P3O10,1,0.017699153640052,0.0176991527470065,8.93045488253863e-10,8.93045488253863e-10,False,False,True,False,False,False
BAT_00995,Mn2(PO4)3,1,0.038316446366887,0.0383164453469904,1.0198965075258748e-09,1.0198965075258748e-09,False,False,True,False,False,False
BAT_00996,MnPO5,1,0.004456464782363,0.0044564655598207,-7.774577683028471e-10,7.774577683028471e-10,False,False,True,False,False,False
BAT_00997,MnPO4,1,0.21528727809807,0.215287277956402,1.416679273891219e-10,1.416679273891219e-10,False,False,True,False,False,False
BAT_00998,MnP2O7,2,0.200025090656381,0.2664115640530584,-0.0663864733966773,0.0663864733966773,False,False,True,False,False,False
BAT_00999,Mn(PO3)3,1,0.04375812859028,0.0419236284726927,0.0018345001175872,0.0018345001175872,False,False,True,False,False,False
BAT_01000,MnP2O7,2,0.165570662586504,0.2403944945846222,-0.0748238319981182,0.0748238319981182,False,False,True,False,False,False
BAT_01001,Mn(PO3)3,1,0.105533413138723,0.1055334129109514,2.2777156549746988e-10,2.2777156549746988e-10,False,False,True,False,False,False
BAT_01002,MnP2O7,2,0.194429949568943,0.2586045401740698,-0.0641745906051268,0.0641745906051268,False,False,True,False,False,False
BAT_01003,MnP2O9,1,0.028189362718268,0.0274165092662088,0.0007728534520591,0.0007728534520591,False,False,True,False,False,False
BAT_01004,MnP2O7,2,0.060260305226491,0.0527194172607998,0.0075408879656911,0.0075408879656911,False,False,True,False,False,False
BAT_01005,Mn2(PO4)3,2,0.104582414439511,0.0456729907556446,0.0589094236838663,0.0589094236838663,False,False,True,False,False,False
BAT_01007,MnPO4,1,0.106409370142946,0.1642364623696839,-0.0578270922267379,0.0578270922267379,False,False,True,False,False,False
BAT_01008,MnP2O7,1,0.221623497696321,0.2944774671466939,-0.0728539694503729,0.0728539694503729,False,False,True,False,False,False
BAT_01009,MnPO4,2,0.085186918442008,0.085186918990332,-5.483240111958665e-10,5.483240111958665e-10,False,False,True,False,False,False
BAT_01010,MnPO4,1,0.011741268102966,0.0116050105626129,0.000136257540353,0.000136257540353,False,False,True,False,False,False
BAT_01011,MnPO5,1,0.001173806079038,0.001172430062459,1.3760165789250631e-06,1.3760165789250631e-06,False,False,True,False,False,False
BAT_01013,MnPO4,2,0.036515700375798,0.0365157007689899,-3.9319190958675416e-10,3.9319190958675416e-10,False,False,True,False,False,False
BAT_01015,MnP2O7,2,0.152894159567176,0.2260121263986017,-0.0731179668314257,0.0731179668314257,False,False,True,False,False,False
BAT_01016,MnPO4,1,0.066269520951882,0.0662695201089954,8.428865660992101e-10,8.428865660992101e-10,False,False,True,False,False,False
BAT_01020,Mn7(PO4)6,1,0.105651491569764,0.1511362774227881,-0.0454847858530241,0.0454847858530241,False,False,True,False,False,False
BAT_01021,Mn2PO5,1,0.085699258671302,0.1489810035917701,-0.0632817449204681,0.0632817449204681,False,False,True,False,False,False
BAT_01022,Mn3Sb(PO4)6,1,0.080260960221079,0.080260958427457,1.7936219037784083e-09,1.7936219037784083e-09,False,False,True,False,False,False
BAT_01023,Mn3Sb(PO4)4,1,0.060112490597981,0.0601124908243394,-2.2635842505946968e-10,2.2635842505946968e-10,False,False,True,False,False,False
BAT_01024,Mn7Sb(PO4)12,1,0.08201719821797,0.0820171986772646,-4.59294657861875e-10,4.59294657861875e-10,False,False,True,False,False,False
BAT_01025,Mn5Sb(PO4)6,1,0.072621918985809,0.0726219191007004,-1.1489147133669776e-10,1.1489147133669776e-10,False,False,True,False,False,False
BAT_01026,Mn3Sn(PO4)4,1,0.083760112087571,0.0837601105087845,1.5787864765526292e-09,1.5787864765526292e-09,False,False,True,False,False,False
BAT_01027,MnSn(PO4)2,1,0.111878617063122,0.1118786163220547,7.410672075991441e-10,7.410672075991441e-10,False,False,True,False,False,False
BAT_01028,Mn7Sn(PO4)12,1,0.060129808190973,0.0601298077856405,4.0533242040563517e-10,4.0533242040563517e-10,False,False,True,False,False,False
BAT_01029,Mn3Sn(PO4)6,1,0.060295421477187,0.060295422800033,-1.3228460549186136e-09,1.3228460549186136e-09,False,False,True,False,False,False
BAT_01030,Mn5Sn(PO4)6,1,0.069640747108817,0.0696407458780126,1.2308043750852702e-09,1.2308043750852702e-09,False,False,True,False,False,False
BAT_01032,TiMn7(PO4)12,1,0.062581690972753,0.062581690298955,6.737980035032011e-10,6.737980035032011e-10,False,False,True,False,False,False
BAT_01033,MnV3(PO4)4,1,0.05354947424988,0.0535494751059486,-8.560686326486432e-10,8.560686326486432e-10,False,True,True,False,False,False
BAT_01034,TiMn3(PO4)6,2,0.122211731010814,0.1222117321341105,-1.1232965807517203e-09,1.1232965807517203e-09,False,False,True,False,False,False
BAT_01036,TiMn3(PO4)4,1,0.044444792867708,0.0444447921959696,6.717384010146431e-10,6.717384010146431e-10,False,False,True,False,False,False
BAT_01037,MnV(P2O7)2,3,0.071997385774961,0.0651274937062294,0.0068698920687315,0.0068698920687315,False,True,True,False,False,False
BAT_01038,MnV(PO4)3,1,0.036978260075598,0.0369782602216623,-1.4606434117769848e-10,1.4606434117769848e-10,False,True,True,False,False,False
BAT_01039,MnV3(PO4)6,1,0.053053912574449,0.0530539136005015,-1.026052499908392e-09,1.026052499908392e-09,False,True,True,False,False,False
BAT_01040,MnV(PO4)3,3,0.077025608441087,0.0770256074391546,1.001932342648004e-09,1.001932342648004e-09,False,True,True,False,False,False
BAT_01041,Mn7V(PO4)12,2,0.098964818845361,0.0989648188487756,-3.414629690112747e-12,3.414629690112747e-12,False,True,True,False,False,False
BAT_01042,Mn3V(PO4)4,1,0.063853732981212,0.0638537324158002,5.654117868347797e-10,5.654117868347797e-10,False,True,True,False,False,False
BAT_01043,MnV(PO4)2,1,0.052420639569206,0.0524206405733058,-1.0040998518756614e-09,1.0040998518756614e-09,False,True,True,False,False,False
BAT_01044,Mn5V(PO4)6,1,0.066603824141733,0.0666038240169143,1.2481864153368602e-10,1.2481864153368602e-10,False,True,True,False,False,False
BAT_01045,MnV(PO4)3,1,0.034656158995896,0.0346561608644952,-1.8685992753120213e-09,1.8685992753120213e-09,False,True,True,False,False,False
BAT_01046,Mn5P6WO24,1,0.048052964202944,0.0480529636551738,5.477701625622443e-10,5.477701625622443e-10,False,False,True,False,False,False
BAT_01047,MnV2(PO4)3,1,0.052310393678821,0.0523103933027722,3.760487962689574e-10,3.760487962689574e-10,False,True,True,False,False,False
BAT_01048,Mn3V(PO4)6,1,0.049077514041062,0.0490775143197172,-2.7865528634540837e-10,2.7865528634540837e-10,False,True,True,False,False,False
BAT_01049,MnV(PO4)3,2,0.066719778124931,0.0667197782789672,-1.5403626985044383e-10,1.5403626985044383e-10,False,True,True,False,False,False
BAT_01050,Mn3P6WO24,1,0.091228041672888,0.0912280429498829,-1.2769949542246195e-09,1.2769949542246195e-09,False,False,True,False,False,False
BAT_01051,MnSO5,1,0.038318648248429,0.0383186471260424,1.1223865239995412e-09,1.1223865239995412e-09,False,False,True,False,False,False
BAT_01052,Mn(SO4)2,1,0.084590563045043,0.0845905627165153,3.2852767728464016e-10,3.2852767728464016e-10,False,False,True,False,False,False
BAT_01053,Mn2(SO4)3,1,0.038530152483263,0.1198071423078423,-0.0812769898245793,0.0812769898245793,False,False,True,False,False,False
BAT_01054,Mn(SO4)2,1,0.069086330533403,0.0690863296014388,9.319641863791972e-10,9.319641863791972e-10,False,False,True,False,False,False
BAT_01055,Mn2(SO4)3,1,0.091108093896627,0.0911080955388507,-1.6422237042457155e-09,1.6422237042457155e-09,False,False,True,False,False,False
BAT_01056,Mn2(SO4)3,1,0.076492418283266,0.148064070345836,-0.07157165206257,0.07157165206257,False,False,True,False,False,False
BAT_01057,Mn3SbO8,3,0.067797599118042,0.0677975991446515,-2.6609561776247403e-11,2.6609561776247403e-11,False,False,True,False,False,False
BAT_01058,Mn(SO4)2,1,0.054029557015248,0.054029556487195,5.280529694062784e-10,5.280529694062784e-10,False,False,True,False,False,False
BAT_01059,Mn3SbO8,1,0.096963423894957,0.0969634243692044,-4.742474746244341e-10,4.742474746244341e-10,False,False,True,False,False,False
BAT_01060,Mn5SbO12,1,0.003520205517296,0.0035202045493867,9.679092601196091e-10,9.679092601196091e-10,False,False,True,False,False,False
BAT_01061,Mn(SbO3)4,1,0.084348586790213,0.0843485869962573,-2.060443204943141e-10,2.060443204943141e-10,False,False,True,False,False,False
BAT_01062,Mn5Sb3O16,1,0.115463451029063,0.1154634528915945,-1.8625315734155379e-09,1.8625315734155379e-09,False,False,True,False,False,False
BAT_01063,Mn3SbO8,1,0.048805154589053,0.048805154589054,-1.0755285551056204e-15,1.0755285551056204e-15,False,False,True,False,False,False
BAT_01064,Mn5(SeO3)8,1,0.041452447048593,0.0414524472602254,-2.1163241992194768e-10,2.1163241992194768e-10,False,False,True,False,False,False
BAT_01065,Ti3Mn3(SbO8)2,1,0.087682487706037,0.0876824890885533,-1.3825163791558735e-09,1.3825163791558735e-09,False,False,True,False,False,False
BAT_01066,MnSi2O7,1,0.006385459081565,0.0063449421027608,4.05169788041072e-05,4.05169788041072e-05,False,False,True,False,False,False
BAT_01067,Mn3(SeO3)4,1,0.026766008198522,0.0267660081753668,2.3155134060148796e-11,2.3155134060148796e-11,False,False,True,False,False,False
BAT_01068,Mn(SiO3)2,2,0.236520522292266,0.2365205211642707,1.1279953082699024e-09,1.1279953082699024e-09,False,False,True,False,False,False
BAT_01069,Mn2Si2O7,1,0.052737374113593,0.0527373753553892,-1.2417962005906171e-09,1.2417962005906171e-09,False,False,True,False,False,False
BAT_01070,MnSiO4,1,0.002257909143577,0.0022579083325946,8.109823875813992e-10,8.109823875813992e-10,False,False,True,False,False,False
BAT_01071,MnSiO4,1,0.004919555016954,0.0048954714371847,2.4083579769246764e-05,2.4083579769246764e-05,False,False,True,False,False,False
BAT_01072,MnSiO4,1,0.004415864907834,0.0043964517605563,1.941314727765819e-05,1.941314727765819e-05,False,False,True,False,False,False
BAT_01073,Mn(Si2O5)2,1,0.086047123297462,0.0792296406404589,0.0068174826570031,0.0068174826570031,False,False,True,False,False,False
BAT_01074,Mn4Si4O13,1,0.042007004483316,0.0420070040997189,3.8359702220214226e-10,3.8359702220214226e-10,False,False,True,False,False,False
BAT_01075,MnSiO4,1,0.020855547158458,0.0208555479526552,-7.941972045288902e-10,7.941972045288902e-10,False,False,True,False,False,False
BAT_01076,MnSiO4,1,0.006839579917761,0.0067931179656362,4.646195212474821e-05,4.646195212474821e-05,False,False,True,False,False,False
BAT_01077,Mn2Si3O10,1,0.005445510251302,0.0054455086183853,1.632916690752495e-09,1.632916690752495e-09,False,False,True,False,False,False
BAT_01078,MnSiO4,1,0.015297182135592,0.0152971829050345,-7.694425496057589e-10,7.694425496057589e-10,False,False,True,False,False,False
BAT_01079,MnSiO4,1,0.002778731127911,0.0027710310045438,7.70012336715354e-06,7.70012336715354e-06,False,False,True,False,False,False
BAT_01080,MnSiO4,1,0.020803052025519,0.0203791040936965,0.0004239479318224,0.0004239479318224,False,False,True,False,False,False
BAT_01081,Mn3Si3O10,1,0.055798448357562,0.0557984497095677,-1.352005729593486e-09,1.352005729593486e-09,False,False,True,False,False,False
BAT_01082,MnSiO4,1,0.016422322037834,0.016156986238165,0.0002653357996689,0.0002653357996689,False,False,True,False,False,False
BAT_01084,Mn3SnO8,1,0.09548562187147,0.0954856220327726,-1.6130259627988863e-10,1.6130259627988863e-10,False,False,True,False,False,False
BAT_01086,Mn3SnO8,1,0.054652194070572,0.0546521940705728,-8.257283745649603e-16,8.257283745649603e-16,False,False,True,False,False,False
BAT_01087,Mn3SnO8,1,0.051951299455375,0.0519512987363467,7.190282327873553e-10,7.190282327873553e-10,False,False,True,False,False,False
BAT_01088,Mn5SnO12,1,0.02018544598565,0.0201854476538973,-1.6682473735762924e-09,1.6682473735762924e-09,False,False,True,False,False,False
BAT_01089,MnSnO4,1,0.030298618399366,0.0302986199677947,-1.5684287583972443e-09,1.5684287583972443e-09,False,False,True,False,False,False
BAT_01090,Mn3Sn3(TeO8)2,1,0.100190712377439,0.1001907123351926,4.224638694427796e-11,4.224638694427796e-11,False,False,True,False,False,False
BAT_01091,Ti3Mn3(SnO8)2,1,0.090165563428717,0.0901655651108969,-1.68217996476816e-09,1.68217996476816e-09,False,False,True,False,False,False
BAT_01092,Mn3TeO8,1,0.089021758468015,0.0890217562984707,2.169544238705967e-09,2.169544238705967e-09,False,False,True,False,False,False
BAT_01093,Mn5Te3O16,1,0.103963353755537,0.1039633546892753,-9.337382950169726e-10,9.337382950169726e-10,False,False,True,False,False,False
BAT_01094,Mn3TeO8,1,0.062524774451923,0.0625247756896388,-1.237715860358257e-09,1.237715860358257e-09,False,False,True,False,False,False
BAT_01095,Mn3TeO8,1,0.079791144262307,0.0797911428222838,1.440023156273895e-09,1.440023156273895e-09,False,False,True,False,False,False
BAT_01097,Ti2Mn3O10,3,0.057548706620121,0.0575487072316903,-6.115693090835704e-10,6.115693090835704e-10,False,False,True,False,False,False
BAT_01098,Ti3Mn3(TeO8)2,1,0.087689469513611,0.087689471875574,-2.3619630001858742e-09,2.3619630001858742e-09,False,False,True,False,False,False
BAT_01099,TiMn5O12,1,0.10185248258994,0.1018524808470083,1.742931618475829e-09,1.742931618475829e-09,False,False,True,False,False,False
BAT_01100,Mn3V3(TeO8)2,1,0.000284163717182,0.0002841640122551,-2.9507314544237676e-10,2.9507314544237676e-10,False,True,True,False,False,False
BAT_01101,TiMnO4,1,0.159956386317304,0.1599563867900319,-4.727279678817807e-10,4.727279678817807e-10,False,False,True,False,False,False
BAT_01102,TiMn2O6,1,0.11133047764132,0.1113304786386755,-9.973555453735015e-10,9.973555453735015e-10,False,False,True,False,False,False
BAT_01103,TiMn2O6,1,0.115328615886989,0.1153286149603766,9.266123979223552e-10,9.266123979223552e-10,False,False,True,False,False,False
BAT_01105,TiMn3O8,1,0.062770937691433,0.0627709369978694,6.935635538107832e-10,6.935635538107832e-10,False,False,True,False,False,False
BAT_01106,TiMn3O8,1,0.051449243910839,0.0514492455933024,-1.682463460217498e-09,1.682463460217498e-09,False,False,True,False,False,False
BAT_01107,Ti5Mn3O16,1,0.117603519659855,0.117603519621854,3.8000977364838207e-11,3.8000977364838207e-11,False,False,True,False,False,False
BAT_01108,TiMn9O20,1,0.070282786989708,0.0702827886244985,-1.634790539051245e-09,1.634790539051245e-09,False,False,True,False,False,False
BAT_01109,TiMnO4,1,0.029498028070548,0.0294980274477991,6.227488420773586e-10,6.227488420773586e-10,False,False,True,False,False,False
BAT_01110,Ti3MnO8,1,0.126470826917486,0.126470827538412,-6.209260605682941e-10,6.209260605682941e-10,False,False,True,False,False,False
BAT_01111,TiMn3O8,2,0.030778877233265,0.0307788767975846,4.356803737226578e-10,4.356803737226578e-10,False,False,True,False,False,False
BAT_01112,TiMn4O10,1,0.067591724260124,0.0675917247125595,-4.524355057267115e-10,4.524355057267115e-10,False,False,True,False,False,False
BAT_01113,TiMn3O8,2,0.120591291246597,0.1205912900666577,1.179939271289676e-09,1.179939271289676e-09,False,False,True,False,False,False
BAT_01115,MnV4O12,1,0.075661901925746,0.0756619010213732,9.043727711155467e-10,9.043727711155467e-10,False,True,True,False,False,False
BAT_01116,MnVO4,1,0.094101328142424,0.0250654731248341,0.0690358550175898,0.0690358550175898,False,True,True,False,False,False
BAT_01117,MnVO4,1,0.021416850462561,0.0214168497529386,7.09622346994898e-10,7.09622346994898e-10,False,True,True,False,False,False
BAT_01119,Mn2V5O12,1,0.010696874182452,0.0106968741441519,3.830008359073656e-11,3.830008359073656e-11,False,True,True,False,False,False
BAT_01121,MnV3O8,2,0.105262124953769,0.1052621223459284,2.6078405962470792e-09,2.6078405962470792e-09,False,True,True,False,False,False
BAT_01122,Mn3VO8,1,0.112956350659562,0.1129563485073001,2.1522618270930494e-09,2.1522618270930494e-09,False,True,True,False,False,False
BAT_01123,Mn2V3O12,2,0.091709343694758,0.0917093438646178,-1.6985983453121634e-10,1.6985983453121634e-10,False,True,True,False,False,False
BAT_01125,MnV3O8,1,0.280339134840295,0.2189569363292523,0.0613821985110426,0.0613821985110426,False,True,True,False,False,False
BAT_01126,Mn3VO8,1,0.072697021168241,0.072697020485814,6.824269482841315e-10,6.824269482841315e-10,False,True,True,False,False,False
BAT_01127,MnV5O12,1,0.008937841548974,0.008858663858151,7.917769082290207e-05,7.917769082290207e-05,False,True,True,False,False,False
BAT_01129,MnV4O12,1,0.027271428934595,0.0272714286593763,2.7521861178936286e-10,2.7521861178936286e-10,False,True,True,False,False,False
BAT_01130,MnV3O8,1,0.008082336633948,0.0080823362909813,3.429666238508044e-10,3.429666238508044e-10,False,True,True,False,False,False
BAT_01131,MnVO4,1,0.057176871497692,0.1671298614373889,-0.1099529899396969,0.1099529899396969,False,True,True,False,False,False
BAT_01132,Mn3V2O10,1,0.005481098505827,0.0054810982038264,3.0200056084367377e-10,3.0200056084367377e-10,False,True,True,False,False,False
BAT_01133,Mn3WO8,1,0.003268596747578,0.0032579472801017,1.0649467476246677e-05,1.0649467476246677e-05,False,False,True,False,False,False
BAT_01149,Ti(SO4)2,1,0.042924588954776,0.0429245888662979,8.84780929077955e-11,8.84780929077955e-11,False,False,False,False,False,False
BAT_01151,V2(SO4)3,1,0.099277950152375,0.0992779495223151,6.300599070252487e-10,6.300599070252487e-10,False,True,False,False,False,False
BAT_01154,V2(SO4)3,1,0.113787237543323,0.1137872373780608,1.6526216506385083e-10,1.6526216506385083e-10,False,True,False,False,False,False
BAT_01155,V(SO4)2,1,0.028265060125028,0.0844385369190265,-0.0561734767939985,0.0561734767939985,False,True,False,False,False,False
BAT_01156,V(SO4)2,2,0.138429294655322,0.1384292946553227,-7.494005416219808e-16,7.494005416219808e-16,False,True,False,False,False,False
BAT_01158,V(SO4)3,1,0.06477254591745,0.0608322828368165,0.0039402630806334,0.0039402630806334,False,True,False,False,False,False
BAT_01163,TiSiO4,1,0.053135065535344,0.0531350635337273,2.001616677960172e-09,2.001616677960172e-09,False,False,False,False,False,False
BAT_01167,VSiO5,1,0.000884835769015,0.0426393709723669,-0.0417545352033519,0.0417545352033519,False,True,False,False,False,False
BAT_01168,VSiO4,1,0.025734007568929,0.0257340073187344,2.501945456367949e-10,2.501945456367949e-10,False,True,False,False,False,False
BAT_01169,VSiO4,1,0.007094856722686,0.0070948561764132,5.462727804828037e-10,5.462727804828037e-10,False,True,False,False,False,False
BAT_01170,V(SiO3)2,1,0.045627051202625,0.043636066843942,0.0019909843586829,0.0019909843586829,False,True,False,False,False,False
BAT_01171,VSiO4,1,0.012620380996877,0.012620381403352,-4.0647509143287847e-10,4.0647509143287847e-10,False,True,False,False,False,False
BAT_01172,VSi2O7,1,0.017870791082745,0.0178707910090964,7.364856988156808e-11,7.364856988156808e-11,False,True,False,False,False,False
BAT_01173,VSiO5,2,0.009318104281826,0.0081612644131045,0.0011568398687214,0.0011568398687214,False,True,False,False,False,False
BAT_01174,V2Si4O11,1,0.068614157439638,0.0686141586221731,-1.18253509762134e-09,1.18253509762134e-09,False,True,False,False,False,False
BAT_01175,V(SiO3)2,1,0.026588807289217,0.027531803200964,-0.000942995911747,0.000942995911747,False,True,False,False,False,False
BAT_01176,V3Si3O10,1,0.044586651022703,0.0445866510169509,5.752003040537801e-12,5.752003040537801e-12,False,True,False,False,False,False
BAT_01177,V4Si4O13,1,0.046111930674157,0.0461119300632951,6.108618402778099e-10,6.108618402778099e-10,False,True,False,False,False,False
BAT_01178,VSiO4,1,0.009264114113513,0.0092641141135139,-9.939965517347105e-16,9.939965517347105e-16,False,True,False,False,False,False
BAT_01180,V(Si2O5)3,2,0.015192161266284,0.0058626604286106,0.0093295008376733,0.0093295008376733,False,True,False,False,False,False
BAT_01181,V(SiO3)2,1,0.018444969582438,0.0184449695824388,-8.881784197001252e-16,8.881784197001252e-16,False,True,False,False,False,False
BAT_01182,VZnSiO5,1,0.031359334288498,0.0313593348945124,-6.060144261410548e-10,6.060144261410548e-10,False,True,False,False,False,False
BAT_01186,V(TeO4)3,1,0.073674477062708,0.0736744778601319,-7.974239740748955e-10,7.974239740748955e-10,False,True,False,False,False,False
BAT_01187,Ti(TeO4)3,1,0.056860893858752,0.056860894633941,-7.751890379603664e-10,7.751890379603664e-10,False,False,False,False,False,False
BAT_01188,V(TeO4)3,1,0.156060469841783,0.1560604703385804,-4.967974642777762e-10,4.967974642777762e-10,False,True,False,False,False,False
BAT_01189,VTe(WO6)2,1,0.080553149303328,0.0805531484077964,8.955315933256712e-10,8.955315933256712e-10,False,True,False,False,False,False
BAT_01190,TiO2,1,0.059411943477676,0.0594119437785331,-3.0085713781380363e-10,3.0085713781380363e-10,False,False,False,False,False,False
BAT_01203,Ti11O24,1,0.005002750834358,0.0278346014936005,-0.0228318506592425,0.0228318506592425,False,False,False,False,False,False
BAT_01204,Ti9O20,1,0.000189182141475,0.0001891461174756,3.6023999342712576e-08,3.6023999342712576e-08,False,False,False,False,False,False
BAT_01208,Ti15O32,1,0.007439050949797,0.0074390512954793,-3.456823906983208e-10,3.456823906983208e-10,False,False,False,False,False,False
BAT_01214,TiV3O10,1,0.013325724089418,0.0133257257455384,-1.6561204196213763e-09,1.6561204196213763e-09,False,True,False,False,False,False
BAT_01218,Ti2V3O10,3,0.029739939718401,0.0109286558131435,0.0188112839052574,0.0188112839052574,False,True,False,False,False,False
BAT_01219,TiV3O8,3,0.024346508071475,0.0237678464436069,0.000578661627868,0.000578661627868,False,True,False,False,False,False
BAT_01221,TiV2O6,2,0.028118406312728,0.0183612890406676,0.0097571172720603,0.0097571172720603,False,True,False,False,False,False
BAT_01223,Ti2V3O12,1,0.012409555174401,0.0122574454608421,0.0001521097135588,0.0001521097135588,False,True,False,False,False,False
BAT_01224,TiVO5,1,0.017185463165207,0.0171854647688521,-1.6036451992718082e-09,1.6036451992718082e-09,False,True,False,False,False,False
BAT_01226,Ti3VO8,1,0.088214705719453,0.0882147053451128,3.7434015609516536e-10,3.7434015609516536e-10,False,True,False,False,False,False
BAT_01227,Ti3V5O16,2,0.075462631724227,0.075462630053567,1.6706599437199543e-09,1.6706599437199543e-09,False,True,False,False,False,False
BAT_01228,TiVO4,1,0.046428722229221,0.0464287207391185,1.490102485846023e-09,1.490102485846023e-09,False,True,False,False,False,False
BAT_01234,V3O8,3,0.016575833174458,0.0841917786579764,-0.0676159454835184,0.0676159454835184,False,True,False,False,False,False
BAT_01235,V12O29,1,0.005894882763512,0.0058948839464843,-1.1829723450818006e-09,1.1829723450818006e-09,False,True,False,False,False,False
BAT_01236,VO2,1,0.010592177569765,0.0105921767773468,7.924181172347389e-10,7.924181172347389e-10,False,True,False,False,False,False
BAT_01240,V9O22,2,0.005911503363545,0.0058767624883559,3.474087518901166e-05,3.474087518901166e-05,False,True,False,False,False,False
BAT_01241,VO3,1,0.012904759146779,0.0127403477514232,0.0001644113953557,0.0001644113953557,False,True,False,False,False,False
BAT_01242,V2O5,1,0.003824572600543,0.0038100009752051,1.457162533782634e-05,1.457162533782634e-05,False,True,False,False,False,False
BAT_01243,VO2,1,0.012653198658869,0.0124950955428711,0.0001581031159978,0.0001581031159978,False,True,False,False,False,False
BAT_01244,VO3,1,0.003162421656268,0.003162421617505,3.876293340129844e-11,3.876293340129844e-11,False,True,False,False,False,False
BAT_01245,VO2,2,0.027620072541691,0.0518823816065556,-0.0242623090648646,0.0242623090648646,False,True,False,False,False,False
BAT_01246,V2O5,2,0.015606292177324,0.0807071978509112,-0.0651009056735872,0.0651009056735872,False,True,False,False,False,False
BAT_01247,V2O5,1,0.016409184455228,0.0164267511914638,-1.7566736235895275e-05,1.7566736235895275e-05,False,True,False,False,False,False
BAT_01248,V2O5,1,0.014693703264145,0.1579770570223757,-0.1432833537582307,0.1432833537582307,False,True,False,False,False,False
BAT_01249,V2O5,1,0.052290661947186,0.1261803666653665,-0.0738897047181805,0.0738897047181805,False,True,False,False,False,False
BAT_01250,V5O12,3,0.028544629558401,0.0197451541120556,0.0087994754463453,0.0087994754463453,False,True,False,False,False,False
BAT_01251,VO2,1,0.023879826359689,0.0984906103539993,-0.0746107839943103,0.0746107839943103,False,True,False,False,False,False
BAT_01252,V5O12,1,0.001651460529605,0.0788725266734147,-0.0772210661438097,0.0772210661438097,False,True,False,False,False,False
BAT_01253,VO2,4,0.014284078489071,0.0035739537143056,0.0107101247747653,0.0107101247747653,False,True,False,False,False,False
BAT_01254,V2O5,1,0.052716985551243,0.0500770730687956,0.0026399124824473,0.0026399124824473,False,True,False,False,False,False
BAT_01255,V5O12,1,0.010566504633955,0.0105665053841874,-7.502324109176506e-10,7.502324109176506e-10,False,True,False,False,False,False
BAT_01257,V2O5,1,0.073078872187342,0.0331863515788581,0.0398925206084838,0.0398925206084838,False,True,False,False,False,False
BAT_01258,V3O7,1,0.091834592328156,0.0841103522255982,0.0077242401025577,0.0077242401025577,False,True,False,False,False,False
BAT_01259,VO2,1,0.03358212978342,0.1002254812468149,-0.0666433514633949,0.0666433514633949,False,True,False,False,False,False
BAT_01260,V6O13,2,0.06827861343896,0.0647117162436892,0.0035668971952707,0.0035668971952707,False,True,False,False,False,False
BAT_01261,VO2,1,0.005192609905242,0.0582630188203673,-0.0530704089151253,0.0530704089151253,False,True,False,False,False,False
BAT_01263,V3Zn2O8,1,0.013979280650615,0.0139792802773155,3.7329943997077564e-10,3.7329943997077564e-10,False,True,False,False,False,False
BAT_01291,V2C4SO16,1,0.027283457766941,0.0265588409518778,0.0007246168150631,0.0007246168150631,False,True,False,False,False,False
BAT_01292,V(CO3)2,2,0.04093635442497,0.0298227250871301,0.0111136293378398,0.0111136293378398,False,True,False,False,False,False
BAT_01293,VSiCO7,2,0.078905405749129,0.0654705282032812,0.0134348775458477,0.0134348775458477,False,True,False,False,False,False
BAT_01294,V(CO3)2,2,0.165959330915251,0.0295456142923276,0.1364137166229234,0.1364137166229234,False,True,False,False,False,False
BAT_01295,V(CO3)2,2,0.20374960071506,0.2037496009458419,-2.3078194910652883e-10,2.3078194910652883e-10,False,True,False,False,False,False
BAT_01296,V(CO3)2,1,0.044336898836361,0.0424545943046013,0.0018823045317596,0.0018823045317596,False,True,False,False,False,False
BAT_01297,V(CO3)2,1,0.16719049770167,0.1671904981250125,-4.233425277000435e-10,4.233425277000435e-10,False,True,False,False,False,False
BAT_01298,V(CO3)2,1,0.180048486453278,0.1525771938872238,0.0274712925660542,0.0274712925660542,False,True,False,False,False,False
BAT_01299,VCO5,1,0.006145360939291,0.0061453610774411,-1.3815018573559712e-10,1.3815018573559712e-10,False,True,False,False,False,False
BAT_01300,V(CO3)4,1,0.02117072755081,0.0207318200492572,0.0004389075015527,0.0004389075015527,False,True,False,False,False,False
BAT_01301,V(CO3)2,1,0.024006006631726,0.0234432286231524,0.0005627780085735,0.0005627780085735,False,True,False,False,False,False
BAT_01302,V(CO3)2,1,0.164000924700643,0.1640009250192339,-3.1859090365848886e-10,3.1859090365848886e-10,False,True,False,False,False,False
BAT_01303,V(CO3)3,1,0.051534357952837,0.0490087263349771,0.0025256316178598,0.0025256316178598,False,True,False,False,False,False
BAT_01304,V(CO3)2,1,0.014909254025669,0.0146902342797069,0.000219019745962,0.000219019745962,False,True,False,False,False,False
BAT_01328,FeClO,1,0.078330426465617,0.1250693375321118,-0.0467389110664948,0.0467389110664948,True,False,False,True,False,False
BAT_01329,FeMoClO4,1,0.005862801682131,0.0058286288120559,3.417287007504745e-05,3.417287007504745e-05,True,False,False,True,False,False
BAT_01330,FeWClO4,1,0.009435763018097,0.0094357626805423,3.3755465436713367e-10,3.3755465436713367e-10,True,False,False,True,False,False
BAT_01345,Cr2Fe3Co3O16,1,0.12340604830081,0.123406048874257,-5.734469982199285e-10,5.734469982199285e-10,True,False,False,True,True,False
BAT_01346,Mn3Cr2Co3O16,1,0.112759035621883,0.1127590357269126,-1.0502961000913301e-10,1.0502961000913301e-10,False,False,True,False,True,False
BAT_01347,Mn2Cr3Co3O16,1,0.037630712614701,0.0376307121216489,4.930520575152642e-10,4.930520575152642e-10,False,False,True,False,True,False
BAT_01349,Cr(CoO3)2,1,0.034702649731735,0.0347026494759286,2.5580640383715547e-10,2.5580640383715547e-10,False,False,False,False,True,False
BAT_01350,CrCo3O8,4,0.044693031399207,0.044693033888739,-2.4895320666074024e-09,2.4895320666074024e-09,False,False,False,False,True,False
BAT_01351,CrCoO4,1,0.001642756865696,0.0016427557217163,1.1439796995978135e-09,1.1439796995978135e-09,False,False,False,False,True,False
BAT_01352,Mn3CrCo2(PO4)6,1,0.069187608847991,0.0691876095577639,-7.097729348704006e-10,7.097729348704006e-10,False,False,True,False,True,False
BAT_01353,Cr(CoO3)2,2,0.079583764473466,0.0795837654291145,-9.556485047745864e-10,9.556485047745864e-10,False,False,False,False,True,False
BAT_01354,CrCo5O12,1,0.016810319064848,0.0168103204797156,-1.4148676431846583e-09,1.4148676431846583e-09,False,False,False,False,True,False
BAT_01355,Cr2CoO6,2,0.025188150070457,0.0239036120694689,0.001284538000988,0.001284538000988,False,False,False,False,True,False
BAT_01356,Cr3(CoO6)2,1,0.04342294381006,0.0434229438100605,-5.551115123125784e-16,5.551115123125784e-16,False,False,False,False,True,False
BAT_01357,CrCo3O8,1,0.011239206292987,0.0112392071278423,-8.348553549863967e-10,8.348553549863967e-10,False,False,False,False,True,False
BAT_01358,Cr(CoO3)2,1,0.015933454249012,0.015933454585321,-3.3630907433912505e-10,3.3630907433912505e-10,False,False,False,False,True,False
BAT_01359,CrCoO4,1,0.051883929178187,0.0518839281675987,1.0105883005429026e-09,1.0105883005429026e-09,False,False,False,False,True,False
BAT_01360,Cr3CoO8,1,0.018648897934732,0.0578710467501228,-0.0392221488153908,0.0392221488153908,False,False,False,False,True,False
BAT_01361,Cr3CoO8,2,0.012105198899943,0.0121051979195318,9.804111168743024e-10,9.804111168743024e-10,False,False,False,False,True,False
BAT_01362,Cr3(CoO6)2,1,0.029870189813099,0.0298701898369253,-2.382630898134508e-11,2.382630898134508e-11,False,False,False,False,True,False
BAT_01363,Cr3Co5O16,1,0.11874305862847,0.1187430617549407,-3.126470735081987e-09,3.126470735081987e-09,False,False,False,False,True,False
BAT_01364,CrCo3O8,1,0.0785840071179,0.0785840058131439,1.3047560254442203e-09,1.3047560254442203e-09,False,False,False,False,True,False
BAT_01365,Cr3Co(PO4)6,2,0.044161743604336,0.0347907401625912,0.0093710034417447,0.0093710034417447,False,False,False,False,True,False
BAT_01366,Cr3Co(PO4)4,1,0.122554234101645,0.1225542343626867,-2.610417715320778e-10,2.610417715320778e-10,False,False,False,False,True,False
BAT_01367,CrCo3(PO4)4,1,0.079232060896373,0.0792320614332086,-5.368356315038625e-10,5.368356315038625e-10,False,False,False,False,True,False
BAT_01368,CrCo(PO4)2,1,0.0952854448337,0.095285445900199,-1.0664990557351928e-09,1.0664990557351928e-09,False,False,False,False,True,False
BAT_01369,Cr3Co3(TeO8)2,1,0.107651885756241,0.1076518849769152,7.793257567056954e-10,7.793257567056954e-10,False,False,False,False,True,False
BAT_01370,Mn3Co3(CuO8)2,1,0.100713511970609,0.10071351122079,7.498189846799618e-10,7.498189846799618e-10,False,False,True,False,True,False
BAT_01371,Mn3CoCu2(PO4)6,1,0.095162451639152,0.0951624510679381,5.712138956281976e-10,5.712138956281976e-10,False,False,True,False,True,False
BAT_01372,CoCuO4,1,0.00802556181961,0.0080255630754084,-1.255798496441196e-09,1.255798496441196e-09,False,False,False,False,True,False
BAT_01373,Cr3Co3(SbO8)2,1,0.065358437868967,0.1091598403554547,-0.0438014024864877,0.0438014024864877,False,False,False,False,True,False
BAT_01374,Co2Cu3O10,1,0.009511791361766,0.0095117930946357,-1.7328697452662079e-09,1.7328697452662079e-09,False,False,False,False,True,False
BAT_01375,Co3CuO8,2,0.042755240027114,0.0427552414742144,-1.447100432538928e-09,1.447100432538928e-09,False,False,False,False,True,False
BAT_01376,Co2CuO6,1,0.058153450441813,0.0581534517936806,-1.351867659482586e-09,1.351867659482586e-09,False,False,False,False,True,False
BAT_01377,CoCu3(PO4)4,2,0.149476940509633,0.0828229638643181,0.0666539766453148,0.0666539766453148,False,False,False,False,True,False
BAT_01378,CoCu(PO4)2,2,0.060604225779984,0.0459729256293808,0.0146313001506031,0.0146313001506031,False,False,False,False,True,False
BAT_01379,CoF3,1,0.12284432034643,0.1228443190448875,1.3015424432660794e-09,1.3015424432660794e-09,True,False,False,False,True,False
BAT_01381,Co3Cu3(TeO8)2,1,0.058673257678375,0.0586732587095522,-1.0311772755122739e-09,1.0311772755122739e-09,False,False,False,False,True,False
BAT_01383,K2CoF6,1,0.121213361768858,0.0157471603732854,0.1054662013955725,0.1054662013955725,True,False,False,False,True,False
BAT_01385,CoPO4F,1,0.009501574648329,0.0095015748698828,-2.21553849918954e-10,2.21553849918954e-10,True,False,False,False,True,False
BAT_01386,CoPO4F,2,0.01641350057807,0.0161484476295616,0.0002650529485083,0.0002650529485083,True,False,False,False,True,False
BAT_01387,Rb2CoF6,1,0.188678596550446,0.0549226784738082,0.1337559180766377,0.1337559180766377,True,False,False,False,True,False
BAT_01388,CoPO4F,2,0.068919557482607,0.0418375184235933,0.0270820390590136,0.0270820390590136,True,False,False,False,True,False
BAT_01389,Mn3Fe3(CoO8)2,1,0.076465985705717,0.0764659861688715,-4.6315451474043807e-10,4.6315451474043807e-10,True,False,True,True,True,False
BAT_01390,Mn3Fe2Co3O16,1,0.060707091883875,0.0607070908889699,9.949050402968671e-10,9.949050402968671e-10,True,False,True,True,True,False
BAT_01391,Mn2Fe3Co3O16,2,0.201872325835294,0.2018723265549949,-7.197009377346574e-10,7.197009377346574e-10,True,False,True,True,True,False
BAT_01392,MnFeCo(PO4)3,1,0.051228580949763,0.0512285813999505,-4.5018749839087486e-10,4.5018749839087486e-10,True,False,True,True,True,False
BAT_01393,MnFeCo(PO4)3,1,0.049844611833061,0.0498446114813802,3.5168078171832207e-10,3.5168078171832207e-10,True,False,True,True,True,False
BAT_01394,MnFeCo(PO4)3,1,0.057728435766151,0.0577284357661518,-8.257283745649603e-16,8.257283745649603e-16,True,False,True,True,True,False
BAT_01395,MnFeCo(PO4)3,1,0.064789399824066,0.0647894007050349,-8.809689089339655e-10,8.809689089339655e-10,True,False,True,True,True,False
BAT_01397,MnFeCo(PO4)3,1,0.052808536024548,0.0528085360837073,-5.915933715128219e-11,5.915933715128219e-11,True,False,True,True,True,False
BAT_01398,MnFeCo(PO4)3,1,0.056793693980442,0.0567936938660935,1.1434845431645968e-10,1.1434845431645968e-10,True,False,True,True,True,False
BAT_01399,MnFeCo(PO4)3,1,0.059597335868593,0.059597335836933,3.1659917743009913e-11,3.1659917743009913e-11,True,False,True,True,True,False
BAT_01400,MnFeCo(PO4)3,1,0.054070075314438,0.0540700752049498,1.0948811995925567e-10,1.0948811995925567e-10,True,False,True,True,True,False
BAT_01401,MnFeCo(PO4)3,1,0.060449070761345,0.0604490705000648,2.612801572321466e-10,2.612801572321466e-10,True,False,True,True,True,False
BAT_01402,MnFeCo(PO4)3,1,0.048026451753632,0.0480264516943632,5.926877738593461e-11,5.926877738593461e-11,True,False,True,True,True,False
BAT_01404,MnFeCo(PO4)3,1,0.058532267209439,0.0585322667838132,4.2562572216686684e-10,4.2562572216686684e-10,True,False,True,True,True,False
BAT_01405,MnFeCo(PO4)3,1,0.053491466666149,0.0534914671355961,-4.694471339439231e-10,4.694471339439231e-10,True,False,True,True,True,False
BAT_01406,MnFeCo(PO4)3,1,0.059065228282177,0.0590652282377633,4.441362555507311e-11,4.441362555507311e-11,True,False,True,True,True,False
BAT_01408,MnFeCo(PO4)3,1,0.052287713902283,0.0522877139654361,-6.31531979489175e-11,6.31531979489175e-11,True,False,True,True,True,False
BAT_01409,Fe2Co3Ni3O16,1,0.069454786126647,0.0694547882257333,-2.099086321427634e-09,2.099086321427634e-09,True,False,False,True,True,True
BAT_01410,Fe3Co3(NiO8)2,1,0.054994875039153,0.0549948755808645,-5.417115020445172e-10,5.417115020445172e-10,True,False,False,True,True,True
BAT_01411,Fe3Co2Ni3O16,1,0.072444798735776,0.0724447997313956,-9.956196422855612e-10,9.956196422855612e-10,True,False,False,True,True,True
BAT_01412,Fe3Co5O16,2,0.04022048339377,0.0298320817149471,0.0103884016788228,0.0103884016788228,True,False,False,True,True,False
BAT_01413,Fe3CoO8,1,0.013699396045789,0.0135142596721929,0.000185136373596,0.000185136373596,True,False,False,True,True,False
BAT_01415,FeCo3O8,3,0.051619159845729,0.0161760243519826,0.0354431354937463,0.0354431354937463,True,False,False,True,True,False
BAT_01416,FeCoO4,2,0.054460321213725,0.0517536481980516,0.0027066730156733,0.0027066730156733,True,False,False,True,True,False
BAT_01417,FeCo3O8,1,0.12183815617908,0.1218381564253541,-2.4627411221445067e-10,2.4627411221445067e-10,True,False,False,True,True,False
BAT_01418,Fe2Co3O10,2,0.034219426667178,0.0079204896527434,0.0262989370144345,0.0262989370144345,True,False,False,True,True,False
BAT_01419,Fe(CoO3)2,1,0.045780766532849,0.0457807690295885,-2.496739592849906e-09,2.496739592849906e-09,True,False,False,True,True,False
BAT_01420,Fe3CoO8,2,0.016413148824217,0.0161481064098454,0.0002650424143715,0.0002650424143715,True,False,False,True,True,False
BAT_01421,FeCo9O20,4,0.04824446064908,0.0301715939667803,0.0180728666822996,0.0180728666822996,True,False,False,True,True,False
BAT_01422,FeCoO4,3,0.049477218016093,0.0123759106449293,0.0371013073711636,0.0371013073711636,True,False,False,True,True,False
BAT_01423,Fe(CoO3)2,2,0.054110870276652,0.0416119691757416,0.0124989011009103,0.0124989011009103,True,False,False,True,True,False
BAT_01424,Fe2CoO6,1,0.014469311363784,0.0144693107226073,6.411766551722707e-10,6.411766551722707e-10,True,False,False,True,True,False
BAT_01425,FeCo5O12,1,0.005294060432553,0.0052661809728756,2.7879459677360163e-05,2.7879459677360163e-05,True,False,False,True,True,False
BAT_01426,FeCo3O8,1,0.026862451111539,0.0268624514064913,-2.9495237849341827e-10,2.9495237849341827e-10,True,False,False,True,True,False
BAT_01427,FeCo3O8,1,0.008487399029176,0.0084873979845235,1.0446524582874428e-09,1.0446524582874428e-09,True,False,False,True,True,False
BAT_01428,Fe3Co5O16,1,0.083121862250041,0.0831218610920032,1.1580377212716542e-09,1.1580377212716542e-09,True,False,False,True,True,False
BAT_01429,Fe5Co3O16,2,0.209068342733152,0.2090683418664912,8.666607709262307e-10,8.666607709262307e-10,True,False,False,True,True,False
BAT_01430,Fe3Co7O20,3,0.021699592618677,0.0018313316414003,0.0198682609772766,0.0198682609772766,True,False,False,True,True,False
BAT_01431,Fe9CoO20,3,0.022272640574874,0.0193339088947019,0.002938731680172,0.002938731680172,True,False,False,True,True,False
BAT_01432,Fe5(CoO6)2,2,0.03447673373758,0.0344767337232832,1.4296785977307992e-11,1.4296785977307992e-11,True,False,False,True,True,False
BAT_01433,Fe3Co(PO4)4,1,0.050200221053806,0.050200221279703,-2.258970580037989e-10,2.258970580037989e-10,True,False,False,True,True,False
BAT_01434,FeCo3(PO4)4,1,0.052667545043658,0.0526675450551006,-1.1442687075646774e-11,1.1442687075646774e-11,True,False,False,True,True,False
BAT_01437,Fe2Co3Sb3O16,1,0.112963150151379,0.1129631491462965,1.0050824755802876e-09,1.0050824755802876e-09,True,False,False,True,True,False
BAT_01438,Fe3Co3(SbO8)2,1,0.040836075081165,0.040836076032124,-9.509590337408722e-10,9.509590337408722e-10,True,False,False,True,True,False
BAT_01439,Ti2Fe3Co3O16,1,0.078646915206866,0.0786469140654614,1.1414045542057494e-09,1.1414045542057494e-09,True,False,False,True,True,False
BAT_01440,Fe3Co3(TeO8)2,1,0.072332084409012,0.0723320840171661,3.918458890694865e-10,3.918458890694865e-10,True,False,False,True,True,False
BAT_01441,CoGeO4,1,0.014938665399243,0.0147187872653474,0.0002198781338955,0.0002198781338955,False,False,False,False,True,False
BAT_01442,CoGeO4,1,0.012020219203088,0.011877450984279,0.0001427682188089,0.0001427682188089,False,False,False,False,True,False
BAT_01443,CoPHO5,2,0.173597298999444,0.1521843005347075,0.0214129984647364,0.0214129984647364,False,False,False,False,True,False
BAT_01444,CoH8(SO6)2,2,0.146555087047829,0.1278221066317909,0.018732980416038,0.018732980416038,False,False,False,False,True,False
BAT_01447,K2CoO4,1,0.029163260974814,0.0283368654400659,0.000826395534748,0.000826395534748,False,False,False,False,True,False
BAT_01449,MgCo3O8,1,0.03568337738755,0.0344539444627378,0.0012294329248121,0.0012294329248121,False,False,False,False,True,False
BAT_01450,MgCo13O28,1,0.057859109581875,0.0546945320669987,0.0031645775148762,0.0031645775148762,False,False,False,False,True,False
BAT_01453,Mn3CoO8,1,0.017062955239701,0.0170629560480338,-8.083328451036208e-10,8.083328451036208e-10,False,False,True,False,True,False
BAT_01454,Mn3Co2Ni3O16,1,0.113821056598629,0.113821056676735,-7.810603552815819e-11,7.810603552815819e-11,False,False,True,False,True,True
BAT_01455,Mn3Nb2Co3O16,1,0.105328702740705,0.1053287035681733,-8.274683160891526e-10,8.274683160891526e-10,False,False,True,False,True,False
BAT_01456,Mn2CoO6,2,0.064972364249087,0.06497236488744,-6.383530509745937e-10,6.383530509745937e-10,False,False,True,False,True,False
BAT_01457,MnCoO4,3,0.128945492921404,0.1201753259269852,0.0087701669944187,0.0087701669944187,False,False,True,False,True,False
BAT_01458,MnCo3O8,1,0.015791933481577,0.0155464241287494,0.0002455093528275,0.0002455093528275,False,False,True,False,True,False
BAT_01459,MnCo3O8,1,0.015189300454339,0.0151893001873618,2.669771972940715e-10,2.669771972940715e-10,False,False,True,False,True,False
BAT_01460,Mn2CoO6,2,0.107360369207736,0.1073603692641526,-5.6416663007929906e-11,5.6416663007929906e-11,False,False,True,False,True,False
BAT_01461,MnCo3O8,4,0.108876429275683,0.1088764317065122,-2.430829273980528e-09,2.430829273980528e-09,False,False,True,False,True,False
BAT_01462,Mn2CoO8,1,0.003641944671723,0.0036419442216967,4.500262163788238e-10,4.500262163788238e-10,False,False,True,False,True,False
BAT_01463,MnCoO4,2,0.07284638253954,0.0728463829656262,-4.2608622186079964e-10,4.2608622186079964e-10,False,False,True,False,True,False
BAT_01464,Mn2Co5O12,1,0.090511200211951,0.090511201738287,-1.5263360297890214e-09,1.5263360297890214e-09,False,False,True,False,True,False
BAT_01465,Mn3CoO8,2,0.143551763380659,0.1402270386003526,0.0033247247803063,0.0033247247803063,False,False,True,False,True,False
BAT_01466,MnCo3O8,1,0.074605367254205,0.0746053668570023,3.9720261801878815e-10,3.9720261801878815e-10,False,False,True,False,True,False
BAT_01467,MnCo5O12,1,0.07944834538294,0.0794483455747632,-1.9182321009392211e-10,1.9182321009392211e-10,False,False,True,False,True,False
BAT_01468,Mn3CoO8,2,0.095560051721955,0.0955600543054372,-2.583482205942289e-09,2.583482205942289e-09,False,False,True,False,True,False
BAT_01469,Mn3Co5O16,1,0.082037872976073,0.0820378741524965,-1.1764235141598076e-09,1.1764235141598076e-09,False,False,True,False,True,False
BAT_01470,Mn3CoO8,1,0.040253688981039,0.0402536889810392,-2.775557561562891e-16,2.775557561562891e-16,False,False,True,False,True,False
BAT_01471,Mn(CoO3)2,2,0.094337089166246,0.0943370886429465,5.232994176873618e-10,5.232994176873618e-10,False,False,True,False,True,False
BAT_01472,Mn5CoO12,1,0.11260567118045,0.1126056707677106,4.1273937045893655e-10,4.1273937045893655e-10,False,False,True,False,True,False
BAT_01473,Mn4CoO8,1,0.038954057039168,0.0389540588092873,-1.77011932889215e-09,1.77011932889215e-09,False,False,True,False,True,False
BAT_01474,MnCoO4,1,0.022235260214749,0.0222352596544172,5.603317289326615e-10,5.603317289326615e-10,False,False,True,False,True,False
BAT_01475,Mn(CoO3)2,1,0.110889097332332,0.1108890961182658,1.214066111532297e-09,1.214066111532297e-09,False,False,True,False,True,False
BAT_01476,Mn(CoO2)4,1,0.106793836133961,0.1067938353675252,7.664357482006777e-10,7.664357482006777e-10,False,False,True,False,True,False
BAT_01477,Mn5Co3O16,1,0.091690597450068,0.0916905984839286,-1.0338606082349602e-09,1.0338606082349602e-09,False,False,True,False,True,False
BAT_01478,MnCo3O8,1,0.069992050156534,0.0699920511380882,-9.815542406643731e-10,9.815542406643731e-10,False,False,True,False,True,False
BAT_01479,MnCo3O8,1,0.028279096102732,0.0282790951141677,9.885642963947115e-10,9.885642963947115e-10,False,False,True,False,True,False
BAT_01480,Mn3CoO8,1,0.050173442754544,0.0501734427512709,3.2730970711547513e-12,3.2730970711547513e-12,False,False,True,False,True,False
BAT_01481,Mn2Co3O10,1,0.034719502754234,0.0347195015030162,1.2512177405277214e-09,1.2512177405277214e-09,False,False,True,False,True,False
BAT_01482,MnCo(PO4)2,2,0.119409369490999,0.1194093702819648,-7.90965806740651e-10,7.90965806740651e-10,False,False,True,False,True,False
BAT_01483,MnCo3(PO4)4,1,0.05570664504408,0.0557066450768824,-3.2802420502076046e-11,3.2802420502076046e-11,False,False,True,False,True,False
BAT_01484,Mn3Co(PO4)6,1,0.043846932302047,0.04384693273071,-4.2866306337874244e-10,4.2866306337874244e-10,False,False,True,False,True,False
BAT_01486,Mn2Co(PO4)3,1,0.053342190332996,0.0533421928977867,-2.564790733960986e-09,2.564790733960986e-09,False,False,True,False,True,False
BAT_01487,Mn7Co(PO4)12,1,0.065755565403747,0.0657555664938558,-1.0901088365322662e-09,1.0901088365322662e-09,False,False,True,False,True,False
BAT_01488,Mn5Co(PO4)6,1,0.07881111814013,0.0788111171245996,1.0155303126202495e-09,1.0155303126202495e-09,False,False,True,False,True,False
BAT_01489,Mn3Co3(SbO8)2,1,0.080613240220582,0.0806132409212649,-7.006829699784943e-10,7.006829699784943e-10,False,False,True,False,True,False
BAT_01490,Mn3Co(PO4)4,1,0.061964212179337,0.0619642129605749,-7.812379423932646e-10,7.812379423932646e-10,False,False,True,False,True,False
BAT_01491,Mn3Co3(SnO8)2,1,0.08064214024047,0.0806421412729205,-1.0324505000935955e-09,1.0324505000935955e-09,False,False,True,False,True,False
BAT_01492,Mn2Co3Te3O16,1,0.15146605052588,0.1514660516612967,-1.1354167606114631e-09,1.1354167606114631e-09,False,False,True,False,True,False
BAT_01493,Ti3Mn2Co3O16,1,0.067898837110641,0.1184184783499355,-0.0505196412392945,0.0505196412392945,False,False,True,False,True,False
BAT_01494,Mn3Co2Te3O16,1,0.119334442543629,0.1193344429634035,-4.1977449294350317e-10,4.1977449294350317e-10,False,False,True,False,True,False
BAT_01495,Mn3Co3(TeO8)2,1,0.069980006515202,0.0699800075139983,-9.987963650592846e-10,9.987963650592846e-10,False,False,True,False,True,False
BAT_01497,Mn3V2Co3O16,1,0.132938196567039,0.1329381967394328,-1.7239387695155983e-10,1.7239387695155983e-10,False,True,True,False,True,False
BAT_01498,MnV4CoO12,1,0.009828956844501,0.0098289584837741,-1.6392731824743654e-09,1.6392731824743654e-09,False,True,True,False,True,False
BAT_01499,Na2CoO4,1,0.00035425116192,0.0003541262246733,1.2493724662411597e-07,1.2493724662411597e-07,False,False,False,False,True,False
BAT_01500,NbCo3O8,1,0.04702008645724,0.0470200867129887,-2.5574876244549566e-10,2.5574876244549566e-10,False,False,False,False,True,False
BAT_01501,NbCo3(PO4)6,1,0.0010303658081,0.0010303669855944,-1.1774944250978606e-09,1.1774944250978606e-09,False,False,False,False,True,False
BAT_01502,Co3NiO8,1,0.014259480455319,0.0142594817466001,-1.2912811792054055e-09,1.2912811792054055e-09,False,False,False,False,True,True
BAT_01503,Co3NiO8,1,0.01722686306622,0.0172268611345048,1.9317151177256076e-09,1.9317151177256076e-09,False,False,False,False,True,True
BAT_01504,Co2NiO6,2,0.037473328743652,0.032160007941186,0.0053133208024659,0.0053133208024659,False,False,False,False,True,True
BAT_01505,CoNiO4,1,0.033266670799835,0.0332666722764437,-1.476608751938002e-09,1.476608751938002e-09,False,False,False,False,True,True
BAT_01506,CoNiO4,1,0.042185604616938,0.0421856020210338,2.5959041513590182e-09,2.5959041513590182e-09,False,False,False,False,True,True
BAT_01507,Co2Ni3O10,1,0.017852420801346,0.0178524196513176,1.1500283086940401e-09,1.1500283086940401e-09,False,False,False,False,True,True
BAT_01508,Co3NiO8,2,0.051799508135007,0.0022237227446466,0.0495757853903603,0.0495757853903603,False,False,False,False,True,True
BAT_01509,Co3NiO8,1,0.014885848787984,0.0148858491986369,-4.1065290924680026e-10,4.1065290924680026e-10,False,False,False,False,True,True
BAT_01510,CoNi3O8,2,0.008674444907749,0.0086744449018463,5.9026741827672424e-12,5.9026741827672424e-12,False,False,False,False,True,True
BAT_01511,Co4NiO8,1,0.009896939061239,0.0098969399650213,-9.037823146124111e-10,9.037823146124111e-10,False,False,False,False,True,True
BAT_01512,Co2Ni3O10,1,0.021100281298415,0.0206642600046458,0.0004360212937691,0.0004360212937691,False,False,False,False,True,True
BAT_01513,CoNi9O20,1,0.016372174107633,0.0161084431849368,0.0002637309226961,0.0002637309226961,False,False,False,False,True,True
BAT_01514,Co5NiO12,1,0.042233751588552,0.0422337521465472,-5.579952958023603e-10,5.579952958023603e-10,False,False,False,False,True,True
BAT_01515,Co3Ni5O16,1,0.003206568966883,0.0031963194352694,1.0249531613558231e-05,1.0249531613558231e-05,False,False,False,False,True,True
BAT_01516,Co(NiO3)2,1,0.028470021595519,0.0284700206744116,9.21107370932539e-10,9.21107370932539e-10,False,False,False,False,True,True
BAT_01517,Co(NiO2)4,1,0.021135091075629,0.0211350908532432,2.2238576258271079e-10,2.2238576258271079e-10,False,False,False,False,True,True
BAT_01518,CoNi9O20,1,0.010649270817023,0.0105370587109365,0.0001122121060864,0.0001122121060864,False,False,False,False,True,True
BAT_01519,Co5Ni3O16,1,0.027257188474536,0.0272571889737772,-4.992412629134524e-10,4.992412629134524e-10,False,False,False,False,True,True
BAT_01520,Co3NiO8,2,0.126407556074777,0.1031623045657068,0.0232452515090701,0.0232452515090701,False,False,False,False,True,True
BAT_01521,CoNi(PO4)2,1,0.051345295469532,0.0513452951253102,3.4422174832737795e-10,3.4422174832737795e-10,False,False,False,False,True,True
BAT_01522,Co3Ni(PO4)4,1,0.047824612818544,0.0478246133688926,-5.503486902314059e-10,5.503486902314059e-10,False,False,False,False,True,True
BAT_01523,Ti3Co3(NiO8)2,1,0.104542900774232,0.1045429021518144,-1.377582423134349e-09,1.377582423134349e-09,False,False,False,False,True,True
BAT_01524,Co3Ni3(TeO8)2,1,0.079879293286827,0.0798792906350669,2.651760033778316e-09,2.651760033778316e-09,False,False,False,False,True,True
BAT_01525,CoO2,2,0.036374980271649,0.0422951741359548,-0.0059201938643057,0.0059201938643057,False,False,False,False,True,False
BAT_01526,CoO2,1,0.036139250517736,0.0422676445493956,-0.0061283940316596,0.0061283940316596,False,False,False,False,True,False
BAT_01527,CoO3,2,0.058950910367636,0.0248772912972217,0.0340736190704142,0.0340736190704142,False,False,False,False,True,False
BAT_01528,CoO2,1,0.008432415430031,0.008361905650049,7.050977998194e-05,7.050977998194e-05,False,False,False,False,True,False
BAT_01529,CoO2,3,0.10591467410602,0.0006717245362968,0.1052429495697231,0.1052429495697231,False,False,False,False,True,False
BAT_01530,CoO3,1,0.093650666165326,0.093650666165327,-1.054711873393899e-15,1.054711873393899e-15,False,False,False,False,True,False
BAT_01531,CoO2,2,0.057049369875075,0.0539703935448824,0.0030789763301925,0.0030789763301925,False,False,False,False,True,False
BAT_01532,CoO3,1,0.018745270661473,0.0184003496673272,0.0003449209941457,0.0003449209941457,False,False,False,False,True,False
BAT_01533,CoO2,1,0.03217879059395,0.0321787897338045,8.60145427106218e-10,8.60145427106218e-10,False,False,False,False,True,False
BAT_01534,CoO4,2,0.040195945663066,0.0322039074132711,0.0079920382497948,0.0079920382497948,False,False,False,False,True,False
BAT_01535,Co15O28,2,0.069845809193129,0.0698458085010125,6.921164197315476e-10,6.921164197315476e-10,False,False,False,False,True,False
BAT_01536,CoO2,2,0.183328905241201,0.1833289055946176,-3.534166015395357e-10,3.534166015395357e-10,False,False,False,False,True,False
BAT_01537,Co7O12,1,0.046286681713339,0.0462866814306972,2.8264177803771773e-10,2.8264177803771773e-10,False,False,False,False,True,False
BAT_01538,CoO4,1,0.03007914079443,0.0300791407607407,3.3689204204101486e-11,3.3689204204101486e-11,False,False,False,False,True,False
BAT_01540,Co13O28,2,0.021125687743672,0.0206886258826114,0.0004370618610605,0.0004370618610605,False,False,False,False,True,False
BAT_01541,CoO2,2,0.091747108909477,0.005483938526363,0.086263170383114,0.086263170383114,False,False,False,False,True,False
BAT_01542,Co21O40,1,0.053063142602658,0.0530631425158983,8.675965501581118e-11,8.675965501581118e-11,False,False,False,False,True,False
BAT_01543,CoO4,2,0.053121894320471,0.0433104767086159,0.009811417611855,0.009811417611855,False,False,False,False,True,False
BAT_01544,CoO4,1,0.032295171257708,0.0312848225555115,0.0010103487021964,0.0010103487021964,False,False,False,False,True,False
BAT_01546,Co5O12,1,0.032021812298787,0.0677281940732309,-0.0357063817744439,0.0357063817744439,False,False,False,False,True,False
BAT_01548,Co2(PO3)5,1,0.026801191426194,0.0268011927842282,-1.358034216331072e-09,1.358034216331072e-09,False,False,False,False,True,False
BAT_01549,Co3(P2O7)2,1,0.021371443819474,0.0213714455463526,-1.7268786643709342e-09,1.7268786643709342e-09,False,False,False,False,True,False
BAT_01550,CoP2O7,1,0.085713482052902,0.0789466864360187,0.0067667956168833,0.0067667956168833,False,False,False,False,True,False
BAT_01551,Co2P5O16,2,0.074304899370881,0.0633576249504444,0.0109472744204365,0.0109472744204365,False,False,False,False,True,False
BAT_01552,Co(PO3)4,1,0.024026233972106,0.0234625189999327,0.0005637149721732,0.0005637149721732,False,False,False,False,True,False
BAT_01553,Co2(PO4)3,3,0.042751554813517,0.0427515541460599,6.674570132703116e-10,6.674570132703116e-10,False,False,False,False,True,False
BAT_01554,Co3(PO4)4,1,0.009113683146749,0.0091136833481854,-2.0143640748482294e-10,2.0143640748482294e-10,False,False,False,False,True,False
BAT_01555,Co(PO3)4,1,0.014797740664667,0.0145819600904732,0.0002157805741937,0.0002157805741937,False,False,False,False,True,False
BAT_01556,CoP2O7,1,0.064496375276542,0.0644963747589759,5.175661010881072e-10,5.175661010881072e-10,False,False,False,False,True,False
BAT_01557,CoP2O7,1,0.061907764352411,0.0488513197561014,0.0130564445963095,0.0130564445963095,False,False,False,False,True,False
BAT_01558,CoPO4,1,0.04117583012176,0.0380538872364805,0.0031219428852794,0.0031219428852794,False,False,False,False,True,False
BAT_01559,CoP2O7,1,0.067423776203579,0.0631649564633159,0.004258819740263,0.004258819740263,False,False,False,False,True,False
BAT_01560,CoPO4,1,0.003372451538773,0.0033611166814579,1.133485731505705e-05,1.133485731505705e-05,False,False,False,False,True,False
BAT_01561,CoPO4,1,0.260124551668905,0.2601245507750696,8.938354500998003e-10,8.938354500998003e-10,False,False,False,False,True,False
BAT_01563,CoPO4,1,0.02195632444735,0.0219563241676292,2.797207673821411e-10,2.797207673821411e-10,False,False,False,False,True,False
BAT_01564,Co3(PO4)4,1,0.060363765829719,0.0603637653488835,4.808354270302573e-10,4.808354270302573e-10,False,False,False,False,True,False
BAT_01565,CoPO4,1,0.093879076591877,0.0858221707351051,0.0080569058567718,0.0080569058567718,False,False,False,False,True,False
BAT_01566,Co5(P2O7)4,2,0.056959922688322,0.0007902961364236,0.0561696265518983,0.0561696265518983,False,False,False,False,True,False
BAT_01567,Co2P3O10,1,0.087562803658695,0.0805128708091926,0.0070499328495023,0.0070499328495023,False,False,False,False,True,False
BAT_01568,Co(PO4)2,2,0.053263865758492,0.0491842881654264,0.0040795775930655,0.0040795775930655,False,False,False,False,True,False
BAT_01569,CoPO4,1,0.027169235487028,0.0003663958974409,0.026802839589587,0.026802839589587,False,False,False,False,True,False
BAT_01571,Co(PO3)3,1,0.102276754197113,0.1022767541971134,-4.579669976578771e-16,4.579669976578771e-16,False,False,False,False,True,False
BAT_01572,CoP2O7,2,0.084685687315323,0.0568432615563568,0.0278424257589661,0.0278424257589661,False,False,False,False,True,False
BAT_01573,CoP2O7,1,0.040346397772472,0.0387816969026906,0.0015647008697813,0.0015647008697813,False,False,False,False,True,False
BAT_01574,Co(PO3)4,2,0.005346175779781,0.0022926376008565,0.0030535381789244,0.0030535381789244,False,False,False,False,True,False
BAT_01577,CoPO4,1,0.014365266318255,0.033748265197691,-0.019382998879436,0.019382998879436,False,False,False,False,True,False
BAT_01578,Co3(P2O7)2,1,0.023087182085911,0.0230871821966952,-1.1078427758492991e-10,1.1078427758492991e-10,False,False,False,False,True,False
BAT_01579,Co3P8O29,1,0.070004750013647,0.0654247092699724,0.0045800407436745,0.0045800407436745,False,False,False,False,True,False
BAT_01580,CoPO4,2,0.018437062961212,0.0152562713212286,0.0031807916399833,0.0031807916399833,False,False,False,False,True,False
BAT_01581,CoPO4,1,0.025179041654388,0.0438923137828286,-0.0187132721284406,0.0187132721284406,False,False,False,False,True,False
BAT_01582,CoP2O7,1,0.006548734674648,0.0065061285616205,4.26061130274517e-05,4.26061130274517e-05,False,False,False,False,True,False
BAT_01583,CoP2O7,1,0.024010649037216,0.023447654033845,0.0005629950033709,0.0005629950033709,False,False,False,False,True,False
BAT_01585,CoP2O7,1,0.027034696865578,0.0263230616854683,0.0007116351801096,0.0007116351801096,False,False,False,False,True,False
BAT_01586,CoPO4,1,0.074049926107886,0.0740499261347963,-2.691032119361836e-11,2.691032119361836e-11,False,False,False,False,True,False
BAT_01587,CoP2O7,1,0.109226528094563,0.0984708945065036,0.0107556335880593,0.0107556335880593,False,False,False,False,True,False
BAT_01588,CoP2O7,2,0.146183813197924,0.0209070079131218,0.1252768052848021,0.1252768052848021,False,False,False,False,True,False
BAT_01590,Co(PO3)4,1,0.017798469778363,0.0177984693191534,4.5920953498090883e-10,4.5920953498090883e-10,False,False,False,False,True,False
BAT_01591,Co(PO3)3,1,0.006636725064083,0.0065929683168246,4.375674725830541e-05,4.375674725830541e-05,False,False,False,False,True,False
BAT_01592,CoPO4,1,0.02830133997262,0.0275224177600966,0.0007789222125233,0.0007789222125233,False,False,False,False,True,False
BAT_01593,Co3P3O11,1,0.011316996166838,0.0113169965639793,-3.9714137881063927e-10,3.9714137881063927e-10,False,False,False,False,True,False
BAT_01594,CoP2O7,2,0.130717394909407,0.0421783089482882,0.0885390859611187,0.0885390859611187,False,False,False,False,True,False
BAT_01595,Co2P3O10,1,0.017383339227386,0.0639490386339968,-0.0465656994066108,0.0465656994066108,False,False,False,False,True,False
BAT_01596,CoP2O7,1,0.063527675880992,0.0635276774452774,-1.564285423416578e-09,1.564285423416578e-09,False,False,False,False,True,False
BAT_01597,Co9(P2O7)8,1,0.013061068399001,0.0130610677649903,6.34010670352847e-10,6.34010670352847e-10,False,False,False,False,True,False
BAT_01598,CoP2O7,1,0.007095179635476,0.0070951811671005,-1.5316245138494167e-09,1.5316245138494167e-09,False,False,False,False,True,False
BAT_01599,Co3(PO4)4,1,0.079077455574672,0.0790774563905445,-8.158725223195161e-10,8.158725223195161e-10,False,False,False,False,True,False
BAT_01600,Co5(P3O11)2,1,0.00962882668587,0.0096288262797556,4.061143279304735e-10,4.061143279304735e-10,False,False,False,False,True,False
BAT_01601,Co(PO3)4,1,0.06176945555183,0.0617694551034417,4.4838822238491005e-10,4.4838822238491005e-10,False,False,False,False,True,False
BAT_01602,Co3(PO4)4,1,0.082654394400661,0.0763442095318632,0.0063101848687977,0.0063101848687977,False,False,False,False,True,False
BAT_01605,CoPO4,1,0.115358703352867,0.1034274475214131,0.0119312558314539,0.0119312558314539,False,False,False,False,True,False
BAT_01606,CoPO4,1,0.07038666376667,0.0657581658566083,0.0046284979100616,0.0046284979100616,False,False,False,False,True,False
BAT_01607,CoP2O7,2,0.029221302142869,0.0063971755596676,0.0228241265832013,0.0228241265832013,False,False,False,False,True,False
BAT_01608,CoPO4,1,0.104857169162969,0.0949056331084013,0.0099515360545676,0.0099515360545676,False,False,False,False,True,False
BAT_01609,Co(PO3)3,1,0.041724363629694,0.150197846081843,-0.108473482452149,0.108473482452149,False,False,False,False,True,False
BAT_01610,Co5(P2O7)4,1,0.008869811555814,0.00879183013245,7.798142336392852e-05,7.798142336392852e-05,False,False,False,False,True,False
BAT_01611,Co2(PO4)3,1,0.092714370219515,0.0927143696287752,5.907397487847631e-10,5.907397487847631e-10,False,False,False,False,True,False
BAT_01612,CoPO4,1,0.174896563947163,0.1488612432174858,0.0260353207296771,0.0260353207296771,False,False,False,False,True,False
BAT_01613,CoPO4,1,0.048514278586677,0.0462695447808178,0.0022447338058591,0.0022447338058591,False,False,False,False,True,False
BAT_01614,CoPO4,1,0.059272070583294,0.05595547379122,0.0033165967920739,0.0033165967920739,False,False,False,False,True,False
BAT_01615,Co3P4O15,2,0.021918279237916,0.0115044696261105,0.0104138096118054,0.0104138096118054,False,False,False,False,True,False
BAT_01616,CoPO4,1,0.108268440108019,0.0444922135061575,0.0637762266018614,0.0637762266018614,False,False,False,False,True,False
BAT_01617,CoPO4,1,0.055331623174136,0.0553316223545286,8.196073195132492e-10,8.196073195132492e-10,False,False,False,False,True,False
BAT_01618,Co3Sn(PO4)4,1,0.077786326398762,0.0777863259983756,4.0038640458650576e-10,4.0038640458650576e-10,False,False,False,False,True,False
BAT_01619,Co3Sb(PO4)6,1,0.088491969011252,0.088491968634064,3.771880030534191e-10,3.771880030534191e-10,False,False,False,False,True,False
BAT_01620,CoSn(PO4)2,1,0.134025165198324,0.1340251640944764,1.1038475966618222e-09,1.1038475966618222e-09,False,False,False,False,True,False
BAT_01621,VCo3(PO4)4,1,0.041632273468451,0.0416322740311556,-5.627046537060032e-10,5.627046537060032e-10,False,True,False,False,True,False
BAT_01622,VCo3(PO4)6,1,0.063261156001237,0.0632611556489723,3.5226464800697244e-10,3.5226464800697244e-10,False,True,False,False,True,False
BAT_01623,V3Co(PO4)4,1,0.039187050683672,0.0391870513527215,-6.690495865657731e-10,6.690495865657731e-10,False,True,False,False,True,False
BAT_01625,Co2(SO4)3,2,0.107846981857135,0.1078469822795512,-4.224162686305988e-10,4.224162686305988e-10,False,False,False,False,True,False
BAT_01627,Co(SO4)2,1,0.032538381375242,0.0315130003040651,0.0010253810711768,0.0010253810711768,False,False,False,False,True,False
BAT_01628,Co(SO4)2,1,0.002777768367148,0.0027777681399542,2.2719371869928118e-10,2.2719371869928118e-10,False,False,False,False,True,False
BAT_01629,Co5SbO12,1,0.022610000881147,0.0226100004014787,4.796682877283852e-10,4.796682877283852e-10,False,False,False,False,True,False
BAT_01630,Co3SbO8,2,0.103513642954921,0.096732452696554,0.0067811902583669,0.0067811902583669,False,False,False,False,True,False
BAT_01632,CoSbO4,1,0.107781721523114,0.1077817186820612,2.8410527680433613e-09,2.8410527680433613e-09,False,False,False,False,True,False
BAT_01633,Co3SbO8,1,0.049824848412316,0.0498248472670329,1.1452830975255954e-09,1.1452830975255954e-09,False,False,False,False,True,False
BAT_01634,CoSiO4,1,0.005349934017477,0.0053499325594235,1.4580534557495641e-09,1.4580534557495641e-09,False,False,False,False,True,False
BAT_01635,Co(SiO3)2,1,0.095481481193754,0.0954814814744868,-2.8073282587470766e-10,2.8073282587470766e-10,False,False,False,False,True,False
BAT_01636,Co(SiO3)2,1,0.0258616840545599,0.0252097202146046,0.0006519638399552,0.0006519638399552,False,False,False,False,True,False
BAT_01637,Ti3Co3(SbO8)2,1,0.117430428580826,0.1174304270836411,1.4971848344424996e-09,1.4971848344424996e-09,False,False,False,False,True,False
BAT_01638,Co3(SeO3)4,1,0.086777674608777,0.086777674389809,2.1896796875697788e-10,2.1896796875697788e-10,False,False,False,False,True,False
BAT_01639,CoSiO4,1,0.004445770357172,0.0044260928335344,1.967752363750755e-05,1.967752363750755e-05,False,False,False,False,True,False
BAT_01640,CoSiO4,1,0.020362096862296,0.019955755829143,0.0004063410331529,0.0004063410331529,False,False,False,False,True,False
BAT_01641,CoSiO4,1,0.034675140287127,0.0335130695331655,0.0011620707539614,0.0011620707539614,False,False,False,False,True,False
BAT_01642,CoSiO4,1,0.038507397519748,0.038507397519748,-7.63278329429795e-17,7.63278329429795e-17,False,False,False,False,True,False
BAT_01643,CoSiO4,1,0.021971583698797,0.0214992127267069,0.00047237097209,0.00047237097209,False,False,False,False,True,False
BAT_01644,CoSiO4,2,0.191816817942522,0.160944882729034,0.0308719352134879,0.0308719352134879,False,False,False,False,True,False
BAT_01645,CoSiO5,1,0.00982176758919,0.0097262384237281,9.552916546189116e-05,9.552916546189116e-05,False,False,False,False,True,False
BAT_01646,CoSiO4,1,0.000614680078591,0.0006146800785915,-5.141286701926262e-16,5.141286701926262e-16,False,False,False,False,True,False
BAT_01647,CoSiO4,1,0.041668056417701,0.0400012807928451,0.0016667756248558,0.0016667756248558,False,False,False,False,True,False
BAT_01648,Co2Si3O10,1,0.013219549715563,0.0130470745513337,0.0001724751642292,0.0001724751642292,False,False,False,False,True,False
BAT_01649,CoSiO4,1,0.035009837487028,0.0338256088640416,0.0011842286229863,0.0011842286229863,False,False,False,False,True,False
BAT_01650,CoSiO4,1,0.015065164648375,0.0559685563288012,-0.0409033916804262,0.0409033916804262,False,False,False,False,True,False
BAT_01651,CoSiO4,1,0.002090351648725,0.0020903516487252,-2.766883944183007e-16,2.766883944183007e-16,False,False,False,False,True,False
BAT_01652,Co3(SiO4)2,1,0.012439131744667,0.012286300543299,0.0001528312013679,0.0001528312013679,False,False,False,False,True,False
BAT_01653,Co3SnO8,1,0.056191141750638,0.0561911449198257,-3.1691877802608733e-09,3.1691877802608733e-09,False,False,False,False,True,False
BAT_01654,CoSnO4,1,0.006947049749988,0.106870207503711,-0.099923157753723,0.099923157753723,False,False,False,False,True,False
BAT_01655,Co3TeO8,1,0.044173708893399,0.0441737110824424,-2.1890434603877296e-09,2.1890434603877296e-09,False,False,False,False,True,False
BAT_01656,Co3TeO8,1,0.171527461522865,0.1715274618753735,-3.525085778832704e-10,3.525085778832704e-10,False,False,False,False,True,False
BAT_01657,Co5Te3O16,1,0.184517526045645,0.1845175280440776,-1.998432586081122e-09,1.998432586081122e-09,False,False,False,False,True,False
BAT_01658,Co3TeO8,3,0.064514833883774,0.201304709383061,-0.136789875499287,0.136789875499287,False,False,False,False,True,False
BAT_01659,Co4TeO8,1,0.039902934807777,0.0399029331793777,1.6283992418375524e-09,1.6283992418375524e-09,False,False,False,False,True,False
BAT_01660,TiCo3O8,2,0.072128957011391,0.0200182763603453,0.0521106806510456,0.0521106806510456,False,False,False,False,True,False
BAT_01661,Ti2Co3O10,2,0.02574253579281,0.025742535371868,4.2094197919007037e-10,4.2094197919007037e-10,False,False,False,False,True,False
BAT_01662,Ti3Co3(TeO8)2,1,0.079381145829498,0.0793811452565977,5.729002411358762e-10,5.729002411358762e-10,False,False,False,False,True,False
BAT_01663,V3Co3(TeO8)2,1,0.045552698932268,0.0455526975445313,1.3877366963899183e-09,1.3877366963899183e-09,False,True,False,False,True,False
BAT_01664,Ti(CoO3)2,1,0.07718822668118,0.0771882266565713,2.4608662330116715e-11,2.4608662330116715e-11,False,False,False,False,True,False
BAT_01665,TiCo5O12,1,0.01118588123472,0.0111858809982486,2.3647130781290215e-10,2.3647130781290215e-10,False,False,False,False,True,False
BAT_01666,TiCoO4,1,0.000613137512088,0.0006131344345075,3.077580428456801e-09,3.077580428456801e-09,False,False,False,False,True,False
BAT_01667,Ti6Co3O16,1,0.008267511999402,0.0082675121980673,-1.9866531336676374e-10,1.9866531336676374e-10,False,False,False,False,True,False
BAT_01668,TiCo3O8,2,0.064845124021891,0.0610120185785369,0.003833105443354,0.003833105443354,False,False,False,False,True,False
BAT_01669,V3CoO10,1,0.021459795805256,0.0214597968997996,-1.0945436224041314e-09,1.0945436224041314e-09,False,True,False,False,True,False
BAT_01670,VCoO4,1,0.180260592180564,0.1802605921805645,-5.551115123125784e-16,5.551115123125784e-16,False,True,False,False,True,False
BAT_01671,V3CoO8,1,0.051370676723648,0.0513706773718731,-6.48225133292879e-10,6.48225133292879e-10,False,True,False,False,True,False
BAT_01673,VCoO4,1,0.168631099554221,0.1686310972287085,2.325512504786076e-09,2.325512504786076e-09,False,True,False,False,True,False
BAT_01674,VCoO4,1,0.021441366678151,0.0214413662865379,3.9161303019841215e-10,3.9161303019841215e-10,False,True,False,False,True,False
BAT_01675,V3CoO8,1,0.00463389326915,0.0046338943231325,-1.053982562684852e-09,1.053982562684852e-09,False,True,False,False,True,False
BAT_01676,VCo3O8,1,0.048367584523094,0.0483675818753213,2.647772674724269e-09,2.647772674724269e-09,False,True,False,False,True,False
BAT_01677,VCoO4,1,0.127842591169732,0.1278425891245767,2.04515532287175e-09,2.04515532287175e-09,False,True,False,False,True,False
BAT_01679,V5CoO12,1,0.015482114668237,0.0152460725222961,0.0002360421459408,0.0002360421459408,False,True,False,False,True,False
BAT_01680,V3(CoO6)2,1,0.084866585242962,0.0848665849211728,3.2178913700331435e-10,3.2178913700331435e-10,False,True,False,False,True,False
BAT_01681,V3CoO8,1,0.024854804967626,0.024854804998126,-3.0500085096418766e-11,3.0500085096418766e-11,False,True,False,False,True,False
BAT_01682,V2CoO6,1,0.011030634436091,0.0109102859118993,0.0001203485241916,0.0001203485241916,False,True,False,False,True,False
BAT_01683,Co3WO8,1,0.093857722447852,0.0938577225390395,-9.118751587156028e-11,9.118751587156028e-11,False,False,False,False,True,False
BAT_01684,Co(WO4)2,2,0.047077079777056,0.0470770794108119,3.662440073437523e-10,3.662440073437523e-10,False,False,False,False,True,False
BAT_01687,CoS2,2,0.132286694546869,0.1322866914848507,3.0620182778218204e-09,3.0620182778218204e-09,False,False,False,False,True,False
BAT_01689,Cr3CuO8,1,0.013627165483628,0.0136271675835604,-2.0999324414766596e-09,2.0999324414766596e-09,False,False,False,False,False,False
BAT_01690,Cr3(CuO6)2,1,0.075017014366033,0.0750170141489751,2.1705784392089808e-10,2.1705784392089808e-10,False,False,False,False,False,False
BAT_01691,CrFe3Cu2(PO4)6,1,0.041308569015128,0.0413085689073228,1.0780513981512029e-10,1.0780513981512029e-10,True,False,False,True,False,False
BAT_01692,Cr3(CuO6)2,1,0.091935223303492,0.0919352233034925,-5.828670879282072e-16,5.828670879282072e-16,False,False,False,False,False,False
BAT_01693,Cr3Cu(PO4)4,1,0.105730926714603,0.1057309262747012,4.3990174003472044e-10,4.3990174003472044e-10,False,False,False,False,False,False
BAT_01695,V4CrCuO12,1,0.014977534235834,0.0149775362721133,-2.0362793222428173e-09,2.0362793222428173e-09,False,True,False,False,False,False
BAT_01697,CrF6,2,0.163695692919642,0.2748831158994941,-0.1111874229798521,0.1111874229798521,True,False,False,False,False,False
BAT_01699,CrF4,1,0.055005154665017,0.0550051541765328,4.884841975361097e-10,4.884841975361097e-10,True,False,False,False,False,False
BAT_01703,NaCrF6,1,0.106933784420799,0.1069337865131128,-2.0923138360773308e-09,2.0923138360773308e-09,True,False,False,False,False,False
BAT_01704,CrP2(O4F)2,2,0.028516284453645,0.0217302891197833,0.0067859953338616,0.0067859953338616,True,False,False,False,False,False
BAT_01705,CrPO4F,3,0.186188185050811,0.1861881845854116,4.653993856962302e-10,4.653993856962302e-10,True,False,False,False,False,False
BAT_01706,CrPO4F,1,0.01766637007006,0.0176663700700601,-1.457167719820518e-16,1.457167719820518e-16,True,False,False,False,False,False
BAT_01707,CrPO4F,1,0.049191811594483,0.0491918121233283,-5.288453494567412e-10,5.288453494567412e-10,True,False,False,False,False,False
BAT_01709,VCrP2(O4F)2,3,0.087092842477847,0.0870928427887382,-3.1089128493810847e-10,3.1089128493810847e-10,True,True,False,False,False,False
BAT_01711,Mn3Cr2Fe3O16,1,0.008953829525938,0.0089538306734931,-1.147555191496896e-09,1.147555191496896e-09,True,False,True,True,False,False
BAT_01712,Mn3Cr3(FeO8)2,1,0.107502500114871,0.1075025002140429,-9.917197618669603e-11,9.917197618669603e-11,True,False,True,True,False,False
BAT_01713,MnCr2Fe3(PO4)6,1,0.08294549922811,0.0829454983615847,8.665252682060752e-10,8.665252682060752e-10,True,False,True,True,False,False
BAT_01714,Cr12Fe7O48,1,0.004233080090945,0.0042330799433349,1.476100014788373e-10,1.476100014788373e-10,True,False,False,True,False,False
BAT_01715,CrFe3O8,1,0.001198599609906,0.0011971668790292,1.4327308767534289e-06,1.4327308767534289e-06,True,False,False,True,False,False
BAT_01716,CrFe3O8,1,0.00505094825478,0.0050255646288092,2.538362597074607e-05,2.538362597074607e-05,True,False,False,True,False,False
BAT_01717,CrFeO4,1,0.005137096832021,0.0051108417708666,2.625506115436736e-05,2.625506115436736e-05,True,False,False,True,False,False
BAT_01718,CrFe3O8,1,0.000154595606006,0.0515351968996307,-0.0513806012936247,0.0513806012936247,True,False,False,True,False,False
BAT_01719,Cr2FeO6,1,0.008662427280901,0.008662426232888,1.048012928175912e-09,1.048012928175912e-09,True,False,False,True,False,False
BAT_01720,CrFeO4,1,0.005114392658461,0.0050883699482686,2.6022710192394154e-05,2.6022710192394154e-05,True,False,False,True,False,False
BAT_01721,Cr3FeO8,1,0.03310952410308,0.0320484165130398,0.0010611075900401,0.0010611075900401,True,False,False,True,False,False
BAT_01722,Cr2Fe5O12,2,0.033960596440502,0.0328451550655829,0.001115441374919,0.001115441374919,True,False,False,True,False,False
BAT_01723,Cr(FeO3)2,1,0.010586361045969,0.010586363541567,-2.4955980303109633e-09,2.4955980303109633e-09,True,False,False,True,False,False
BAT_01724,Cr3FeO8,2,0.035740053198412,0.0345067790763124,0.0012332741220995,0.0012332741220995,True,False,False,True,False,False
BAT_01725,Cr3FeO8,2,0.052098712533622,0.0497011597365185,0.0023975527971034,0.0023975527971034,True,False,False,True,False,False
BAT_01726,Cr3(FeO6)2,1,0.018874687899579,0.0188746878995794,-4.2327252813834093e-16,4.2327252813834093e-16,True,False,False,True,False,False
BAT_01727,Cr3FeO8,1,0.056335489001692,0.0563354893034423,-3.0175038162605356e-10,3.0175038162605356e-10,True,False,False,True,False,False
BAT_01728,Cr3(FeO4)2,1,0.020924152166043,0.0209241541116356,-1.9455926592026884e-09,1.9455926592026884e-09,True,False,False,True,False,False
BAT_01729,Cr2Fe3O10,1,0.005997619478112,0.0059976201461792,-6.680672178654977e-10,6.680672178654977e-10,True,False,False,True,False,False
BAT_01730,Cr10Fe5O24,1,0.000458403778067,0.0004584064218519,-2.643784936091041e-09,2.643784936091041e-09,True,False,False,True,False,False
BAT_01731,CrFe(PO4)2,1,0.090925777309047,0.090925777855619,-5.465720098740691e-10,5.465720098740691e-10,True,False,False,True,False,False
BAT_01732,Cr3Fe(PO4)6,2,0.043557534644362,0.0265567793606171,0.0170007552837448,0.0170007552837448,True,False,False,True,False,False
BAT_01734,Cr3GaO8,1,0.000647996714363,0.0006475781109871,4.186033758581424e-07,4.186033758581424e-07,False,False,False,False,False,False
BAT_01736,Cr3Fe2Sb3O16,1,0.095626037187961,0.0956260375307055,-3.4274449944859953e-10,3.4274449944859953e-10,True,False,False,True,False,False
BAT_01737,Cr3Fe3(TeO8)2,1,0.064188425591341,0.0641884287446932,-3.1533522598659043e-09,3.1533522598659043e-09,True,False,False,True,False,False
BAT_01738,Cr(GeO3)2,1,0.00868799731299,0.0426138396642164,-0.0339258423512264,0.0339258423512264,False,False,False,False,False,False
BAT_01739,Cr2(GeO4)3,1,0.03015403536606,0.0301540362717704,-9.057104302656603e-10,9.057104302656603e-10,False,False,False,False,False,False
BAT_01743,CrPHO5,1,0.041712804753837,0.0150665944386392,0.0266462103151977,0.0266462103151977,False,False,False,False,False,False
BAT_01744,Cr2P4H3O16,1,0.075570984928925,0.0755709844664967,4.6242826234887957e-10,4.6242826234887957e-10,False,False,False,False,False,False
BAT_01751,MgCr3(SO4)6,1,0.048742623208451,0.0487426221585879,1.0498630576005752e-09,1.0498630576005752e-09,False,False,False,False,False,False
BAT_01754,MgCr3(SO4)6,2,0.046369980518723,0.0463699791032317,1.415491286682613e-09,1.415491286682613e-09,False,False,False,False,False,False
BAT_01756,Mn3Nb2Cr3O16,1,0.069024787828495,0.0690247883195474,-4.910524348256118e-10,4.910524348256118e-10,False,False,True,False,False,False
BAT_01757,MgCr3Se3(SO8)3,1,0.04654162152542,0.0465416208499795,6.754404813236191e-10,6.754404813236191e-10,False,False,False,False,False,False
BAT_01758,Mn3CrO8,2,0.075129767720905,0.0751297706556192,-2.934714277147421e-09,2.934714277147421e-09,False,False,True,False,False,False
BAT_01759,Mn3NbCr2(PO4)6,1,0.076807743495314,0.0768077448717768,-1.3764628603585292e-09,1.3764628603585292e-09,False,False,True,False,False,False
BAT_01760,Mn2CrNi3(PO4)6,1,0.024944652641899,0.0249446540152586,-1.373359651696271e-09,1.373359651696271e-09,False,False,True,False,False,True
BAT_01761,Mn3Cr3(NiO8)2,1,0.078570953738741,0.0785709518774469,1.861294063321139e-09,1.861294063321139e-09,False,False,True,False,False,True
BAT_01762,Mn3Cr2O10,1,0.008666799365733,0.0086668001011236,-7.353906667645348e-10,7.353906667645348e-10,False,False,True,False,False,False
BAT_01763,Mn3CrO8,2,0.115664366925081,0.1156643666761668,2.489142086892215e-10,2.489142086892215e-10,False,False,True,False,False,False
BAT_01765,MnCr3O8,1,0.089777251338208,0.0897772512867312,5.1476808926587125e-11,5.1476808926587125e-11,False,False,True,False,False,False
BAT_01766,Mn2CrO6,1,0.100623301217764,0.1006233012807079,-6.294398335882079e-11,6.294398335882079e-11,False,False,True,False,False,False
BAT_01767,Mn5Cr3O16,1,0.089147971110914,0.0891479682282356,2.882678401538996e-09,2.882678401538996e-09,False,False,True,False,False,False
BAT_01768,Mn4CrO8,1,0.021747773710864,0.0217477740081626,-2.9729864750582813e-10,2.9729864750582813e-10,False,False,True,False,False,False
BAT_01769,MnCr3O8,2,0.006411175118131,0.0001283713227845,0.0062828037953464,0.0062828037953464,False,False,True,False,False,False
BAT_01771,MnCr3O8,1,0.080337725206237,0.0803377252062378,-8.46545056276682e-16,8.46545056276682e-16,False,False,True,False,False,False
BAT_01772,Mn2Cr3O12,1,0.087466689816455,0.0874666898164554,-4.579669976578771e-16,4.579669976578771e-16,False,False,True,False,False,False
BAT_01774,FePO4F,2,0.075428882083566,0.0466304513841668,0.0287984306993991,0.0287984306993991,True,False,False,True,False,False
BAT_01775,VFeP2(O4F)2,1,0.058655711056436,0.0586557096194782,1.4369577056028147e-09,1.4369577056028147e-09,True,True,False,True,False,False
BAT_01779,K2MnF6,1,0.087049594961755,0.0254140094720964,0.0616355854896585,0.0616355854896585,True,False,True,False,False,False
BAT_01780,VH2OF5,2,0.018663004746655,0.0096280821950112,0.0090349225516437,0.0090349225516437,True,True,False,False,False,False
BAT_01782,K2NiF6,1,0.083206637775305,0.0077220820364515,0.0754845557388534,0.0754845557388534,True,False,False,False,False,True
BAT_01783,MnF3,1,0.065096568507941,0.0045921035709679,0.060504464936973,0.060504464936973,True,False,True,False,False,False
BAT_01784,MnF6,1,0.043200116876519,0.0432001168660445,1.0474413003613847e-11,1.0474413003613847e-11,True,False,True,False,False,False
BAT_01785,MnF8,1,0.019159019243208,0.0187988498653865,0.0003601693778214,0.0003601693778214,True,False,True,False,False,False
BAT_01786,MnF4,1,0.035348434329255,0.0353484343292558,-8.049116928532385e-16,8.049116928532385e-16,True,False,True,False,False,False
BAT_01787,MnF3,1,0.003774546050759,0.0037603526296036,1.4193421155314634e-05,1.4193421155314634e-05,True,False,True,False,False,False
BAT_01788,Mn2F7,2,0.067138693760131,0.1564477684851653,-0.0893090747250343,0.0893090747250343,True,False,True,False,False,False
BAT_01790,MnF7,1,0.030651249093423,0.0306512500472365,-9.538135524456146e-10,9.538135524456146e-10,True,False,True,False,False,False
BAT_01791,MnF5,2,0.187754714609129,0.1877547146091297,-7.2164496600635185e-16,7.2164496600635185e-16,True,False,True,False,False,False
BAT_01793,MnF3,1,0.036727149430961,0.0354260522581612,0.0013010971727997,0.0013010971727997,True,False,True,False,False,False
BAT_01794,Mn7F16,1,0.020170050997296,0.0502549244429568,-0.0300848734456608,0.0300848734456608,True,False,True,False,False,False
BAT_01795,MnF7,1,0.077300750061798,0.0773007515149877,-1.453189721334347e-09,1.453189721334347e-09,True,False,True,False,False,False
BAT_01796,MnF5,1,0.086812052329743,0.0868120523297436,-6.106226635438361e-16,6.106226635438361e-16,True,False,True,False,False,False
BAT_01797,Mn7F18,1,0.015932299651979,0.0156824423001766,0.0002498573518023,0.0002498573518023,True,False,True,False,False,False
BAT_01798,MnF3,1,0.090416050382195,0.0904160490441939,1.3380010710495327e-09,1.3380010710495327e-09,True,False,True,False,False,False
BAT_01799,Mn3F8,1,0.001232163625005,0.0012306463603698,1.517264635183917e-06,1.517264635183917e-06,True,False,True,False,False,False
BAT_01800,MnF3,1,0.165125293706019,0.1651252951974691,-1.4914501855756155e-09,1.4914501855756155e-09,True,False,True,False,False,False
BAT_01801,Mn2F7,2,0.086575114895762,0.0865751153838651,-4.881031689940585e-10,4.881031689940585e-10,True,False,True,False,False,False
BAT_01802,MnF6,1,0.16531567845086,0.346170553595531,-0.180854875144671,0.180854875144671,True,False,True,False,False,False
BAT_01803,Mn2F7,1,0.015228825232171,0.0150003867799161,0.0002284384522548,0.0002284384522548,True,False,True,False,False,False
BAT_01804,MnF5,2,0.094289018077891,0.0942890180981492,-2.0258239530335228e-11,2.0258239530335228e-11,True,False,True,False,False,False
BAT_01805,MnF8,2,0.049348477495777,0.0493484774155384,8.023850334160088e-11,8.023850334160088e-11,True,False,True,False,False,False
BAT_01806,MnF4,1,0.050677875963202,0.0506778788292522,-2.866050251293384e-09,2.866050251293384e-09,True,False,True,False,False,False
BAT_01807,MnF3,1,0.155159465770217,0.295946225653385,-0.140786759883168,0.140786759883168,True,False,True,False,False,False
BAT_01809,MnF6,1,0.148320089025914,0.1483200904482456,-1.4223316691097663e-09,1.4223316691097663e-09,True,False,True,False,False,False
BAT_01810,Mn2F5,1,0.044255045837422,0.042379536669736,0.0018755091676859,0.0018755091676859,True,False,True,False,False,False
BAT_01811,MnF6,1,0.042363133377467,0.0423631324788964,8.985705790554022e-10,8.985705790554022e-10,True,False,True,False,False,False
BAT_01812,MnF4,1,0.061992042565232,0.0619920404073587,2.157873234265306e-09,2.157873234265306e-09,True,False,True,False,False,False
BAT_01814,Mn2F5,1,0.069525448445339,0.0695254472096889,1.2356500961319128e-09,1.2356500961319128e-09,True,False,True,False,False,False
BAT_01816,Mn2F9,1,0.072654969278475,0.0726549702628364,-9.843614395821374e-10,9.843614395821374e-10,True,False,True,False,False,False
BAT_01817,MnF6,1,0.109151572801119,0.1091515700255452,2.775573798574626e-09,2.775573798574626e-09,True,False,True,False,False,False
BAT_01818,Mn2F7,2,0.086003105801783,0.2007685812534382,-0.1147654754516552,0.1147654754516552,True,False,True,False,False,False
BAT_01819,Mn3F10,2,0.038265466720174,0.0382654678105754,-1.0904014427493003e-09,1.0904014427493003e-09,True,False,True,False,False,False
BAT_01820,Mn2F7,1,0.014197438493601,0.0141974416984121,-3.204811116139239e-09,3.204811116139239e-09,True,False,True,False,False,False
BAT_01821,MnF3,1,0.104540231461995,0.1045402314619958,-8.326672684688674e-16,8.326672684688674e-16,True,False,True,False,False,False
BAT_01822,Mn7O7F,1,0.065272401741876,0.0652724011384175,6.034584359992934e-10,6.034584359992934e-10,True,False,True,False,False,False
BAT_01823,Mn5OF11,1,0.041530383935999,0.0398743863390981,0.0016559975969008,0.0016559975969008,True,False,True,False,False,False
BAT_01824,Mn5O9F,2,0.077131255813924,0.0771312530861495,2.727774436883656e-09,2.727774436883656e-09,True,False,True,False,False,False
BAT_01825,Mn2O3F,1,0.034444383771562,0.0344443820436677,1.7278942790466267e-09,1.7278942790466267e-09,True,False,True,False,False,False
BAT_01827,Mn5O3F5,1,0.030425931899454,0.0304259286714291,3.228024826607001e-09,3.228024826607001e-09,True,False,True,False,False,False
BAT_01828,Mn4OF8,1,0.036268529379306,0.0349991604189216,0.0012693689603843,0.0012693689603843,True,False,True,False,False,False
BAT_01829,Mn5OF11,1,0.041530269097734,0.0398742795896446,0.0016559895080893,0.0016559895080893,True,False,True,False,False,False
BAT_01830,Mn2OF3,1,0.10983307277725,0.1098330719282382,8.490117220372183e-10,8.490117220372183e-10,True,False,True,False,False,False
BAT_01831,Mn5OF11,1,0.041463982764339,0.0414639815776649,1.186674043751612e-09,1.186674043751612e-09,True,False,True,False,False,False
BAT_01832,Mn2OF3,1,0.088560924648807,0.0885609249696527,-3.2084572498813907e-10,3.2084572498813907e-10,True,False,True,False,False,False
BAT_01833,Mn5O3F5,1,0.01239068117973,0.0123906804790189,7.00711053416847e-10,7.00711053416847e-10,True,False,True,False,False,False
BAT_01834,Mn3(OF3)2,1,0.039560987888414,0.0395609873909969,4.97417038114456e-10,4.97417038114456e-10,True,False,True,False,False,False
BAT_01836,Mn5O5F,1,0.084367675925452,0.0843676808379145,-4.912462589490296e-09,4.912462589490296e-09,True,False,True,False,False,False
BAT_01837,Mn3(OF3)2,1,0.048011611652501,0.0480116142723486,-2.6198476513195072e-09,2.6198476513195072e-09,True,False,True,False,False,False
BAT_01839,MnOF4,1,0.089302463898702,0.0893024630763325,8.223694641928957e-10,8.223694641928957e-10,True,False,True,False,False,False
BAT_01840,Mn2O2F3,1,0.085608788731993,0.0856087896939575,-9.619645913172548e-10,9.619645913172548e-10,True,False,True,False,False,False
BAT_01841,Mn2OF3,1,0.133006236028889,0.1330062355935947,4.352943006047383e-10,4.352943006047383e-10,True,False,True,False,False,False
BAT_01842,Mn5O7F,1,0.025956135442097,0.0259561325593074,2.8827895660887833e-09,2.8827895660887833e-09,True,False,True,False,False,False
BAT_01843,Mn3O5F3,1,0.039470781287148,0.0394707822175152,-9.303672415805763e-10,9.303672415805763e-10,True,False,True,False,False,False
BAT_01844,Mn3OF8,1,0.0930896112451,0.0930896113861725,-1.410725841699545e-10,1.410725841699545e-10,True,False,True,False,False,False
BAT_01846,Mn3OF6,1,0.049237470397766,0.0492374695203589,8.774070428541059e-10,8.774070428541059e-10,True,False,True,False,False,False
BAT_01847,MnOF3,1,0.02221205872476,0.0222120583607726,3.639873402683236e-10,3.639873402683236e-10,True,False,True,False,False,False
BAT_01848,Mn3OF6,1,0.154080210544707,0.1540802089863957,1.558311257809919e-09,1.558311257809919e-09,True,False,True,False,False,False
BAT_01850,Mn(O2F)2,1,0.061226310956131,0.061226313005864,-2.0497330152635662e-09,2.0497330152635662e-09,True,False,True,False,False,False
BAT_01852,MnPO4F,3,0.109954364159522,0.1099543643692397,-2.0971777092704255e-10,2.0971777092704255e-10,True,False,True,False,False,False
BAT_01854,MnVP2(O4F)2,3,0.07321015430567,0.0732101528165884,1.489081594141517e-09,1.489081594141517e-09,True,True,True,False,False,False
BAT_01855,MnPO4F,2,0.176185380708578,0.1761853807828582,-7.428019310751209e-11,7.428019310751209e-11,True,False,True,False,False,False
BAT_01856,Mn2P2O7F2,1,0.063433111474458,0.0634331114744583,-3.3306690738754696e-16,3.3306690738754696e-16,True,False,True,False,False,False
BAT_01857,MnPO4F,1,0.046274477246196,0.0462744768358666,4.1032938158380716e-10,4.1032938158380716e-10,True,False,True,False,False,False
BAT_01858,Rb2MnF6,1,0.137436718911491,0.0266955949642913,0.1107411239471996,0.1107411239471996,True,False,True,False,False,False
BAT_01865,NiPO4F,2,0.04634639309279,0.0891088047273233,-0.0427624116345333,0.0427624116345333,True,False,False,False,False,True
BAT_01866,Ni(O2F)2,1,0.0304616113902,0.0304616119788662,-5.886662789167384e-10,5.886662789167384e-10,True,False,False,False,False,True
BAT_01867,NiPO4F,2,0.065408319557056,0.0654083180447378,1.5123181179577114e-09,1.5123181179577114e-09,True,False,False,False,False,True
BAT_01868,Rb2NiF6,1,0.123566609868144,0.032487895227077,0.0910787146410669,0.0910787146410669,True,False,False,False,False,True
BAT_01871,VPO4F,1,0.063281643720253,0.0632816428512131,8.690398400901245e-10,8.690398400901245e-10,True,True,False,False,False,False
BAT_01872,VP2(O4F)2,1,0.00765190476635,0.0075937974257612,5.8107340588758535e-05,5.8107340588758535e-05,True,True,False,False,False,False
BAT_01875,VPO4F,1,0.146105757920989,0.1461057619387006,-4.017711663362178e-09,4.017711663362178e-09,True,True,False,False,False,False
BAT_01876,VSO4F3,4,0.117537806090381,0.1051756867675364,0.0123621193228445,0.0123621193228445,True,True,False,False,False,False
BAT_01877,V4OF11,1,0.003108717469917,0.1090111660363688,-0.1059024485664518,0.1059024485664518,True,True,False,False,False,False
BAT_01879,V2OF5,1,0.002396950261981,0.0938004885450185,-0.0914035382830375,0.0914035382830375,True,True,False,False,False,False
BAT_01881,V4(OF3)3,2,0.025997783563746,0.1039618929686225,-0.0779641094048765,0.0779641094048765,True,True,False,False,False,False
BAT_01882,V(OF)2,1,0.060753576356386,0.1355358242878462,-0.0747822479314602,0.0747822479314602,True,True,False,False,False,False
BAT_01883,V2(OF)3,1,0.010774513485862,0.010659662705206,0.0001148507806559,0.0001148507806559,True,True,False,False,False,False
BAT_01884,V3OF11,1,0.02967793841896,0.0288225447208579,0.000855393698102,0.000855393698102,True,True,False,False,False,False
BAT_01885,V3O5F,1,0.007263138931983,0.0072631371906037,1.741379289030287e-09,1.741379289030287e-09,True,True,False,False,False,False
BAT_01886,V2O2F3,1,0.05676580470276,0.056765806066116,-1.363356053052378e-09,1.363356053052378e-09,True,True,False,False,False,False
BAT_01887,V2O2F3,1,0.059264673596615,0.0592646721577219,1.4388930671960232e-09,1.4388930671960232e-09,True,True,False,False,False,False
BAT_01889,VOF5,1,0.019480952738942,0.0194809502198498,2.519092122399424e-09,2.519092122399424e-09,True,True,False,False,False,False
BAT_01890,V2OF6,1,0.017425439135645,0.0174254382794017,8.562432672609698e-10,8.562432672609698e-10,True,True,False,False,False,False
BAT_01892,V2O3F,1,0.064173286315148,0.0641732863151487,-7.355227538141662e-16,7.355227538141662e-16,True,True,False,False,False,False
BAT_01893,V3(O2F)2,1,0.014013499004747,0.0140134983777554,6.269915420187289e-10,6.269915420187289e-10,True,True,False,False,False,False
BAT_01894,VO3F2,1,0.013559534135302,0.0135595332808877,8.544142650335206e-10,8.544142650335206e-10,True,True,False,False,False,False
BAT_01895,V2OF7,2,0.066179780729389,0.0323578577127157,0.0338219230166733,0.0338219230166733,True,True,False,False,False,False
BAT_01896,V2OF5,1,0.031078846637443,0.0310788475102699,-8.728269565438929e-10,8.728269565438929e-10,True,True,False,False,False,False
BAT_01897,VOF3,1,0.108893806988354,0.098200392050596,0.010693414937758,0.010693414937758,True,True,False,False,False,False
BAT_01898,V3(OF3)2,1,0.006329514969219,0.0062897035731446,3.981139607430427e-05,3.981139607430427e-05,True,True,False,False,False,False
BAT_01899,V(OF)2,1,0.034272015720992,0.034272016717774,-9.967820666090255e-10,9.967820666090255e-10,True,True,False,False,False,False
BAT_01900,V4O5F7,1,0.012102950497482,0.0700509556921238,-0.0579480051946418,0.0579480051946418,True,True,False,False,False,False
BAT_01901,V4(OF3)3,1,0.019428558283227,0.1013810367143795,-0.0819524784311525,0.0819524784311525,True,True,False,False,False,False
BAT_01902,VO3F2,1,0.063046781447125,0.0630467851857337,-3.738608783665498e-09,3.738608783665498e-09,True,True,False,False,False,False
BAT_01903,VOF3,1,0.134428880893623,0.1344288808936231,-1.6653345369377348e-16,1.6653345369377348e-16,True,True,False,False,False,False
BAT_01904,V2OF5,1,0.008244538463391,0.1052461425359377,-0.0970016040725467,0.0970016040725467,True,True,False,False,False,False
BAT_01905,VOF3,1,0.007673147128671,0.0076147182750038,5.842885366715011e-05,5.842885366715011e-05,True,True,False,False,False,False
BAT_01908,V3O3F5,1,0.032580760488514,0.0325807587093496,1.7791643852627102e-09,1.7791643852627102e-09,True,True,False,False,False,False
BAT_01909,V2OF5,1,7.966079089349877e-05,7.965404813461667e-05,6.742758882095631e-09,6.742758882095631e-09,True,True,False,False,False,False
BAT_01910,V6O7F5,1,0.014363725988875,0.0143637262005456,-2.1167068098293382e-10,2.1167068098293382e-10,True,True,False,False,False,False
BAT_01911,V3OF11,1,0.02913706885626,0.0283121355404092,0.0008249333158507,0.0008249333158507,True,True,False,False,False,False
BAT_01913,VO2F,1,0.039739249893949,0.0382203992281476,0.0015188506658013,0.0015188506658013,True,True,False,False,False,False
BAT_01914,V2OF5,1,0.015326969461554,0.1128195589775895,-0.0974925895160355,0.0974925895160355,True,True,False,False,False,False
BAT_01915,V4OF11,1,0.009167130732038,0.1210294567493263,-0.1118623260172883,0.1118623260172883,True,True,False,False,False,False
BAT_01917,VO2F,1,0.002766866225131,0.2386395382670535,-0.2358726720419225,0.2358726720419225,True,True,False,False,False,False
BAT_01918,V6O7F5,1,0.046957713302148,0.0469577141495486,-8.474006427117152e-10,8.474006427117152e-10,True,True,False,False,False,False
BAT_01919,V4O5F7,1,0.000842282601934,0.0685072252358943,-0.0676649426339603,0.0676649426339603,True,True,False,False,False,False
BAT_01920,V3(OF)4,1,0.077274574768945,0.0772745761940998,-1.42515482748351e-09,1.42515482748351e-09,True,True,False,False,False,False
BAT_01921,V6O5F19,1,0.050252093455241,0.0502520929593188,4.959221089340105e-10,4.959221089340105e-10,True,True,False,False,False,False
BAT_01922,V(OF)2,1,0.000823368902977,0.0008226913901667,6.775128102848305e-07,6.775128102848305e-07,True,True,False,False,False,False
BAT_01923,V2OF5,1,0.009724646901244,0.096816917721575,-0.087092270820331,0.087092270820331,True,True,False,False,False,False
BAT_01924,V4(OF3)3,1,0.021559110820623,0.0991433118064496,-0.0775842009858266,0.0775842009858266,True,True,False,False,False,False
BAT_01925,VOF3,1,0.001065261433017,0.0010641279017693,1.1335312476801285e-06,1.1335312476801285e-06,True,True,False,False,False,False
BAT_01926,V4O5F7,1,0.01400344936335,0.0138100610001619,0.000193388363188,0.000193388363188,True,True,False,False,False,False
BAT_01927,VOF4,1,0.04567889474179,0.0436834812585706,0.0019954134832193,0.0019954134832193,True,True,False,False,False,False
BAT_01928,VOF3,1,0.004595965023352,0.0045959641592859,8.640660565523151e-10,8.640660565523151e-10,True,True,False,False,False,False
BAT_01929,V3OF11,1,0.058030870303696,0.0580308692936776,1.0100183744921054e-09,1.0100183744921054e-09,True,True,False,False,False,False
BAT_01930,VO3F,1,0.021679881781726,0.0216798825020707,-7.203447387194029e-10,7.203447387194029e-10,True,True,False,False,False,False
BAT_01931,V6O5F19,1,0.030455686137044,0.0304556877103378,-1.5732938563051135e-09,1.5732938563051135e-09,True,True,False,False,False,False
BAT_01933,VOF5,1,0.008241506876363,0.008241507093208,-2.1684506620878174e-10,2.1684506620878174e-10,True,True,False,False,False,False
BAT_01934,V4OF11,1,0.012182869363648,0.1167687415431424,-0.1045858721794944,0.1045858721794944,True,True,False,False,False,False
BAT_01936,V4OF11,1,0.010370446057823,0.079104263647612,-0.068733817589789,0.068733817589789,True,True,False,False,False,False
BAT_01937,V4OF11,1,0.015390877529624,0.118661125424312,-0.103270247894688,0.103270247894688,True,True,False,False,False,False
BAT_01938,V4O7F5,1,0.019872231887918,0.0566450604213891,-0.0367728285334711,0.0367728285334711,True,True,False,False,False,False
BAT_01939,V2OF5,1,0.007589992790817,0.1008315384000359,-0.0932415456092189,0.0932415456092189,True,True,False,False,False,False
BAT_01940,VO3F2,1,0.014723201649135,0.0520219122844826,-0.0372987106353476,0.0372987106353476,True,True,False,False,False,False
BAT_01941,V6O5F19,1,0.054520336359304,0.0545203370882671,-7.28963105156577e-10,7.28963105156577e-10,True,True,False,False,False,False
BAT_01942,V2OF5,2,0.04230050506638,0.1295274295272451,-0.0872269244608651,0.0872269244608651,True,True,False,False,False,False
BAT_01943,V4O5F7,1,0.017083584637828,0.0167966367711837,0.0002869478666442,0.0002869478666442,True,True,False,False,False,False
BAT_01944,VO3F,1,0.016096370560762,0.0160963704315377,1.2922426670392007e-10,1.2922426670392007e-10,True,True,False,False,False,False
BAT_01945,V3OF11,1,0.10454587170843,0.2236664041994828,-0.1191205324910528,0.1191205324910528,True,True,False,False,False,False
BAT_01946,VO3F,1,0.025852110838301,0.0258521115142217,-6.759207256401555e-10,6.759207256401555e-10,True,True,False,False,False,False
BAT_01948,V(OF)2,1,0.023688424994079,0.0236884252658074,-2.7172840713629576e-10,2.7172840713629576e-10,True,True,False,False,False,False
BAT_01949,V2OF5,1,0.00362193230829,0.0036088608056102,1.3071502679783563e-05,1.3071502679783563e-05,True,True,False,False,False,False
BAT_01950,V4O5F7,1,0.004809121862238,0.0047861050231544,2.3016839083516913e-05,2.3016839083516913e-05,True,True,False,False,False,False
BAT_01953,V2(OF)3,1,0.005046520749472,0.0605057067671633,-0.0554591860176913,0.0554591860176913,True,True,False,False,False,False
BAT_01954,V6O7F5,1,0.040040536646628,0.0400405367721764,-1.2554848133339291e-10,1.2554848133339291e-10,True,True,False,False,False,False
BAT_01955,V2OF5,1,0.002320688413713,0.0023153149817911,5.373431921885333e-06,5.373431921885333e-06,True,True,False,False,False,False
BAT_01956,V4OF11,1,0.010006673422285,0.1088196420411203,-0.0988129686188353,0.0988129686188353,True,True,False,False,False,False
BAT_01957,V2(OF)3,1,0.016047144744478,0.0506264320556277,-0.0345792873111497,0.0345792873111497,True,True,False,False,False,False
BAT_01958,V3(OF3)2,1,0.006222531792961,0.0062225304095895,1.3833714408370554e-09,1.3833714408370554e-09,True,True,False,False,False,False
BAT_01959,V2(OF)3,1,0.000914685349034,0.0538234882218482,-0.0529088028728142,0.0529088028728142,True,True,False,False,False,False
BAT_01960,VOF3,1,0.049906402408832,0.1567155808357699,-0.1068091784269379,0.1068091784269379,True,True,False,False,False,False
BAT_01962,V4OF11,1,0.004228575722728,0.0933734626507434,-0.0891448869280154,0.0891448869280154,True,True,False,False,False,False
BAT_01963,V4OF12,1,0.058150576796435,0.0581505760031845,7.93250479191876e-10,7.93250479191876e-10,True,True,False,False,False,False
BAT_01965,V4O5F7,1,0.004343521006349,0.0615684177604889,-0.0572248967541399,0.0572248967541399,True,True,False,False,False,False
BAT_01966,V4OF11,1,0.011207901720294,0.0112079024133486,-6.930546345151888e-10,6.930546345151888e-10,True,True,False,False,False,False
BAT_01967,V4(OF3)3,1,0.029427823603322,0.1092549379658009,-0.0798271143624789,0.0798271143624789,True,True,False,False,False,False
BAT_01968,V2OF5,1,0.007824316766975,0.0931348622260256,-0.0853105454590506,0.0853105454590506,True,True,False,False,False,False
BAT_01969,VO2F,1,0.038593792978766,0.0371596600670528,0.0014341329117131,0.0014341329117131,True,True,False,False,False,False
BAT_01970,V2OF5,1,0.028425447902821,0.0284254467995818,1.1032391840359868e-09,1.1032391840359868e-09,True,True,False,False,False,False
BAT_01971,V(OF)2,1,0.007152114579566,0.0071521139232617,6.56304263539631e-10,6.56304263539631e-10,True,True,False,False,False,False
BAT_01972,V3OF11,2,0.098141464902408,0.2148934113237676,-0.1167519464213596,0.1167519464213596,True,True,False,False,False,False
BAT_01973,V4OF11,1,0.01447615468504,0.0144761545572891,1.2775081340010708e-10,1.2775081340010708e-10,True,True,False,False,False,False
BAT_01974,V6O7F5,1,0.038063192767075,0.0380631928244562,-5.738124558840596e-11,5.738124558840596e-11,True,True,False,False,False,False
BAT_01975,VOF3,1,0.045034731794075,0.0430940058222495,0.0019407259718254,0.0019407259718254,True,True,False,False,False,False
BAT_01976,V3OF11,2,0.114753077833555,0.1147530779809464,-1.4739140463682074e-10,1.4739140463682074e-10,True,True,False,False,False,False
BAT_01977,V2OF5,1,0.005921778652742,0.1165695993315985,-0.1106478206788565,0.1106478206788565,True,True,False,False,False,False
BAT_01978,V3O5F3,1,0.003286391532673,0.003275628260671,1.0763272001900607e-05,1.0763272001900607e-05,True,True,False,False,False,False
BAT_01979,V4O5F7,1,0.043668405892592,0.0418412639655248,0.0018271419270671,0.0018271419270671,True,True,False,False,False,False
BAT_01980,V4(OF3)3,1,0.021127273940614,0.1001880510237936,-0.0790607770831796,0.0790607770831796,True,True,False,False,False,False
BAT_01982,V4OF11,1,0.001665529380389,0.0016655320301625,-2.649773599757571e-09,2.649773599757571e-09,True,True,False,False,False,False
BAT_01983,V2OF5,1,0.005318326237476,0.0053183257586681,4.788078379960871e-10,4.788078379960871e-10,True,True,False,False,False,False
BAT_01984,V2OF5,1,0.019381360340016,0.1046392542979242,-0.0852578939579082,0.0852578939579082,True,True,False,False,False,False
BAT_01985,VOF3,1,0.012169723094323,0.0121697234589388,-3.646158444614578e-10,3.646158444614578e-10,True,True,False,False,False,False
BAT_01986,V(OF)2,1,0.030638955351249,0.0297281170251501,0.0009108383260988,0.0009108383260988,True,True,False,False,False,False
BAT_01987,V3OF11,1,0.042436681529613,0.0424366803003654,1.229247544032308e-09,1.229247544032308e-09,True,True,False,False,False,False
BAT_01988,V4O5F7,1,0.009398997309457,0.0093114784797606,8.751882969638622e-05,8.751882969638622e-05,True,True,False,False,False,False
BAT_01989,V2OF5,1,0.013026791752054,0.1025363895445006,-0.0895095977924466,0.0895095977924466,True,True,False,False,False,False
BAT_01990,V6O7F5,1,0.055305578960567,0.0553055800865437,-1.1259767007665287e-09,1.1259767007665287e-09,True,True,False,False,False,False
BAT_01991,V6O5F19,1,0.06505369828487,0.2020606715498934,-0.1370069732650234,0.1370069732650234,True,True,False,False,False,False
BAT_01992,V3OF11,1,0.049920846836119,0.049920845883631,9.524879218680835e-10,9.524879218680835e-10,True,True,False,False,False,False
BAT_01993,V3O5F3,1,0.007396297407989,0.0073419920320033,5.4305375985626465e-05,5.4305375985626465e-05,True,True,False,False,False,False
BAT_01995,V2OF5,1,0.003658004866787,0.1089991702011745,-0.1053411653343875,0.1053411653343875,True,True,False,False,False,False
BAT_01996,V4(OF3)3,1,0.025690808235599,0.1093004632525904,-0.0836096550169914,0.0836096550169914,True,True,False,False,False,False
BAT_01997,V3OF11,1,0.04368105876269,0.1649831065864477,-0.1213020478237577,0.1213020478237577,True,True,False,False,False,False
BAT_01999,V3OF11,1,0.117906682357056,0.1179066820849834,2.72072545048907e-10,2.72072545048907e-10,True,True,False,False,False,False
BAT_02002,V3OF11,2,0.111185397169182,0.2365458211840656,-0.1253604240148836,0.1253604240148836,True,True,False,False,False,False
BAT_02003,V4OF11,1,0.007627120263945,0.0903446772782268,-0.0827175570142818,0.0827175570142818,True,True,False,False,False,False
BAT_02004,V3OF11,1,0.032059433388926,0.0320594335731404,-1.8421444231142559e-10,1.8421444231142559e-10,True,True,False,False,False,False
BAT_02006,V4(OF3)3,1,0.031682017469994,0.1154324732049972,-0.0837504557350032,0.0837504557350032,True,True,False,False,False,False
BAT_02007,V4(OF3)3,1,0.02514677066584,0.025146770369934,2.959059837437383e-10,2.959059837437383e-10,True,True,False,False,False,False
BAT_02008,V4OF11,1,0.005331450076595,0.0053031747570937,2.8275319501284285e-05,2.8275319501284285e-05,True,True,False,False,False,False
BAT_02009,V3OF11,1,0.068077460002613,0.0680774615729606,-1.57034762970909e-09,1.57034762970909e-09,True,True,False,False,False,False
BAT_02010,V6O5F19,1,0.059258155803604,0.0592581555240488,2.79555122106867e-10,2.79555122106867e-10,True,True,False,False,False,False
BAT_02011,V4(OF3)3,1,0.015974815452426,0.1002900991796215,-0.0843152837271955,0.0843152837271955,True,True,False,False,False,False
BAT_02012,V2OF5,1,0.0140916996828,0.1092894007820624,-0.0951977010992625,0.0951977010992625,True,True,False,False,False,False
BAT_02013,V2OF7,1,0.021291149010871,0.0208472857763458,0.0004438632345251,0.0004438632345251,True,True,False,False,False,False
BAT_02014,V4OF11,1,0.007057844925894,0.1076428448067841,-0.1005849998808901,0.1005849998808901,True,True,False,False,False,False
BAT_02015,V2(OF)3,1,0.004274725159654,0.0738566749857271,-0.0695819498260731,0.0695819498260731,True,True,False,False,False,False
BAT_02016,V4OF11,1,0.003839369875711,0.112384787441511,-0.1085454175658,0.1085454175658,True,True,False,False,False,False
BAT_02017,VOF3,1,0.035259607637902,0.0340587100226761,0.0012008976152258,0.0012008976152258,True,True,False,False,False,False
BAT_02018,V4(OF3)3,1,0.017107569725874,0.1074094576819856,-0.0903018879561116,0.0903018879561116,True,True,False,False,False,False
BAT_02019,VO3F,1,0.020901850367535,0.0209018487483654,1.6191695831335726e-09,1.6191695831335726e-09,True,True,False,False,False,False
BAT_02020,V2(OF)3,1,0.018844240809373,0.0434231790963184,-0.0245789382869454,0.0245789382869454,True,True,False,False,False,False
BAT_02022,V2OF5,1,0.033655065160816,0.0336550642485648,9.122511704373615e-10,9.122511704373615e-10,True,True,False,False,False,False
BAT_02025,VOF4,1,0.015064685455187,0.015064687838952,-2.383765001362503e-09,2.383765001362503e-09,True,True,False,False,False,False
BAT_02026,V4O5F7,1,0.020075111943718,0.0725566246556023,-0.0524815127118843,0.0524815127118843,True,True,False,False,False,False
BAT_02028,V3OF11,1,0.077847109569695,0.0778471091311535,4.3854145315158627e-10,4.3854145315158627e-10,True,True,False,False,False,False
BAT_02029,V2OF5,1,0.001147596845146,0.0011475966703427,1.7480324132623792e-10,1.7480324132623792e-10,True,True,False,False,False,False
BAT_02030,V4(OF3)3,1,0.040917162001776,0.1189428445441221,-0.0780256825423461,0.0780256825423461,True,True,False,False,False,False
BAT_02031,V4O5F7,1,0.011535751286039,0.0626354113180646,-0.0510996600320256,0.0510996600320256,True,True,False,False,False,False
BAT_02033,Rb2VF6,1,0.125216507459819,0.0465849849971238,0.0786315224626951,0.0786315224626951,True,True,False,False,False,False
BAT_02035,VF6,2,0.012466425293904,0.0058133348618153,0.0066530904320886,0.0066530904320886,True,True,False,False,False,False
BAT_02036,V3F10,1,0.065777141474073,0.0657771414740732,-2.0816681711721683e-16,2.0816681711721683e-16,True,True,False,False,False,False
BAT_02038,VF7,2,0.010918696406752,0.0637770269088822,-0.0528583305021302,0.0528583305021302,True,True,False,False,False,False
BAT_02039,VF6,1,0.027912847883494,0.0279128506400659,-2.756571967216237e-09,2.756571967216237e-09,True,True,False,False,False,False
BAT_02040,VF5,1,0.010795832500496,0.0977007949175839,-0.0869049624170879,0.0869049624170879,True,True,False,False,False,False
BAT_02042,VF5,1,0.03600003368013,0.0347490638147694,0.0012509698653605,0.0012509698653605,True,True,False,False,False,False
BAT_02043,VF4,2,0.086528408982183,0.2441714273733293,-0.1576430183911463,0.1576430183911463,True,True,False,False,False,False
BAT_02044,VF5,1,0.034107974616455,0.1580752614777514,-0.1239672868612964,0.1239672868612964,True,True,False,False,False,False
BAT_02045,VF3,1,0.100876331884398,0.1272879175782579,-0.0264115856938599,0.0264115856938599,True,True,False,False,False,False
BAT_02046,V2F7,1,0.043352165950566,0.0433521667395712,-7.890052153292081e-10,7.890052153292081e-10,True,True,False,False,False,False
BAT_02047,VF5,1,0.073262355318734,0.1852715456017182,-0.1120091902829842,0.1120091902829842,True,True,False,False,False,False
BAT_02048,VF6,2,0.014636263300185,0.0942618286877602,-0.0796255653875752,0.0796255653875752,True,True,False,False,False,False
BAT_02049,VF6,1,0.043281419902761,0.0432814187528833,1.1498776167351288e-09,1.1498776167351288e-09,True,True,False,False,False,False
BAT_02050,V2F7,2,0.025581792896494,0.1243959525256187,-0.0988141596291247,0.0988141596291247,True,True,False,False,False,False
BAT_02051,VF8,1,0.001676418840121,0.0016736130377924,2.8058023285651695e-06,2.8058023285651695e-06,True,True,False,False,False,False
BAT_02053,VF8,2,0.100558030552072,0.0913700385298706,0.0091879920222013,0.0091879920222013,True,True,False,False,False,False
BAT_02054,VF6,2,0.024923386305216,0.0992448772372623,-0.0743214909320463,0.0743214909320463,True,True,False,False,False,False
BAT_02055,VF6,1,0.052219369535501,0.052219365294592,4.240908992036996e-09,4.240908992036996e-09,True,True,False,False,False,False
BAT_02056,VF4,1,0.006091666999104,0.0060916646327142,2.36638971699149e-09,2.36638971699149e-09,True,True,False,False,False,False
BAT_02057,VF5,1,0.071732444883682,0.0698501617490088,0.0018822831346731,0.0018822831346731,True,True,False,False,False,False
BAT_02058,VF6,1,0.035031469357975,0.117600945461158,-0.0825694761031829,0.0825694761031829,True,True,False,False,False,False
BAT_02059,VF6,1,0.008863226315826,0.0088632285413029,-2.225476927741887e-09,2.225476927741887e-09,True,True,False,False,False,False
BAT_02060,VF5,2,0.071769866727539,0.2381362779205484,-0.1663664111930094,0.1663664111930094,True,True,False,False,False,False
BAT_02061,VF3,1,0.055139315568536,0.0825202580906205,-0.0273809425220845,0.0273809425220845,True,True,False,False,False,False
BAT_02062,VF6,2,0.119756872066596,0.0825948406374986,0.0371620314290973,0.0371620314290973,True,True,False,False,False,False
BAT_02063,VF6,1,0.027484500520721,0.0274844990246957,1.4960252758822181e-09,1.4960252758822181e-09,True,True,False,False,False,False
BAT_02064,VF5,1,0.018429170381733,0.0184291706831045,-3.0137158393839236e-10,3.0137158393839236e-10,True,True,False,False,False,False
BAT_02066,VF5,1,0.019559488703573,0.0191842532579034,0.0003752354456695,0.0003752354456695,True,True,False,False,False,False
BAT_02067,VF5,1,0.073079823650144,0.0115466914567224,0.0615331321934215,0.0615331321934215,True,True,False,False,False,False
BAT_02068,VF5,1,0.048104624699625,0.3285851625216289,-0.2804805378220039,0.2804805378220039,True,True,False,False,False,False
BAT_02069,VF5,1,0.028622866868644,0.1271569209760592,-0.0985340541074152,0.0985340541074152,True,True,False,False,False,False
BAT_02070,VF4,1,0.063589830226341,0.0635898307838727,-5.575317013617465e-10,5.575317013617465e-10,True,True,False,False,False,False
BAT_02072,VF6,2,0.019664494746099,0.0578073665505294,-0.0381428718044304,0.0381428718044304,True,True,False,False,False,False
BAT_02075,V2F7,1,0.00778573905953,0.0077857386195128,4.4001718241259974e-10,4.4001718241259974e-10,True,True,False,False,False,False
BAT_02076,VF6,1,0.018464372933739,0.0184643728644143,6.932466753428734e-11,6.932466753428734e-11,True,True,False,False,False,False
BAT_02079,VF5,1,0.020411286701492,0.0200029995805862,0.0004082871209057,0.0004082871209057,True,True,False,False,False,False
BAT_02081,V2F7,1,0.077095562248635,0.0770955622486352,-2.775557561562891e-16,2.775557561562891e-16,True,True,False,False,False,False
BAT_02082,VF5,1,0.016625853147931,0.0166258526215351,5.263958713364048e-10,5.263958713364048e-10,True,True,False,False,False,False
BAT_02083,V5F11,1,0.00486915324327,0.004869153131896,1.1137393611526658e-10,1.1137393611526658e-10,True,True,False,False,False,False
BAT_02084,VF4,1,0.089132752214706,0.0891327522147067,-7.494005416219808e-16,7.494005416219808e-16,True,True,False,False,False,False
BAT_02085,VF4,1,0.018322008725112,0.0464193149168845,-0.0280973061917725,0.0280973061917725,True,True,False,False,False,False
BAT_02086,VF6,1,0.017717217429986,0.0177172182095681,-7.795821869993612e-10,7.795821869993612e-10,True,True,False,False,False,False
BAT_02087,VF5,2,0.042125422528525,0.0404226032854245,0.0017028192431004,0.0017028192431004,True,True,False,False,False,False
BAT_02088,VF5,1,0.006561201135808,0.1120510526437377,-0.1054898515079297,0.1054898515079297,True,True,False,False,False,False
BAT_02089,V3F10,1,0.036647888225633,0.0366478878887767,3.3685627898183407e-10,3.3685627898183407e-10,True,True,False,False,False,False
BAT_02090,VF4,1,0.042179986737719,0.1387059303550773,-0.0965259436173583,0.0965259436173583,True,True,False,False,False,False
BAT_02091,V2F7,1,0.004546696183655,0.0045466972570721,-1.073417140763644e-09,1.073417140763644e-09,True,True,False,False,False,False
BAT_02092,VF3,1,0.004544585942742,0.06301079040428,-0.058466204461538,0.058466204461538,True,True,False,False,False,False
BAT_02095,Fe2P4H3O16,1,0.03655137997279,0.0365513792644883,7.083016395625917e-10,7.083016395625917e-10,True,False,False,True,False,False
BAT_02096,VFeP2(HO5)2,3,0.086865723464712,0.0868657236037979,-1.3908592333411463e-10,1.3908592333411463e-10,True,True,False,True,False,False
BAT_02098,FePHO5,2,0.105627997211483,0.1056279962503319,9.611510753959607e-10,9.611510753959607e-10,True,False,False,True,False,False
BAT_02100,VF6,1,0.005251741075092,0.0052517409464426,1.2864932123074488e-10,1.2864932123074488e-10,True,True,False,False,False,False
BAT_02101,FeP2HO8,1,0.002151764852972,0.0021471444613335,4.620391638455491e-06,4.620391638455491e-06,True,False,False,True,False,False
BAT_02102,VF4,1,0.023531466414419,0.0294606866461223,-0.0059292202317033,0.0059292202317033,True,True,False,False,False,False
BAT_02103,Fe(GeO3)2,1,0.063835765542646,0.0600052807181657,0.0038304848244802,0.0038304848244802,True,False,False,True,False,False
BAT_02104,K2FeO4,2,0.066523636850572,0.0665236363612826,4.892893451513558e-10,4.892893451513558e-10,True,False,False,True,False,False
BAT_02105,FeH8(SO6)2,1,0.047799330663403,0.0477993302845667,3.788362956669289e-10,3.788362956669289e-10,True,False,False,True,False,False
BAT_02106,FeH12(SO7)2,1,0.097715500251881,0.0890171454698536,0.0086983547820273,0.0086983547820273,True,False,False,True,False,False
BAT_02107,La7(FeO8)2,1,0.00472077241381,0.0046985906737395,2.2181740070429876e-05,2.2181740070429876e-05,True,False,False,True,False,False
BAT_02112,Mn3NbFe2(PO4)6,1,0.055960003415217,0.0559600016697802,1.745436760403063e-09,1.745436760403063e-09,True,False,True,True,False,False
BAT_02113,Mn3Nb2Fe3O16,1,0.077988757072783,0.0779887574469749,-3.7419198295474127e-10,3.7419198295474127e-10,True,False,True,True,False,False
BAT_02114,Mn2FeO6,1,0.027156953847646,0.0271569535894193,2.5822667268360355e-10,2.5822667268360355e-10,True,False,True,True,False,False
BAT_02115,MnFeO4,2,0.005327884833781,0.0050466060224418,0.0002812788113391,0.0002812788113391,True,False,True,True,False,False
BAT_02116,Mn3(FeO5)2,1,0.010287474766916,0.0102874756804601,-9.135441535190747e-10,9.135441535190747e-10,True,False,True,True,False,False
BAT_02117,MnFeO4,1,0.025962119028664,0.0259621221451239,-3.116459996316267e-09,3.116459996316267e-09,True,False,True,True,False,False
BAT_02118,Mn2Fe3Ni3O16,1,0.100551312592028,0.1005513104672655,2.124762477073716e-09,2.124762477073716e-09,True,False,True,True,False,True
BAT_02119,Mn2FeO6,1,0.032887772485407,0.032887772824864,-3.3945706662263925e-10,3.3945706662263925e-10,True,False,True,True,False,False
BAT_02120,Mn2FeO6,1,0.067385247091757,0.0673852457105276,1.381229353114577e-09,1.381229353114577e-09,True,False,True,True,False,False
BAT_02121,Mn5FeO12,2,0.10470916006473,0.1047091627037527,-2.6390227642059112e-09,2.6390227642059112e-09,True,False,True,True,False,False
BAT_02122,MnFe3O8,2,0.029006716557111,0.0290067154957825,1.0613284556759695e-09,1.0613284556759695e-09,True,False,True,True,False,False
BAT_02123,Mn5FeO12,1,0.037827105732278,0.0378271043609362,1.371341734612841e-09,1.371341734612841e-09,True,False,True,True,False,False
BAT_02125,Mn4FeO8,1,0.053199529281865,0.05319952610635,3.175514934339318e-09,3.175514934339318e-09,True,False,True,True,False,False
BAT_02126,Mn3FeO8,1,0.038971202560785,0.0389712024770088,8.377619431509942e-11,8.377619431509942e-11,True,False,True,True,False,False
BAT_02127,Mn5Fe3O16,2,0.194441846070904,0.1944418459181257,1.527783177746045e-10,1.527783177746045e-10,True,False,True,True,False,False
BAT_02128,Mn7Fe3O20,1,0.037473340861631,0.0374733394928507,1.368780214172638e-09,1.368780214172638e-09,True,False,True,True,False,False
BAT_02129,Mn3FeO8,2,0.057956467710403,0.0444113052787759,0.013545162431627,0.013545162431627,True,False,True,True,False,False
BAT_02130,Mn13Fe3O32,1,0.040724939043461,0.0407249400026935,-9.592325128648935e-10,9.592325128648935e-10,True,False,True,True,False,False
BAT_02131,MnFe(PO4)2,1,0.06366548937396,0.0636654884407651,9.33194813090843e-10,9.33194813090843e-10,True,False,True,True,False,False
BAT_02132,MnFe7(PO4)8,1,0.046633989854457,0.0466339896272725,2.2718442405089687e-10,2.2718442405089687e-10,True,False,True,True,False,False
BAT_02133,MnFe3(PO4)4,1,0.051629657087328,0.0516296570873279,8.326672684688674e-17,8.326672684688674e-17,True,False,True,True,False,False
BAT_02134,MnFe(PO4)2,1,0.053671033432379,0.053671032655124,7.772549687201645e-10,7.772549687201645e-10,True,False,True,True,False,False
BAT_02135,MnFe(PO4)2,1,0.073430542953921,0.0734305432434263,-2.8950537800387366e-10,2.8950537800387366e-10,True,False,True,True,False,False
BAT_02136,Mn2Fe(PO4)3,1,0.062671950415069,0.0626719509789024,-5.638334799051846e-10,5.638334799051846e-10,True,False,True,True,False,False
BAT_02137,Mn3Fe2Sn(PO4)6,1,0.072993697866604,0.0729936978732406,-6.636691196604261e-12,6.636691196604261e-12,True,False,True,True,False,False
BAT_02138,MnFe2(PO4)3,1,0.044272432756849,0.044272433163966,-4.0711704840656893e-10,4.0711704840656893e-10,True,False,True,True,False,False
BAT_02139,Mn3Fe(PO4)4,1,0.062901992034718,0.062901992827801,-7.930830159263991e-10,7.930830159263991e-10,True,False,True,True,False,False
BAT_02140,Mn7Fe(PO4)12,1,0.052644822739555,0.0526448221860383,5.535166630599163e-10,5.535166630599163e-10,True,False,True,True,False,False
BAT_02141,Mn3FeO8,1,0.035291970590529,0.0352919718384576,-1.247928649306118e-09,1.247928649306118e-09,True,False,True,True,False,False
BAT_02142,MnFe(PO4)2,1,0.060991586343797,0.0609915851386994,1.2050975217725581e-09,1.2050975217725581e-09,True,False,True,True,False,False
BAT_02143,MnFe3(PO4)4,1,0.050083784834351,0.0500837846562039,1.7814701797069787e-10,1.7814701797069787e-10,True,False,True,True,False,False
BAT_02144,Mn3Fe(PO4)6,2,0.071720637144417,0.0717206374001673,-2.557503098188363e-10,2.557503098188363e-10,True,False,True,True,False,False
BAT_02145,MnFe3(PO4)4,1,0.048616532199917,0.0486165323577764,-1.5785948936919422e-10,1.5785948936919422e-10,True,False,True,True,False,False
BAT_02146,Mn5(FeO6)2,1,0.034379397203528,0.0343793964000937,8.034342080520672e-10,8.034342080520672e-10,True,False,True,True,False,False
BAT_02147,Mn3FeO8,2,0.085121564342329,0.0849709341812322,0.0001506301610967,0.0001506301610967,True,False,True,True,False,False
BAT_02148,Mn11Fe(PO4)12,1,0.065784273239294,0.0657842736947059,-4.554119581445803e-10,4.554119581445803e-10,True,False,True,True,False,False
BAT_02149,MnFe(PO4)2,1,0.05665489446689,0.056654894095981,3.7090892857083446e-10,3.7090892857083446e-10,True,False,True,True,False,False
BAT_02150,Mn3Fe(PO4)4,1,0.061377911755304,0.0613779112589108,4.963931071744199e-10,4.963931071744199e-10,True,False,True,True,False,False
BAT_02151,Mn5Fe(PO4)6,1,0.067239255714904,0.0672392563245894,-6.096854271442352e-10,6.096854271442352e-10,True,False,True,True,False,False
BAT_02152,Fe2(MoO4)3,1,0.016690475530926,0.0166904755309266,-6.696032617270475e-16,6.696032617270475e-16,True,False,False,True,False,False
BAT_02153,Ti2Mn3Fe3O16,1,0.06475067481395,0.064750675160729,-3.4677909155345077e-10,3.4677909155345077e-10,True,False,True,True,False,False
BAT_02154,Mn3Fe2Sb3O16,1,0.118969486355608,0.1189694848548958,1.5007121795251874e-09,1.5007121795251874e-09,True,False,True,True,False,False
BAT_02155,MnV4FeO12,1,0.001226117591583,0.0012261176121201,-2.0537118013141953e-11,2.0537118013141953e-11,True,True,True,True,False,False
BAT_02156,Mn2Fe3Sn(PO4)6,1,0.058139060556091,0.0581390601298453,4.262456637649237e-10,4.262456637649237e-10,True,False,True,True,False,False
BAT_02157,Mn3Fe3(TeO8)2,1,0.0858994305529999,0.0858994293692862,1.1837136687509187e-09,1.1837136687509187e-09,True,False,True,True,False,False
BAT_02158,Mn2Fe3P6WO24,1,0.058775620747429,0.0587756215566209,-8.09191914863394e-10,8.09191914863394e-10,True,False,True,True,False,False
BAT_02159,Mn3Fe3(SbO8)2,1,0.08030277861279,0.0803027795911722,-9.783822640940798e-10,9.783822640940798e-10,True,False,True,True,False,False
BAT_02161,Na2Ti3Fe(PO4)6,1,0.030316304874489,0.0303163070228196,-2.148330683487964e-09,2.148330683487964e-09,True,False,False,True,False,False
BAT_02162,Na3Fe3(PO4)4,1,0.022010334237861,0.0220103345511509,-3.1328992178281107e-10,3.1328992178281107e-10,True,False,False,True,False,False
BAT_02164,Na2Fe(Si2O5)3,1,0.00040125464656,0.0004010930733567,1.615732032315574e-07,1.615732032315574e-07,True,False,False,True,False,False
BAT_02167,Nb2Fe3O10,2,0.040113539185216,0.0062349754487162,0.0338785637364997,0.0338785637364997,True,False,False,True,False,False
BAT_02168,NbFe3O8,1,0.000825873920286,0.0008258722974029,1.622883092017649e-09,1.622883092017649e-09,True,False,False,True,False,False
BAT_02169,NbFeO4,1,0.013395259562806,0.0133952595628067,-7.875644580934704e-16,7.875644580934704e-16,True,False,False,True,False,False
BAT_02170,NbFe5O12,1,0.049381361431116,0.0470575934682218,0.0023237679628941,0.0023237679628941,True,False,False,True,False,False
BAT_02171,NaFe2(SiO3)4,1,0.000562069719702,0.000562068304713,1.414988922148093e-09,1.414988922148093e-09,True,False,False,True,False,False
BAT_02172,NbFe5(PO4)6,1,0.055001851803532,0.0550018502135444,1.589987558281436e-09,1.589987558281436e-09,True,False,False,True,False,False
BAT_02173,Fe3NiO8,2,0.075470433647924,0.0754704305304787,3.1174453019033872e-09,3.1174453019033872e-09,True,False,False,True,False,True
BAT_02174,NbFe7(PO4)12,1,0.021737776296678,0.0212752981504622,0.0004624781462157,0.0004624781462157,True,False,False,True,False,False
BAT_02175,FeNi3O8,2,0.01563427767467,0.0156342763748064,1.299863511966537e-09,1.299863511966537e-09,True,False,False,True,False,True
BAT_02176,Fe2Ni3O10,1,0.0189201891008,0.0189201888075846,2.932153929380288e-10,2.932153929380288e-10,True,False,False,True,False,True
BAT_02177,Fe5NiO12,1,0.046306068603873,0.0442567165651355,0.0020493520387374,0.0020493520387374,True,False,False,True,False,True
BAT_02178,Fe3(NiO5)2,1,0.015806643112337,0.032134292249029,-0.016327649136692,0.016327649136692,True,False,False,True,False,True
BAT_02179,Fe5(NiO6)2,1,0.013155630251477,0.0131556294794328,7.720441386888098e-10,7.720441386888098e-10,True,False,False,True,False,True
BAT_02180,Fe2NiO6,1,0.04704898974727,0.0470489917997752,-2.0525052144004796e-09,2.0525052144004796e-09,True,False,False,True,False,True
BAT_02181,FeNi3O8,2,0.140849375650286,0.1408493755482276,1.0205833400611651e-10,1.0205833400611651e-10,True,False,False,True,False,True
BAT_02182,FeNiO4,1,0.024996571772618,0.0249965696676541,2.10496384212e-09,2.10496384212e-09,True,False,False,True,False,True
BAT_02184,Fe3Ni7O20,1,0.004188092464228,0.0041706255681958,1.7466896032178846e-05,1.7466896032178846e-05,True,False,False,True,False,True
BAT_02185,FeNi9O20,2,0.022830039991015,0.0182479845237323,0.0045820554672826,0.0045820554672826,True,False,False,True,False,True
BAT_02186,Fe3Ni(PO4)4,1,0.043914279424599,0.0439142799597927,-5.351937018560625e-10,5.351937018560625e-10,True,False,False,True,False,True
BAT_02188,Fe5Ni(PO4)6,1,0.036837605220037,0.0368376058478069,-6.277699332590814e-10,6.277699332590814e-10,True,False,False,True,False,True
BAT_02189,FeNi(PO4)2,1,0.045831306615031,0.0458313058128445,8.021864769669483e-10,8.021864769669483e-10,True,False,False,True,False,True
BAT_02190,Fe2Ni(PO4)3,1,0.029925293070964,0.0299252923649795,7.05984468801768e-10,7.05984468801768e-10,True,False,False,True,False,True
BAT_02191,FeNi3(PO4)4,1,0.030095463978547,0.0300954647648065,-7.86259505419773e-10,7.86259505419773e-10,True,False,False,True,False,True
BAT_02192,TiFe2Ni3(PO4)6,1,0.048143092306712,0.0481430927410102,-4.3429829177377144e-10,4.3429829177377144e-10,True,False,False,True,False,True
BAT_02193,Ti2Fe3Ni3O16,1,0.07818922902875,0.0781892283249414,7.038085392263581e-10,7.038085392263581e-10,True,False,False,True,False,True
BAT_02194,FeO2,2,0.021405413077958,0.021405414669813,-1.5918550887172864e-09,1.5918550887172864e-09,True,False,False,True,False,False
BAT_02196,Fe5O8,1,0.074427472858813,0.0722868390635546,0.0021406337952584,0.0021406337952584,True,False,False,True,False,False
BAT_02197,Fe3O4,1,0.005659183183774,0.005627337668977,3.184551479690819e-05,3.184551479690819e-05,True,False,False,True,False,False
BAT_02198,FeO6,1,0.033357827352487,0.0333578286270804,-1.2745934099833711e-09,1.2745934099833711e-09,True,False,False,True,False,False
BAT_02199,FeO2,3,0.150733664532332,0.0177504054919335,0.1329832590403984,0.1329832590403984,True,False,False,True,False,False
BAT_02200,FeO3,1,0.02008006187993,0.0200800626225143,-7.425843273622944e-10,7.425843273622944e-10,True,False,False,True,False,False
BAT_02202,FeO2,1,0.031822459314658,0.0318224595681797,-2.5352170363035503e-10,2.5352170363035503e-10,True,False,False,True,False,False
BAT_02205,FeO3,2,0.082214591108193,0.0822145911081933,-3.747002708109903e-16,3.747002708109903e-16,True,False,False,True,False,False
BAT_02206,FeO2,2,0.022473206979525,0.0220268253398319,0.000446381639693,0.000446381639693,True,False,False,True,False,False
BAT_02207,FeO4,2,0.007486662302005,0.057249139126148,-0.049762476824143,0.049762476824143,True,False,False,True,False,False
BAT_02208,FeO4,2,0.060733737551059,0.0607337366689213,8.821376198953067e-10,8.821376198953067e-10,True,False,False,True,False,False
BAT_02209,Fe3O8,2,0.069485130305245,0.0694851309303988,-6.251538869905814e-10,6.251538869905814e-10,True,False,False,True,False,False
BAT_02210,Fe5O12,1,0.011055036190295,0.0551647195520478,-0.0441096833617528,0.0441096833617528,True,False,False,True,False,False
BAT_02211,Fe5O12,1,0.007595909659903,0.0075959106352506,-9.753476490001467e-10,9.753476490001467e-10,True,False,False,True,False,False
BAT_02212,FeO3,2,0.061864512651689,0.0542265873020783,0.0076379253496106,0.0076379253496106,True,False,False,True,False,False
BAT_02214,Fe3O8,1,0.001654921224394,0.0016521865925254,2.734631868542411e-06,2.734631868542411e-06,True,False,False,True,False,False
BAT_02215,Fe5O8,1,0.1027480906686,0.093174579751069,0.0095735109175309,0.0095735109175309,True,False,False,True,False,False
BAT_02216,FeO4,1,0.018907646671689,0.0189076465889366,8.275234317234315e-11,8.275234317234315e-11,True,False,False,True,False,False
BAT_02217,Fe7O12,2,0.020081952248003,0.0200819519118232,3.36179747234544e-10,3.36179747234544e-10,True,False,False,True,False,False
BAT_02218,Fe5O16,1,0.053647545794303,0.053647546575741,-7.814380600934533e-10,7.814380600934533e-10,True,False,False,True,False,False
BAT_02219,Fe5O12,1,0.02701820784141,0.027018208937685,-1.0962750915388675e-09,1.0962750915388675e-09,True,False,False,True,False,False
BAT_02221,FeO2,1,0.077727118065087,0.0777271207541168,-2.6890298737702878e-09,2.6890298737702878e-09,True,False,False,True,False,False
BAT_02222,FeO2,1,0.111444197575247,0.111444197551431,2.381592145717093e-11,2.381592145717093e-11,True,False,False,True,False,False
BAT_02224,FeO2,1,0.001771649501683,0.0017685173945956,3.1321070873148015e-06,3.1321070873148015e-06,True,False,False,True,False,False
BAT_02225,FeO2,1,0.030775845469782,0.0298569737116993,0.0009188717580826,0.0009188717580826,True,False,False,True,False,False
BAT_02227,FeO3,1,0.008656131763094,0.0086561322670018,-5.039078234542194e-10,5.039078234542194e-10,True,False,False,True,False,False
BAT_02228,Fe5O8,1,0.025263658332268,0.0252636583322681,-1.2836953722228372e-16,1.2836953722228372e-16,True,False,False,True,False,False
BAT_02229,FeO2,1,0.026047993552285,0.0260479935212748,3.101010420669681e-11,3.101010420669681e-11,True,False,False,True,False,False
BAT_02230,Fe3(PO4)4,1,0.021437356278203,0.0214373551613186,1.1168843558340136e-09,1.1168843558340136e-09,True,False,False,True,False,False
BAT_02231,Fe3(P2O7)2,1,0.041896890821464,0.0418968909085439,-8.707989884726429e-11,8.707989884726429e-11,True,False,False,True,False,False
BAT_02232,FePO4,1,0.174730924712203,0.2765823142538635,-0.1018513895416605,0.1018513895416605,True,False,False,True,False,False
BAT_02233,FePO4,1,0.088941432959381,0.0889414317815436,1.177837383181668e-09,1.177837383181668e-09,True,False,False,True,False,False
BAT_02236,Fe4P9O32,2,0.042939775642897,0.0411718649971212,0.0017679106457757,0.0017679106457757,True,False,False,True,False,False
BAT_02238,Fe(PO3)4,1,0.000811399822931,0.0008113992065616,6.163693398991005e-10,6.163693398991005e-10,True,False,False,True,False,False
BAT_02239,FePO4,1,0.142112473692608,0.1244294908475759,0.017682982845032,0.017682982845032,True,False,False,True,False,False
BAT_02240,FeP2O7,1,0.06849629874269,0.0641053233242742,0.0043909754184157,0.0043909754184157,True,False,False,True,False,False
BAT_02241,FePO4,1,0.029230097350827,0.0283999639256581,0.0008301334251688,0.0008301334251688,True,False,False,True,False,False
BAT_02242,Fe(PO3)3,1,0.010717643810729,0.0107176438665139,-5.578499814862248e-11,5.578499814862248e-11,True,False,False,True,False,False
BAT_02243,FePO4,1,0.117748443515073,0.0471034217118721,0.0706450218032008,0.0706450218032008,True,False,False,True,False,False
BAT_02244,FePO4,1,0.064445117027244,0.0031039851552224,0.0613411318720215,0.0613411318720215,True,False,False,True,False,False
BAT_02245,Fe2(PO4)3,1,0.007307465334124,0.0072544534329468,5.3011901177107273e-05,5.3011901177107273e-05,True,False,False,True,False,False
BAT_02246,FeP2O7,1,0.002867496383111,0.002859298550978,8.197832132935626e-06,8.197832132935626e-06,True,False,False,True,False,False
BAT_02248,Fe3P3O11,1,0.012084262579274,0.0120842630595212,-4.802472881176856e-10,4.802472881176856e-10,True,False,False,True,False,False
BAT_02249,Fe3(PO4)4,1,0.008415714418767,0.008415715052398,-6.336310087728947e-10,6.336310087728947e-10,True,False,False,True,False,False
BAT_02250,Fe(PO4)2,2,0.039853499334839,0.0352158769178264,0.0046376224170125,0.0046376224170125,True,False,False,True,False,False
BAT_02251,FeP2O7,2,0.072689089130525,0.0452195510796079,0.027469538050917,0.027469538050917,True,False,False,True,False,False
BAT_02252,Fe(PO3)5,1,0.055194215383896,0.052307162567622,0.0028870528162739,0.0028870528162739,True,False,False,True,False,False
BAT_02254,Fe(PO3)4,2,0.006287689106541,0.0026866093550569,0.003601079751484,0.003601079751484,True,False,False,True,False,False
BAT_02255,FePO4,1,0.015509598518297,0.0152727230482727,0.0002368754700242,0.0002368754700242,True,False,False,True,False,False
BAT_02256,Fe2(PO4)3,3,0.046032482833325,0.042794951581102,0.0032375312522229,0.0032375312522229,True,False,False,True,False,False
BAT_02257,Fe2P3O13,1,0.005395912171213,0.0053669532500147,2.8958921198290327e-05,2.8958921198290327e-05,True,False,False,True,False,False
BAT_02259,FeP2O7,1,0.005065497415952,0.0050399654597348,2.553195621712596e-05,2.553195621712596e-05,True,False,False,True,False,False
BAT_02260,Fe2P5O16,2,0.03474335910063,0.0335767885362741,0.0011665705643558,0.0011665705643558,True,False,False,True,False,False
BAT_02261,FeP2O7,1,0.020220950657472,0.0198201687714459,0.000400781886026,0.000400781886026,True,False,False,True,False,False
BAT_02262,Fe2(PO4)3,4,0.06614854581119,0.0326350933614247,0.0335134524497652,0.0335134524497652,True,False,False,True,False,False
BAT_02263,Fe3P4O15,2,0.010084047472605,0.0056445557055229,0.004439491767082,0.004439491767082,True,False,False,True,False,False
BAT_02264,Fe5(P2O7)4,2,0.007965145683528,0.0079022030676638,6.294261586416681e-05,6.294261586416681e-05,True,False,False,True,False,False
BAT_02265,FeP4O13,2,0.065199055282456,0.0612083290557264,0.0039907262267295,0.0039907262267295,True,False,False,True,False,False
BAT_02266,FeP2O7,1,0.048410090432895,0.046174766406527,0.0022353240263679,0.0022353240263679,True,False,False,True,False,False
BAT_02267,Fe3P8O29,2,0.056456915235829,0.0534398658874052,0.0030170493484237,0.0030170493484237,True,False,False,True,False,False
BAT_02268,Fe3P3O13,1,0.005085635827754,0.0050599033523129,2.573247544103343e-05,2.573247544103343e-05,True,False,False,True,False,False
BAT_02269,Fe2P3O10,1,0.029773622974997,0.0297736232222695,-2.4727255659717784e-10,2.4727255659717784e-10,True,False,False,True,False,False
BAT_02270,FeP2O7,2,0.028261706549256,0.0018642078705817,0.0263974986786742,0.0263974986786742,True,False,False,True,False,False
BAT_02272,FeP2O7,1,0.025337950974353,0.0247118042561183,0.0006261467182346,0.0006261467182346,True,False,False,True,False,False
BAT_02273,Fe2P2O9,1,0.036861167955307,0.0355507262404145,0.0013104417148924,0.0013104417148924,True,False,False,True,False,False
BAT_02274,Fe(PO3)3,1,0.024122449456892,0.024122449456893,-9.992007221626409e-16,9.992007221626409e-16,True,False,False,True,False,False
BAT_02275,FeP2O7,2,0.037405513232359,0.0258069372394974,0.0115985759928615,0.0115985759928615,True,False,False,True,False,False
BAT_02276,FeP2O7,2,0.082201524694838,0.0089266193897498,0.0732749053050881,0.0732749053050881,True,False,False,True,False,False
BAT_02277,Fe5(P3O11)2,1,0.009794939797347,0.0097949400106433,-2.1329637535372203e-10,2.1329637535372203e-10,True,False,False,True,False,False
BAT_02278,FePO4,1,0.061233715544775,0.0032628756600656,0.0579708398847093,0.0579708398847093,True,False,False,True,False,False
BAT_02279,FeP2O7,1,0.014660789909829,0.0144489568848215,0.0002118330250074,0.0002118330250074,True,False,False,True,False,False
BAT_02280,Fe(PO4)2,1,0.004601904242337,0.004601905540816,-1.2984790491096796e-09,1.2984790491096796e-09,True,False,False,True,False,False
BAT_02281,Fe9(PO4)8,1,0.014841544193299,0.0146244951616997,0.0002170490315992,0.0002170490315992,True,False,False,True,False,False
BAT_02283,FePO4,2,0.026701392711024,0.0124676594467134,0.0142337332643105,0.0142337332643105,True,False,False,True,False,False
BAT_02284,Fe2(PO4)3,1,0.005745626739632,0.0057456286778011,-1.9381691017741894e-09,1.9381691017741894e-09,True,False,False,True,False,False
BAT_02285,FePO4,1,0.163514441973768,0.1405349485999079,0.02297949337386,0.02297949337386,True,False,False,True,False,False
BAT_02286,FePO4,2,0.022463639130684,0.0074936143898288,0.0149700247408551,0.0149700247408551,True,False,False,True,False,False
BAT_02287,Fe3(PO4)4,1,0.036606261852087,0.0353135638116895,0.0012926980403974,0.0012926980403974,True,False,False,True,False,False
BAT_02288,FeP2O7,1,0.032996177726613,0.0319422067318699,0.0010539709947431,0.0010539709947431,True,False,False,True,False,False
BAT_02289,FePO4,1,0.00299486468192,0.0029859225076939,8.942174226004782e-06,8.942174226004782e-06,True,False,False,True,False,False
BAT_02290,FeP2O7,1,0.031491469327076,0.0305300333733023,0.0009614359537736,0.0009614359537736,True,False,False,True,False,False
BAT_02291,FeP2O7,1,0.035264312957085,0.0340631013272401,0.0012012116298448,0.0012012116298448,True,False,False,True,False,False
BAT_02292,FeP2O7,1,0.052205318435475,0.0496151445940031,0.0025901738414718,0.0025901738414718,True,False,False,True,False,False
BAT_02293,Fe4(PO4)3,1,0.000868144114001,0.0008681461457626,-2.0317616073730824e-09,2.0317616073730824e-09,True,False,False,True,False,False
BAT_02295,FePO4,1,0.113781402880349,0.1021577506915622,0.0116236521887867,0.0116236521887867,True,False,False,True,False,False
BAT_02296,Fe2(PO4)3,2,0.034227154066261,0.0330944249655767,0.0011327291006842,0.0011327291006842,True,False,False,True,False,False
BAT_02297,Fe3(PO4)4,1,0.067699544662172,0.0634069241779634,0.0042926204842085,0.0042926204842085,True,False,False,True,False,False
BAT_02298,Fe(PO4)2,1,0.022610561627826,0.0221106280568572,0.0004999335709687,0.0004999335709687,True,False,False,True,False,False
BAT_02299,Fe(PO3)4,1,0.012100569864138,0.0119558960029322,0.0001446738612057,0.0001446738612057,True,False,False,True,False,False
BAT_02300,Fe(PO4)2,1,0.029082501301479,0.0282606118019588,0.0008218894995201,0.0008218894995201,True,False,False,True,False,False
BAT_02302,Fe3(P2O7)2,1,0.016209433441884,0.0159508791920056,0.0002585542498783,0.0002585542498783,True,False,False,True,False,False
BAT_02303,Fe5(PO4)4,1,0.033175345147056,0.0331753462443005,-1.0972445313450763e-09,1.0972445313450763e-09,True,False,False,True,False,False
BAT_02304,Fe3(PO4)4,1,0.05930782921633,0.0559873415109273,0.0033204877054026,0.0033204877054026,True,False,False,True,False,False
BAT_02305,FeP2O9,1,0.012176103118689,0.0120296262218883,0.0001464768968006,0.0001464768968006,True,False,False,True,False,False
BAT_02306,Fe(PO4)2,1,0.036212042896267,0.0349465566098475,0.0012654862864194,0.0012654862864194,True,False,False,True,False,False
BAT_02308,FePO4,1,0.097290927749932,0.0886646606560708,0.0086262670938611,0.0086262670938611,True,False,False,True,False,False
BAT_02309,FeP2O7,1,0.099325903956339,0.0903516455957587,0.0089742583605802,0.0089742583605802,True,False,False,True,False,False
BAT_02310,FeP2O7,2,0.045074100929097,0.0215758225203889,0.023498278408708,0.023498278408708,True,False,False,True,False,False
BAT_02311,FeP2O7,4,0.033374470746635,0.0333744709195889,-1.72953928956332e-10,1.72953928956332e-10,True,False,False,True,False,False
BAT_02313,FePO4,1,0.069763680911937,0.0697636809119376,-5.967448757360216e-16,5.967448757360216e-16,True,False,False,True,False,False
BAT_02314,FePO5,1,0.006739265591828,0.0067392655709422,2.0885771410961148e-11,2.0885771410961148e-11,True,False,False,True,False,False
BAT_02315,FePO4,1,0.175766799508324,0.1113967875743876,0.0643700119339363,0.0643700119339363,True,False,False,True,False,False
BAT_02316,FePO4,1,0.057213168345342,0.0572131672128771,1.1324648441224383e-09,1.1324648441224383e-09,True,False,False,True,False,False
BAT_02317,Fe(PO4)2,1,0.013561213646674,0.0133797679406112,0.0001814457060627,0.0001814457060627,True,False,False,True,False,False
BAT_02318,FePO4,1,0.093300465600534,0.0853383571452935,0.0079621084552404,0.0079621084552404,True,False,False,True,False,False
BAT_02319,Fe(PO3)3,1,0.025989487357177,0.0253311451651055,0.0006583421920714,0.0006583421920714,True,False,False,True,False,False
BAT_02320,Fe7(PO4)8,1,0.008453804533686,0.0084538055972497,-1.063563724937322e-09,1.063563724937322e-09,True,False,False,True,False,False
BAT_02321,Fe5Sb(PO4)6,1,0.049316877760294,0.049316878243503,-4.832090838569059e-10,4.832090838569059e-10,True,False,False,True,False,False
BAT_02322,Fe3Sb(PO4)4,1,0.055870134932014,0.0558701356824562,-7.504422500081985e-10,7.504422500081985e-10,True,False,False,True,False,False
BAT_02324,Fe7Te(PO4)12,1,0.01218131085953,0.0120347118582951,0.0001465990012348,0.0001465990012348,True,False,False,True,False,False
BAT_02325,FeSn(PO4)2,1,0.119366757939736,0.1193667592235598,-1.2838237972712108e-09,1.2838237972712108e-09,True,False,False,True,False,False
BAT_02326,Fe3Sb(PO4)6,1,0.001921936363528,0.0019182504498417,3.6859136862564448e-06,3.6859136862564448e-06,True,False,False,True,False,False
BAT_02327,TiFe3(PO4)6,2,0.043553175022297,0.0032976726235511,0.0402555023987458,0.0402555023987458,True,False,False,True,False,False
BAT_02328,VFe3(PO4)6,1,0.01367067541944,0.013486308605792,0.0001843668136479,0.0001843668136479,True,True,False,True,False,False
BAT_02329,Ti3Fe(PO4)6,2,0.021552192613268,0.0123681953218811,0.0091839972913868,0.0091839972913868,True,False,False,True,False,False
BAT_02330,VFe3(PO4)4,1,0.061323441257394,0.061323441072337,1.8505690729808674e-10,1.8505690729808674e-10,True,True,False,True,False,False
BAT_02331,V3Fe(PO4)6,1,0.030496756830814,0.0304967580097003,-1.1788863496509092e-09,1.1788863496509092e-09,True,True,False,True,False,False
BAT_02332,VFe7(PO4)12,1,0.011269886198883,0.0111442907249623,0.0001255954739206,0.0001255954739206,True,True,False,True,False,False
BAT_02333,VFe(PO4)2,1,0.041068615967482,0.0410686155753736,3.921083457925078e-10,3.921083457925078e-10,True,True,False,True,False,False
BAT_02334,VFe(P2O7)2,3,0.054003401912552,0.0478499914452363,0.0061534104673156,0.0061534104673156,True,True,False,True,False,False
BAT_02335,Fe7P12WO48,1,0.015870303091575,0.0156223715287393,0.0002479315628356,0.0002479315628356,True,False,False,True,False,False
BAT_02336,ZnFe(PO4)2,1,0.016671797524838,0.0166717972357585,2.890794929821805e-10,2.890794929821805e-10,True,False,False,True,False,False
BAT_02337,Fe5P6WO24,1,0.061159116465976,0.0611591170355684,-5.695924149007324e-10,5.695924149007324e-10,True,False,False,True,False,False
BAT_02338,Zr7Fe(PO4)12,1,0.005845919257834,0.0058119430209894,3.397623684450041e-05,3.397623684450041e-05,True,False,False,True,False,False
BAT_02340,Fe(SO4)2,1,0.047961562025282,0.0479615616688771,3.5640488477151067e-10,3.5640488477151067e-10,True,False,False,True,False,False
BAT_02341,Fe2(SO4)3,1,0.013500310009562,0.0624649933067368,-0.0489646832971748,0.0489646832971748,True,False,False,True,False,False
BAT_02342,Fe2(SO4)3,1,0.11465853565793,0.1146585359819575,-3.2402751315441236e-10,3.2402751315441236e-10,True,False,False,True,False,False
BAT_02343,Fe(SO4)2,1,0.012707052755298,0.0127070535104545,-7.55156541465407e-10,7.55156541465407e-10,True,False,False,True,False,False
BAT_02344,Fe(SO4)2,1,0.011606126403935,0.0114729693400623,0.0001331570638726,0.0001331570638726,True,False,False,True,False,False
BAT_02345,Fe(SbO3)4,1,0.061695609093956,0.0616956095966196,-5.026636884508662e-10,5.026636884508662e-10,True,False,False,True,False,False
BAT_02346,Fe3SbO8,1,0.002839125818661,0.0028391255454762,2.7318477905172167e-10,2.7318477905172167e-10,True,False,False,True,False,False
BAT_02347,Fe5SbO12,1,0.041823463990698,0.0418234613017956,2.688902364655909e-09,2.688902364655909e-09,True,False,False,True,False,False
BAT_02348,Ti3Fe3(SbO8)2,1,0.063156241473495,0.0631562431525801,-1.679085107064715e-09,1.679085107064715e-09,True,False,False,True,False,False
BAT_02350,Fe(SeO3)2,1,0.01786371086121,0.0175501987428266,0.0003135121183833,0.0003135121183833,True,False,False,True,False,False
BAT_02353,Fe(SiO3)2,1,0.046822230923719,0.0447279676909929,0.002094263232726,0.002094263232726,True,False,False,True,False,False
BAT_02354,FeSiO4,2,0.177338363099093,0.1975637371592952,-0.0202253740602021,0.0202253740602021,True,False,False,True,False,False
BAT_02355,Fe(SiO3)2,1,0.028697016187225,0.0286970159162766,2.7094831239748984e-10,2.7094831239748984e-10,True,False,False,True,False,False
BAT_02356,FeSiO4,1,0.025612551482282,0.0249729311096936,0.0006396203725883,0.0006396203725883,True,False,False,True,False,False
BAT_02357,FeSiO4,1,0.012776925520738,0.012776926065005,-5.442670307498343e-10,5.442670307498343e-10,True,False,False,True,False,False
BAT_02358,FeSiO4,1,0.022224319253918,0.0217411376228686,0.0004831816310493,0.0004831816310493,True,False,False,True,False,False
BAT_02359,Fe(SiO3)2,1,0.001721218602808,0.0017212192574643,-6.54656352565286e-10,6.54656352565286e-10,True,False,False,True,False,False
BAT_02425,Na2V3P2O13,1,0.037161785560514,0.0371617855792243,-1.8710338833827223e-11,1.8710338833827223e-11,False,True,False,False,False,False
BAT_02426,Na2VPO6,1,0.02351597811578,0.0229756828085921,0.0005402953071878,0.0005402953071878,False,True,False,False,False,False
BAT_02429,NbNi3O8,1,0.000185989895293,0.0001859899875777,-9.228472367252097e-11,9.228472367252097e-11,False,False,False,False,False,True
BAT_02430,Nb6NiO18,1,0.015943920131109,0.0159439209850657,-8.539567421250727e-10,8.539567421250727e-10,False,False,False,False,False,True
BAT_02431,NbNi3(PO4)6,1,0.01086447975641,0.0108644813071563,-1.550746300468808e-09,1.550746300468808e-09,False,False,False,False,False,True
BAT_02445,NbV3(PO4)6,1,0.037953554849575,0.0379535554073126,-5.577376130383448e-10,5.577376130383448e-10,False,True,False,False,False,False
BAT_02458,Ti3Nb2V3O16,1,0.046599769116147,0.046599770304624,-1.1884770251269215e-09,1.1884770251269215e-09,False,True,False,False,False,False
BAT_02459,Nb4VO12,1,0.008220252077549,0.0081532303503831,6.702172716588177e-05,6.702172716588177e-05,False,True,False,False,False,False
BAT_02460,NbV3O8,1,0.056699325401431,0.1099922853723573,-0.0532929599709263,0.0532929599709263,False,True,False,False,False,False
BAT_02461,Nb7V12O48,1,0.019990567737323,0.0195987765778089,0.000391791159514,0.000391791159514,False,True,False,False,False,False
BAT_02464,NbV3O8,1,0.042690979313021,0.0426909785995016,7.135193061391654e-10,7.135193061391654e-10,False,True,False,False,False,False
BAT_02471,NiO2,1,0.027857544867174,0.0278575455360712,-6.688972327417718e-10,6.688972327417718e-10,False,False,False,False,False,True
BAT_02473,Ni6O7,1,0.018504891249006,0.019466271067709,-0.000961379818703,0.000961379818703,False,False,False,False,False,True
BAT_02474,Ni11O28,1,0.020507473462914,0.020507473629257,-1.6634299840334601e-10,1.6634299840334601e-10,False,False,False,False,False,True
BAT_02475,NiO2,1,0.011840580751956,0.0118405791217158,1.6302401026346836e-09,1.6302401026346836e-09,False,False,False,False,False,True
BAT_02476,Ni13O24,1,0.015848739922757,0.0158487397667771,1.5597982974679958e-10,1.5597982974679958e-10,False,False,False,False,False,True
BAT_02477,NiO2,3,0.175729628396623,0.1757296258908728,2.5057501629177632e-09,2.5057501629177632e-09,False,False,False,False,False,True
BAT_02478,NiO2,1,0.000382558034848,0.0003824112478025,1.467870454832784e-07,1.467870454832784e-07,False,False,False,False,False,True
BAT_02479,NiO2,3,0.04275194110941,0.0016371048519958,0.0411148362574141,0.0411148362574141,False,False,False,False,False,True
BAT_02480,NiO4,1,0.038733402616264,0.0387334028733401,-2.5707616591041926e-10,2.5707616591041926e-10,False,False,False,False,False,True
BAT_02481,Ni5O9,1,0.002844014948514,0.0285526179735872,-0.0257086030250732,0.0257086030250732,False,False,False,False,False,True
BAT_02482,NiO2,1,0.025063443818555,0.0250634451697533,-1.351198344184956e-09,1.351198344184956e-09,False,False,False,False,False,True
BAT_02483,NiO4,2,0.06433126126756,0.032808408947697,0.0315228523198629,0.0315228523198629,False,False,False,False,False,True
BAT_02484,NiO2,1,0.026948623162222,0.0703624014771991,-0.0434137783149771,0.0434137783149771,False,False,False,False,False,True
BAT_02485,Ni15O28,1,0.03751489559652,0.0375148961988246,-6.023046436598456e-10,6.023046436598456e-10,False,False,False,False,False,True
BAT_02486,NiO2,1,0.104783562232827,0.1047835643132185,-2.0803915395939403e-09,2.0803915395939403e-09,False,False,False,False,False,True
BAT_02488,NiO2,1,0.077110788854318,0.0771107888797554,-2.543747157357501e-11,2.543747157357501e-11,False,False,False,False,False,True
BAT_02490,NiO2,1,0.01982684424182,0.0198268450856727,-8.438527793197537e-10,8.438527793197537e-10,False,False,False,False,False,True
BAT_02491,NiO2,3,0.140411337606402,0.1404113394050769,-1.798674931219324e-09,1.798674931219324e-09,False,False,False,False,False,True
BAT_02492,NiO2,3,0.063653448764636,0.0188247877773264,0.0448286609873095,0.0448286609873095,False,False,False,False,False,True
BAT_02493,Ni3O4,1,0.01907879145217,0.0451717969830034,-0.0260930055308334,0.0260930055308334,False,False,False,False,False,True
BAT_02494,Ni2P2O9,1,0.069198922233658,0.0647203441704706,0.0044785780631873,0.0044785780631873,False,False,False,False,False,True
BAT_02495,NiPO4,1,0.122488752764701,0.1224887555786952,-2.8139942459537433e-09,2.8139942459537433e-09,False,False,False,False,False,True
BAT_02496,Ni3(PO4)4,1,0.024048569201587,0.0234838183143967,0.0005647508871902,0.0005647508871902,False,False,False,False,False,True
BAT_02497,NiPO4,2,0.035713322692224,0.0357133218114952,8.807288023882086e-10,8.807288023882086e-10,False,False,False,False,False,True
BAT_02498,Ni2(PO4)3,3,0.040658558441386,0.0398816228204724,0.0007769356209135,0.0007769356209135,False,False,False,False,False,True
BAT_02499,Ni7(PO4)6,1,0.081154979196854,0.0811549788701674,3.2668651117617737e-10,3.2668651117617737e-10,False,False,False,False,False,True
BAT_02500,Ni4(PO4)3,1,0.001722128433366,0.0017221289115359,-4.78169937673245e-10,4.78169937673245e-10,False,False,False,False,False,True
BAT_02501,Ni2(PO4)3,1,0.08194151739406,0.0757356261521541,0.0062058912419058,0.0062058912419058,False,False,False,False,False,True
BAT_02504,NiP2O7,1,0.142703206195351,0.1248821264678639,0.017821079727487,0.017821079727487,False,False,False,False,False,True
BAT_02505,Ni7(PO4)6,1,0.032915745710856,0.0318668260266981,0.0010489196841578,0.0010489196841578,False,False,False,False,False,True
BAT_02508,Ni4P4O15,1,0.021159734051582,0.0207212771057568,0.0004384569458251,0.0004384569458251,False,False,False,False,False,True
BAT_02509,Ni3P3O13,1,0.05101533066136,0.0485390941045797,0.0024762365567802,0.0024762365567802,False,False,False,False,False,True
BAT_02511,Ni3(P2O7)2,1,0.013343425260645,0.0131677235777807,0.0001757016828642,0.0001757016828642,False,False,False,False,False,True
BAT_02512,Ni2(PO4)3,3,0.057282149110576,0.0043531644707741,0.0529289846398018,0.0529289846398018,False,False,False,False,False,True
BAT_02513,Ni(PO4)2,1,0.011522475719685,0.0113912188026013,0.0001312569170836,0.0001312569170836,False,False,False,False,False,True
BAT_02515,NiPO4,1,0.037727094058203,0.0363555064141956,0.0013715876440073,0.0013715876440073,False,False,False,False,False,True
BAT_02516,Ni(PO3)3,1,0.010084422283953,0.0100844222650496,1.8903335494147022e-11,1.8903335494147022e-11,False,False,False,False,False,True
BAT_02517,Ni(PO3)3,1,0.025340407095836,0.0247141398687634,0.0006262672270725,0.0006262672270725,False,False,False,False,False,True
BAT_02518,Ni2(PO3)5,1,0.008060611080533,0.0080606110344578,4.607510380172375e-11,4.607510380172375e-11,False,False,False,False,False,True
BAT_02519,NiP2O7,1,0.052031614592755,0.0494582236450557,0.0025733909476992,0.0025733909476992,False,False,False,False,False,True
BAT_02520,Ni3P4O15,2,0.052109625629715,0.0495287034357535,0.0025809221939614,0.0025809221939614,False,False,False,False,False,True
BAT_02521,Ni3P3O11,1,0.000406753214313,0.0004067528556243,3.5868866568328906e-10,3.5868866568328906e-10,False,False,False,False,False,True
BAT_02522,Ni2(PO4)3,1,0.001901468567081,0.0018978589925013,3.609574579603418e-06,3.609574579603418e-06,False,False,False,False,False,True
BAT_02523,Ni(PO3)4,1,0.081371453663136,0.0752483816902381,0.0061230719728978,0.0061230719728978,False,False,False,False,False,True
BAT_02524,Ni5(P3O11)2,1,0.033419569959729,0.033419569788624,1.7110493577554564e-10,1.7110493577554564e-10,False,False,False,False,False,True
BAT_02527,Ni3(PO4)4,1,0.039736402241094,0.0382177662490829,0.001518635992011,0.001518635992011,False,False,False,False,False,True
BAT_02528,Ni2P3O10,1,0.019234595388082,0.0192345950278784,3.602035822392047e-10,3.602035822392047e-10,False,False,False,False,False,True
BAT_02529,Ni(PO4)2,1,0.004281640396004,0.004281643251566,-2.855562050707583e-09,2.855562050707583e-09,False,False,False,False,False,True
BAT_02533,Ni2(PO4)3,1,0.054592818378513,0.0517667268325368,0.0028260915459761,0.0028260915459761,False,False,False,False,False,True
BAT_02534,Ni3(P2O7)2,1,0.002121583111222,0.0021215831311291,-1.990715535124532e-11,1.990715535124532e-11,False,False,False,False,False,True
BAT_02535,Ni(PO4)2,2,0.014144206281349,0.0139469385623159,0.000197267719033,0.000197267719033,False,False,False,False,False,True
BAT_02536,NiP2O7,1,0.0494240910996,0.0470963948531444,0.0023276962464555,0.0023276962464555,False,False,False,False,False,True
BAT_02537,Ni5(PO4)4,1,0.016112613743032,0.0158571151869277,0.0002554985561042,0.0002554985561042,False,False,False,False,False,True
BAT_02538,Ni9(P2O7)8,1,0.017202280475246,0.016911366943046,0.0002909135321999,0.0002909135321999,False,False,False,False,False,True
BAT_02539,NiPO4,1,0.022122932198708,0.022122931108493,1.0902149634450795e-09,1.0902149634450795e-09,False,False,False,False,False,True
BAT_02541,Ni5(P2O7)4,2,0.044147686487689,0.0422810747121545,0.0018666117755344,0.0018666117755344,False,False,False,False,False,True
BAT_02542,NiP2O7,1,0.033194146034088,0.0321276944842791,0.0010664515498088,0.0010664515498088,False,False,False,False,False,True
BAT_02543,NiP2O7,2,0.068240724427478,0.0638814103041874,0.0043593141232905,0.0043593141232905,False,False,False,False,False,True
BAT_02546,NiP2O7,1,0.01616950554934,0.0161695043074102,1.2419297638899263e-09,1.2419297638899263e-09,False,False,False,False,False,True
BAT_02547,NiP2O7,1,0.033994172263831,0.033994171497009,7.66821987852051e-10,7.66821987852051e-10,False,False,False,False,False,True
BAT_02548,NiP2O7,1,0.0143815633816,0.014177667139409,0.0002038962421909,0.0002038962421909,False,False,False,False,False,True
BAT_02549,Ni(PO3)3,1,0.023817935433424,0.0238179354334244,-4.926614671774132e-16,4.926614671774132e-16,False,False,False,False,False,True
BAT_02552,NiPO4,1,9.827000834694569e-05,9.82609990798184e-05,9.009267127300676e-09,9.009267127300676e-09,False,False,False,False,False,True
BAT_02553,Ni2P5O16,1,0.027142952387068,0.026425681420759,0.0007172709663089,0.0007172709663089,False,False,False,False,False,True
BAT_02554,NiPO4,1,0.058039694773562,0.054855876494596,0.0031838182789659,0.0031838182789659,False,False,False,False,False,True
BAT_02557,Ni3(P2O7)2,1,0.001163443635316,0.0011620915231371,1.3521121788749504e-06,1.3521121788749504e-06,False,False,False,False,False,True
BAT_02558,NiP2O7,1,0.032642106531906,0.0316102806029304,0.0010318259289755,0.0010318259289755,False,False,False,False,False,True
BAT_02559,NiPO4,1,0.026178421110218,0.0255105940367521,0.0006678270734658,0.0006678270734658,False,False,False,False,False,True
BAT_02560,Ni4(PO4)3,1,0.012874935879939,0.0127112789781439,0.000163656901795,0.000163656901795,False,False,False,False,False,True
BAT_02561,Ni3Sb(PO4)4,1,0.085846310716778,0.0858463114156073,-6.988293693721558e-10,6.988293693721558e-10,False,False,False,False,False,True
BAT_02562,NiSn(PO4)2,1,0.134775005674121,0.134775005439956,2.3416496519601537e-10,2.3416496519601537e-10,False,False,False,False,False,True
BAT_02563,Ni3Sn(PO4)4,1,0.088103139213829,0.0881031383784978,8.353311653497285e-10,8.353311653497285e-10,False,False,False,False,False,True
BAT_02564,Ni5Te(PO4)6,1,0.020618602973294,0.0206186018304749,1.1428190581364015e-09,1.1428190581364015e-09,False,False,False,False,False,True
BAT_02565,TiNi5(PO4)6,1,0.013556030189468,0.0135560288380906,1.35137732427959e-09,1.35137732427959e-09,False,False,False,False,False,True
BAT_02567,Ti4Ni(PO5)4,1,0.0023370250131,0.0023370243066477,7.064522812225137e-10,7.064522812225137e-10,False,False,False,False,False,True
BAT_02568,VNi3(PO4)4,1,0.046356475505666,0.0463564747296796,7.759863238088194e-10,7.759863238088194e-10,False,True,False,False,False,True
BAT_02569,V3Ni(PO4)6,2,0.070296078337307,0.0702960791056853,-7.6837833318244e-10,7.6837833318244e-10,False,True,False,False,False,True
BAT_02570,VNi3(PO4)6,1,0.013105880702704,0.0129363386227385,0.0001695420799654,0.0001695420799654,False,True,False,False,False,True
BAT_02571,V3Ni(PO4)4,1,0.055849745520901,0.0558497458899112,-3.690102667874839e-10,3.690102667874839e-10,False,True,False,False,False,True
BAT_02572,VNi(PO4)2,1,0.064392020960496,0.0643920218091021,-8.486061159329593e-10,8.486061159329593e-10,False,True,False,False,False,True
BAT_02574,Ni(SO4)2,2,0.139741612759211,0.1397416127592118,-8.604228440844963e-16,8.604228440844963e-16,False,False,False,False,False,True
BAT_02575,Ni(SO4)2,1,0.007119082821845,0.007068758717704,5.032410414099794e-05,5.032410414099794e-05,False,False,False,False,False,True
BAT_02576,Ni2(SO4)3,1,0.003207556762567,0.0032075570845688,-3.220018830567273e-10,3.220018830567273e-10,False,False,False,False,False,True
BAT_02577,Ni2(SO4)3,1,0.004580922526866,0.0045809225268663,-3.2699537522162814e-16,3.2699537522162814e-16,False,False,False,False,False,True
BAT_02578,Ni2(SO4)3,1,0.026800873779805,0.026800873829137,-4.9332024576465017e-11,4.9332024576465017e-11,False,False,False,False,False,True
BAT_02579,Ni3SbO8,1,0.000336448981153,0.000336336573909,1.124072439312061e-07,1.124072439312061e-07,False,False,False,False,False,True
BAT_02580,SiNiO4,1,0.00398566902514,0.0039698460942095,1.5822930930409554e-05,1.5822930930409554e-05,False,False,False,False,False,True
BAT_02581,Ni(SO4)2,1,0.026127937543112,0.0261279379523229,-4.0921091515322416e-10,4.0921091515322416e-10,False,False,False,False,False,True
BAT_02582,SiNiO4,1,0.003884557388495,0.0038695274373551,1.502995113981812e-05,1.502995113981812e-05,False,False,False,False,False,True
BAT_02583,SiNiO4,1,0.018630546998727,0.0182897978520411,0.0003407491466858,0.0003407491466858,False,False,False,False,False,True
BAT_02584,NiSnO4,1,0.005699834429628,0.0056998334291978,1.000430162323429e-09,1.000430162323429e-09,False,False,False,False,False,True
BAT_02585,NiSnO4,1,0.018625584263851,0.0186255826308366,1.6330143591536395e-09,1.6330143591536395e-09,False,False,False,False,False,True
BAT_02586,Ni3TeO8,2,0.030350762414901,0.0275608783830044,0.0027898840318965,0.0027898840318965,False,False,False,False,False,True
BAT_02587,TiNi3O8,1,0.013095583166101,0.0130955816884848,1.477616194331399e-09,1.477616194331399e-09,False,False,False,False,False,True
BAT_02588,Ti3Ni3(TeO8)2,1,0.096218166017586,0.0962181645046038,1.5129821839821032e-09,1.5129821839821032e-09,False,False,False,False,False,True
BAT_02589,TiNiO4,1,0.00915919359739,0.0091591912950051,2.302384807112423e-09,2.302384807112423e-09,False,False,False,False,False,True
BAT_02590,TiNi3O8,1,0.01123162669925,0.0112316290286399,-2.3293899222703862e-09,2.3293899222703862e-09,False,False,False,False,False,True
BAT_02592,TiNi7O16,1,0.005781017259171,0.0057810174980488,-2.3887785933346395e-10,2.3887785933346395e-10,False,False,False,False,False,True
BAT_02593,V2NiO6,1,0.00542383695366,0.0646048583679504,-0.0591810214142904,0.0591810214142904,False,True,False,False,False,True
BAT_02595,VNiO4,1,0.000865029924903,0.0008642816264151,7.482984878298985e-07,7.482984878298985e-07,False,True,False,False,False,True
BAT_02596,V3NiO8,1,0.065909762945605,0.0659097625817171,3.638878920408928e-10,3.638878920408928e-10,False,True,False,False,False,True
BAT_02597,Ni(WO4)2,2,0.030357365866969,0.0243557317482073,0.0060016341187616,0.0060016341187616,False,False,False,False,False,True
BAT_02599,Ni(PS3)2,2,0.106223000653416,0.1062229995413717,1.1120443038636907e-09,1.1120443038636907e-09,False,False,False,False,False,True
BAT_02601,RbV(PO4)2,1,0.007107763688927,0.0070576001366936,5.0163552233353434e-05,5.0163552233353434e-05,False,True,False,False,False,False
BAT_02659,VSn(PO4)2,1,0.133467241350698,0.1334672411423376,2.0836038450156022e-10,2.0836038450156022e-10,False,True,False,False,False,False
BAT_02660,SrVPO6,1,0.030722144976788,0.0307221446501455,3.2664245613878146e-10,3.2664245613878146e-10,False,True,False,False,False,False
BAT_02661,V2Sn(PO4)3,1,0.084869654150611,0.0848696543013615,-1.5075053705349006e-10,1.5075053705349006e-10,False,True,False,False,False,False
BAT_02662,Ti(PO3)5,1,0.025388984037355,0.0253889839059773,1.3137761711856655e-10,1.3137761711856655e-10,False,False,False,False,False,False
BAT_02663,Ti(PO3)4,1,0.015480941104607,0.0154809419690746,-8.644676172814281e-10,8.644676172814281e-10,False,False,False,False,False,False
BAT_02664,Ti2P2O9,1,0.011850432922547,0.0117116448607131,0.0001387880618338,0.0001387880618338,False,False,False,False,False,False
BAT_02665,Ti(PO3)4,1,0.011663276301082,0.0115288121090869,0.000134464191995,0.000134464191995,False,False,False,False,False,False
BAT_02666,Ti3P3O13,1,1.816036067303628e-05,1.8160750527517283e-05,-3.8985448100361235e-10,3.8985448100361235e-10,False,False,False,False,False,False
BAT_02668,Ti(PO3)4,1,0.018464897940198,0.0184648979401981,-1.734723475976807e-16,1.734723475976807e-16,False,False,False,False,False,False
BAT_02669,Ti(PO3)4,1,0.034561207703193,0.034561207388129,3.1506394715385966e-10,3.1506394715385966e-10,False,False,False,False,False,False
BAT_02673,Ti2(PO4)3,2,0.061486476899191,0.0387304334569054,0.0227560434422855,0.0227560434422855,False,False,False,False,False,False
BAT_02677,Ti3V(PO4)6,1,0.020459302367607,0.0204593013403675,1.0272394670995943e-09,1.0272394670995943e-09,False,True,False,False,False,False
BAT_02679,V(PO3)5,1,0.021180460562506,0.0211804601675866,3.9491935763247277e-10,3.9491935763247277e-10,False,True,False,False,False,False
BAT_02680,VPO5,1,0.038215073375587,0.0382150722153588,1.1602281982381335e-09,1.1602281982381335e-09,False,True,False,False,False,False
BAT_02681,V2(PO4)3,6,0.117195485055408,0.1129238731158697,0.0042716119395382,0.0042716119395382,False,True,False,False,False,False
BAT_02682,VPO5,1,0.005146724943774,0.0623339612816189,-0.0571872363378449,0.0571872363378449,False,True,False,False,False,False
BAT_02683,V3(P2O7)2,1,0.019953416234159,0.0199534161811657,5.2993297250392146e-11,5.2993297250392146e-11,False,True,False,False,False,False
BAT_02684,V2(PO4)3,5,0.125278657756902,0.1252786577675952,-1.0693279595130887e-11,1.0693279595130887e-11,False,True,False,False,False,False
BAT_02685,V(PO3)4,1,0.020898337183887,0.0208983383200795,-1.136192567113836e-09,1.136192567113836e-09,False,True,False,False,False,False
BAT_02686,VP2O7,1,0.025674619467231,0.0256746193835049,8.372600529549246e-11,8.372600529549246e-11,False,True,False,False,False,False
BAT_02687,V3P8O29,4,0.038529336063413,0.0299940496993263,0.0085352863640866,0.0085352863640866,False,True,False,False,False,False
BAT_02688,VP2O7,1,0.045692611887022,0.0456926125710839,-6.840619529158153e-10,6.840619529158153e-10,False,True,False,False,False,False
BAT_02689,V(PO3)4,2,0.051486698992967,0.0414105518318979,0.010076147161069,0.010076147161069,False,True,False,False,False,False
BAT_02690,VP2O7,1,0.007456703458337,0.0488537522033352,-0.0413970487449982,0.0413970487449982,False,True,False,False,False,False
BAT_02692,VPO5,2,0.104498227348343,0.1655498868115085,-0.0610516594631655,0.0610516594631655,False,True,False,False,False,False
BAT_02693,V2P5O16,2,0.029281678833604,0.0284486546478777,0.0008330241857262,0.0008330241857262,False,True,False,False,False,False
BAT_02694,V2P3O10,1,0.006387509207721,0.0063875087636976,4.440233354607858e-10,4.440233354607858e-10,False,True,False,False,False,False
BAT_02695,VP2O7,1,0.021390580357243,0.0213905809579203,-6.006773099753725e-10,6.006773099753725e-10,False,True,False,False,False,False
BAT_02696,V2(PO4)3,2,0.00742825857927,0.0073734868124316,5.477176683833882e-05,5.477176683833882e-05,False,True,False,False,False,False
BAT_02697,VPO5,1,0.006517343096773,0.006517343206005,-1.0923204615126414e-10,1.0923204615126414e-10,False,True,False,False,False,False
BAT_02698,VP4O13,1,0.046323766336372,0.0442728803852103,0.0020508859511616,0.0020508859511616,False,True,False,False,False,False
BAT_02699,V(PO3)4,1,0.029622610606567,0.0069590503138273,0.0226635602927396,0.0226635602927396,False,True,False,False,False,False
BAT_02700,V3(PO4)4,1,0.027994282113986,0.0279942826002575,-4.862714987619031e-10,4.862714987619031e-10,False,True,False,False,False,False
BAT_02701,VPO5,1,0.067311465918191,0.0673114657289957,1.891952566834831e-10,1.891952566834831e-10,False,True,False,False,False,False
BAT_02702,V2P5O18,1,0.025724195615864,0.0257241954761212,1.3974274515327068e-10,1.3974274515327068e-10,False,True,False,False,False,False
BAT_02703,V(PO3)5,1,0.02808928361532,0.0273218320660736,0.0007674515492463,0.0007674515492463,False,True,False,False,False,False
BAT_02704,V(PO4)2,1,0.06870596975446,0.0642889361588334,0.0044170335956265,0.0044170335956265,False,True,False,False,False,False
BAT_02706,V(PO4)2,2,0.006692245260888,0.0066922437628258,1.4980621135946002e-09,1.4980621135946002e-09,False,True,False,False,False,False
BAT_02707,V(PO4)2,2,0.044963631426429,0.0430288946732209,0.001934736753208,0.001934736753208,False,True,False,False,False,False
BAT_02708,V(PO3)4,1,0.042536572425982,0.0710518867058379,-0.0285153142798558,0.0285153142798558,False,True,False,False,False,False
BAT_02710,V(PO4)2,2,0.015520247938767,0.0155202496580198,-1.719252833848328e-09,1.719252833848328e-09,False,True,False,False,False,False
BAT_02711,VP2O7,2,0.02611482311411,0.0873694094113212,-0.0612545862972112,0.0612545862972112,False,True,False,False,False,False
BAT_02712,V(PO3)3,1,0.014305652780995,0.0143056527809956,-6.401129626354418e-16,6.401129626354418e-16,False,True,False,False,False,False
BAT_02713,V2P2O9,1,0.011664759669951,0.0116647596699513,-3.434752482434078e-16,3.434752482434078e-16,False,True,False,False,False,False
BAT_02714,V3(PO4)4,1,0.037080664850646,0.037080665161236,-3.1059005367595205e-10,3.1059005367595205e-10,False,True,False,False,False,False
BAT_02715,VP2O7,1,0.0144553796029,0.0144553790554556,5.474443971059673e-10,5.474443971059673e-10,False,True,False,False,False,False
BAT_02716,V(PO4)2,1,0.032871838970876,0.0328718392718985,-3.010225818611545e-10,3.010225818611545e-10,False,True,False,False,False,False
BAT_02717,VP2O7,1,0.023195178775749,0.0190723793819018,0.0041227993938471,0.0041227993938471,False,True,False,False,False,False
BAT_02718,V(PO4)2,2,0.020430385663228,0.0063656103012075,0.0140647753620204,0.0140647753620204,False,True,False,False,False,False
BAT_02719,VPO4,1,0.090801882617638,0.1464357411481019,-0.0556338585304639,0.0556338585304639,False,True,False,False,False,False
BAT_02720,VP2O7,2,0.116919862969652,0.1680960240269594,-0.0511761610573073,0.0511761610573073,False,True,False,False,False,False
BAT_02721,VP2O7,1,0.03831905646101,0.0383190548528794,1.6081305800885735e-09,1.6081305800885735e-09,False,True,False,False,False,False
BAT_02722,V(PO3)4,1,0.018919163497331,0.0189191648195512,-1.322220274241337e-09,1.322220274241337e-09,False,True,False,False,False,False
BAT_02723,VPO4,2,0.042051367497579,0.0420513674975798,-8.049116928532385e-16,8.049116928532385e-16,False,True,False,False,False,False
BAT_02724,V4P9O32,2,0.01876868085584,0.006200640185243,0.0125680406705969,0.0125680406705969,False,True,False,False,False,False
BAT_02725,V(PO3)4,1,0.03226536595336,0.0322653660942539,-1.4089397704086792e-10,1.4089397704086792e-10,False,True,False,False,False,False
BAT_02726,V3P3O13,1,0.000937144882065,0.0009371445719403,3.101246737712004e-10,3.101246737712004e-10,False,True,False,False,False,False
BAT_02727,V2P3O11,1,0.013822988692491,0.0136345175294172,0.0001884711630737,0.0001884711630737,False,True,False,False,False,False
BAT_02728,V3(PO4)4,1,0.01981492703001,0.0194299230825954,0.0003850039474145,0.0003850039474145,False,True,False,False,False,False
BAT_02729,V(PO4)2,2,0.056215512606812,0.0261703083409697,0.0300452042658422,0.0300452042658422,False,True,False,False,False,False
BAT_02730,V(PO3)3,1,0.018397104260252,0.0183971039703392,2.8991273270939644e-10,2.8991273270939644e-10,False,True,False,False,False,False
BAT_02731,V(PO3)4,1,0.004425714370892,0.0044062136512374,1.9500719654525628e-05,1.9500719654525628e-05,False,True,False,False,False,False
BAT_02732,V(PO3)4,1,0.021814771698118,0.0218147716981182,-2.42861286636753e-16,2.42861286636753e-16,False,True,False,False,False,False
BAT_02733,VP2O7,1,0.040362772976394,0.0387968251772906,0.0015659477991033,0.0015659477991033,False,True,False,False,False,False
BAT_02734,VPO4,1,0.070575066937872,0.1276141573757247,-0.0570390904378527,0.0570390904378527,False,True,False,False,False,False
BAT_02735,VP2O7,2,0.019959919660763,0.0199599192291364,4.316265886372683e-10,4.316265886372683e-10,False,True,False,False,False,False
BAT_02736,VPO5,1,0.011342276019174,0.0621064962319939,-0.0507642202128199,0.0507642202128199,False,True,False,False,False,False
BAT_02737,V3(P2O7)2,1,0.034496364141703,0.0344963653054001,-1.1636971039563624e-09,1.1636971039563624e-09,False,True,False,False,False,False
BAT_02739,V(PO3)4,1,0.003462673789492,0.0034626706000386,3.1894533130023824e-09,3.1894533130023824e-09,False,True,False,False,False,False
BAT_02743,V9(P2O7)8,1,0.002770758644879,0.0027707581927953,4.520836743154843e-10,4.520836743154843e-10,False,True,False,False,False,False
BAT_02745,VPO4,1,0.055099627347839,0.0550996278145566,-4.66717602065625e-10,4.66717602065625e-10,False,True,False,False,False,False
BAT_02746,V5(P3O11)2,1,0.033994157797024,0.0339941577365618,6.046214223731639e-11,6.046214223731639e-11,False,True,False,False,False,False
BAT_02748,VPO5,1,0.020139625325568,0.0201396257041411,-3.7857313811562316e-10,3.7857313811562316e-10,False,True,False,False,False,False
BAT_02749,V(PO3)3,1,0.011614554010556,0.0116145540105569,-9.194034422677078e-16,9.194034422677078e-16,False,True,False,False,False,False
BAT_02752,VPO5,1,0.027278108704285,0.0272781087042852,-2.42861286636753e-16,2.42861286636753e-16,False,True,False,False,False,False
BAT_02753,V3P6WO24,1,0.02683896241967,0.0268389628219238,-4.0225389338899303e-10,4.0225389338899303e-10,False,True,False,False,False,False
