battery_id,framework_formula,formula_charge,formula_discharge,id_charge,id_discharge,max_delta_volume,num_steps
BAT_00015,Al3Cr3(SbO8)2,Al3Cr3(SbO8)2,Li4Al3Cr3(SbO8)2,mp-756662,mp-770625,0.05445090810899,1
BAT_00017,Al2FeO6,LiAl2FeO6,Li3Al2FeO6,mp-755069,mp-770727,0.004728772679465,2
BAT_00020,AlVO4,LiAlVO4,Li2AlVO4,mp-769572,mp-755460,0.007314828338257,1
BAT_00022,MnBAsO7,Li2MnBAsO7,Li3MnBAsO7,mp-772182,mp-771037,0.016520414441825,1
BAT_00023,FeBAsO7,Li2FeBAsO7,Li3FeBAsO7,mp-1177952,mp-771029,0.04286264073662,1
BAT_00025,CrAsCO7,LiCrAsCO7,Li2CrAsCO7,mp-768612,mp-773176,0.011719696153955,1
BAT_00027,FeAsCO7,LiFeAsCO7,Li3FeAsCO7,mp-770902,mp-770939,0.053430317392643,2
BAT_00028,MnAsCO7,LiMnAsCO7,Li3MnAsCO7,mp-770905,mp-771034,0.016056593070193,2
BAT_00029,VAsCO7,LiVAsCO7,Li2VAsCO7,mp-756295,mp-772133,0.068261973663813,1
BAT_00030,CoAsO4,CoAsO4,LiCoAsO4,mp-1213775,mp-20046,0.047159454681764,1
BAT_00031,FeAs2O7,FeAs2O7,LiFeAs2O7,mp-25260,mp-18878,0.014209346040159,1
BAT_00033,Fe2(AsO4)3,Fe2(AsO4)3,Li3Fe2(AsO4)3,mp-543107,mp-542008,0.028936473617741,1
BAT_00037,NiAsO4,NiAsO4,LiNiAsO4,mp-510749,mp-22243,0.049245463950724,1
BAT_00038,MnAsO4,MnAsO4,LiMnAsO4,mp-510755,mp-20052,0.062570318125929,1
BAT_00039,VAs2O9,Li3VAs2O9,Li4VAs2O9,mp-1177474,mp-1177164,0.010062164969947,1
BAT_00040,VAsO5,VAsO5,LiVAsO5,mp-510763,mp-17387,0.010222359532899,1
BAT_00048,CrB3(HO3)3,CrB3(HO3)3,LiCrB3(HO3)3,mp-778931,mp-778018,0.028362813632403,1
BAT_00051,CoBO3,CoBO3,Li5Co4(BO3)4,mp-765572,mp-1177143,0.126054098114709,2
BAT_00052,Mn2Fe(BO3)4,Li3Mn2Fe(BO3)4,Li5Mn2Fe(BO3)4,mp-766489,mp-766508,0.020469121009584,1
BAT_00053,Cr(BO3)2,Li9Cr4(BO3)8,Li3Cr(BO3)2,mp-759279,mp-760261,0.005392560122567,1
BAT_00055,FeBO3,LiFe8(BO3)8,Li7Fe8(BO3)8,mp-764518,mp-849710,0.002838442240608,4
BAT_00056,FeBO3,LiFe4(BO3)4,LiFeBO3,mp-774381,mp-777049,0.005331217088064,2
BAT_00058,FeBO3,LiFe8(BO3)8,Li7Fe8(BO3)8,mp-764478,mp-761220,0.009691196834032,4
BAT_00059,FeBO3,LiFe8(BO3)8,Li3Fe4(BO3)4,mp-761206,mp-760195,0.010646791974403,3
BAT_00060,FeBO3,LiFe8(BO3)8,Li7Fe8(BO3)8,mp-849747,mp-1176890,0.007534745048858,4
BAT_00061,FeBO3,LiFe8(BO3)8,Li7Fe8(BO3)8,mp-775187,mp-764896,0.008460838951531,6
BAT_00062,FeBO4,Li3Fe2(BO4)2,Li5Fe2(BO4)2,mp-759625,mp-760269,0.045135133698451,2
BAT_00063,Fe(BO3)2,Li2Fe(BO3)2,Li3Fe(BO3)2,mp-766461,mp-770825,0.039108727628768,1
BAT_00064,Fe3(BO3)4,Li3Fe3(BO3)4,Li5Fe3(BO3)4,mp-766497,mp-766507,0.016365175440707,2
BAT_00065,FeBPO7,Li2FeBPO7,Li3FeBPO7,mp-777716,mp-756319,0.030709602871123,1
BAT_00067,MnBO3,LiMn2(BO3)2,LiMnBO3,mp-759375,mp-753767,0.029670025448125,1
BAT_00069,MnBO3,MnBO3,LiMnBO3,mp-25296,mp-19131,0.007151468219929,3
BAT_00070,MnBO3,LiMn2(BO3)2,Li3Mn4(BO3)4,mp-850898,mp-754552,0.014915362475103,1
BAT_00071,MnBO3,LiMn2(BO3)2,LiMnBO3,mp-849588,mp-831163,0.012613314042032,1
BAT_00072,MnBO3,LiMn4(BO3)4,Li3Mn4(BO3)4,mp-756059,mp-849269,0.024488272908526,2
BAT_00073,MnBO3,LiMn3(BO3)3,Li5Mn6(BO3)6,mp-781682,mp-780308,0.019850421208827,2
BAT_00074,MnBO3,LiMn3(BO3)3,Li5Mn6(BO3)6,mp-780510,mp-849333,0.012886091989992,2
BAT_00075,Mn3(BO3)4,Li3Mn3(BO3)4,Li5Mn3(BO3)4,mp-766488,mp-766500,0.022253191926054,2
BAT_00077,MnBO3,LiMn2(BO3)2,Li3Mn4(BO3)4,mp-1570353,mp-776517,0.015784861123141,1
BAT_00078,MnBO3,LiMn3(BO3)3,Li5Mn6(BO3)6,mp-780665,mp-766536,0.038421969278134,2
BAT_00079,MnBO3,LiMn2(BO3)2,Li7Mn8(BO3)8,mp-779023,mp-779296,0.027189375629869,2
BAT_00080,MnBO3,LiMn2(BO3)2,Li7Mn8(BO3)8,mp-778827,mp-779303,0.000386347319183,1
BAT_00081,Mn(BO3)2,Li2Mn(BO3)2,Li3Mn(BO3)2,mp-766466,mp-770910,0.034547333726739,1
BAT_00082,MnBO3,Li5Mn8(BO3)8,Li7Mn8(BO3)8,mp-776580,mp-781628,0.018003279455586,2
BAT_00083,MnBO3,LiMn3(BO3)3,Li5Mn6(BO3)6,mp-776450,mp-781617,0.027181045131234,2
BAT_00085,MnBO3,LiMn2(BO3)2,Li3Mn4(BO3)4,mp-849746,mp-776634,0.000960955898699,1
BAT_00086,MnBO3,LiMn2(BO3)2,Li7Mn8(BO3)8,mp-849990,mp-779028,0.008125268354417,2
BAT_00088,MnBO3,LiMn2(BO3)2,Li3Mn4(BO3)4,mp-778403,mp-781619,0.005359914441086,1
BAT_00089,MnBO3,LiMn2(BO3)2,Li3Mn4(BO3)4,mp-777375,mp-778867,0.009288595783659,1
BAT_00090,MnBO3,LiMn2(BO3)2,Li3Mn4(BO3)4,mp-1176667,mp-780137,0.00930063258546,1
BAT_00091,MnBO3,LiMn3(BO3)3,Li5Mn6(BO3)6,mp-849514,mp-782643,0.028289474365483,1
BAT_00092,MnBO3,LiMn3(BO3)3,Li5Mn6(BO3)6,mp-781607,mp-780156,0.026231591308557,2
BAT_00093,MnBO3,LiMn3(BO3)3,Li5Mn6(BO3)6,mp-849243,mp-781670,0.021178317317151,2
BAT_00094,MnBO3,LiMn2(BO3)2,Li3Mn4(BO3)4,mp-1567236,mp-780105,0.007563580992514,1
BAT_00095,MnBO3,LiMn3(BO3)3,Li5Mn6(BO3)6,mp-780327,mp-850959,0.026885968822346,2
BAT_00097,MnBO3,LiMn3(BO3)3,Li5Mn6(BO3)6,mp-780524,mp-780199,0.020447172773733,2
BAT_00099,MnBO3,LiMn2(BO3)2,Li3Mn4(BO3)4,mp-781608,mp-780529,0.012778733426141,1
BAT_00100,MnBO3,LiMn3(BO3)3,Li5Mn6(BO3)6,mp-850395,mp-780419,0.023301190841429,2
BAT_00101,MnBO3,LiMn4(BO3)4,Li3Mn4(BO3)4,mp-850920,mp-781610,0.019310941469961,1
BAT_00102,MnBO3,LiMn2(BO3)2,Li5Mn6(BO3)6,mp-782642,mp-780433,0.016704537980735,1
BAT_00106,MnBPO7,Li2MnBPO7,Li3MnBPO7,mp-771706,mp-757046,0.014011071125088,1
BAT_00108,NiBO3,Li2Ni3(BO3)3,LiNiBO3,mp-1177892,mp-755271,0.001379148808547,1
BAT_00109,VBPO7,Li2VBPO7,Li3VBPO7,mp-771701,mp-768575,0.058294419992003,1
BAT_00114,VBO4,VBO4,LiVBO4,mp-754594,mp-754909,0.125161862215333,1
BAT_00118,BaCaVP2O9,BaCaVP2O9,BaLiCaVP2O9,mp-558004,mp-759611,0.030352964284559,1
BAT_00149,Co3BiO8,Co3BiO8,Li2Co3BiO8,mp-756635,mp-756423,0.014538857382409,1
BAT_00180,V3Bi2(PO4)6,V3Bi2(PO4)6,Li5V3Bi2(PO4)6,mp-772437,mp-1177171,0.072933733742921,1
BAT_00199,CoH8(CO5)2,LiCoH8(CO5)2,Li2CoH8(CO5)2,mp-759255,mp-770598,0.0483715991521,1
BAT_00200,CoH8(CO5)2,CoH8(CO5)2,Li2CoH8(CO5)2,mp-772431,mp-770604,0.031332658649707,1
BAT_00201,NaCoPCO7,NaCoPCO7,NaLi2CoPCO7,mp-1101670,mp-760344,0.036319852034025,1
BAT_00202,Co2(CO3)3,Co2(CO3)3,Li2Co2(CO3)3,mp-752772,mp-757737,0.022771052596862,2
BAT_00203,Co(CO3)2,Co(CO3)2,Li2Co(CO3)2,mp-752886,mp-1178046,0.171645120157025,2
BAT_00204,Co(CO3)2,LiCo2(CO3)4,Li2Co(CO3)2,mp-758717,mp-753950,0.123996110140818,3
BAT_00205,CoCO4,LiCoCO4,Li2CoCO4,mp-758392,mp-757730,0.006029008894159,1
BAT_00206,Co(CO)4,Co(CO)4,LiCo(CO)4,mp-510741,mp-18939,0.075443762962508,1
BAT_00207,Co2C2O7,Co2C2O7,LiCo2C2O7,mp-753266,mp-758625,0.054035811782951,1
BAT_00209,Co(CO3)2,Li3Co2(CO3)4,Li2Co(CO3)2,mp-1641018,mp-767071,0.007545293713089,1
BAT_00210,Co2C2O7,Co2C2O7,LiCo2C2O7,mp-1178537,mp-758125,0.06969451050493,1
BAT_00211,CoPCO7,LiCoPCO7,Li3CoPCO7,mp-25464,mp-25458,0.035333173796732,2
BAT_00212,Co2C4SO16,Li4Co2C4SO16,Li6Co2C4SO16,mp-770944,mp-780426,0.042168179628257,1
BAT_00213,CoCSO7,LiCoCSO7,Li2CoCSO7,mp-773196,mp-771972,0.025522692372991,1
BAT_00214,Cr(CO3)3,Li2Cr(CO3)3,Li3Cr(CO3)3,mp-780684,mp-765400,0.015554904778144,1
BAT_00215,Cr(CO3)2,Li2Cr3(CO3)6,Li4Cr3(CO3)6,mp-757965,mp-758282,0.001137918581778,1
BAT_00216,Cr(CO3)2,LiCr2(CO3)4,Li2Cr(CO3)2,mp-753855,mp-753778,0.130151434901688,2
BAT_00217,CrPCO7,Li3Cr2P2(CO7)2,Li5Cr2P2(CO7)2,mp-763241,mp-1177167,0.039191745605243,2
BAT_00220,CrCSO7,LiCrCSO7,Li2CrCSO7,mp-773160,mp-768607,0.040340757880959,1
BAT_00241,Fe2C2O7,Fe2C2O7,LiFe2C2O7,mp-752896,mp-762511,0.05237444872125,1
BAT_00242,Fe(CO3)2,Fe(CO3)2,LiFe(CO3)2,mp-752929,mp-753899,0.142076925170483,1
BAT_00243,NaFePCO7,NaFePCO7,NaLi2FePCO7,mp-769633,mp-770772,0.083123033251872,1
BAT_00245,Fe(CO3)2,LiFe2(CO3)4,Li2Fe(CO3)2,mp-763371,mp-1568135,0.088713766968627,2
BAT_00246,Fe2(CO3)3,LiFe2(CO3)3,Li2Fe2(CO3)3,mp-753178,mp-1302307,0.043847116640928,1
BAT_00247,Fe2C2O7,LiFe2C2O7,Li2Fe2C2O7,mp-757949,mp-757644,0.058231106435982,1
BAT_00248,Fe(CO3)2,LiFe2(CO3)4,Li2Fe(CO3)2,mp-758039,mp-759815,0.032447123042941,2
BAT_00249,Fe(CO3)2,LiFe2(CO3)4,Li2Fe(CO3)2,mp-763524,mp-759605,0.179010838873163,2
BAT_00250,FeCO4,LiFeCO4,Li2FeCO4,mp-758117,mp-757609,0.035494322785487,2
BAT_00251,Fe2(CO3)3,Fe2(CO3)3,Li2Fe2(CO3)3,mp-758121,mp-1178002,0.007121290537613,2
BAT_00252,Fe2C2O7,Fe2C2O7,LiFe2C2O7,mp-759204,mp-849784,0.08292455531801,1
BAT_00253,Fe2C2O7,Fe2C2O7,Li2Fe2C2O7,mp-758060,mp-759155,0.096238923410766,1
BAT_00254,Fe(CO3)4,Li17Fe4(CO3)16,Li5Fe(CO3)4,mp-882899,mp-765153,0.035090312195757,1
BAT_00255,FePCO7,LiFePCO7,Li2FePCO7,mp-768562,mp-768471,0.035563930648232,1
BAT_00256,FePCO7,Li3Fe2P2(CO7)2,Li5Fe2P2(CO7)2,mp-768618,mp-768672,0.011024877695781,2
BAT_00257,FePCO7,LiFePCO7,Li5Fe2P2(CO7)2,mp-768629,mp-768862,0.017592622831898,2
BAT_00258,FePCO7,Li3Fe2P2(CO7)2,Li5Fe2P2(CO7)2,mp-768557,mp-768689,0.017137325549559,2
BAT_00259,FePCO7,LiFePCO7,Li5Fe2P2(CO7)2,mp-1176714,mp-768722,0.008531020756535,2
BAT_00260,FePCO7,LiFePCO7,Li3FePCO7,mp-25406,mp-25445,0.071232121639483,2
BAT_00261,FePCO7,LiFePCO7,Li2FePCO7,mp-1176697,mp-755726,0.039524122623064,1
BAT_00262,FePCO7,LiFePCO7,Li2FePCO7,mp-1176696,mp-768645,0.025084962424101,1
BAT_00263,Fe2C4SO16,Li4Fe2C4SO16,Li6Fe2C4SO16,mp-781611,mp-770599,0.035721472116607,1
BAT_00264,FePCO7,Li2FePCO7,Li5Fe2P2(CO7)2,mp-768491,mp-1177175,0.018003017914549,1
BAT_00265,FeSiCO7,Li2FeSiCO7,Li3FeSiCO7,mp-772072,mp-770822,0.018860311594585,1
BAT_00266,FeCSO7,FeCSO7,Li2FeCSO7,mp-1178258,mp-771011,0.024016047805679,2
BAT_00267,NiH8(CO5)2,NiH8(CO5)2,Li2NiH8(CO5)2,mp-772564,mp-771916,0.025910491830266,1
BAT_00269,KMnPCO7,KMnPCO7,KLiMnPCO7,mp-773432,mp-761124,0.013930594037867,1
BAT_00272,Mn(CO3)2,Mn(CO3)2,LiMn(CO3)2,mp-754012,mp-1295192,0.051396952532489,1
BAT_00273,NaMnPCO7,NaMnPCO7,NaLi2MnPCO7,mp-769584,mp-755754,0.013612153435616,2
BAT_00274,Na2MnPCO7,Na2MnPCO7,Na2LiMnPCO7,mp-780530,mp-764273,0.027532452689224,1
BAT_00275,Na2MnPCO7,Na2MnPCO7,Na2LiMnPCO7,mp-768058,mp-772500,0.00399348674755,1
BAT_00276,Mn(CO3)2,LiMn2(CO3)4,Li2Mn(CO3)2,mp-763560,mp-765973,0.045566094111588,2
BAT_00277,Mn(CO3)2,LiMn2(CO3)4,Li3Mn2(CO3)4,mp-758704,mp-758761,0.029486368044829,2
BAT_00278,Mn(CO3)4,Li3Mn(CO3)4,Li5Mn(CO3)4,mp-758628,mp-765023,0.077035606239165,1
BAT_00279,Mn(CO3)2,Mn(CO3)2,Li2Mn(CO3)2,mp-762239,mp-765989,0.142999833083565,2
BAT_00280,MnCO5,Li3Mn2(CO5)2,Li2MnCO5,mp-758407,mp-764236,0.005250765213578,1
BAT_00281,MnPCO7,Li3Mn2P2(CO7)2,Li5Mn2P2(CO7)2,mp-768836,mp-769300,0.017337310307297,1
BAT_00282,MnPCO7,LiMnPCO7,Li3MnPCO7,mp-756529,mp-25461,0.022366448441633,2
BAT_00283,MnPCO7,LiMnPCO7,Li5Mn2P2(CO7)2,mp-768697,mp-768855,0.054217846988892,2
BAT_00284,MnPCO7,LiMnPCO7,Li2MnPCO7,mp-770237,mp-768948,0.026720925986597,2
BAT_00285,MnPCO7,LiMnPCO7,Li2MnPCO7,mp-1176660,mp-1177908,0.014165616682839,1
BAT_00286,MnPCO7,Li3Mn2P2(CO7)2,Li5Mn2P2(CO7)2,mp-1177646,mp-768935,0.004541860797021,1
BAT_00287,Mn2C4SO16,Li4Mn2C4SO16,Li6Mn2C4SO16,mp-776358,mp-771387,0.003849688488193,1
BAT_00288,MnCSO7,MnCSO7,Li2MnCSO7,mp-754649,mp-780526,0.080578998315653,2
BAT_00289,Ni(CO3)2,Li3Ni2(CO3)4,Li2Ni(CO3)2,mp-765316,mp-766019,0.064203589821126,1
BAT_00291,Ni(CO3)2,LiNi(CO3)2,Li2Ni(CO3)2,mp-758769,mp-759758,0.068057442396159,1
BAT_00292,MnSiCO7,Li2MnSiCO7,Li3MnSiCO7,mp-768606,mp-772668,0.013895798619325,1
BAT_00293,Ni(CO3)2,LiNi(CO3)2,Li2Ni(CO3)2,mp-763540,mp-766032,0.007285311113242,1
BAT_00294,NiCSO7,LiNiCSO7,Li2NiCSO7,mp-770369,mp-771145,0.005053048162229,1
BAT_00295,NiPCO7,LiNiPCO7,Li3NiPCO7,mp-25412,mp-25446,0.042481563700836,2
BAT_00296,Ni2C4SO16,Li4Ni2C4SO16,Li6Ni2C4SO16,mp-778481,mp-776423,0.060481493732431,1
BAT_00298,Mn3CrO8,Mn3CrO8,Li2Mn3CrO8,mp-772951,mp-775679,0.044263271028789,1
BAT_00299,VPCO7,LiVPCO7,Li3VPCO7,mp-753805,mp-25463,0.02099943443297,2
BAT_00300,Mn5Cr3O16,Mn5Cr3O16,Li7Mn10Cr6O32,mp-771053,mp-769505,0.030534358331588,1
BAT_00301,Mn15CrO32,Mn15CrO32,Li8Mn15CrO32,mp-771190,mp-770529,0.074377611139596,1
BAT_00302,MnCrO4,LiMn2Cr2O8,Li2MnCrO4,mp-780849,mp-770856,0.044983324178502,2
BAT_00303,MnCr2O6,LiMnCr2O6,Li3MnCr2O6,mp-850948,mp-774249,0.021698945562994,2
BAT_00304,Mn7Cr12O48,Mn7Cr12O48,Li9Mn7Cr12O48,mp-773028,mp-851099,0.041312813918347,1
BAT_00305,MnCrO4,LiMn2Cr2O8,Li2MnCrO4,mp-780798,mp-755443,0.048076948049716,2
BAT_00306,Mn3CrO8,Mn3CrO8,Li2Mn3CrO8,mp-756043,mp-768844,0.045300576194562,2
BAT_00307,Mn2CrO6,Mn2CrO6,Li3Mn2CrO6,mp-775006,mp-774897,0.078989095602495,1
BAT_00308,Mn13Cr3O32,Mn13Cr3O32,Li8Mn13Cr3O32,mp-775873,mp-775158,0.042027081069449,1
BAT_00309,MnCrO4,Li2Mn3Cr3O12,Li2MnCrO4,mp-850956,mp-1101152,0.00730282389089,1
BAT_00310,Mn5Cr2O12,Mn5Cr2O12,Li3Mn5Cr2O12,mp-755906,mp-850947,0.058107859758662,1
BAT_00311,MnCr(PO4)2,MnCr(PO4)2,Li2MnCr(PO4)2,mp-775016,mp-757355,0.110905957491978,1
BAT_00312,Mn5Cr(PO4)6,Mn5Cr(PO4)6,Li4Mn5Cr(PO4)6,mp-771695,mp-759645,0.071670742412995,1
BAT_00313,Mn3Cr(PO4)4,Mn3Cr(PO4)4,Li5Mn3Cr(PO4)4,mp-774508,mp-764909,0.152453772611726,2
BAT_00314,MnCr3(PO4)4,MnCr3(PO4)4,Li4MnCr3(PO4)4,mp-775116,mp-768041,0.121907291740923,1
BAT_00315,Mn3Cr(PO4)6,Mn3Cr(PO4)6,Li6Mn3Cr(PO4)6,mp-771880,mp-771092,0.060179756868359,1
BAT_00316,Mn7Cr(PO4)12,Mn7Cr(PO4)12,Li8Mn7Cr(PO4)12,mp-778074,mp-776829,0.062513349019564,1
BAT_00317,MnCr3(PO4)6,MnCr3(PO4)6,Li6MnCr3(PO4)6,mp-774419,mp-767775,0.008521003646523,1
BAT_00318,Mn3Cr2Sn(PO4)6,Mn3Cr2Sn(PO4)6,Li4Mn3Cr2Sn(PO4)6,mp-1176479,mp-1177389,0.091984469017329,1
BAT_00319,TiMn3Cr2(PO4)6,TiMn3Cr2(PO4)6,Li4TiMn3Cr2(PO4)6,mp-776109,mp-778261,0.097218717814328,1
BAT_00321,Mn3Cr2Sb3O16,Mn3Cr2Sb3O16,Li4Mn3Cr2Sb3O16,mp-754681,mp-761171,0.125235576735047,1
BAT_00322,Ti3Mn3Cr2O16,Ti3Mn3Cr2O16,Li4Ti3Mn3Cr2O16,mp-756780,mp-771394,0.09718378086603,1
BAT_00323,Mn3Cr3(SbO8)2,Mn3Cr3(SbO8)2,Li4Mn3Cr3(SbO8)2,mp-756838,mp-774806,0.083319995164706,1
BAT_00324,Mn2Cr3Sb3O16,Mn2Cr3Sb3O16,Li4Mn2Cr3Sb3O16,mp-1176495,mp-766080,0.126429960509754,1
BAT_00325,Mn3Cr3(TeO8)2,Mn3Cr3(TeO8)2,Li4Mn3Cr3(TeO8)2,mp-772061,mp-774791,0.09190711939741,1
BAT_00326,Mn3Cr3(SnO8)2,Mn3Cr3(SnO8)2,Li4Mn3Cr3(SnO8)2,mp-771095,mp-776096,0.060770780921062,1
BAT_00327,Ti3Mn2Cr3O16,Ti3Mn2Cr3O16,Li4Ti3Mn2Cr3O16,mp-776119,mp-778223,0.081448779293755,1
BAT_00328,Mn3V2Cr3O16,Mn3V2Cr3O16,Li4Mn3V2Cr3O16,mp-773144,mp-770036,0.080844590269646,1
BAT_00329,Mn2V3Cr3O16,Li4Mn2V3Cr3O16,Li10Mn2V3Cr3O16,mp-773000,mp-760787,0.086689378257871,1
BAT_00330,Ti2Mn3Cr3O16,Ti2Mn3Cr3O16,Li4Ti2Mn3Cr3O16,mp-771173,mp-770152,0.07926709576468,1
BAT_00331,Mn3Cr3(WO8)2,Mn3Cr3(WO8)2,Li4Mn3Cr3(WO8)2,mp-755961,mp-776267,0.086251404140659,1
BAT_00332,NbCr3(PO4)6,NbCr3(PO4)6,Li6NbCr3(PO4)6,mp-780614,mp-758746,0.016252159727363,1
BAT_00334,Cr3NiO8,Li3Cr3NiO8,Li4Cr3NiO8,mp-768676,mp-754209,0.003949354393029,1
BAT_00335,Cr3NiO8,Li3Cr3NiO8,Li4Cr3NiO8,mp-756615,mp-1290930,0.010534000656814,1
BAT_00336,Ti3Nb2Cr3O16,Ti3Nb2Cr3O16,Li4Ti3Nb2Cr3O16,mp-777531,mp-774924,0.045894347807866,1
BAT_00337,Cr3NiO8,Li2Cr3NiO8,Li5Cr3NiO8,mp-772613,mp-759984,0.073125201634791,1
BAT_00338,CrNi3O8,Li3CrNi3O8,Li4CrNi3O8,mp-755220,mp-757137,0.003673962020641,1
BAT_00339,Cr3(NiO6)2,Cr3(NiO6)2,Li3Cr3(NiO6)2,mp-776211,mp-772885,0.039517638305891,1
BAT_00341,Cr3NiO8,Li2Cr3NiO8,Li5Cr3NiO8,mp-1178044,mp-759272,0.052069110536555,1
BAT_00342,CrNiO4,LiCrNiO4,Li2CrNiO4,mp-768708,mp-762507,0.000977012060943,1
BAT_00343,CrNi(PO4)2,CrNi(PO4)2,Li2CrNi(PO4)2,mp-775333,mp-757714,0.075175088633318,1
BAT_00344,CrNi5(PO4)6,CrNi5(PO4)6,Li4CrNi5(PO4)6,mp-771940,mp-759831,0.012866276084564,1
BAT_00345,Cr3Ni(PO4)6,Cr3Ni(PO4)6,Li6Cr3Ni(PO4)6,mp-774406,mp-757295,0.024194724778757,1
BAT_00346,CrNi3(PO4)4,CrNi3(PO4)4,Li4CrNi3(PO4)4,mp-754644,mp-757068,0.065168318726389,1
BAT_00347,Cr3Ni(PO4)4,Cr3Ni(PO4)4,Li4Cr3Ni(PO4)4,mp-775135,mp-757193,0.116346525132574,1
BAT_00348,Cr3Ni(SO4)6,Cr3Ni(SO4)6,Li2Cr3Ni(SO4)6,mp-774914,mp-772134,0.035965311096069,2
BAT_00349,VCr2Ni3(PO4)6,VCr2Ni3(PO4)6,Li4VCr2Ni3(PO4)6,mp-780465,mp-1177231,0.061638613611474,1
BAT_00350,TiCr2Ni3(PO4)6,TiCr2Ni3(PO4)6,Li4TiCr2Ni3(PO4)6,mp-776057,mp-1177293,0.062048546724213,1
BAT_00351,CrO6,Li15Cr2O12,Li17Cr2O12,mp-758530,mp-754575,0.041033951927013,1
BAT_00354,CrO2,Li3Cr5O10,Li4Cr5O10,mp-762282,mp-753172,0.000333170973193,1
BAT_00355,CrO2,CrO2,LiCrO2,mp-1400837,mp-756362,0.002416179295348,2
BAT_00356,CrO2,CrO2,LiCr2O4,mp-19177,mp-1235526,0.11212447085603,1
BAT_00357,CrO2,Li2Cr3O6,LiCrO2,mp-753941,mp-753227,0.031031858222083,1
BAT_00358,CrO2,CrO2,LiCrO2,mp-714929,mp-18793,0.063528921598051,3
BAT_00359,Cr3O8,Cr3O8,LiCr3O8,mp-545796,mp-554940,0.113678160313895,1
BAT_00360,CrO6,Li6CrO6,Li8CrO6,mp-753796,mp-780493,0.029667906830255,2
BAT_00361,CrO4,Li2CrO4,Li3CrO4,mp-756967,mp-770632,0.029444052003422,1
BAT_00362,Cr19O48,Cr19O48,Li9Cr19O48,mp-850874,mp-851096,0.006590286312381,1
BAT_00364,Cr5O12,Cr5O12,Li2Cr5O12,mp-773920,mp-772650,0.013605668077345,1
BAT_00365,CrO2,LiCr2O4,Li5Cr4O8,mp-771523,mp-849547,0.100133354326063,1
BAT_00366,Cr19O48,Cr19O48,Li9Cr19O48,mp-780521,mp-851274,0.004254034628494,1
BAT_00367,CrO3,CrO3,LiCrO3,mp-1429856,mp-1185311,0.010061862850069,1
BAT_00368,Cr3O8,Cr3O8,LiCr3O8,mp-2220540,mp-674219,0.090352278229007,1
BAT_00369,CrO2,CrO2,LiCr2O4,mp-1389152,mp-1045514,0.025467479299231,1
BAT_00370,Cr3P3O13,Cr3P3O13,LiCr3P3O13,mp-1047904,mp-1012789,0.00393533393129,1
BAT_00371,CrPO4,CrPO4,LiCrPO4,mp-689963,mp-583853,0.048512451458782,1
BAT_00372,Cr2P3O11,Cr2P3O11,LiCr2P3O11,mp-25818,mp-25817,0.034496695401371,1
BAT_00374,CrPO4,CrPO4,LiCrPO4,mp-18906,mp-26317,0.155963442498414,1
BAT_00375,CrP2O7,CrP2O7,LiCrP2O7,mp-540267,mp-26435,0.025945099195064,1
BAT_00376,CrP2O7,CrP2O7,LiCrP2O7,mp-26458,mp-1101520,0.0349610117373,1
BAT_00377,Cr2(PO4)3,LiCr2(PO4)3,Li3Cr2(PO4)3,mp-1101602,mp-25837,0.01417049132903,1
BAT_00378,Cr3(P2O7)2,Cr3(P2O7)2,Li2Cr3(P2O7)2,mp-1172917,mp-697855,0.070466110754354,1
BAT_00379,Cr(PO4)2,Cr(PO4)2,LiCr(PO4)2,mp-697815,mp-697692,0.030189224207825,1
BAT_00380,Cr(PO3)4,Cr(PO3)4,Li2Cr(PO3)4,mp-1178438,mp-697850,0.022332239426021,2
BAT_00381,Cr(PO3)5,Cr(PO3)5,Li2Cr(PO3)5,mp-705019,mp-704942,0.010844300698721,2
BAT_00383,Cr(PO4)2,Li2Cr(PO4)2,Li3Cr(PO4)2,mp-540287,mp-26481,0.010160537700989,1
BAT_00385,CrP2O7,CrP2O7,LiCrP2O7,mp-704959,mp-705001,0.033254990155345,1
BAT_00386,Cr2(PO4)3,LiCr2(PO4)3,Li3Cr2(PO4)3,mp-31677,mp-26489,0.0121701698822,1
BAT_00387,CrP2O7,CrP2O7,LiCrP2O7,mp-26494,mp-26493,0.063385903399548,1
BAT_00388,Cr2(PO4)3,Cr2(PO4)3,Li3Cr2(PO4)3,mp-26610,mp-780606,0.046967077392461,2
BAT_00389,Cr2(PO3)5,Cr2(PO3)5,LiCr2(PO3)5,mp-881272,mp-25861,0.035688615719197,1
BAT_00390,Cr(PO4)2,Li2Cr(PO4)2,Li3Cr(PO4)2,mp-26618,mp-26617,0.018753725560113,1
BAT_00391,Cr2(PO4)3,LiCr2(PO4)3,Li3Cr2(PO4)3,mp-697813,mp-26605,0.01802193216765,2
BAT_00392,CrP2O7,CrP2O7,LiCrP2O7,mp-26572,mp-26571,0.008538054029548,1
BAT_00393,CrPO4,CrPO4,LiCrPO4,mp-26580,mp-26579,0.217877312054308,1
BAT_00394,Cr(PO3)4,Cr(PO3)4,LiCr(PO3)4,mp-31745,mp-26669,0.00385995161381,1
BAT_00395,Cr2P5O18,Li3Cr2P5O18,Li5Cr2P5O18,mp-26684,mp-26683,0.001311793423717,1
BAT_00396,Cr2(PO4)3,LiCr2(PO4)3,Li3Cr2(PO4)3,mp-26740,mp-26739,0.036947269162228,2
BAT_00397,CrP2O7,CrP2O7,LiCrP2O7,mp-26974,mp-19103,0.026278471304838,1
BAT_00398,CrP2O7,LiCrP2O7,Li2CrP2O7,mp-31691,mp-26771,0.054549132608374,1
BAT_00399,CrP2O7,LiCrP2O7,Li2CrP2O7,mp-705361,mp-26751,0.011914712433187,1
BAT_00401,Cr(PO3)4,Cr(PO3)4,LiCr(PO3)4,mp-540424,mp-26829,0.009890282828437,1
BAT_00402,Cr4(PO4)3,Cr4(PO4)3,LiCr4(PO4)3,mp-26840,mp-697664,0.045918309190742,1
BAT_00403,Cr2(PO4)3,LiCr2(PO4)3,Li3Cr2(PO4)3,mp-26870,mp-26869,0.03493353739341,2
BAT_00404,Cr(PO3)3,Cr(PO3)3,LiCr(PO3)3,mp-584637,mp-540456,0.002961304791157,1
BAT_00405,CrPO4,CrPO4,LiCrPO4,mp-504335,mp-26881,0.073896416419236,1
BAT_00406,CrP2O7,CrP2O7,LiCrP2O7,mp-26854,mp-26853,0.00876612376231,1
BAT_00408,Cr4(PO4)3,Cr4(PO4)3,LiCr4(PO4)3,mp-504357,mp-26967,0.011391693363519,1
BAT_00409,Cr4(PO4)3,Cr4(PO4)3,LiCr4(PO4)3,mp-26914,mp-26913,0.009439817808517,1
BAT_00410,CrP2O9,Li3CrP2O9,Li4CrP2O9,mp-504343,mp-26911,0.016392488795217,1
BAT_00411,CrPO4,CrPO4,LiCrPO4,mp-25452,mp-25447,0.160204838478015,1
BAT_00412,CrPO5,CrPO5,LiCrPO5,mp-26924,mp-26923,0.061762029696972,1
BAT_00413,CrP2O7,LiCrP2O7,Li2CrP2O7,mp-540482,mp-26965,0.01311852857386,1
BAT_00414,Cr2(PO4)3,Cr2(PO4)3,Li4Cr2(PO4)3,mp-504291,mp-760100,0.142388794338991,3
BAT_00415,Cr3P8O29,Li6Cr3P8O29,Li9Cr3P8O29,mp-26976,mp-26975,0.016789182420047,1
BAT_00416,Cr(PO3)3,Cr(PO3)3,LiCr(PO3)3,mp-31690,mp-26063,0.063903983430703,1
BAT_00417,CrP2O7,CrP2O7,LiCrP2O7,mp-27036,mp-27035,0.005562180639452,1
BAT_00418,CrPO4,CrPO4,LiCrPO4,mp-27042,mp-27041,0.069966750373084,1
BAT_00419,Cr4P9O32,Cr4P9O32,Li7Cr4P9O32,mp-504406,mp-27077,0.03035846030007,2
BAT_00420,Cr2P5O16,Cr2P5O16,Li3Cr2P5O16,mp-26134,mp-26425,0.030668434074926,2
BAT_00421,Cr2P3O13,Cr2P3O13,LiCr2P3O13,mp-27100,mp-705400,0.022476310940095,1
BAT_00422,Cr2P3O10,Cr2P3O10,LiCr2P3O10,mp-26116,mp-585354,0.050556206098506,1
BAT_00423,Cr(PO3)3,Cr(PO3)3,LiCr(PO3)3,mp-26112,mp-26111,0.027992703859034,1
BAT_00424,CrPO4,CrPO4,LiCrPO4,mp-764345,mp-756865,0.144446447672072,1
BAT_00425,CrP4O13,LiCrP4O13,Li2CrP4O13,mp-1101523,mp-31739,0.07266632761457,1
BAT_00426,CrP2O7,CrP2O7,LiCrP2O7,mp-26140,mp-26139,0.029943903739477,1
BAT_00427,Cr(PO4)2,Li2Cr(PO4)2,Li3Cr(PO4)2,mp-697774,mp-31723,0.003607525011021,1
BAT_00428,CrPO4,LiCr2(PO4)2,LiCrPO4,mp-753873,mp-504313,0.003182303805385,1
BAT_00429,CrPO4,LiCr2(PO4)2,LiCrPO4,mp-753999,mp-757040,0.067765909938889,1
BAT_00430,CrPO5,CrPO5,LiCrPO5,mp-1046724,mp-540292,0.040235146566676,1
BAT_00431,Cr3(P2O7)2,Cr3(P2O7)2,Li2Cr3(P2O7)2,mp-26218,mp-540179,0.055831513121087,1
BAT_00433,Cr5(PO4)4,Cr5(PO4)4,Li2Cr5(PO4)4,mp-504336,mp-1101544,0.064941644737606,1
BAT_00434,Cr3(PO4)4,Cr3(PO4)4,Li3Cr3(PO4)4,mp-695952,mp-26205,0.031299266559578,1
BAT_00435,Cr2P2O9,Cr2P2O9,LiCr2P2O9,mp-1040982,mp-1013922,0.015574628281103,1
BAT_00436,CrPO4,LiCr2(PO4)2,LiCrPO4,mp-753886,mp-540462,0.023363801631371,1
BAT_00437,Cr3(PO4)4,Cr3(PO4)4,Li3Cr3(PO4)4,mp-705409,mp-26289,0.01984696213929,1
BAT_00440,CrPO4,LiCr2(PO4)2,LiCrPO4,mp-766412,mp-757829,0.007083152246051,1
BAT_00442,Cr3(PO4)4,Cr3(PO4)4,Li3Cr3(PO4)4,mp-31744,mp-26337,0.016235953085667,1
BAT_00444,CrPO4,LiCr2(PO4)2,LiCrPO4,mp-766419,mp-757030,0.013019198991609,1
BAT_00445,CrPO5,CrPO5,Li2CrPO5,mp-772173,mp-757132,0.049416759693519,1
BAT_00446,Cr3P4O15,Cr3P4O15,Li4Cr3P4O15,mp-759101,mp-772300,0.055044601366298,2
BAT_00448,Cr(PO3)3,Cr(PO3)3,LiCr(PO3)3,mp-759495,mp-780193,0.076689287019072,1
BAT_00449,CrP2O7,CrP2O7,LiCrP2O7,mp-1048383,mp-831055,0.048887005500304,1
BAT_00451,Ti3Cr(PO4)6,Ti3Cr(PO4)6,Li6Ti3Cr(PO4)6,mp-774416,mp-758706,0.026624720928218,1
BAT_00452,TiCr3(PO4)6,TiCr3(PO4)6,Li7TiCr3(PO4)6,mp-773127,mp-850412,0.072839899885533,2
BAT_00453,VCr3(PO4)6,VCr3(PO4)6,Li6VCr3(PO4)6,mp-774402,mp-1176888,0.010597324709673,1
BAT_00454,V2Cr(PO4)3,V2Cr(PO4)3,Li2V2Cr(PO4)3,mp-771696,mp-1177840,0.069260442958948,1
BAT_00455,V3Cr(PO4)6,V3Cr(PO4)6,Li6V3Cr(PO4)6,mp-775008,mp-757469,0.031379453808073,1
BAT_00456,VCr(P2O7)2,VCr(P2O7)2,Li3VCr(P2O7)2,mp-767779,mp-752491,0.057665171546183,3
BAT_00457,Cr3P6WO24,Cr3P6WO24,Li6Cr3P6WO24,mp-775219,mp-758279,0.009843060407758,1
BAT_00458,Cr2(SO4)3,Cr2(SO4)3,LiCr2(SO4)3,mp-768940,mp-770490,0.092193535281335,1
BAT_00459,Cr2(SO4)3,Cr2(SO4)3,LiCr2(SO4)3,mp-19361,mp-770353,0.051559954557409,1
BAT_00460,Cr(SO4)2,Cr(SO4)2,Li2Cr(SO4)2,mp-780604,mp-850862,0.130002266418313,2
BAT_00461,Cr(SO4)2,Cr(SO4)2,LiCr(SO4)2,mp-757440,mp-776761,0.000721861165427,1
BAT_00462,Cr(SO4)2,Cr(SO4)2,LiCr(SO4)2,mp-773001,mp-861449,0.018235513161713,1
BAT_00463,ZnCr3(SO4)6,ZnCr3(SO4)6,Li2ZnCr3(SO4)6,mp-766220,mp-772839,0.042371068133744,2
BAT_00464,Cr3SbO8,Cr3SbO8,Li2Cr3SbO8,mp-773170,mp-771704,0.045884925949939,1
BAT_00465,TiCrSO8,TiCrSO8,LiTiCrSO8,mp-1101433,mp-766410,0.007557645825867,1
BAT_00466,Cr3Sn3(SbO8)2,Cr3Sn3(SbO8)2,Li4Cr3Sn3(SbO8)2,mp-771431,mp-755860,0.091956492457807,1
BAT_00467,V2Cr3Sb3O16,V2Cr3Sb3O16,Li4V2Cr3Sb3O16,mp-772143,mp-774622,0.095150438311537,1
BAT_00468,Cr5(Si2O7)2,Cr5(Si2O7)2,Li2Cr5(Si2O7)2,mp-757245,mp-867580,0.009612343901525,1
BAT_00469,V3Cr3(SbO8)2,V3Cr3(SbO8)2,Li4V3Cr3(SbO8)2,mp-776536,mp-776595,0.053470251013152,1
BAT_00470,Ti3Cr3(SbO8)2,Ti3Cr3(SbO8)2,Li4Ti3Cr3(SbO8)2,mp-770891,mp-758653,0.092159252448738,1
BAT_00471,Cr(SiO3)2,Cr(SiO3)2,LiCr(SiO3)2,mp-25238,mp-18727,0.012639754274715,1
BAT_00473,Cr(Si2O5)3,Li2Cr(Si2O5)3,Li3Cr(Si2O5)3,mp-775302,mp-759348,0.018574575764226,1
BAT_00474,Cr(Si2O5)3,LiCr(Si2O5)3,Li3Cr(Si2O5)3,mp-850539,mp-778011,0.025540713531574,2
BAT_00475,Cr(Si2O5)2,LiCr(Si2O5)2,Li2Cr(Si2O5)2,mp-780620,mp-758640,0.013448567373068,1
BAT_00479,Cr3TeO8,Cr3TeO8,Li2Cr3TeO8,mp-770187,mp-778197,0.068589260594501,1
BAT_00480,CrTe(WO6)2,CrTe(WO6)2,Li4CrTe(WO6)2,mp-756075,mp-775973,0.054902359761629,1
BAT_00481,V3Cr3(TeO8)2,V3Cr3(TeO8)2,Li4V3Cr3(TeO8)2,mp-763835,mp-769563,0.082757931620991,1
BAT_00482,TiCr3O8,Li2TiCr3O8,Li4TiCr3O8,mp-1177851,mp-765747,0.020640149939082,2
BAT_00483,TiCrO4,TiCrO4,Li2TiCrO4,mp-755596,mp-1276652,0.087721874533658,1
BAT_00484,V3CrO8,V3CrO8,Li3V3CrO8,mp-755402,mp-753269,0.093158686441288,2
BAT_00486,TiV2CrO10,TiV2CrO10,LiTiV2CrO10,mp-773510,mp-1236317,0.077323248288216,1
BAT_00488,VCr2O6,Li2VCr2O6,Li3VCr2O6,mp-849313,mp-754615,0.004597752655576,1
BAT_00489,V5Cr2O12,Li2V5Cr2O12,Li5V5Cr2O12,mp-782662,mp-773065,0.033057878056564,2
BAT_00490,VCrO4,Li4V3Cr3O12,Li2VCrO4,mp-849340,mp-754054,0.011127925281915,1
BAT_00492,V3CrO8,Li2V3CrO8,Li4V3CrO8,mp-781740,mp-1177371,0.00217997685529,1
BAT_00493,VCrO4,VCrO4,LiVCrO4,mp-752903,mp-1176540,0.026150501905385,1
BAT_00495,V3Cr2O10,Li3V3Cr2O10,Li5V3Cr2O10,mp-849418,mp-756826,0.006000022350102,1
BAT_00496,VCr3O8,Li2VCr3O8,Li4VCr3O8,mp-1177801,mp-850338,0.007520586824446,2
BAT_00498,V3CrO8,V3CrO8,Li2V3CrO8,mp-1246656,mp-1302892,0.018372140057379,1
BAT_00502,VCr3O8,Li2VCr3O8,Li4VCr3O8,mp-769577,mp-769605,0.009995304275455,2
BAT_00503,V2CrO6,LiV2CrO6,Li3V2CrO6,mp-780611,mp-757208,0.014928927860048,2
BAT_00504,V3CrO8,LiV3CrO8,Li4V3CrO8,mp-769589,mp-769614,0.009847958237087,2
BAT_00505,VCrO4,LiVCrO4,Li2VCrO4,mp-776068,mp-769617,0.002394559701686,1
BAT_00506,Cr(WO4)3,Cr(WO4)3,Li4Cr(WO4)3,mp-1178444,mp-778824,0.00585743848761,1
BAT_00507,V3Cr3(WO8)2,V3Cr3(WO8)2,Li4V3Cr3(WO8)2,mp-775969,mp-756412,0.043551108589647,1
BAT_00508,CrWO6,CrWO6,Li2CrWO6,mp-1802603,mp-754450,0.086164437443208,1
BAT_00509,Cr3WO8,Cr3WO8,Li2Cr3WO8,mp-773181,mp-775271,0.03943575552023,1
BAT_00510,Cr2(PS4)3,Cr2(PS4)3,Li3Cr2(PS4)3,mp-778446,mp-778433,0.090876290828228,2
BAT_00512,CrS2,CrS2,Li(CrS2)2,mp-1442954,mp-1045358,0.177575623477484,1
BAT_00513,CrS2,CrS2,LiCrS2,mp-755263,mp-4226,0.110568866212591,2
BAT_00515,CsMnP3HO10,CsMnP3HO10,CsLiMnP3HO10,mp-23871,mp-752778,0.080134511499921,1
BAT_00516,Cs2MnO4,Cs2MnO4,Cs2LiMnO4,mp-755110,mp-18722,0.026893950796789,1
BAT_00525,NbFe3Cu2(PO4)6,NbFe3Cu2(PO4)6,Li4NbFe3Cu2(PO4)6,mp-776142,mp-777855,0.062527703059662,1
BAT_00527,Fe3CuO8,Li2Fe3CuO8,Li4Fe3CuO8,mp-755351,mp-753104,0.011124005542635,2
BAT_00528,Fe2Cu3O10,Li4Fe2Cu3O10,Li5Fe2Cu3O10,mp-849416,mp-771233,0.013641185887838,1
BAT_00529,Fe(CuO3)2,Li2Fe(CuO3)2,Li3Fe(CuO3)2,mp-756110,mp-755201,0.007832476585911,1
BAT_00530,FeCu3O8,Li3FeCu3O8,Li4FeCu3O8,mp-771350,mp-756375,0.004561938990056,1
BAT_00531,FeCuO4,LiFeCuO4,Li3Fe2(CuO4)2,mp-775462,mp-781767,0.015113506457425,1
BAT_00532,Fe2Cu(PO4)3,Fe2Cu(PO4)3,Li2Fe2Cu(PO4)3,mp-775240,mp-761114,0.004522804716095,1
BAT_00533,Fe3Cu(PO4)4,Fe3Cu(PO4)4,Li4Fe3Cu(PO4)4,mp-775191,mp-1177485,0.054071583986808,1
BAT_00534,FeCu3(PO4)4,FeCu3(PO4)4,Li4FeCu3(PO4)4,mp-775297,mp-1177402,0.036215600619238,1
BAT_00535,TiFe3Cu2(PO4)6,TiFe3Cu2(PO4)6,Li4TiFe3Cu2(PO4)6,mp-775996,mp-778677,0.060495269984451,1
BAT_00536,FeCu(PO4)2,FeCu(PO4)2,Li2FeCu(PO4)2,mp-775167,mp-758722,0.046853054727297,1
BAT_00537,V3Fe2CuO12,V3Fe2CuO12,Li3V6Fe4(CuO12)2,mp-773088,mp-772865,0.0079377183984,2
BAT_00553,Mn3CuNi2(PO4)6,Mn3CuNi2(PO4)6,Li4Mn3CuNi2(PO4)6,mp-772496,mp-775323,0.071289493142945,1
BAT_00554,MnCu3O8,Li3MnCu3O8,Li4MnCu3O8,mp-756390,mp-756491,0.006648969960914,1
BAT_00555,Mn5(CuO6)2,LiMn5(CuO6)2,Li3Mn5(CuO6)2,mp-756860,mp-849464,0.022984220644009,2
BAT_00556,Mn5CuO12,Mn5CuO12,Li4Mn5CuO12,mp-756191,mp-753851,0.085426977567312,1
BAT_00557,Mn3CuO8,Mn3CuO8,Li4Mn3CuO8,mp-756525,mp-773427,0.048605578600231,1
BAT_00558,Mn2Cu3O10,Li4Mn2Cu3O10,Li5Mn2Cu3O10,mp-849495,mp-755409,0.005178393007883,1
BAT_00559,Mn3CuO8,Mn3CuO8,Li2Mn3CuO8,mp-756513,mp-756596,0.036306176591273,1
BAT_00560,Mn3Cu(PO4)4,Mn3Cu(PO4)4,Li5Mn3Cu(PO4)4,mp-756349,mp-1177150,0.113940228533617,2
BAT_00561,Mn5Cu(PO4)6,Mn5Cu(PO4)6,Li4Mn5Cu(PO4)6,mp-773506,mp-1177362,0.068988142403291,1
BAT_00562,Mn7Cu(PO4)12,Mn7Cu(PO4)12,Li8Mn7Cu(PO4)12,mp-1176532,mp-1176950,0.042257423752788,1
BAT_00563,MnCu3(PO4)4,MnCu3(PO4)4,Li4MnCu3(PO4)4,mp-775168,mp-753744,0.046537021078915,1
BAT_00564,MnCu(PO4)2,MnCu(PO4)2,Li2MnCu(PO4)2,mp-775025,mp-765574,0.042972896709419,1
BAT_00566,Mn3Cu3(TeO8)2,Mn3Cu3(TeO8)2,Li4Mn3Cu3(TeO8)2,mp-758477,mp-757393,0.090865777229044,1
BAT_00567,MnV4CuO12,MnV4CuO12,Li2MnV4CuO12,mp-754799,mp-774824,0.020420127427884,1
BAT_00573,CuNi3O8,Li3CuNi3O8,Li4CuNi3O8,mp-861850,mp-752986,0.016371056446354,1
BAT_00574,V4CuNiO12,V4CuNiO12,Li2V4CuNiO12,mp-756167,mp-1177805,0.019601467728186,1
BAT_00617,TiCu3(PO4)4,TiCu3(PO4)4,Li4TiCu3(PO4)4,mp-1101275,mp-1177279,0.000296318507337,1
BAT_00619,VCu(PO4)2,VCu(PO4)2,Li2VCu(PO4)2,mp-755025,mp-757133,0.058973083847203,1
BAT_00621,V3Cu(PO4)4,V3Cu(PO4)4,Li4V3Cu(PO4)4,mp-775334,mp-1177267,0.039753016621219,1
BAT_00622,V2Cu(PO4)3,V2Cu(PO4)3,Li2V2Cu(PO4)3,mp-757397,mp-759398,0.051384829564105,1
BAT_00624,V3Cu(PO4)6,V3Cu(PO4)6,Li6V3Cu(PO4)6,mp-774423,mp-1176990,0.022782976981863,1
BAT_00634,Ti3Cu3(TeO8)2,Ti3Cu3(TeO8)2,Li4Ti3Cu3(TeO8)2,mp-760579,mp-758259,0.087394042206606,1
BAT_00636,V5CuO12,V5CuO12,Li2V5CuO12,mp-777235,mp-755507,0.012093216642106,1
BAT_00637,V4CuO12,LiV4CuO12,Li3V4CuO12,mp-756257,mp-756355,0.032681818492332,1
BAT_00638,VCuO4,VCuO4,LiVCuO4,mp-25196,mp-1104607,0.098045758421294,1
BAT_00639,V3CuO8,V3CuO8,Li2V3CuO8,mp-775644,mp-773650,0.053527317596379,1
BAT_00641,Ti16CuS32,Ti16CuS32,Li8Ti16CuS32,mp-767157,mp-774459,0.029493123648653,1
BAT_00647,FeF6,Li2FeF6,Li3FeF6,mp-777463,mp-755087,0.087546003856631,1
BAT_00648,FeF3,FeF3,LiFeF3,mp-22398,mp-761166,0.029353354154893,1
BAT_00650,FeF4,LiFeF4,Li2FeF4,mp-776164,mp-849493,0.125512613974288,1
BAT_00652,FeF4,LiFeF4,Li2FeF4,mp-756535,mp-777588,0.014587862184091,1
BAT_00653,FeF3,FeF3,LiFeF3,mp-1181398,mp-760354,0.089806646114283,1
BAT_00654,FeF4,LiFeF4,Li2FeF4,mp-755299,mp-755356,0.005446910756986,1
BAT_00655,FeF4,LiFeF4,Li2FeF4,mp-756100,mp-755741,0.02341746623079,1
BAT_00656,FeF4,LiFeF4,Li2FeF4,mp-777477,mp-754579,0.073150312461561,1
BAT_00657,Fe4OF8,Fe4OF8,Li2Fe4OF8,mp-754705,mp-849951,0.061667072957571,1
BAT_00658,FeOF3,Li2FeOF3,Li3FeOF3,mp-755818,mp-752488,0.004548813612293,1
BAT_00660,FeOF3,Li2FeOF3,Li3FeOF3,mp-752830,mp-887364,0.008495005413739,1
BAT_00661,Fe3(OF3)2,LiFe3(OF3)2,Li4Fe3(OF3)2,mp-756353,mp-752847,0.010184229222978,1
BAT_00663,Fe7O7F,Fe7O7F,LiFe7O7F,mp-1178254,mp-1176712,0.03178655774603,1
BAT_00664,Fe5(OF2)4,Fe5(OF2)4,LiFe5(OF2)4,mp-752802,mp-754972,0.029146267262298,1
BAT_00665,Fe7O3F13,Fe7O3F13,Li5Fe7O3F13,mp-754593,mp-780457,0.006460193760416,1
BAT_00668,FeO5F,Li7FeO5F,Li8FeO5F,mp-754420,mp-755400,0.036634234658859,1
BAT_00669,Fe5(OF2)4,Fe5(OF2)4,LiFe5(OF2)4,mp-754310,mp-1176720,0.041917928647269,1
BAT_00670,FeOF4,Li3FeOF4,Li4FeOF4,mp-754295,mp-754592,0.014602450571506,1
BAT_00672,Fe5OF11,Fe5OF11,Li3Fe5OF11,mp-1346391,mp-1342745,0.02097612283366,1
BAT_00673,FeOF3,Li2FeOF3,Li3FeOF3,mp-764977,mp-777299,0.011568896142865,1
BAT_00674,Fe3OF5,Fe3OF5,LiFe3OF5,mp-779913,mp-753410,0.062268436087508,1
BAT_00675,FeOF5,Li4FeOF5,Li5FeOF5,mp-775155,mp-1177101,0.002572419694931,1
BAT_00676,Fe4OF7,Fe4OF7,LiFe4OF7,mp-881173,mp-776991,0.081564916726213,1
BAT_00678,Fe2OF3,Fe2OF3,LiFe2OF3,mp-777541,mp-776904,0.07711422308874,1
BAT_00679,Fe2O2F3,Fe2O2F3,LiFe2O2F3,mp-755377,mp-756358,0.060874676507547,1
BAT_00680,FeO5F,Li6FeO5F,Li8FeO5F,mp-764903,mp-776549,0.049603340984933,2
BAT_00682,Fe5OF11,Fe5OF11,Li3Fe5OF11,mp-1178251,mp-778257,0.041245614689279,1
BAT_00683,Fe5OF11,Fe5OF11,Li3Fe5OF11,mp-1178250,mp-779353,0.020976251506498,1
BAT_00684,FeOF5,Li4FeOF5,Li5FeOF5,mp-779064,mp-777279,0.013618405762568,1
BAT_00685,Fe7(OF7)2,Fe7(OF7)2,Li4Fe7(OF7)2,mp-777455,mp-757088,0.11009644842452,1
BAT_00689,Fe3OF7,Fe3OF7,Li3Fe3OF7,mp-1178324,mp-764593,0.065363730421637,1
BAT_00690,Fe2Si2O7,LiFe2Si2O7,Li2Fe2Si2O7,mp-780866,mp-759016,0.056219471304897,1
BAT_00691,FeSiO4,LiFeSiO4,Li2FeSiO4,mp-759053,mp-759575,0.006527534567018,1
BAT_00692,FeSiO4,LiFeSiO4,Li2FeSiO4,mp-758499,mp-758823,0.006380567967458,1
BAT_00693,FeSiO4,LiFeSiO4,Li2FeSiO4,mp-766542,mp-764340,0.019800043141179,1
BAT_00694,FeSiO5,Li9Fe4(SiO5)4,Li3FeSiO5,mp-759075,mp-764341,0.065349810827572,1
BAT_00695,Fe3(SiO4)2,Fe3(SiO4)2,Li2Fe3(SiO4)2,mp-850744,mp-759106,0.043050543148792,2
BAT_00696,Fe2Si3O10,Li3Fe4(Si3O10)2,Li4Fe2Si3O10,mp-779820,mp-757438,0.026695272638349,2
BAT_00697,FeSiO4,LiFeSiO4,Li2FeSiO4,mp-759087,mp-758421,0.049340543840538,1
BAT_00698,FeSiO4,LiFeSiO4,Li2FeSiO4,mp-758574,mp-764346,0.020383396814277,1
BAT_00699,FeSiO4,LiFeSiO4,Li3Fe2(SiO4)2,mp-758506,mp-760096,0.071623638846402,1
BAT_00700,FeSiO4,LiFe2(SiO4)2,LiFeSiO4,mp-850962,mp-758825,0.002257754288093,1
BAT_00701,FeSiO4,LiFe2(SiO4)2,Li7Fe6(SiO4)6,mp-758113,mp-1176885,0.048810669920391,2
BAT_00703,Fe(SiO3)2,Fe(SiO3)2,LiFe(SiO3)2,mp-1253019,mp-1266318,0.010471641787058,1
BAT_00705,FeSiO4,FeSiO4,Li2FeSiO4,mp-1191756,mp-758209,0.086894026615611,2
BAT_00706,FeSiO4,LiFeSiO4,Li2FeSiO4,mp-766529,mp-757833,0.024067041788506,1
BAT_00707,FeSiO4,LiFeSiO4,Li2FeSiO4,mp-764348,mp-759942,0.010668626559101,1
BAT_00708,Fe(Si2O5)3,LiFe(Si2O5)3,Li3Fe(Si2O5)3,mp-775750,mp-765285,0.011167210789921,2
BAT_00709,FeSiO4,Li3Fe2(SiO4)2,Li2FeSiO4,mp-778622,mp-758465,0.037690805482461,1
BAT_00710,Fe3(SnO5)2,Li3Fe3(SnO5)2,Li5Fe3(SnO5)2,mp-753126,mp-756675,0.02243000938148,1
BAT_00711,FeSnO4,LiFeSnO4,Li2FeSnO4,mp-756311,mp-1177968,0.011347172133027,1
BAT_00712,Fe3TeO8,Fe3TeO8,Li2Fe3TeO8,mp-1178313,mp-775742,0.09688020641965,1
BAT_00713,V3Fe3(TeO8)2,V3Fe3(TeO8)2,Li4V3Fe3(TeO8)2,mp-774673,mp-767773,0.018374234828695,1
BAT_00715,Fe3TeO8,Li3Fe3TeO8,Li4Fe3TeO8,mp-772334,mp-771362,0.004615129289289,1
BAT_00716,TiFe2O5,LiTiFe2O5,Li2TiFe2O5,mp-753225,mp-756002,0.000575615260454,1
BAT_00717,Ti12Fe5O32,Ti12Fe5O32,Li7Ti12Fe5O32,mp-773026,mp-772995,0.029556908369431,1
BAT_00718,TiFeO4,TiFeO4,Li2TiFeO4,mp-754900,mp-1285010,0.101160255608317,2
BAT_00719,TiFe3O8,Li3TiFe3O8,Li4TiFe3O8,mp-755163,mp-769962,0.002853453105017,1
BAT_00720,TiFeO4,LiTiFeO4,Li2TiFeO4,mp-755965,mp-1304342,0.016630808084626,1
BAT_00721,TiFe3O8,Li2TiFe3O8,Li3TiFe3O8,mp-771820,mp-760345,0.002414431908861,1
BAT_00722,Ti2Fe3O10,Li2Ti2Fe3O10,Li4Ti2Fe3O10,mp-762700,mp-759041,0.012494477601847,2
BAT_00723,TiFe5O12,Li4TiFe5O12,Li6TiFe5O12,mp-755645,mp-867832,0.051987147282599,1
BAT_00724,TiFe3O8,Li3TiFe3O8,Li4TiFe3O8,mp-758622,mp-1177243,0.010676950309126,1
BAT_00725,Ti(FeO3)2,Li2Ti(FeO3)2,Li3Ti(FeO3)2,mp-758964,mp-774498,0.006849672915888,1
BAT_00726,V2Fe3O10,Li3V2Fe3O10,Li5V2Fe3O10,mp-753077,mp-754679,0.015262621977994,1
BAT_00727,VFeO4,VFeO4,LiVFeO4,mp-18949,mp-756201,0.082161936701518,1
BAT_00728,V4FeO12,V4FeO12,Li3V4FeO12,mp-763248,mp-1568159,0.002510357114278,1
BAT_00729,VFeO4,LiVFeO4,Li2VFeO4,mp-775175,mp-881807,0.00285196983818,1
BAT_00730,VFe3O8,Li2VFe3O8,Li3VFe3O8,mp-1177782,mp-1177549,0.014195219578935,1
BAT_00731,VFeO4,VFeO4,LiVFeO4,mp-850978,mp-772649,0.05466547659434,1
BAT_00732,V3(FeO5)2,Li3V3(FeO5)2,Li5V3(FeO5)2,mp-753182,mp-755172,0.011291563057598,2
BAT_00733,V(FeO3)2,Li2V(FeO3)2,Li3V(FeO3)2,mp-759143,mp-756960,0.068046948336972,1
BAT_00735,V3(FeO6)2,Li3V3(FeO6)2,Li4V3(FeO6)2,mp-775234,mp-760208,0.020584391518455,1
BAT_00736,V3FeO8,V3FeO8,Li2V3FeO8,mp-771199,mp-756697,0.033405882610889,1
BAT_00737,V2FeO6,Li2V2FeO6,Li3V2FeO6,mp-758699,mp-757121,0.037472522803892,1
BAT_00738,VFe3O8,Li3VFe3O8,Li4VFe3O8,mp-757069,mp-760357,0.005089529462997,1
BAT_00739,VFeO4,LiVFeO4,Li2VFeO4,mp-1176543,mp-756969,0.004434126589106,1
BAT_00740,V3FeO8,Li3V3FeO8,Li4V3FeO8,mp-755957,mp-765701,0.002516302425313,1
BAT_00741,Fe3WO8,Li3Fe3WO8,Li4Fe3WO8,mp-1177706,mp-756528,0.009969904291175,1
BAT_00745,Fe(PS3)2,Fe(PS3)2,Li2Fe(PS3)2,mp-753614,mp-867714,0.000227532334123,1
BAT_00752,VGa3O8,Li2VGa3O8,Li4VGa3O8,mp-755571,mp-771646,0.037232371270258,1
BAT_00755,NiGe3O8,NiGe3O8,Li2NiGe3O8,mp-543103,mp-21650,0.069880734169379,1
BAT_00756,V2SiGeO10,Li2V2SiGeO10,Li4V2SiGeO10,mp-756174,mp-772830,0.008826807412251,1
BAT_00757,V2SiGeO10,Li2V2SiGeO10,Li4V2SiGeO10,mp-766106,mp-766048,0.000155252397364,1
BAT_00758,V(GeO3)2,V(GeO3)2,LiV(GeO3)2,mp-775220,mp-559680,0.005072336680854,1
BAT_00760,VGeO5,LiVGeO5,Li2VGeO5,mp-850438,mp-18809,0.006805001053,1
BAT_00763,MnPHO5,MnPHO5,Li2MnPHO5,mp-756230,mp-754995,0.229908032526151,2
BAT_00764,MnP2HO8,Li2MnP2HO8,Li3MnP2HO8,mp-779443,mp-759656,0.076033636401051,1
BAT_00766,MnPH2O5,MnPH2O5,LiMn2P2(H2O5)2,mp-23895,mp-1235619,0.053541497146895,1
BAT_00767,Mn2P4H3O16,Li2Mn2P4H3O16,Li4Mn2P4H3O16,mp-763324,mp-771909,0.081544846424895,1
BAT_00768,MnP2HO7,MnP2HO7,LiMnP2HO7,mp-734805,mp-783907,0.063433947834164,1
BAT_00769,MnVP2(HO5)2,MnVP2(HO5)2,Li2MnVP2(HO5)2,mp-753350,mp-849445,0.057212139416648,2
BAT_00770,MnVP2(HO5)2,LiMnVP2(HO5)2,Li3MnVP2(HO5)2,mp-1235750,mp-753439,0.102068209854106,1
BAT_00771,MnH4(SO5)2,MnH4(SO5)2,Li2MnH4(SO5)2,mp-772662,mp-772240,0.03810056553073,2
BAT_00773,MnH4(SO5)2,LiMnH4(SO5)2,Li2MnH4(SO5)2,mp-1176828,mp-772273,0.028128034882998,1
BAT_00774,MnH6(S2O9)2,MnH6(S2O9)2,Li4MnH6(S2O9)2,mp-779879,mp-777769,0.034771936912155,1
BAT_00775,MnH8(SO6)2,MnH8(SO6)2,LiMnH8(SO6)2,mp-778207,mp-831237,0.048927141233389,1
BAT_00776,NiH12(SO7)2,NiH12(SO7)2,Li2NiH12(SO7)2,mp-1101430,mp-771658,0.255655494801442,1
BAT_00782,VP2HO8,LiV2P4(HO8)2,Li2VP2HO8,mp-776478,mp-754990,0.059675946190688,2
BAT_00783,VP2HO8,LiV2P4(HO8)2,Li3V2P4(HO8)2,mp-779002,mp-850257,0.042330099015676,1
BAT_00785,V2P4H3O16,V2P4H3O16,Li4V2P4H3O16,mp-755425,mp-752967,0.097599007125725,1
BAT_00786,VP2HO8,LiV2P4(HO8)2,Li3V2P4(HO8)2,mp-779208,mp-1177507,0.046270872018535,1
BAT_00787,VP2HO8,LiV2P4(HO8)2,Li3V2P4(HO8)2,mp-780479,mp-753516,0.036171039506987,1
BAT_00788,VPHO5,VPHO5,Li2VPHO5,mp-1101197,mp-1275571,0.140613970655854,2
BAT_00789,VSi4(HO6)2,LiVSi4(HO6)2,Li3VSi4(HO6)2,mp-761158,mp-1266205,0.032946980714688,1
BAT_00790,VP2HO8,LiVP2HO8,Li3V2P4(HO8)2,mp-780630,mp-781078,0.025995672211029,1
BAT_00794,KMnO2,K2LiMn2O4,KLiMnO2,mp-1290836,mp-770699,0.036749181222864,1
BAT_00796,KMnO2,KMnO2,KLiMnO2,mp-25544,mp-549671,0.019611449569086,1
BAT_00803,K2NiO4,K2Li2NiO4,K2Li3NiO4,mp-773004,mp-774432,0.026262209883304,1
BAT_00825,LaTi2O6,LaTi2O6,LiLaTi2O6,mp-1222737,mp-1222315,0.003795778441476,1
BAT_00829,Mg2Mn3O8,Mg2Mn3O8,LiMg2Mn3O8,mp-756696,mp-756823,0.020909499377989,1
BAT_00831,Mg(NiO2)4,Mg(NiO2)4,Li3Mg(NiO2)4,mp-756552,mp-756610,0.026254223717851,1
BAT_00832,MgNi3O8,Li2MgNi3O8,Li4MgNi3O8,mp-756920,mp-1280637,0.021034631002684,1
BAT_00833,Mg(Ni6O13)2,Li6Mg(Ni6O13)2,Li13Mg(Ni6O13)2,mp-759215,mp-769522,0.014432458975099,2
BAT_00842,Na5Mn2O8,Na5Mn2O8,Na5LiMn2O8,mp-780612,mp-554028,0.011525139473477,1
BAT_00843,NaMnP2O7,NaMnP2O7,NaLiMnP2O7,mp-1192230,mp-775876,0.08890957289593,1
BAT_00844,Na2Mn(PO3)5,Na2Mn(PO3)5,Na2LiMn(PO3)5,mp-553997,mp-760056,0.020143272492367,1
BAT_00845,Mn2NbNi3(PO4)6,Mn2NbNi3(PO4)6,Li4Mn2NbNi3(PO4)6,mp-1176556,mp-776611,0.024690917743684,1
BAT_00847,Mn3NbO8,Mn3NbO8,Li2Mn3NbO8,mp-1176463,mp-756486,0.079248789711037,1
BAT_00848,MnNb4O12,MnNb4O12,Li3MnNb4O12,mp-775807,mp-780417,0.017248307408302,1
BAT_00849,Mn3Nb(PO4)4,Mn3Nb(PO4)4,Li4Mn3Nb(PO4)4,mp-775197,mp-861478,0.010234826514328,1
BAT_00850,Mn3Nb(PO4)6,Mn3Nb(PO4)6,Li6Mn3Nb(PO4)6,mp-775181,mp-849778,0.085054280487388,1
BAT_00851,Mn7Nb(PO4)12,Mn7Nb(PO4)12,Li8Mn7Nb(PO4)12,mp-776750,mp-780717,0.075482349635603,1
BAT_00852,MnNi3O8,Li2MnNi3O8,Li4MnNi3O8,mp-752530,mp-1177345,0.021566777474717,2
BAT_00853,MnNiO4,LiMnNiO4,Li2MnNiO4,mp-756366,mp-753347,0.026347491048887,1
BAT_00854,Mn2Ni3O10,Li4Mn2Ni3O10,Li5Mn2Ni3O10,mp-758690,mp-754927,0.012853628052426,1
BAT_00855,Mn3NiO8,Mn3NiO8,Li4Mn3NiO8,mp-1176568,mp-760206,0.094049921321074,3
BAT_00856,Mn5NiO12,Mn5NiO12,Li4Mn5NiO12,mp-755683,mp-753964,0.098208516988773,1
BAT_00858,Mn2NiO6,Mn2NiO6,Li2Mn2NiO6,mp-25285,mp-554979,0.046197744723939,2
BAT_00859,Mn15NiO32,Mn15NiO32,Li8Mn15NiO32,mp-851082,mp-772976,0.051457084806271,1
BAT_00860,Mn3NiO8,Mn3NiO8,Li2Mn3NiO8,mp-775810,mp-771112,0.053192011356005,1
BAT_00861,Mn5Ni3O16,Li4Mn5Ni3O16,Li6Mn5Ni3O16,mp-756534,mp-760956,0.015379638069027,1
BAT_00863,Mn2Ni5O12,Li3Mn2Ni5O12,Li5Mn2Ni5O12,mp-758846,mp-771232,0.005156444816137,1
BAT_00864,Mn(NiO3)2,Li2Mn(NiO3)2,Li3Mn(NiO3)2,mp-762624,mp-756364,0.008461981582735,1
BAT_00865,Mn2NiO6,LiMn2NiO6,Li3Mn2NiO6,mp-762633,mp-756831,0.043119466793725,2
BAT_00866,Mn4NiO8,Mn4NiO8,Li3Mn4NiO8,mp-757060,mp-756351,0.033450700851406,1
BAT_00867,Mn3NiO8,Mn3NiO8,Li2Mn3NiO8,mp-757044,mp-769631,0.061286354189055,1
BAT_00868,MnNi(PO4)2,MnNi(PO4)2,Li4Mn3Ni3(PO4)6,mp-773507,mp-771186,0.030278244286999,1
BAT_00869,MnNi(PO4)2,MnNi(PO4)2,Li4Mn3Ni3(PO4)6,mp-771700,mp-775926,0.061385580913817,1
BAT_00871,MnNi(PO4)2,MnNi(PO4)2,Li2MnNi(PO4)2,mp-775200,mp-778744,0.103004116173754,1
BAT_00872,Mn3Ni(PO4)4,Mn3Ni(PO4)4,Li4Mn3Ni(PO4)4,mp-756391,mp-757417,0.079463920808534,1
BAT_00873,Mn7Ni(PO4)12,Mn7Ni(PO4)12,Li8Mn7Ni(PO4)12,mp-776812,mp-776162,0.052616699618184,1
BAT_00874,MnNi3(PO4)4,MnNi3(PO4)4,Li4MnNi3(PO4)4,mp-775024,mp-757099,0.044136436229484,1
BAT_00875,Mn5Ni(PO4)6,Mn5Ni(PO4)6,Li4Mn5Ni(PO4)6,mp-772291,mp-867956,0.063097820565843,1
BAT_00876,Mn2Ni(PO4)3,Mn2Ni(PO4)3,Li2Mn2Ni(PO4)3,mp-759483,mp-774573,0.068415252210677,1
BAT_00877,Mn2VNi3(PO4)6,Mn2VNi3(PO4)6,Li4Mn2VNi3(PO4)6,mp-759208,mp-770417,0.02619003069633,1
BAT_00878,TiMn2Ni3(PO4)6,TiMn2Ni3(PO4)6,Li4TiMn2Ni3(PO4)6,mp-776680,mp-776756,0.026797443406176,1
BAT_00879,Ti2Mn3Ni3O16,Li4Ti2Mn3Ni3O16,Li10Ti2Mn3Ni3O16,mp-767719,mp-777402,0.09419832442663,1
BAT_00880,Mn3Ni3(TeO8)2,Mn3Ni3(TeO8)2,Li4Mn3Ni3(TeO8)2,mp-756438,mp-770951,0.0913458201002,1
BAT_00881,MnV4NiO12,MnV4NiO12,Li2MnV4NiO12,mp-850419,mp-862462,0.015882601569449,1
BAT_00883,Mn17O40,Li6Mn17O40,Li13Mn17O40,mp-758827,mp-759819,0.005470781257368,1
BAT_00884,MnO2,Li3Mn4O8,LiMnO2,mp-1177617,mp-756516,0.012232567531829,1
BAT_00885,Mn5O12,Li5Mn5O12,Li7Mn5O12,mp-758752,mp-756600,0.041012704670551,2
BAT_00886,MnO2,MnO2,LiMnO2,mp-25424,mp-754656,0.249957871725363,2
BAT_00888,MnO2,LiMn5O10,LiMnO2,mp-759136,mp-756475,0.069642812596144,4
BAT_00890,Mn15O32,Mn15O32,Li6Mn15O32,mp-776603,mp-761797,0.039841949824003,1
BAT_00891,MnO2,MnO2,LiMnO2,mp-510408,mp-2861076,0.299661296814479,1
BAT_00892,Mn3O8,Li5Mn6O16,Li5Mn3O8,mp-758809,mp-1174554,0.0280490256213099,3
BAT_00893,MnO2,Li2Mn3O6,LiMnO2,mp-758273,mp-756747,0.032710266757776,1
BAT_00895,Mn7O16,Li4Mn7O16,Li9Mn7O16,mp-757932,mp-1100519,0.051662451675757,1
BAT_00896,Mn5O8,Mn5O8,Li3Mn5O8,mp-752536,mp-754811,0.001441909526962,1
BAT_00898,Mn3O8,Li3Mn3O8,Li11Mn6O16,mp-770608,mp-779771,0.040156150513289,2
BAT_00899,MnO2,LiMn6O12,Li8Mn9O18,mp-1176651,mp-759775,0.051157297854674,2
BAT_00900,MnO2,MnO2,LiMnO2,mp-510732,mp-18767,0.126617653203243,1
BAT_00901,MnO2,MnO2,LiMn4O8,mp-19395,mp-1003315,0.019039557832448,1
BAT_00902,MnO2,MnO2,LiMn2O4,mp-1407587,mp-756371,0.004425766496548,1
BAT_00903,MnO2,LiMn10O20,Li9Mn20O40,mp-766948,mp-690161,0.046688308737625,1
BAT_00904,Mn21O40,Mn21O40,Li9Mn21O40,mp-766493,mp-530725,0.041572561299696,1
BAT_00905,Mn5O12,Li2Mn5O12,Li4Mn5O12,mp-758668,mp-691115,0.002108138079071,1
BAT_00909,MnO2,MnO2,LiMn2O4,mp-644514,mp-1016095,0.127241188282644,2
BAT_00910,Mn21O40,Mn21O40,Li9Mn21O40,mp-849596,mp-776365,0.049009075331603,1
BAT_00911,MnO2,MnO2,LiMnO2,mp-1271850,mp-2506805,0.009808180218552,1
BAT_00912,MnO3,Li13Mn8O24,Li2MnO3,mp-758698,mp-18988,0.007939111916712,1
BAT_00913,Mn15O32,Mn15O32,Li9Mn15O32,mp-867971,mp-769450,0.049655743719771,1
BAT_00914,Mn7O12,LiMn7O12,Li5Mn7O12,mp-753234,mp-754393,0.024938260217216,1
BAT_00916,MnO2,Li3Mn28O56,Li2Mn3O6,mp-1177832,mp-762412,0.058324292130721,3
BAT_00917,MnPO4,MnPO4,LiMnPO4,mp-25972,mp-25971,0.067393933044924,1
BAT_00918,Mn(PO3)5,Mn(PO3)5,Li2Mn(PO3)5,mp-849736,mp-705355,0.023100911003768,1
BAT_00919,Mn4(PO4)3,Mn4(PO4)3,LiMn4(PO4)3,mp-25932,mp-585189,0.016472899016948,1
BAT_00921,Mn9(P2O7)8,Mn9(P2O7)8,Li14Mn9(P2O7)8,mp-504117,mp-705402,0.021789115097113,2
BAT_00923,Mn(PO3)3,Mn(PO3)3,LiMn(PO3)3,mp-25237,mp-19492,0.04561735135959,1
BAT_00924,MnPO4,MnPO4,LiMnPO4,mp-26220,mp-26219,0.108165025892167,1
BAT_00925,MnPO4,MnPO4,LiMnPO4,mp-26980,mp-18997,0.065671567929561,1
BAT_00926,Mn(PO3)3,Mn(PO3)3,LiMn(PO3)3,mp-704236,mp-26019,0.054812021443186,1
BAT_00927,MnPO4,MnPO4,LiMnPO4,mp-26284,mp-31940,0.057215736139496,2
BAT_00928,Mn(PO3)4,Mn(PO3)4,LiMn(PO3)4,mp-26274,mp-31950,0.010081398919854,1
BAT_00929,Mn3P8O29,Li3Mn3P8O29,Li9Mn3P8O29,mp-1177655,mp-26035,0.018969462466735,2
BAT_00930,Mn4(PO4)3,Mn4(PO4)3,LiMn4(PO4)3,mp-25970,mp-25969,0.004387586397114,1
BAT_00931,MnP2O7,LiMnP2O7,Li2MnP2O7,mp-540193,mp-26257,0.018109006390311,1
BAT_00932,Mn3P3O13,Mn3P3O13,LiMn3P3O13,mp-1047928,mp-1013917,0.020742906179189,1
BAT_00933,Mn2(PO4)3,LiMn2(PO4)3,Li5Mn2(PO4)3,mp-26118,mp-849398,0.194957344620235,2
BAT_00934,MnP2O7,MnP2O7,LiMnP2O7,mp-26340,mp-26339,0.051294483460389,1
BAT_00935,MnPO4,MnPO4,LiMnPO4,mp-27066,mp-1172916,0.094731169356238,1
BAT_00936,Mn3(PO4)4,Mn3(PO4)4,Li6Mn3(PO4)4,mp-26060,mp-780723,0.224899319321994,2
BAT_00937,MnPO4,MnPO4,LiMnPO4,mp-540118,mp-26057,0.098925178224841,1
BAT_00938,MnP2O7,MnP2O7,Li2MnP2O7,mp-697742,mp-540421,0.112571277801983,2
BAT_00940,MnP2O7,MnP2O7,LiMnP2O7,mp-697788,mp-26397,0.071846284381102,1
BAT_00941,Mn4(PO4)3,Mn4(PO4)3,LiMn4(PO4)3,mp-26394,mp-26393,0.008445654001766,1
BAT_00942,Mn2(PO4)3,Mn2(PO4)3,Li5Mn2(PO4)3,mp-26062,mp-768651,0.201325565996927,5
BAT_00943,MnP2O7,MnP2O7,Li2MnP2O7,mp-540416,mp-540223,0.121519687835453,2
BAT_00944,MnPO4,MnPO4,LiMn2(PO4)2,mp-540146,mp-1176680,0.036602961974525,1
BAT_00945,MnP2O7,LiMnP2O7,Li2MnP2O7,mp-697744,mp-26413,0.008020185627112,1
BAT_00948,MnP2O7,MnP2O7,LiMnP2O7,mp-27032,mp-27031,0.108728839162103,1
BAT_00949,Mn2(PO4)3,LiMn2(PO4)3,Li3Mn2(PO4)3,mp-32023,mp-26453,0.056964856163744,1
BAT_00951,MnPO4,MnPO4,LiMnPO4,mp-694547,mp-26071,0.027676897105091,1
BAT_00952,MnP2O7,MnP2O7,Li2MnP2O7,mp-585266,mp-31953,0.038870831107834,2
BAT_00953,Mn(PO4)2,Li3Mn(PO4)2,Li4Mn(PO4)2,mp-881278,mp-26081,0.023543212088019,1
BAT_00954,Mn4(PO4)3,Mn4(PO4)3,LiMn4(PO4)3,mp-705354,mp-31931,0.025939804647934,1
BAT_00955,Mn(PO3)4,LiMn(PO3)4,Li2Mn(PO3)4,mp-689967,mp-540477,0.024296112657451,1
BAT_00956,Mn(PO4)2,LiMn(PO4)2,Li2Mn(PO4)2,mp-753867,mp-753291,0.002805136997757,1
BAT_00957,Mn(PO4)2,LiMn(PO4)2,Li3Mn(PO4)2,mp-867825,mp-31972,0.059943619233691,2
BAT_00958,MnP2O7,LiMnP2O7,Li2MnP2O7,mp-31960,mp-1101535,0.057256430655618,1
BAT_00959,MnPO4,LiMn2(PO4)2,LiMnPO4,mp-753423,mp-857355,0.003575539428858,1
BAT_00960,Mn3(P2O7)2,Mn3(P2O7)2,Li2Mn3(P2O7)2,mp-694554,mp-26083,0.041348009772475,1
BAT_00961,Mn2P2O9,Mn2P2O9,LiMn2P2O9,mp-1040954,mp-1097049,0.000548048714217,1
BAT_00962,MnP2O7,LiMn2(P2O7)2,Li7Mn4(P2O7)4,mp-849633,mp-1176940,0.045968971930546,3
BAT_00963,Mn(PO4)2,LiMn(PO4)2,Li3Mn(PO4)2,mp-754179,mp-753513,0.029425151172906,2
BAT_00964,MnPO4,MnPO4,LiMnPO4,mp-697761,mp-26607,0.069917162550801,2
BAT_00965,MnP2O7,MnP2O7,LiMnP2O7,mp-26632,mp-1101530,0.088832241820707,1
BAT_00966,Mn(PO3)4,Mn(PO3)4,LiMn(PO3)4,mp-32018,mp-540331,0.00303940476999,1
BAT_00967,Mn(PO3)4,LiMn(PO3)4,Li2Mn(PO3)4,mp-694557,mp-26095,0.04212165630412,1
BAT_00968,Mn(PO3)3,Mn(PO3)3,LiMn(PO3)3,mp-557190,mp-775915,0.115051738642869,1
BAT_00969,Mn3(P2O7)2,Mn3(P2O7)2,Li2Mn3(P2O7)2,mp-706469,mp-32027,0.025904084417243,1
BAT_00970,Mn2P3O11,Mn2P3O11,LiMn2P3O11,mp-25830,mp-25829,0.003105181214136,1
BAT_00971,Mn(PO3)4,Mn(PO3)4,LiMn(PO3)4,mp-32028,mp-26783,0.062606719380007,1
BAT_00972,MnP2O7,MnP2O7,Li2MnP2O7,mp-26734,mp-695780,0.117710345454079,1
BAT_00973,Mn(PO4)2,LiMn(PO4)2,Li3Mn(PO4)2,mp-753895,mp-863426,0.076211100464685,1
BAT_00974,MnP2O7,MnP2O7,LiMnP2O7,mp-26138,mp-31924,0.060401886548921,1
BAT_00975,MnPO4,LiMn2(PO4)2,LiMnPO4,mp-753476,mp-25831,0.021160381994088,1
BAT_00976,MnPO4,MnPO4,LiMnPO4,mp-705467,mp-585279,0.034677408347819,1
BAT_00977,Mn(PO3)4,LiMn(PO3)4,Li2Mn(PO3)4,mp-704184,mp-25887,0.027693545526825,1
BAT_00978,MnPO4,MnPO4,LiMnPO4,mp-26820,mp-861056,0.036658776006949,1
BAT_00979,Mn3(PO4)4,Mn3(PO4)4,Li3Mn3(PO4)4,mp-26144,mp-26143,0.105673144596013,1
BAT_00980,Mn5(P3O11)2,Mn5(P3O11)2,Li4Mn5(P3O11)2,mp-31954,mp-25857,0.02852144536883,1
BAT_00981,Mn(PO4)2,Li2Mn(PO4)2,Li3Mn(PO4)2,mp-758816,mp-1663233,0.048648504276882,1
BAT_00982,Mn3(PO4)4,Mn3(PO4)4,Li3Mn3(PO4)4,mp-697730,mp-1101551,0.021200261014386,1
BAT_00983,Mn(PO3)3,Mn(PO3)3,LiMn(PO3)3,mp-504351,mp-26937,0.049307479525249,1
BAT_00984,Mn2P3O10,Mn2P3O10,LiMn2P3O10,mp-697794,mp-26927,0.0419208124055,1
BAT_00985,MnPO4,LiMn2(PO4)2,LiMnPO4,mp-753420,mp-1663809,0.011551068996411,1
BAT_00986,Mn4(PO4)3,Mn4(PO4)3,LiMn4(PO4)3,mp-504398,mp-27085,0.037735929285795,1
BAT_00987,Mn2P5O16,Mn2P5O16,Li3Mn2P5O16,mp-27026,mp-26187,0.035444919106478,2
BAT_00988,Mn9(PO4)8,Mn9(PO4)8,Li6Mn9(PO4)8,mp-704227,mp-25923,0.016970911064002,1
BAT_00989,Mn3(PO4)4,LiMn3(PO4)4,Li5Mn3(PO4)4,mp-758525,mp-755112,0.08226379282368,3
BAT_00990,MnPO4,MnPO4,LiMnPO4,mp-689981,mp-26941,0.026339893909823,1
BAT_00991,MnP2O7,MnP2O7,Li2MnP2O7,mp-26982,mp-770967,0.203812027019146,2
BAT_00992,Mn(PO3)4,Mn(PO3)4,Li2Mn(PO3)4,mp-759549,mp-31979,0.192051955340565,2
BAT_00993,Mn(PO3)4,Mn(PO3)4,Li2Mn(PO3)4,mp-26984,mp-780694,0.068716055460513,2
BAT_00994,Mn2P3O10,Mn2P3O10,LiMn2P3O10,mp-26978,mp-26977,0.017699153640052,1
BAT_00995,Mn2(PO4)3,Li3Mn2(PO4)3,Li5Mn2(PO4)3,mp-860928,mp-1177120,0.038316446366887,1
BAT_00996,MnPO5,LiMn2(PO5)2,LiMnPO5,mp-766128,mp-1180529,0.004456464782363,1
BAT_00997,MnPO4,MnPO4,LiMnPO4,mp-756329,mp-860939,0.21528727809807,1
BAT_00998,MnP2O7,MnP2O7,Li2MnP2O7,mp-770531,mp-776396,0.200025090656381,2
BAT_00999,Mn(PO3)3,Mn(PO3)3,LiMn(PO3)3,mp-763790,mp-1663238,0.04375812859028,1
BAT_01000,MnP2O7,MnP2O7,Li2MnP2O7,mp-771388,mp-775905,0.165570662586504,2
BAT_01001,Mn(PO3)3,Mn(PO3)3,LiMn(PO3)3,mp-771905,mp-1176762,0.105533413138723,1
BAT_01002,MnP2O7,MnP2O7,Li2MnP2O7,mp-771660,mp-775903,0.194429949568943,2
BAT_01003,MnP2O9,Li3MnP2O9,Li4MnP2O9,mp-867845,mp-757635,0.028189362718268,1
BAT_01004,MnP2O7,MnP2O7,Li2MnP2O7,mp-757059,mp-1177902,0.060260305226491,2
BAT_01005,Mn2(PO4)3,Li3Mn4(PO4)6,Li3Mn2(PO4)3,mp-766211,mp-863434,0.104582414439511,2
BAT_01007,MnPO4,MnPO4,LiMnPO4,mp-777460,mp-776296,0.106409370142946,1
BAT_01008,MnP2O7,MnP2O7,Li2MnP2O7,mp-755561,mp-1177905,0.221623497696321,1
BAT_01009,MnPO4,MnPO4,LiMnPO4,mp-849889,mp-859101,0.085186918442008,2
BAT_01010,MnPO4,LiMn2(PO4)2,LiMnPO4,mp-766455,mp-857356,0.011741268102966,1
BAT_01011,MnPO5,LiMn2(PO5)2,LiMnPO5,mp-766439,mp-757358,0.001173806079038,1
BAT_01013,MnPO4,MnPO4,Li2Mn3(PO4)3,mp-768444,mp-778864,0.036515700375798,2
BAT_01015,MnP2O7,MnP2O7,Li2MnP2O7,mp-770558,mp-776393,0.152894159567176,2
BAT_01016,MnPO4,MnPO4,Li2Mn3(PO4)3,mp-772269,mp-772041,0.066269520951882,1
BAT_01020,Mn7(PO4)6,Mn7(PO4)6,Li4Mn7(PO4)6,mp-770696,mp-849324,0.105651491569764,1
BAT_01021,Mn2PO5,Mn2PO5,LiMn2PO5,mp-770538,mp-776397,0.085699258671302,1
BAT_01022,Mn3Sb(PO4)6,Mn3Sb(PO4)6,Li6Mn3Sb(PO4)6,mp-775275,mp-1177012,0.080260960221079,1
BAT_01023,Mn3Sb(PO4)4,Mn3Sb(PO4)4,Li4Mn3Sb(PO4)4,mp-756463,mp-753896,0.060112490597981,1
BAT_01024,Mn7Sb(PO4)12,Mn7Sb(PO4)12,Li8Mn7Sb(PO4)12,mp-776832,mp-1176842,0.08201719821797,1
BAT_01025,Mn5Sb(PO4)6,Mn5Sb(PO4)6,Li4Mn5Sb(PO4)6,mp-772211,mp-1177350,0.072621918985809,1
BAT_01026,Mn3Sn(PO4)4,Mn3Sn(PO4)4,Li4Mn3Sn(PO4)4,mp-756099,mp-757170,0.083760112087571,1
BAT_01027,MnSn(PO4)2,MnSn(PO4)2,Li2MnSn(PO4)2,mp-775753,mp-860889,0.111878617063122,1
BAT_01028,Mn7Sn(PO4)12,Mn7Sn(PO4)12,Li8Mn7Sn(PO4)12,mp-778765,mp-1176895,0.060129808190973,1
BAT_01029,Mn3Sn(PO4)6,Mn3Sn(PO4)6,Li6Mn3Sn(PO4)6,mp-778517,mp-776373,0.060295421477187,1
BAT_01030,Mn5Sn(PO4)6,Mn5Sn(PO4)6,Li4Mn5Sn(PO4)6,mp-774344,mp-850367,0.069640747108817,1
BAT_01032,TiMn7(PO4)12,TiMn7(PO4)12,Li8TiMn7(PO4)12,mp-778073,mp-776113,0.062581690972753,1
BAT_01033,MnV3(PO4)4,MnV3(PO4)4,Li4MnV3(PO4)4,mp-775134,mp-757477,0.05354947424988,1
BAT_01034,TiMn3(PO4)6,TiMn3(PO4)6,Li8TiMn3(PO4)6,mp-774461,mp-780178,0.122211731010814,2
BAT_01036,TiMn3(PO4)4,TiMn3(PO4)4,Li4TiMn3(PO4)4,mp-771949,mp-756813,0.044444792867708,1
BAT_01037,MnV(P2O7)2,MnV(P2O7)2,Li3MnV(P2O7)2,mp-774043,mp-850951,0.071997385774961,3
BAT_01038,MnV(PO4)3,Li3MnV(PO4)3,Li4MnV(PO4)3,mp-774297,mp-768106,0.036978260075598,1
BAT_01039,MnV3(PO4)6,MnV3(PO4)6,Li6MnV3(PO4)6,mp-774413,mp-777761,0.053053912574449,1
BAT_01040,MnV(PO4)3,LiMnV(PO4)3,Li4MnV(PO4)3,mp-768544,mp-768584,0.077025608441087,3
BAT_01041,Mn7V(PO4)12,Mn7V(PO4)12,Li12Mn7V(PO4)12,mp-772136,mp-1178090,0.098964818845361,2
BAT_01042,Mn3V(PO4)4,Mn3V(PO4)4,Li4Mn3V(PO4)4,mp-756523,mp-757332,0.063853732981212,1
BAT_01043,MnV(PO4)2,MnV(PO4)2,Li2MnV(PO4)2,mp-1176429,mp-757718,0.052420639569206,1
BAT_01044,Mn5V(PO4)6,Mn5V(PO4)6,Li4Mn5V(PO4)6,mp-772144,mp-775798,0.066603824141733,1
BAT_01045,MnV(PO4)3,Li3MnV(PO4)3,Li4MnV(PO4)3,mp-777816,mp-768721,0.034656158995896,1
BAT_01046,Mn5P6WO24,Mn5P6WO24,Li4Mn5P6WO24,mp-771764,mp-771110,0.048052964202944,1
BAT_01047,MnV2(PO4)3,MnV2(PO4)3,Li2MnV2(PO4)3,mp-775212,mp-757262,0.052310393678821,1
BAT_01048,Mn3V(PO4)6,Mn3V(PO4)6,Li6Mn3V(PO4)6,mp-774638,mp-752805,0.049077514041062,1
BAT_01049,MnV(PO4)3,Li2MnV(PO4)3,Li4MnV(PO4)3,mp-768547,mp-768583,0.066719778124931,2
BAT_01050,Mn3P6WO24,Mn3P6WO24,Li6Mn3P6WO24,mp-1176455,mp-769612,0.091228041672888,1
BAT_01051,MnSO5,MnSO5,LiMn2(SO5)2,mp-2224849,mp-1235338,0.038318648248429,1
BAT_01052,Mn(SO4)2,LiMn(SO4)2,Li2Mn(SO4)2,mp-780520,mp-758969,0.084590563045043,1
BAT_01053,Mn2(SO4)3,Mn2(SO4)3,LiMn2(SO4)3,mp-778822,mp-768608,0.038530152483263,1
BAT_01054,Mn(SO4)2,Mn(SO4)2,LiMn(SO4)2,mp-771239,mp-773112,0.069086330533403,1
BAT_01055,Mn2(SO4)3,Mn2(SO4)3,Li2Mn2(SO4)3,mp-768543,mp-768742,0.091108093896627,1
BAT_01056,Mn2(SO4)3,Mn2(SO4)3,LiMn2(SO4)3,mp-768472,mp-768898,0.076492418283266,1
BAT_01057,Mn3SbO8,Mn3SbO8,Li4Mn3SbO8,mp-754156,mp-1309272,0.067797599118042,3
BAT_01058,Mn(SO4)2,Mn(SO4)2,LiMn(SO4)2,mp-773014,mp-774465,0.054029557015248,1
BAT_01059,Mn3SbO8,Mn3SbO8,Li2Mn3SbO8,mp-774654,mp-763186,0.096963423894957,1
BAT_01060,Mn5SbO12,Li4Mn5SbO12,Li6Mn5SbO12,mp-1177353,mp-1639020,0.003520205517296,1
BAT_01061,Mn(SbO3)4,Mn(SbO3)4,Li3Mn(SbO3)4,mp-757065,mp-757166,0.084348586790213,1
BAT_01062,Mn5Sb3O16,Mn5Sb3O16,Li4Mn5Sb3O16,mp-771391,mp-756961,0.115463451029063,1
BAT_01063,Mn3SbO8,Mn3SbO8,Li2Mn3SbO8,mp-774390,mp-776741,0.048805154589053,1
BAT_01064,Mn5(SeO3)8,Mn5(SeO3)8,Li5Mn5(SeO3)8,mp-776755,mp-774707,0.041452447048593,1
BAT_01065,Ti3Mn3(SbO8)2,Ti3Mn3(SbO8)2,Li4Ti3Mn3(SbO8)2,mp-763292,mp-758701,0.087682487706037,1
BAT_01066,MnSi2O7,Li3MnSi2O7,Li4MnSi2O7,mp-753370,mp-752722,0.006385459081565,1
BAT_01067,Mn3(SeO3)4,Mn3(SeO3)4,Li2Mn3(SeO3)4,mp-773071,mp-773051,0.026766008198522,1
BAT_01068,Mn(SiO3)2,Mn(SiO3)2,Li2Mn(SiO3)2,mp-1142713,mp-757169,0.236520522292266,2
BAT_01069,Mn2Si2O7,Mn2Si2O7,Li2Mn2Si2O7,mp-756726,mp-859108,0.052737374113593,1
BAT_01070,MnSiO4,Li3Mn2(SiO4)2,Li2MnSiO4,mp-754026,mp-831245,0.002257909143577,1
BAT_01071,MnSiO4,Li3Mn2(SiO4)2,Li2MnSiO4,mp-769543,mp-783909,0.004919555016954,1
BAT_01072,MnSiO4,Li3Mn2(SiO4)2,Li2MnSiO4,mp-753965,mp-559240,0.004415864907834,1
BAT_01073,Mn(Si2O5)2,Mn(Si2O5)2,LiMn(Si2O5)2,mp-1043728,mp-849757,0.086047123297462,1
BAT_01074,Mn4Si4O13,Mn4Si4O13,Li2Mn4Si4O13,mp-766688,mp-860880,0.042007004483316,1
BAT_01075,MnSiO4,Li3Mn2(SiO4)2,Li2MnSiO4,mp-1312705,mp-755842,0.020855547158458,1
BAT_01076,MnSiO4,Li3Mn2(SiO4)2,Li2MnSiO4,mp-774356,mp-774639,0.006839579917761,1
BAT_01077,Mn2Si3O10,Li2Mn2Si3O10,Li4Mn2Si3O10,mp-766544,mp-757670,0.005445510251302,1
BAT_01078,MnSiO4,Li3Mn2(SiO4)2,Li2MnSiO4,mp-769538,mp-759726,0.015297182135592,1
BAT_01079,MnSiO4,Li3Mn2(SiO4)2,Li2MnSiO4,mp-774171,mp-780709,0.002778731127911,1
BAT_01080,MnSiO4,Li3Mn2(SiO4)2,Li2MnSiO4,mp-778489,mp-768020,0.020803052025519,1
BAT_01081,Mn3Si3O10,Mn3Si3O10,Li2Mn3Si3O10,mp-861258,mp-767709,0.055798448357562,1
BAT_01082,MnSiO4,Li3Mn2(SiO4)2,Li2MnSiO4,mp-780287,mp-780666,0.016422322037834,1
BAT_01084,Mn3SnO8,Mn3SnO8,Li2Mn3SnO8,mp-753706,mp-772578,0.09548562187147,1
BAT_01086,Mn3SnO8,Mn3SnO8,Li2Mn3SnO8,mp-770865,mp-774798,0.054652194070572,1
BAT_01087,Mn3SnO8,Mn3SnO8,Li2Mn3SnO8,mp-849767,mp-1282790,0.051951299455375,1
BAT_01088,Mn5SnO12,Mn5SnO12,Li4Mn5SnO12,mp-757467,mp-756595,0.02018544598565,1
BAT_01089,MnSnO4,LiMnSnO4,Li2MnSnO4,mp-755934,mp-773184,0.030298618399366,1
BAT_01090,Mn3Sn3(TeO8)2,Mn3Sn3(TeO8)2,Li4Mn3Sn3(TeO8)2,mp-772482,mp-774292,0.100190712377439,1
BAT_01091,Ti3Mn3(SnO8)2,Ti3Mn3(SnO8)2,Li4Ti3Mn3(SnO8)2,mp-776644,mp-1177280,0.090165563428717,1
BAT_01092,Mn3TeO8,Mn3TeO8,Li2Mn3TeO8,mp-770922,mp-753235,0.089021758468015,1
BAT_01093,Mn5Te3O16,Mn5Te3O16,Li4Mn5Te3O16,mp-771044,mp-773469,0.103963353755537,1
BAT_01094,Mn3TeO8,Mn3TeO8,Li2Mn3TeO8,mp-756833,mp-1303020,0.062524774451923,1
BAT_01095,Mn3TeO8,Mn3TeO8,Li3Mn3TeO8,mp-772541,mp-1290858,0.079791144262307,1
BAT_01097,Ti2Mn3O10,LiTi2Mn3O10,Li4Ti2Mn3O10,mp-753655,mp-752796,0.057548706620121,3
BAT_01098,Ti3Mn3(TeO8)2,Ti3Mn3(TeO8)2,Li4Ti3Mn3(TeO8)2,mp-756447,mp-758152,0.087689469513611,1
BAT_01099,TiMn5O12,TiMn5O12,Li4TiMn5O12,mp-757064,mp-754620,0.10185248258994,1
BAT_01100,Mn3V3(TeO8)2,Mn3V3(TeO8)2,Li4Mn3V3(TeO8)2,mp-772284,mp-1177458,0.000284163717182,1
BAT_01101,TiMnO4,TiMnO4,Li2TiMnO4,mp-775296,mp-754547,0.159956386317304,1
BAT_01102,TiMn2O6,TiMn2O6,Li2TiMn2O6,mp-1101349,mp-776053,0.11133047764132,1
BAT_01103,TiMn2O6,TiMn2O6,Li3TiMn2O6,mp-775831,mp-1292456,0.115328615886989,1
BAT_01105,TiMn3O8,TiMn3O8,Li2TiMn3O8,mp-756589,mp-756866,0.062770937691433,1
BAT_01106,TiMn3O8,TiMn3O8,Li3TiMn3O8,mp-756808,mp-755233,0.051449243910839,1
BAT_01107,Ti5Mn3O16,Ti5Mn3O16,Li4Ti5Mn3O16,mp-776100,mp-777417,0.117603519659855,1
BAT_01108,TiMn9O20,TiMn9O20,Li5TiMn9O20,mp-771265,mp-778500,0.070282786989708,1
BAT_01109,TiMnO4,LiTiMnO4,Li2TiMnO4,mp-1301329,mp-755668,0.029498028070548,1
BAT_01110,Ti3MnO8,Ti3MnO8,Li2Ti3MnO8,mp-782664,mp-777480,0.126470826917486,1
BAT_01111,TiMn3O8,LiTiMn3O8,Li4TiMn3O8,mp-759309,mp-760999,0.030778877233265,2
BAT_01112,TiMn4O10,TiMn4O10,Li5Ti2Mn8O20,mp-777945,mp-771355,0.067591724260124,1
BAT_01113,TiMn3O8,TiMn3O8,Li3TiMn3O8,mp-755307,mp-765565,0.120591291246597,2
BAT_01115,MnV4O12,MnV4O12,Li3MnV4O12,mp-752792,mp-1282819,0.075661901925746,1
BAT_01116,MnVO4,MnVO4,LiMnVO4,mp-25321,mp-19107,0.094101328142424,1
BAT_01117,MnVO4,LiMnVO4,Li2MnVO4,mp-753949,mp-753760,0.021416850462561,1
BAT_01119,Mn2V5O12,Li3Mn2V5O12,Li5Mn2V5O12,mp-757617,mp-774681,0.010696874182452,1
BAT_01121,MnV3O8,MnV3O8,Li3MnV3O8,mp-756087,mp-867644,0.105262124953769,2
BAT_01122,Mn3VO8,Mn3VO8,Li2Mn3VO8,mp-771315,mp-781772,0.112956350659562,1
BAT_01123,Mn2V3O12,Mn2V3O12,Li4Mn2V3O12,mp-849562,mp-760844,0.091709343694758,2
BAT_01125,MnV3O8,MnV3O8,Li4MnV3O8,mp-774945,mp-756896,0.280339134840295,1
BAT_01126,Mn3VO8,Mn3VO8,Li4Mn3VO8,mp-756398,mp-773098,0.072697021168241,1
BAT_01127,MnV5O12,MnV5O12,Li2MnV5O12,mp-756126,mp-776140,0.008937841548974,1
BAT_01129,MnV4O12,MnV4O12,Li3MnV4O12,mp-758590,mp-756140,0.027271428934595,1
BAT_01130,MnV3O8,Li3MnV3O8,Li4MnV3O8,mp-757175,mp-759213,0.008082336633948,1
BAT_01131,MnVO4,MnVO4,LiMnVO4,mp-756542,mp-861234,0.057176871497692,1
BAT_01132,Mn3V2O10,Mn3V2O10,Li5Mn3V2O10,mp-772119,mp-756863,0.005481098505827,1
BAT_01133,Mn3WO8,Li3Mn3WO8,Li4Mn3WO8,mp-756701,mp-773363,0.003268596747578,1
BAT_01149,Ti(SO4)2,Ti(SO4)2,LiTi(SO4)2,mp-780570,mp-1176809,0.042924588954776,1
BAT_01151,V2(SO4)3,V2(SO4)3,Li2V2(SO4)3,mp-25278,mp-558327,0.099277950152375,1
BAT_01154,V2(SO4)3,V2(SO4)3,Li2V2(SO4)3,mp-770389,mp-770191,0.113787237543323,1
BAT_01155,V(SO4)2,V(SO4)2,LiV(SO4)2,mp-771320,mp-771941,0.028265060125028,1
BAT_01156,V(SO4)2,V(SO4)2,Li2V(SO4)2,mp-849323,mp-759347,0.138429294655322,2
BAT_01158,V(SO4)3,LiV(SO4)3,Li3V(SO4)3,mp-772428,mp-772425,0.06477254591745,1
BAT_01163,TiSiO4,TiSiO4,LiTiSiO4,mp-1095481,mp-1176604,0.053135065535344,1
BAT_01167,VSiO5,LiVSiO5,Li2VSiO5,mp-754539,mp-18860,0.000884835769015,1
BAT_01168,VSiO4,LiV2(SiO4)2,LiVSiO4,mp-762820,mp-753702,0.025734007568929,1
BAT_01169,VSiO4,LiV2(SiO4)2,LiVSiO4,mp-754643,mp-766923,0.007094856722686,1
BAT_01170,V(SiO3)2,V(SiO3)2,LiV(SiO3)2,mp-753907,mp-757307,0.045627051202625,1
BAT_01171,VSiO4,LiV2(SiO4)2,LiVSiO4,mp-778032,mp-753374,0.012620380996877,1
BAT_01172,VSi2O7,Li2VSi2O7,Li3VSi2O7,mp-1177775,mp-1253145,0.017870791082745,1
BAT_01173,VSiO5,LiVSiO5,Li2VSiO5,mp-780114,mp-766036,0.009318104281826,2
BAT_01174,V2Si4O11,V2Si4O11,Li2V2Si4O11,mp-867855,mp-756730,0.068614157439638,1
BAT_01175,V(SiO3)2,V(SiO3)2,LiV(SiO3)2,mp-1265975,mp-19043,0.026588807289217,1
BAT_01176,V3Si3O10,V3Si3O10,Li2V3Si3O10,mp-1101243,mp-767778,0.044586651022703,1
BAT_01177,V4Si4O13,V4Si4O13,Li2V4Si4O13,mp-766894,mp-767720,0.046111930674157,1
BAT_01178,VSiO4,LiV2(SiO4)2,LiVSiO4,mp-756291,mp-766083,0.009264114113513,1
BAT_01180,V(Si2O5)3,LiV(Si2O5)3,Li3V(Si2O5)3,mp-775301,mp-757761,0.015192161266284,2
BAT_01181,V(SiO3)2,V(SiO3)2,LiV(SiO3)2,mp-766689,mp-765346,0.018444969582438,1
BAT_01182,VZnSiO5,VZnSiO5,LiV2Zn2(SiO5)2,mp-1046716,mp-1235640,0.031359334288498,1
BAT_01186,V(TeO4)3,LiV(TeO4)3,Li4V(TeO4)3,mp-764607,mp-1566890,0.073674477062708,1
BAT_01187,Ti(TeO4)3,Li2Ti(TeO4)3,Li4Ti(TeO4)3,mp-758894,mp-850190,0.056860893858752,1
BAT_01188,V(TeO4)3,LiV(TeO4)3,Li4V(TeO4)3,mp-761280,mp-771275,0.156060469841783,1
BAT_01189,VTe(WO6)2,LiVTe(WO6)2,Li4VTe(WO6)2,mp-753012,mp-775927,0.080553149303328,1
BAT_01190,TiO2,TiO2,LiTi2O4,mp-756587,mp-776170,0.059411943477676,1
BAT_01203,Ti11O24,Li4Ti11O24,Li7Ti11O24,mp-759812,mp-766823,0.005002750834358,1
BAT_01204,Ti9O20,Li4Ti9O20,Li6Ti9O20,mp-767633,mp-768114,0.000189182141475,1
BAT_01208,Ti15O32,Li4Ti15O32,Li8Ti15O32,mp-759678,mp-759713,0.007439050949797,1
BAT_01214,TiV3O10,LiTiV3O10,Li4TiV3O10,mp-756940,mp-754484,0.013325724089418,1
BAT_01218,Ti2V3O10,LiTi2V3O10,Li5Ti2V3O10,mp-754024,mp-760954,0.029739939718401,3
BAT_01219,TiV3O8,LiTiV3O8,Li4TiV3O8,mp-782720,mp-764005,0.024346508071475,3
BAT_01221,TiV2O6,LiTiV2O6,Li3TiV2O6,mp-849731,mp-1273419,0.028118406312728,2
BAT_01223,Ti2V3O12,LiTi2V3O12,Li3Ti2V3O12,mp-764774,mp-760212,0.012409555174401,1
BAT_01224,TiVO5,LiTiVO5,Li2TiVO5,mp-756178,mp-755429,0.017185463165207,1
BAT_01226,Ti3VO8,Ti3VO8,Li2Ti3VO8,mp-756455,mp-771076,0.088214705719453,1
BAT_01227,Ti3V5O16,Ti3V5O16,Li4Ti3V5O16,mp-776195,mp-777694,0.075462631724227,2
BAT_01228,TiVO4,TiVO4,Li2TiVO4,mp-1276433,mp-1283290,0.046428722229221,1
BAT_01234,V3O8,LiV3O8,Li19V12O32,mp-27503,mp-1223171,0.016575833174458,3
BAT_01235,V12O29,V12O29,Li3V12O29,mp-773019,mp-772492,0.005894882763512,1
BAT_01236,VO2,Li3V8O16,Li11V16O32,mp-1177934,mp-758440,0.010592177569765,1
BAT_01240,V9O22,V9O22,Li5V18O44,mp-849581,mp-773027,0.005911503363545,2
BAT_01241,VO3,LiVO3,Li2VO3,mp-754098,mp-861577,0.012904759146779,1
BAT_01242,V2O5,V2O5,LiV2O5,mp-25280,mp-627993,0.003824572600543,1
BAT_01243,VO2,Li4V11O22,Li8V11O22,mp-758647,mp-768084,0.012653198658869,1
BAT_01244,VO3,LiVO3,Li2VO3,mp-763200,mp-774192,0.003162421656268,1
BAT_01245,VO2,VO2,LiVO2,mp-714944,mp-19340,0.027620072541691,2
BAT_01246,V2O5,V2O5,Li2V6O15,mp-25207,mp-27751,0.015606292177324,2
BAT_01247,V2O5,V2O5,LiV2O5,mp-776152,mp-777667,0.016409184455228,1
BAT_01248,V2O5,V2O5,LiV2O5,mp-25279,mp-555869,0.014693703264145,1
BAT_01249,V2O5,V2O5,LiV2O5,mp-25288,mp-19408,0.052290661947186,1
BAT_01250,V5O12,V5O12,Li4V5O12,mp-778252,mp-851075,0.028544629558401,3
BAT_01251,VO2,VO2,LiV4O8,mp-777469,mp-1236354,0.023879826359689,1
BAT_01252,V5O12,V5O12,Li3V5O12,mp-754451,mp-777675,0.001651460529605,1
BAT_01253,VO2,LiV5O10,LiVO2,mp-762390,mp-758901,0.014284078489071,4
BAT_01254,V2O5,V2O5,Li9V14O35,mp-831269,mp-779050,0.052716985551243,1
BAT_01255,V5O12,V5O12,Li3V5O12,mp-777580,mp-1177476,0.010566504633955,1
BAT_01257,V2O5,V2O5,LiV2O5,mp-25233,mp-19013,0.073078872187342,1
BAT_01258,V3O7,V3O7,Li2V3O7,mp-764115,mp-772164,0.091834592328156,1
BAT_01259,VO2,VO2,LiV4O8,mp-541404,mp-1210897,0.03358212978342,1
BAT_01260,V6O13,V6O13,Li3V6O13,mp-870306,mp-542665,0.06827861343896,2
BAT_01261,VO2,VO2,LiV5O10,mp-849511,mp-1222710,0.005192609905242,1
BAT_01263,V3Zn2O8,V3Zn2O8,LiV3Zn2O8,mp-755946,mp-1280709,0.013979280650615,1
BAT_01291,V2C4SO16,Li4V2C4SO16,Li6V2C4SO16,mp-776347,mp-776436,0.027283457766941,1
BAT_01292,V(CO3)2,LiV2(CO3)4,Li2V(CO3)2,mp-752765,mp-1571048,0.04093635442497,2
BAT_01293,VSiCO7,LiVSiCO7,Li3VSiCO7,mp-770650,mp-768601,0.078905405749129,2
BAT_01294,V(CO3)2,V(CO3)2,Li3V2(CO3)4,mp-763508,mp-752905,0.165959330915251,2
BAT_01295,V(CO3)2,V(CO3)2,Li2V(CO3)2,mp-758621,mp-759519,0.20374960071506,2
BAT_01296,V(CO3)2,V(CO3)2,Li2V(CO3)2,mp-757524,mp-752552,0.044336898836361,1
BAT_01297,V(CO3)2,V(CO3)2,Li2V(CO3)2,mp-762249,mp-1567493,0.16719049770167,1
BAT_01298,V(CO3)2,V(CO3)2,LiV(CO3)2,mp-752541,mp-762019,0.180048486453278,1
BAT_01299,VCO5,Li3V2(CO5)2,Li2VCO5,mp-758380,mp-1177806,0.006145360939291,1
BAT_01300,V(CO3)4,Li4V(CO3)4,Li5V(CO3)4,mp-759521,mp-765146,0.02117072755081,1
BAT_01301,V(CO3)2,Li2V3(CO3)6,Li4V3(CO3)6,mp-758280,mp-758087,0.024006006631726,1
BAT_01302,V(CO3)2,LiV2(CO3)4,Li2V(CO3)2,mp-758175,mp-760222,0.164000924700643,1
BAT_01303,V(CO3)3,Li2V(CO3)3,Li3V(CO3)3,mp-758564,mp-758041,0.051534357952837,1
BAT_01304,V(CO3)2,LiV2(CO3)4,LiV(CO3)2,mp-758669,mp-758080,0.014909254025669,1
BAT_01328,FeClO,FeClO,LiFe2(ClO)2,mp-540828,mp-755254,0.078330426465617,1
BAT_01329,FeMoClO4,FeMoClO4,LiFeMoClO4,mp-23123,mp-561410,0.005862801682131,1
BAT_01330,FeWClO4,FeWClO4,LiFeWClO4,mp-556603,mp-1210860,0.009435763018097,1
BAT_01345,Cr2Fe3Co3O16,Li4Cr2Fe3Co3O16,Li10Cr2Fe3Co3O16,mp-774878,mp-774310,0.12340604830081,1
BAT_01346,Mn3Cr2Co3O16,Mn3Cr2Co3O16,Li4Mn3Cr2Co3O16,mp-772635,mp-769581,0.112759035621883,1
BAT_01347,Mn2Cr3Co3O16,Mn2Cr3Co3O16,Li4Mn2Cr3Co3O16,mp-1176520,mp-758129,0.037630712614701,1
BAT_01349,Cr(CoO3)2,LiCr(CoO3)2,Li3Cr(CoO3)2,mp-1305214,mp-1283691,0.034702649731735,1
BAT_01350,CrCo3O8,CrCo3O8,Li4CrCo3O8,mp-753507,mp-756706,0.044693031399207,4
BAT_01351,CrCoO4,Li2Cr3(CoO4)3,Li4Cr3(CoO4)3,mp-753037,mp-753039,0.001642756865696,1
BAT_01352,Mn3CrCo2(PO4)6,Mn3CrCo2(PO4)6,Li4Mn3CrCo2(PO4)6,mp-757284,mp-758445,0.069187608847991,1
BAT_01353,Cr(CoO3)2,Cr(CoO3)2,Li3Cr(CoO3)2,mp-752462,mp-1277232,0.079583764473466,2
BAT_01354,CrCo5O12,CrCo5O12,Li4CrCo5O12,mp-756950,mp-771079,0.016810319064848,1
BAT_01355,Cr2CoO6,LiCr2CoO6,Li3Cr2CoO6,mp-763359,mp-753687,0.025188150070457,2
BAT_01356,Cr3(CoO6)2,Cr3(CoO6)2,Li2Cr3(CoO6)2,mp-772720,mp-772115,0.04342294381006,1
BAT_01357,CrCo3O8,CrCo3O8,Li2CrCo3O8,mp-754623,mp-761748,0.011239206292987,1
BAT_01358,Cr(CoO3)2,Cr(CoO3)2,Li2Cr(CoO3)2,mp-755124,mp-757009,0.015933454249012,1
BAT_01359,CrCoO4,LiCrCoO4,Li2CrCoO4,mp-762011,mp-1275616,0.051883929178187,1
BAT_01360,Cr3CoO8,Li2Cr3CoO8,Li4Cr3CoO8,mp-756128,mp-768691,0.018648897934732,1
BAT_01361,Cr3CoO8,Li2Cr3CoO8,Li4Cr3CoO8,mp-763336,mp-1177445,0.012105198899943,2
BAT_01362,Cr3(CoO6)2,Cr3(CoO6)2,Li3Cr3(CoO6)2,mp-861261,mp-765542,0.029870189813099,1
BAT_01363,Cr3Co5O16,Cr3Co5O16,Li4Cr3Co5O16,mp-756555,mp-770878,0.11874305862847,1
BAT_01364,CrCo3O8,CrCo3O8,Li2CrCo3O8,mp-861562,mp-765293,0.0785840071179,1
BAT_01365,Cr3Co(PO4)6,Cr3Co(PO4)6,Li7Cr3Co(PO4)6,mp-757861,mp-780115,0.044161743604336,2
BAT_01366,Cr3Co(PO4)4,Cr3Co(PO4)4,Li4Cr3Co(PO4)4,mp-774666,mp-757602,0.122554234101645,1
BAT_01367,CrCo3(PO4)4,CrCo3(PO4)4,Li4CrCo3(PO4)4,mp-775991,mp-757257,0.079232060896373,1
BAT_01368,CrCo(PO4)2,CrCo(PO4)2,Li2CrCo(PO4)2,mp-1178412,mp-757895,0.0952854448337,1
BAT_01369,Cr3Co3(TeO8)2,Cr3Co3(TeO8)2,Li4Cr3Co3(TeO8)2,mp-757983,mp-775136,0.107651885756241,1
BAT_01370,Mn3Co3(CuO8)2,Mn3Co3(CuO8)2,Li4Mn3Co3(CuO8)2,mp-770859,mp-771073,0.100713511970609,1
BAT_01371,Mn3CoCu2(PO4)6,Mn3CoCu2(PO4)6,Li4Mn3CoCu2(PO4)6,mp-758293,mp-1177395,0.095162451639152,1
BAT_01372,CoCuO4,LiCoCuO4,Li2CoCuO4,mp-754020,mp-753366,0.00802556181961,1
BAT_01373,Cr3Co3(SbO8)2,Cr3Co3(SbO8)2,Li4Cr3Co3(SbO8)2,mp-757879,mp-758153,0.065358437868967,1
BAT_01374,Co2Cu3O10,Li3Co2Cu3O10,Li5Co2Cu3O10,mp-752567,mp-752862,0.009511791361766,1
BAT_01375,Co3CuO8,LiCo3CuO8,Li4Co3CuO8,mp-761730,mp-753919,0.042755240027114,2
BAT_01376,Co2CuO6,LiCo2CuO6,Li3Co2CuO6,mp-766810,mp-754066,0.058153450441813,1
BAT_01377,CoCu3(PO4)4,CoCu3(PO4)4,Li6CoCu3(PO4)4,mp-775137,mp-775260,0.149476940509633,2
BAT_01378,CoCu(PO4)2,CoCu(PO4)2,Li5Co2Cu2(PO4)4,mp-761614,mp-764926,0.060604225779984,2
BAT_01379,CoF3,CoF3,LiCoF3,mp-1178425,mp-759500,0.12284432034643,1
BAT_01381,Co3Cu3(TeO8)2,Co3Cu3(TeO8)2,Li4Co3Cu3(TeO8)2,mp-757881,mp-765052,0.058673257678375,1
BAT_01383,K2CoF6,K2CoF6,K2LiCoF6,mp-1206883,mp-1111150,0.121213361768858,1
BAT_01385,CoPO4F,LiCoPO4F,Li2CoPO4F,mp-776411,mp-770853,0.009501574648329,1
BAT_01386,CoPO4F,LiCoPO4F,Li2CoPO4F,mp-758908,mp-770624,0.01641350057807,2
BAT_01387,Rb2CoF6,Rb2CoF6,Rb2LiCoF6,mp-560878,mp-1113736,0.188678596550446,1
BAT_01388,CoPO4F,CoPO4F,Li2CoPO4F,mp-25444,mp-25390,0.068919557482607,2
BAT_01389,Mn3Fe3(CoO8)2,Mn3Fe3(CoO8)2,Li4Mn3Fe3(CoO8)2,mp-768595,mp-754076,0.076465985705717,1
BAT_01390,Mn3Fe2Co3O16,Mn3Fe2Co3O16,Li4Mn3Fe2Co3O16,mp-1176503,mp-774451,0.060707091883875,1
BAT_01391,Mn2Fe3Co3O16,Mn2Fe3Co3O16,Li10Mn2Fe3Co3O16,mp-772328,mp-777350,0.201872325835294,2
BAT_01392,MnFeCo(PO4)3,MnFeCo(PO4)3,Li3MnFeCo(PO4)3,mp-1176492,mp-1177594,0.051228580949763,1
BAT_01393,MnFeCo(PO4)3,MnFeCo(PO4)3,Li3MnFeCo(PO4)3,mp-1176526,mp-1177607,0.049844611833061,1
BAT_01394,MnFeCo(PO4)3,MnFeCo(PO4)3,Li3MnFeCo(PO4)3,mp-764410,mp-759846,0.057728435766151,1
BAT_01395,MnFeCo(PO4)3,MnFeCo(PO4)3,Li3MnFeCo(PO4)3,mp-759677,mp-764931,0.064789399824066,1
BAT_01397,MnFeCo(PO4)3,MnFeCo(PO4)3,Li3MnFeCo(PO4)3,mp-759618,mp-1177593,0.052808536024548,1
BAT_01398,MnFeCo(PO4)3,MnFeCo(PO4)3,Li3MnFeCo(PO4)3,mp-760077,mp-1177597,0.056793693980442,1
BAT_01399,MnFeCo(PO4)3,MnFeCo(PO4)3,Li3MnFeCo(PO4)3,mp-1176456,mp-1177623,0.059597335868593,1
BAT_01400,MnFeCo(PO4)3,MnFeCo(PO4)3,Li3MnFeCo(PO4)3,mp-1176487,mp-761258,0.054070075314438,1
BAT_01401,MnFeCo(PO4)3,MnFeCo(PO4)3,Li3MnFeCo(PO4)3,mp-761176,mp-764708,0.060449070761345,1
BAT_01402,MnFeCo(PO4)3,MnFeCo(PO4)3,Li3MnFeCo(PO4)3,mp-764383,mp-1177589,0.048026451753632,1
BAT_01404,MnFeCo(PO4)3,MnFeCo(PO4)3,Li3MnFeCo(PO4)3,mp-764415,mp-764707,0.058532267209439,1
BAT_01405,MnFeCo(PO4)3,MnFeCo(PO4)3,Li3MnFeCo(PO4)3,mp-1176474,mp-764869,0.053491466666149,1
BAT_01406,MnFeCo(PO4)3,MnFeCo(PO4)3,Li3MnFeCo(PO4)3,mp-1176466,mp-1177625,0.059065228282177,1
BAT_01408,MnFeCo(PO4)3,MnFeCo(PO4)3,Li3MnFeCo(PO4)3,mp-1176500,mp-764969,0.052287713902283,1
BAT_01409,Fe2Co3Ni3O16,Li4Fe2Co3Ni3O16,Li10Fe2Co3Ni3O16,mp-774891,mp-779007,0.069454786126647,1
BAT_01410,Fe3Co3(NiO8)2,Li4Fe3Co3(NiO8)2,Li10Fe3Co3(NiO8)2,mp-760302,mp-774318,0.054994875039153,1
BAT_01411,Fe3Co2Ni3O16,Li4Fe3Co2Ni3O16,Li10Fe3Co2Ni3O16,mp-753758,mp-778201,0.072444798735776,1
BAT_01412,Fe3Co5O16,Fe3Co5O16,Li8Fe3Co5O16,mp-756418,mp-765504,0.04022048339377,2
BAT_01413,Fe3CoO8,Li2Fe3CoO8,Li4Fe3CoO8,mp-759180,mp-752777,0.013699396045789,1
BAT_01415,FeCo3O8,FeCo3O8,Li4FeCo3O8,mp-753474,mp-765603,0.051619159845729,3
BAT_01416,FeCoO4,FeCoO4,Li2FeCoO4,mp-755732,mp-753409,0.054460321213725,2
BAT_01417,FeCo3O8,FeCo3O8,Li2FeCo3O8,mp-761579,mp-761763,0.12183815617908,1
BAT_01418,Fe2Co3O10,Fe2Co3O10,Li5Fe2Co3O10,mp-778217,mp-769566,0.034219426667178,2
BAT_01419,Fe(CoO3)2,Fe(CoO3)2,Li2Fe(CoO3)2,mp-753096,mp-1640067,0.045780766532849,1
BAT_01420,Fe3CoO8,Li2Fe3CoO8,Li4Fe3CoO8,mp-757499,mp-756405,0.016413148824217,2
BAT_01421,FeCo9O20,FeCo9O20,Li10FeCo9O20,mp-771048,mp-764262,0.04824446064908,4
BAT_01422,FeCoO4,LiFe2(CoO4)2,Li2FeCoO4,mp-1176746,mp-1177967,0.049477218016093,3
BAT_01423,Fe(CoO3)2,Fe(CoO3)2,Li3Fe(CoO3)2,mp-761530,mp-761602,0.054110870276652,2
BAT_01424,Fe2CoO6,Li2Fe2CoO6,Li3Fe2CoO6,mp-759337,mp-761592,0.014469311363784,1
BAT_01425,FeCo5O12,FeCo5O12,Li4FeCo5O12,mp-756471,mp-756543,0.005294060432553,1
BAT_01426,FeCo3O8,FeCo3O8,Li2FeCo3O8,mp-1178259,mp-761944,0.026862451111539,1
BAT_01427,FeCo3O8,FeCo3O8,Li2FeCo3O8,mp-771245,mp-775721,0.008487399029176,1
BAT_01428,Fe3Co5O16,Fe3Co5O16,Li4Fe3Co5O16,mp-771370,mp-781613,0.083121862250041,1
BAT_01429,Fe5Co3O16,Fe5Co3O16,Li10Fe5Co3O16,mp-771307,mp-763869,0.209068342733152,2
BAT_01430,Fe3Co7O20,Fe3Co7O20,Li10Fe3Co7O20,mp-775826,mp-760848,0.021699592618677,3
BAT_01431,Fe9CoO20,Li4Fe9CoO20,Li10Fe9CoO20,mp-765027,mp-770651,0.022272640574874,3
BAT_01432,Fe5(CoO6)2,Li3Fe5(CoO6)2,Li5Fe5(CoO6)2,mp-756115,mp-850359,0.03447673373758,2
BAT_01433,Fe3Co(PO4)4,Fe3Co(PO4)4,Li4Fe3Co(PO4)4,mp-774667,mp-758853,0.050200221053806,1
BAT_01434,FeCo3(PO4)4,FeCo3(PO4)4,Li4FeCo3(PO4)4,mp-771952,mp-863409,0.052667545043658,1
BAT_01437,Fe2Co3Sb3O16,Fe2Co3Sb3O16,Li4Fe2Co3Sb3O16,mp-1178389,mp-759403,0.112963150151379,1
BAT_01438,Fe3Co3(SbO8)2,Fe3Co3(SbO8)2,Li4Fe3Co3(SbO8)2,mp-757039,mp-758042,0.040836075081165,1
BAT_01439,Ti2Fe3Co3O16,Li4Ti2Fe3Co3O16,Li10Ti2Fe3Co3O16,mp-759038,mp-778830,0.078646915206866,1
BAT_01440,Fe3Co3(TeO8)2,Fe3Co3(TeO8)2,Li4Fe3Co3(TeO8)2,mp-761932,mp-1177425,0.072332084409012,1
BAT_01441,CoGeO4,LiCoGeO4,Li2CoGeO4,mp-763507,mp-756582,0.014938665399243,1
BAT_01442,CoGeO4,LiCoGeO4,Li2CoGeO4,mp-756207,mp-755695,0.012020219203088,1
BAT_01443,CoPHO5,CoPHO5,Li2CoPHO5,mp-755227,mp-1565574,0.173597298999444,2
BAT_01444,CoH8(SO6)2,CoH8(SO6)2,Li2CoH8(SO6)2,mp-1178433,mp-770611,0.146555087047829,2
BAT_01447,K2CoO4,K2Li2CoO4,K2Li3CoO4,mp-761245,mp-757868,0.029163260974814,1
BAT_01449,MgCo3O8,Li2MgCo3O8,Li4MgCo3O8,mp-1177928,mp-754576,0.03568337738755,1
BAT_01450,MgCo13O28,Li2MgCo13O28,Li14MgCo13O28,mp-760219,mp-769537,0.057859109581875,1
BAT_01453,Mn3CoO8,Li3Mn3CoO8,Li4Mn3CoO8,mp-1299461,mp-1297796,0.017062955239701,1
BAT_01454,Mn3Co2Ni3O16,Li4Mn3Co2Ni3O16,Li10Mn3Co2Ni3O16,mp-867541,mp-778315,0.113821056598629,1
BAT_01455,Mn3Nb2Co3O16,Mn3Nb2Co3O16,Li4Mn3Nb2Co3O16,mp-850531,mp-763519,0.105328702740705,1
BAT_01456,Mn2CoO6,Mn2CoO6,Li3Mn2CoO6,mp-761501,mp-752794,0.064972364249087,2
BAT_01457,MnCoO4,MnCoO4,Li2MnCoO4,mp-753606,mp-765552,0.128945492921404,3
BAT_01458,MnCo3O8,Li2MnCo3O8,Li3MnCo3O8,mp-1306729,mp-1306381,0.015791933481577,1
BAT_01459,MnCo3O8,Li2MnCo3O8,Li3MnCo3O8,mp-1306185,mp-1301147,0.015189300454339,1
BAT_01460,Mn2CoO6,Mn2CoO6,Li2Mn2CoO6,mp-752633,mp-754926,0.107360369207736,2
BAT_01461,MnCo3O8,MnCo3O8,Li4MnCo3O8,mp-773602,mp-861547,0.108876429275683,4
BAT_01462,Mn2CoO8,Li2Mn2CoO8,Li5Mn2CoO8,mp-1222848,mp-1174049,0.003641944671723,1
BAT_01463,MnCoO4,MnCoO4,Li2MnCoO4,mp-752945,mp-753482,0.07284638253954,2
BAT_01464,Mn2Co5O12,Mn2Co5O12,Li4Mn2Co5O12,mp-757022,mp-774397,0.090511200211951,1
BAT_01465,Mn3CoO8,Mn3CoO8,Li3Mn3CoO8,mp-773167,mp-1177633,0.143551763380659,2
BAT_01466,MnCo3O8,MnCo3O8,Li2MnCo3O8,mp-753551,mp-753177,0.074605367254205,1
BAT_01467,MnCo5O12,MnCo5O12,Li4MnCo5O12,mp-755620,mp-1177382,0.07944834538294,1
BAT_01468,Mn3CoO8,Mn3CoO8,Li4Mn3CoO8,mp-771970,mp-1301464,0.095560051721955,2
BAT_01469,Mn3Co5O16,Mn3Co5O16,Li4Mn3Co5O16,mp-756736,mp-754275,0.082037872976073,1
BAT_01470,Mn3CoO8,Mn3CoO8,Li2Mn3CoO8,mp-758012,mp-1177935,0.040253688981039,1
BAT_01471,Mn(CoO3)2,Mn(CoO3)2,Li3Mn(CoO3)2,mp-763057,mp-761633,0.094337089166246,2
BAT_01472,Mn5CoO12,Mn5CoO12,Li4Mn5CoO12,mp-755555,mp-771545,0.11260567118045,1
BAT_01473,Mn4CoO8,Mn4CoO8,Li3Mn4CoO8,mp-755442,mp-755577,0.038954057039168,1
BAT_01474,MnCoO4,MnCoO4,Li3Mn2(CoO4)2,mp-756184,mp-757164,0.022235260214749,1
BAT_01475,Mn(CoO3)2,Mn(CoO3)2,Li2Mn(CoO3)2,mp-759777,mp-1177992,0.110889097332332,1
BAT_01476,Mn(CoO2)4,Mn(CoO2)4,Li3Mn(CoO2)4,mp-757157,mp-756302,0.106793836133961,1
BAT_01477,Mn5Co3O16,Mn5Co3O16,Li4Mn5Co3O16,mp-756965,mp-768354,0.091690597450068,1
BAT_01478,MnCo3O8,MnCo3O8,Li2MnCo3O8,mp-757029,mp-757026,0.069992050156534,1
BAT_01479,MnCo3O8,MnCo3O8,Li2MnCo3O8,mp-867992,mp-761940,0.028279096102732,1
BAT_01480,Mn3CoO8,Mn3CoO8,Li2Mn3CoO8,mp-756482,mp-1287701,0.050173442754544,1
BAT_01481,Mn2Co3O10,Li4Mn2Co3O10,Li5Mn2Co3O10,mp-778482,mp-861490,0.034719502754234,1
BAT_01482,MnCo(PO4)2,MnCo(PO4)2,Li5Mn2Co2(PO4)4,mp-775270,mp-1177107,0.119409369490999,2
BAT_01483,MnCo3(PO4)4,MnCo3(PO4)4,Li4MnCo3(PO4)4,mp-775179,mp-757104,0.05570664504408,1
BAT_01484,Mn3Co(PO4)6,Mn3Co(PO4)6,Li6Mn3Co(PO4)6,mp-757859,mp-1177025,0.043846932302047,1
BAT_01486,Mn2Co(PO4)3,Mn2Co(PO4)3,Li2Mn2Co(PO4)3,mp-757011,mp-757760,0.053342190332996,1
BAT_01487,Mn7Co(PO4)12,Mn7Co(PO4)12,Li8Mn7Co(PO4)12,mp-758047,mp-758412,0.065755565403747,1
BAT_01488,Mn5Co(PO4)6,Mn5Co(PO4)6,Li4Mn5Co(PO4)6,mp-771641,mp-760813,0.07881111814013,1
BAT_01489,Mn3Co3(SbO8)2,Mn3Co3(SbO8)2,Li4Mn3Co3(SbO8)2,mp-863857,mp-758093,0.080613240220582,1
BAT_01490,Mn3Co(PO4)4,Mn3Co(PO4)4,Li4Mn3Co(PO4)4,mp-757412,mp-758017,0.061964212179337,1
BAT_01491,Mn3Co3(SnO8)2,Mn3Co3(SnO8)2,Li4Mn3Co3(SnO8)2,mp-770554,mp-777041,0.08064214024047,1
BAT_01492,Mn2Co3Te3O16,Mn2Co3Te3O16,Li4Mn2Co3Te3O16,mp-755888,mp-753987,0.15146605052588,1
BAT_01493,Ti3Mn2Co3O16,Ti3Mn2Co3O16,Li4Ti3Mn2Co3O16,mp-757180,mp-757980,0.067898837110641,1
BAT_01494,Mn3Co2Te3O16,Mn3Co2Te3O16,Li4Mn3Co2Te3O16,mp-755884,mp-753545,0.119334442543629,1
BAT_01495,Mn3Co3(TeO8)2,Mn3Co3(TeO8)2,Li4Mn3Co3(TeO8)2,mp-772448,mp-769585,0.069980006515202,1
BAT_01497,Mn3V2Co3O16,Mn3V2Co3O16,Li4Mn3V2Co3O16,mp-768525,mp-756676,0.132938196567039,1
BAT_01498,MnV4CoO12,MnV4CoO12,Li2MnV4CoO12,mp-756893,mp-1177907,0.009828956844501,1
BAT_01499,Na2CoO4,Na2Li2CoO4,Na2Li3CoO4,mp-861533,mp-504854,0.00035425116192,1
BAT_01500,NbCo3O8,NbCo3O8,Li2NbCo3O8,mp-761589,mp-757558,0.04702008645724,1
BAT_01501,NbCo3(PO4)6,LiNbCo3(PO4)6,Li6NbCo3(PO4)6,mp-1176608,mp-758592,0.0010303658081,1
BAT_01502,Co3NiO8,Co3NiO8,Li2Co3NiO8,mp-753483,mp-753237,0.014259480455319,1
BAT_01503,Co3NiO8,LiCo3NiO8,Li4Co3NiO8,mp-1275497,mp-1293179,0.01722686306622,1
BAT_01504,Co2NiO6,Co2NiO6,Li3Co2NiO6,mp-753469,mp-765538,0.037473328743652,2
BAT_01505,CoNiO4,Li4Co3(NiO4)3,Li2CoNiO4,mp-777850,mp-1276757,0.033266670799835,1
BAT_01506,CoNiO4,LiCoNiO4,Li2CoNiO4,mp-754509,mp-753536,0.042185604616938,1
BAT_01507,Co2Ni3O10,Li4Co2Ni3O10,Li5Co2Ni3O10,mp-779900,mp-755607,0.017852420801346,1
BAT_01508,Co3NiO8,Co3NiO8,Li4Co3NiO8,mp-752738,mp-867537,0.051799508135007,2
BAT_01509,Co3NiO8,LiCo3NiO8,Li4Co3NiO8,mp-1318786,mp-1307939,0.014885848787984,1
BAT_01510,CoNi3O8,Li2CoNi3O8,Li4CoNi3O8,mp-1178027,mp-867640,0.008674444907749,2
BAT_01511,Co4NiO8,Co4NiO8,Li3Co4NiO8,mp-2215121,mp-754464,0.009896939061239,1
BAT_01512,Co2Ni3O10,Li3Co2Ni3O10,Li5Co2Ni3O10,mp-1177722,mp-769553,0.021100281298415,1
BAT_01513,CoNi9O20,Li8CoNi9O20,Li10CoNi9O20,mp-1176867,mp-769507,0.016372174107633,1
BAT_01514,Co5NiO12,Co5NiO12,Li4Co5NiO12,mp-773511,mp-755767,0.042233751588552,1
BAT_01515,Co3Ni5O16,Li4Co3Ni5O16,Li6Co3Ni5O16,mp-772319,mp-760934,0.003206568966883,1
BAT_01516,Co(NiO3)2,Li2Co(NiO3)2,Li3Co(NiO3)2,mp-757774,mp-760869,0.028470021595519,1
BAT_01517,Co(NiO2)4,Co(NiO2)4,Li3Co(NiO2)4,mp-756594,mp-756787,0.021135091075629,1
BAT_01518,CoNi9O20,Li5CoNi9O20,Li10CoNi9O20,mp-1120825,mp-759912,0.010649270817023,1
BAT_01519,Co5Ni3O16,Li4Co5Ni3O16,Li6Co5Ni3O16,mp-772632,mp-759805,0.027257188474536,1
BAT_01520,Co3NiO8,Co3NiO8,Li3Co3NiO8,mp-773140,mp-759916,0.126407556074777,2
BAT_01521,CoNi(PO4)2,CoNi(PO4)2,Li2CoNi(PO4)2,mp-765340,mp-757611,0.051345295469532,1
BAT_01522,Co3Ni(PO4)4,Co3Ni(PO4)4,Li4Co3Ni(PO4)4,mp-775307,mp-770952,0.047824612818544,1
BAT_01523,Ti3Co3(NiO8)2,Li4Ti3Co3(NiO8)2,Li10Ti3Co3(NiO8)2,mp-763517,mp-774315,0.104542900774232,1
BAT_01524,Co3Ni3(TeO8)2,Co3Ni3(TeO8)2,Li4Co3Ni3(TeO8)2,mp-850530,mp-757279,0.079879293286827,1
BAT_01525,CoO2,CoO2,LiCoO2,mp-25234,mp-22526,0.036374980271649,2
BAT_01526,CoO2,CoO2,Li(CoO2)2,mp-1275937,mp-755386,0.036139250517736,1
BAT_01527,CoO3,Li5(CoO3)2,Li7(CoO3)2,mp-753251,mp-850281,0.058950910367636,2
BAT_01528,CoO2,Li6(CoO2)5,Li8(CoO2)5,mp-761027,mp-1638660,0.008432415430031,1
BAT_01529,CoO2,CoO2,LiCoO2,mp-754748,mp-753473,0.10591467410602,3
BAT_01530,CoO3,Li2CoO3,Li7(CoO3)2,mp-773514,mp-849462,0.093650666165326,1
BAT_01531,CoO2,CoO2,Li2(CoO2)3,mp-754720,mp-705847,0.057049369875075,2
BAT_01532,CoO3,Li7(CoO3)2,Li4CoO3,mp-764768,mp-755593,0.018745270661473,1
BAT_01533,CoO2,CoO2,Li(CoO2)2,mp-756488,mp-756773,0.03217879059395,1
BAT_01534,CoO4,Li4CoO4,Li6CoO4,mp-776004,mp-18925,0.040195945663066,2
BAT_01535,Co15O28,Co15O28,Li13Co15O28,mp-766681,mp-766887,0.069845809193129,2
BAT_01536,CoO2,CoO2,Li5(CoO2)4,mp-755508,mp-780140,0.183328905241201,2
BAT_01537,Co7O12,Co7O12,Li5Co7O12,mp-756900,mp-756433,0.046286681713339,1
BAT_01538,CoO4,Li4CoO4,Li5CoO4,mp-759339,mp-779022,0.03007914079443,1
BAT_01540,Co13O28,Li4Co13O28,Li14Co13O28,mp-759373,mp-777836,0.021125687743672,2
BAT_01541,CoO2,CoO2,LiCoO2,mp-1278937,mp-849273,0.091747108909477,2
BAT_01542,Co21O40,Co21O40,Li20Co21O40,mp-850026,mp-705640,0.053063142602658,1
BAT_01543,CoO4,Li4CoO4,Li47(CoO4)8,mp-759349,mp-1177487,0.053121894320471,2
BAT_01544,CoO4,Li4CoO4,Li5CoO4,mp-759702,mp-773454,0.032295171257708,1
BAT_01546,Co5O12,Li4Co5O12,Li7Co5O12,mp-759802,mp-771155,0.032021812298787,1
BAT_01548,Co2(PO3)5,Co2(PO3)5,LiCo2(PO3)5,mp-1101575,mp-1101526,0.026801191426194,1
BAT_01549,Co3(P2O7)2,Co3(P2O7)2,Li2Co3(P2O7)2,mp-584339,mp-540469,0.021371443819474,1
BAT_01550,CoP2O7,CoP2O7,LiCoP2O7,mp-689964,mp-26647,0.085713482052902,1
BAT_01551,Co2P5O16,Co2P5O16,Li3Co2P5O16,mp-27024,mp-26203,0.074304899370881,2
BAT_01552,Co(PO3)4,LiCo(PO3)4,Li2Co(PO3)4,mp-690004,mp-540530,0.024026233972106,1
BAT_01553,Co2(PO4)3,LiCo2(PO4)3,Li5Co2(PO4)3,mp-863391,mp-780435,0.042751554813517,3
BAT_01554,Co3(PO4)4,Co3(PO4)4,Li3Co3(PO4)4,mp-540169,mp-26177,0.009113683146749,1
BAT_01555,Co(PO3)4,Co(PO3)4,LiCo(PO3)4,mp-26724,mp-31600,0.014797740664667,1
BAT_01556,CoP2O7,CoP2O7,LiCoP2O7,mp-26662,mp-705332,0.064496375276542,1
BAT_01557,CoP2O7,CoP2O7,LiCoP2O7,mp-26716,mp-26715,0.061907764352411,1
BAT_01558,CoPO4,CoPO4,LiCoPO4,mp-540391,mp-758022,0.04117583012176,1
BAT_01559,CoP2O7,CoP2O7,LiCoP2O7,mp-697814,mp-26847,0.067423776203579,1
BAT_01560,CoPO4,CoPO4,LiCoPO4,mp-689943,mp-757804,0.003372451538773,1
BAT_01561,CoPO4,CoPO4,LiCoPO4,mp-504098,mp-1662205,0.260124551668905,1
BAT_01563,CoPO4,CoPO4,LiCoPO4,mp-25954,mp-25953,0.02195632444735,1
BAT_01564,Co3(PO4)4,Co3(PO4)4,Li3Co3(PO4)4,mp-26190,mp-31614,0.060363765829719,1
BAT_01565,CoPO4,CoPO4,LiCoPO4,mp-704189,mp-25889,0.093879076591877,1
BAT_01566,Co5(P2O7)4,Co5(P2O7)4,Li6Co5(P2O7)4,mp-704226,mp-504376,0.056959922688322,2
BAT_01567,Co2P3O10,Co2P3O10,LiCo2P3O10,mp-540204,mp-504230,0.087562803658695,1
BAT_01568,Co(PO4)2,Li2Co(PO4)2,Li4Co(PO4)2,mp-583967,mp-25995,0.053263865758492,2
BAT_01569,CoPO4,CoPO4,LiCoPO4,mp-689940,mp-26989,0.027169235487028,1
BAT_01571,Co(PO3)3,Co(PO3)3,LiCo(PO3)3,mp-26992,mp-26991,0.102276754197113,1
BAT_01572,CoP2O7,CoP2O7,Li2CoP2O7,mp-26996,mp-778815,0.084685687315323,2
BAT_01573,CoP2O7,LiCoP2O7,Li2CoP2O7,mp-705301,mp-26333,0.040346397772472,1
BAT_01574,Co(PO3)4,Co(PO3)4,Li2Co(PO3)4,mp-26432,mp-26359,0.005346175779781,2
BAT_01577,CoPO4,CoPO4,LiCoPO4,mp-704240,mp-26021,0.014365266318255,1
BAT_01578,Co3(P2O7)2,Co3(P2O7)2,Li2Co3(P2O7)2,mp-27010,mp-584122,0.023087182085911,1
BAT_01579,Co3P8O29,Li6Co3P8O29,Li9Co3P8O29,mp-705373,mp-583985,0.070004750013647,1
BAT_01580,CoPO4,CoPO4,LiCoPO4,mp-753839,mp-758248,0.018437062961212,2
BAT_01581,CoPO4,CoPO4,LiCoPO4,mp-766042,mp-757672,0.025179041654388,1
BAT_01582,CoP2O7,CoP2O7,Li2CoP2O7,mp-26780,mp-697726,0.006548734674648,1
BAT_01583,CoP2O7,CoP2O7,LiCoP2O7,mp-27044,mp-27043,0.024010649037216,1
BAT_01585,CoP2O7,LiCoP2O7,Li2CoP2O7,mp-540133,mp-26089,0.027034696865578,1
BAT_01586,CoPO4,CoPO4,LiCoPO4,mp-27046,mp-27045,0.074049926107886,1
BAT_01587,CoP2O7,CoP2O7,LiCoP2O7,mp-540262,mp-26423,0.109226528094563,1
BAT_01588,CoP2O7,CoP2O7,Li2CoP2O7,mp-1244500,mp-31604,0.146183813197924,2
BAT_01590,Co(PO3)4,LiCo(PO3)4,Li2Co(PO3)4,mp-729135,mp-705277,0.017798469778363,1
BAT_01591,Co(PO3)3,Co(PO3)3,LiCo(PO3)3,mp-26460,mp-504262,0.006636725064083,1
BAT_01592,CoPO4,LiCo2(PO4)2,LiCoPO4,mp-754127,mp-757902,0.02830133997262,1
BAT_01593,Co3P3O11,Co3P3O11,LiCo3P3O11,mp-25878,mp-584239,0.011316996166838,1
BAT_01594,CoP2O7,CoP2O7,Li2CoP2O7,mp-26646,mp-26515,0.130717394909407,2
BAT_01595,Co2P3O10,Co2P3O10,LiCo2P3O10,mp-25270,mp-22042,0.017383339227386,1
BAT_01596,CoP2O7,LiCoP2O7,Li2CoP2O7,mp-754170,mp-757366,0.063527675880992,1
BAT_01597,Co9(P2O7)8,Li5Co9(P2O7)8,Li14Co9(P2O7)8,mp-705379,mp-504263,0.013061068399001,1
BAT_01598,CoP2O7,CoP2O7,LiCoP2O7,mp-26198,mp-26197,0.007095179635476,1
BAT_01599,Co3(PO4)4,Co3(PO4)4,Li3Co3(PO4)4,mp-585038,mp-26135,0.079077455574672,1
BAT_01600,Co5(P3O11)2,Co5(P3O11)2,Li4Co5(P3O11)2,mp-26552,mp-26551,0.00962882668587,1
BAT_01601,Co(PO3)4,LiCo(PO3)4,Li2Co(PO3)4,mp-540064,mp-31560,0.06176945555183,1
BAT_01602,Co3(PO4)4,Co3(PO4)4,Li3Co3(PO4)4,mp-31554,mp-26201,0.082654394400661,1
BAT_01605,CoPO4,CoPO4,LiCoPO4,mp-540093,mp-26017,0.115358703352867,1
BAT_01606,CoPO4,CoPO4,LiCoPO4,mp-861694,mp-757936,0.07038666376667,1
BAT_01607,CoP2O7,CoP2O7,Li2CoP2O7,mp-766033,mp-757776,0.029221302142869,2
BAT_01608,CoPO4,CoPO4,LiCoPO4,mp-766076,mp-757630,0.104857169162969,1
BAT_01609,Co(PO3)3,Co(PO3)3,LiCo(PO3)3,mp-584429,mp-584674,0.041724363629694,1
BAT_01610,Co5(P2O7)4,Co5(P2O7)4,Li6Co5(P2O7)4,mp-1178442,mp-769575,0.008869811555814,1
BAT_01611,Co2(PO4)3,LiCo2(PO4)3,Li3Co2(PO4)3,mp-758304,mp-773159,0.092714370219515,1
BAT_01612,CoPO4,CoPO4,LiCoPO4,mp-850025,mp-757563,0.174896563947163,1
BAT_01613,CoPO4,CoPO4,LiCoPO4,mp-777241,mp-772438,0.048514278586677,1
BAT_01614,CoPO4,CoPO4,LiCoPO4,mp-1178446,mp-758373,0.059272070583294,1
BAT_01615,Co3P4O15,Co3P4O15,Li4Co3P4O15,mp-849725,mp-778384,0.021918279237916,2
BAT_01616,CoPO4,CoPO4,LiCoPO4,mp-849770,mp-1176778,0.108268440108019,1
BAT_01617,CoPO4,CoPO4,LiCoPO4,mp-776270,mp-776295,0.055331623174136,1
BAT_01618,Co3Sn(PO4)4,Co3Sn(PO4)4,Li4Co3Sn(PO4)4,mp-775131,mp-757004,0.077786326398762,1
BAT_01619,Co3Sb(PO4)6,LiCo3Sb(PO4)6,Li6Co3Sb(PO4)6,mp-764378,mp-774592,0.088491969011252,1
BAT_01620,CoSn(PO4)2,CoSn(PO4)2,Li2CoSn(PO4)2,mp-863354,mp-1661734,0.134025165198324,1
BAT_01621,VCo3(PO4)4,VCo3(PO4)4,Li4VCo3(PO4)4,mp-757057,mp-1177182,0.041632273468451,1
BAT_01622,VCo3(PO4)6,LiVCo3(PO4)6,Li8VCo3(PO4)6,mp-768928,mp-760152,0.063261156001237,1
BAT_01623,V3Co(PO4)4,V3Co(PO4)4,Li4V3Co(PO4)4,mp-774635,mp-765840,0.039187050683672,1
BAT_01625,Co2(SO4)3,Co2(SO4)3,Li2Co2(SO4)3,mp-1178458,mp-778578,0.107846981857135,2
BAT_01627,Co(SO4)2,Co(SO4)2,LiCo(SO4)2,mp-771768,mp-774464,0.032538381375242,1
BAT_01628,Co(SO4)2,Co(SO4)2,LiCo(SO4)2,mp-772268,mp-1176804,0.002777768367148,1
BAT_01629,Co5SbO12,Co5SbO12,Li4Co5SbO12,mp-753116,mp-757593,0.022610000881147,1
BAT_01630,Co3SbO8,Co3SbO8,Li4Co3SbO8,mp-752854,mp-1177495,0.103513642954921,2
BAT_01632,CoSbO4,CoSbO4,LiCoSbO4,mp-758123,mp-773085,0.107781721523114,1
BAT_01633,Co3SbO8,Co3SbO8,Li2Co3SbO8,mp-757530,mp-757930,0.049824848412316,1
BAT_01634,CoSiO4,LiCoSiO4,Li2CoSiO4,mp-763240,mp-758372,0.005349934017477,1
BAT_01635,Co(SiO3)2,Co(SiO3)2,LiCo(SiO3)2,mp-1341839,mp-753876,0.095481481193754,1
BAT_01636,Co(SiO3)2,LiCo(SiO3)2,Li2Co(SiO3)2,mp-755994,mp-753142,0.0258616840545599,1
BAT_01637,Ti3Co3(SbO8)2,Ti3Co3(SbO8)2,Li4Ti3Co3(SbO8)2,mp-762505,mp-773002,0.117430428580826,1
BAT_01638,Co3(SeO3)4,Co3(SeO3)4,Li2Co3(SeO3)4,mp-775276,mp-562404,0.086777674608777,1
BAT_01639,CoSiO4,LiCoSiO4,Li2CoSiO4,mp-763253,mp-753828,0.004445770357172,1
BAT_01640,CoSiO4,LiCoSiO4,Li2CoSiO4,mp-778061,mp-764957,0.020362096862296,1
BAT_01641,CoSiO4,LiCoSiO4,Li2CoSiO4,mp-763255,mp-753732,0.034675140287127,1
BAT_01642,CoSiO4,LiCoSiO4,Li2CoSiO4,mp-757822,mp-1248621,0.038507397519748,1
BAT_01643,CoSiO4,Li3Co2(SiO4)2,Li2CoSiO4,mp-1177732,mp-758637,0.021971583698797,1
BAT_01644,CoSiO4,CoSiO4,Li3Co2(SiO4)2,mp-25268,mp-781591,0.191816817942522,2
BAT_01645,CoSiO5,Li5Co2(SiO5)2,Li3CoSiO5,mp-849671,mp-758411,0.00982176758919,1
BAT_01646,CoSiO4,LiCoSiO4,Li2CoSiO4,mp-762880,mp-759671,0.000614680078591,1
BAT_01647,CoSiO4,LiCoSiO4,Li2CoSiO4,mp-759261,mp-761247,0.041668056417701,1
BAT_01648,Co2Si3O10,Li5Co4(Si3O10)2,Li4Co2Si3O10,mp-849656,mp-757921,0.013219549715563,1
BAT_01649,CoSiO4,Li3Co2(SiO4)2,Li2CoSiO4,mp-778490,mp-758473,0.035009837487028,1
BAT_01650,CoSiO4,LiCoSiO4,Li2CoSiO4,mp-777657,mp-760516,0.015065164648375,1
BAT_01651,CoSiO4,LiCoSiO4,Li2CoSiO4,mp-758703,mp-758638,0.002090351648725,1
BAT_01652,Co3(SiO4)2,LiCo3(SiO4)2,Li2Co3(SiO4)2,mp-849520,mp-758078,0.012439131744667,1
BAT_01653,Co3SnO8,Co3SnO8,Li2Co3SnO8,mp-771769,mp-772420,0.056191141750638,1
BAT_01654,CoSnO4,LiCoSnO4,Li2CoSnO4,mp-753496,mp-768412,0.006947049749988,1
BAT_01655,Co3TeO8,Co3TeO8,Li2Co3TeO8,mp-761512,mp-755343,0.044173708893399,1
BAT_01656,Co3TeO8,Co3TeO8,Li2Co3TeO8,mp-867653,mp-1178025,0.171527461522865,1
BAT_01657,Co5Te3O16,Co5Te3O16,Li4Co5Te3O16,mp-771020,mp-781593,0.184517526045645,1
BAT_01658,Co3TeO8,Co3TeO8,Li4Co3TeO8,mp-753013,mp-772478,0.064514833883774,3
BAT_01659,Co4TeO8,Co4TeO8,Li3Co4TeO8,mp-1287666,mp-756161,0.039902934807777,1
BAT_01660,TiCo3O8,TiCo3O8,Li4TiCo3O8,mp-1290660,mp-1297766,0.072128957011391,2
BAT_01661,Ti2Co3O10,LiTi2Co3O10,Li5Ti2Co3O10,mp-762834,mp-761142,0.02574253579281,2
BAT_01662,Ti3Co3(TeO8)2,Ti3Co3(TeO8)2,Li4Ti3Co3(TeO8)2,mp-752786,mp-753426,0.079381145829498,1
BAT_01663,V3Co3(TeO8)2,V3Co3(TeO8)2,Li4V3Co3(TeO8)2,mp-775162,mp-771757,0.045552698932268,1
BAT_01664,Ti(CoO3)2,Ti(CoO3)2,Li3Ti(CoO3)2,mp-753158,mp-771220,0.07718822668118,1
BAT_01665,TiCo5O12,TiCo5O12,Li4TiCo5O12,mp-756754,mp-770955,0.01118588123472,1
BAT_01666,TiCoO4,LiTiCoO4,Li2TiCoO4,mp-1176576,mp-1177850,0.000613137512088,1
BAT_01667,Ti6Co3O16,Ti6Co3O16,Li3Ti6Co3O16,mp-758898,mp-772982,0.008267511999402,1
BAT_01668,TiCo3O8,TiCo3O8,Li3TiCo3O8,mp-1101280,mp-761172,0.064845124021891,2
BAT_01669,V3CoO10,LiV3CoO10,Li4V3CoO10,mp-754313,mp-759134,0.021459795805256,1
BAT_01670,VCoO4,VCoO4,LiVCoO4,mp-771308,mp-754522,0.180260592180564,1
BAT_01671,V3CoO8,V3CoO8,Li2V3CoO8,mp-755017,mp-756121,0.051370676723648,1
BAT_01673,VCoO4,VCoO4,LiVCoO4,mp-771137,mp-753151,0.168631099554221,1
BAT_01674,VCoO4,LiVCoO4,Li2VCoO4,mp-753959,mp-773359,0.021441366678151,1
BAT_01675,V3CoO8,Li3V3CoO8,Li4V3CoO8,mp-1177534,mp-771356,0.00463389326915,1
BAT_01676,VCo3O8,VCo3O8,Li2VCo3O8,mp-752604,mp-757835,0.048367584523094,1
BAT_01677,VCoO4,VCoO4,LiVCoO4,mp-756413,mp-753926,0.127842591169732,1
BAT_01679,V5CoO12,V5CoO12,Li2V5CoO12,mp-2236422,mp-755221,0.015482114668237,1
BAT_01680,V3(CoO6)2,LiV3(CoO6)2,Li3V3(CoO6)2,mp-761188,mp-774919,0.084866585242962,1
BAT_01681,V3CoO8,V3CoO8,Li2V3CoO8,mp-861494,mp-1177869,0.024854804967626,1
BAT_01682,V2CoO6,V2CoO6,LiV2CoO6,mp-755979,mp-761801,0.011030634436091,1
BAT_01683,Co3WO8,Co3WO8,Li2Co3WO8,mp-753391,mp-775180,0.093857722447852,1
BAT_01684,Co(WO4)2,Co(WO4)2,Li2Co(WO4)2,mp-25290,mp-552307,0.047077079777056,2
BAT_01687,CoS2,CoS2,LiCoS2,mp-1390701,mp-1176776,0.132286694546869,2
BAT_01689,Cr3CuO8,Li3Cr3CuO8,Li4Cr3CuO8,mp-768828,mp-756558,0.013627165483628,1
BAT_01690,Cr3(CuO6)2,Cr3(CuO6)2,Li3Cr3(CuO6)2,mp-764630,mp-774351,0.075017014366033,1
BAT_01691,CrFe3Cu2(PO4)6,CrFe3Cu2(PO4)6,Li4CrFe3Cu2(PO4)6,mp-773538,mp-1177494,0.041308569015128,1
BAT_01692,Cr3(CuO6)2,Cr3(CuO6)2,Li2Cr3(CuO6)2,mp-772337,mp-1178040,0.091935223303492,1
BAT_01693,Cr3Cu(PO4)4,Cr3Cu(PO4)4,Li4Cr3Cu(PO4)4,mp-756357,mp-1177451,0.105730926714603,1
BAT_01695,V4CrCuO12,V4CrCuO12,Li2V4CrCuO12,mp-756483,mp-755828,0.014977534235834,1
BAT_01697,CrF6,Li2CrF6,Li4CrF6,mp-555112,mp-753824,0.163695692919642,2
BAT_01699,CrF4,CrF4,LiCrF4,mp-554855,mp-759949,0.055005154665017,1
BAT_01703,NaCrF6,NaCrF6,NaLi2CrF6,mp-558418,mp-1111349,0.106933784420799,1
BAT_01704,CrP2(O4F)2,Li10Cr3P6(O4F)6,Li5CrP2(O4F)2,mp-760793,mp-770679,0.028516284453645,2
BAT_01705,CrPO4F,CrPO4F,Li2CrPO4F,mp-755075,mp-25391,0.186188185050811,3
BAT_01706,CrPO4F,CrPO4F,LiCrPO4F,mp-770697,mp-770575,0.01766637007006,1
BAT_01707,CrPO4F,LiCrPO4F,Li2CrPO4F,mp-776662,mp-770894,0.049191811594483,1
BAT_01709,VCrP2(O4F)2,VCrP2(O4F)2,Li3VCrP2(O4F)2,mp-765139,mp-753680,0.087092842477847,3
BAT_01711,Mn3Cr2Fe3O16,Li4Mn3Cr2Fe3O16,Li6Mn3Cr2Fe3O16,mp-849471,mp-861553,0.008953829525938,1
BAT_01712,Mn3Cr3(FeO8)2,Li4Mn3Cr3(FeO8)2,Li10Mn3Cr3(FeO8)2,mp-761449,mp-777063,0.107502500114871,1
BAT_01713,MnCr2Fe3(PO4)6,MnCr2Fe3(PO4)6,Li4MnCr2Fe3(PO4)6,mp-776060,mp-779026,0.08294549922811,1
BAT_01714,Cr12Fe7O48,Cr12Fe7O48,Li9Cr12Fe7O48,mp-1178459,mp-1176819,0.004233080090945,1
BAT_01715,CrFe3O8,Li3CrFe3O8,Li4CrFe3O8,mp-754773,mp-759919,0.001198599609906,1
BAT_01716,CrFe3O8,Li2CrFe3O8,Li3CrFe3O8,mp-754888,mp-763933,0.00505094825478,1
BAT_01717,CrFeO4,Li4Cr3(FeO4)3,Li2CrFeO4,mp-755679,mp-755048,0.005137096832021,1
BAT_01718,CrFe3O8,Li3CrFe3O8,Li4CrFe3O8,mp-754939,mp-768701,0.000154595606006,1
BAT_01719,Cr2FeO6,Li2Cr2FeO6,Li3Cr2FeO6,mp-782636,mp-755051,0.008662427280901,1
BAT_01720,CrFeO4,LiCrFeO4,Li2CrFeO4,mp-754600,mp-752610,0.005114392658461,1
BAT_01721,Cr3FeO8,Li2Cr3FeO8,Li4Cr3FeO8,mp-769975,mp-768704,0.03310952410308,1
BAT_01722,Cr2Fe5O12,Li3Cr2Fe5O12,Li5Cr2Fe5O12,mp-756384,mp-755090,0.033960596440502,2
BAT_01723,Cr(FeO3)2,Li2Cr(FeO3)2,Li3Cr(FeO3)2,mp-782631,mp-756692,0.010586361045969,1
BAT_01724,Cr3FeO8,Li2Cr3FeO8,Li4Cr3FeO8,mp-756058,mp-759199,0.035740053198412,2
BAT_01725,Cr3FeO8,Li2Cr3FeO8,Li5Cr3FeO8,mp-774415,mp-763916,0.052098712533622,2
BAT_01726,Cr3(FeO6)2,Cr3(FeO6)2,Li2Cr3(FeO6)2,mp-772616,mp-775129,0.018874687899579,1
BAT_01727,Cr3FeO8,Li2Cr3FeO8,Li5Cr3FeO8,mp-777653,mp-759913,0.056335489001692,1
BAT_01728,Cr3(FeO4)2,Cr3(FeO4)2,LiCr3(FeO4)2,mp-756710,mp-755327,0.020924152166043,1
BAT_01729,Cr2Fe3O10,Li3Cr2Fe3O10,Li5Cr2Fe3O10,mp-1177772,mp-765750,0.005997619478112,1
BAT_01730,Cr10Fe5O24,Cr10Fe5O24,Li3Cr10Fe5O24,mp-771184,mp-771093,0.000458403778067,1
BAT_01731,CrFe(PO4)2,CrFe(PO4)2,Li2CrFe(PO4)2,mp-861612,mp-861527,0.090925777309047,1
BAT_01732,Cr3Fe(PO4)6,Cr3Fe(PO4)6,Li7Cr3Fe(PO4)6,mp-775201,mp-780107,0.043557534644362,2
BAT_01734,Cr3GaO8,Li3Cr3GaO8,Li4Cr3GaO8,mp-768641,mp-768872,0.000647996714363,1
BAT_01736,Cr3Fe2Sb3O16,Cr3Fe2Sb3O16,Li4Cr3Fe2Sb3O16,mp-775288,mp-772506,0.095626037187961,1
BAT_01737,Cr3Fe3(TeO8)2,Cr3Fe3(TeO8)2,Li4Cr3Fe3(TeO8)2,mp-757950,mp-773518,0.064188425591341,1
BAT_01738,Cr(GeO3)2,Cr(GeO3)2,LiCr(GeO3)2,mp-2237154,mp-1105411,0.00868799731299,1
BAT_01739,Cr2(GeO4)3,Cr2(GeO4)3,Li3Cr2(GeO4)3,mp-1329713,mp-1012879,0.03015403536606,1
BAT_01741,VCrP2(HO5)2,VCrP2(HO5)2,Li3VCrP2(HO5)2,mp-753596,mp-1293168,0.076592771530214,3
BAT_01743,CrPHO5,CrPHO5,LiCrPHO5,mp-754797,mp-753051,0.041712804753837,1
BAT_01744,Cr2P4H3O16,Li2Cr2P4H3O16,Li4Cr2P4H3O16,mp-763238,mp-756092,0.075570984928925,1
BAT_01751,MgCr3(SO4)6,MgCr3(SO4)6,Li2MgCr3(SO4)6,mp-771674,mp-772868,0.048742623208451,1
BAT_01754,MgCr3(SO4)6,MgCr3(SO4)6,Li2MgCr3(SO4)6,mp-769559,mp-1177996,0.046369980518723,2
BAT_01756,Mn3Nb2Cr3O16,Mn3Nb2Cr3O16,Li4Mn3Nb2Cr3O16,mp-771853,mp-756399,0.069024787828495,1
BAT_01757,MgCr3Se3(SO8)3,MgCr3Se3(SO8)3,Li2MgCr3Se3(SO8)3,mp-773053,mp-773018,0.04654162152542,1
BAT_01758,Mn3CrO8,Mn3CrO8,Li4Mn3CrO8,mp-756575,mp-1177394,0.075129767720905,2
BAT_01759,Mn3NbCr2(PO4)6,Mn3NbCr2(PO4)6,Li4Mn3NbCr2(PO4)6,mp-775967,mp-776566,0.076807743495314,1
BAT_01760,Mn2CrNi3(PO4)6,Mn2CrNi3(PO4)6,Li4Mn2CrNi3(PO4)6,mp-760233,mp-775171,0.024944652641899,1
BAT_01761,Mn3Cr3(NiO8)2,Li4Mn3Cr3(NiO8)2,Li10Mn3Cr3(NiO8)2,mp-757051,mp-774408,0.078570953738741,1
BAT_01762,Mn3Cr2O10,Li4Mn3Cr2O10,Li5Mn3Cr2O10,mp-754963,mp-752479,0.008666799365733,1
BAT_01763,Mn3CrO8,Mn3CrO8,Li3Mn3CrO8,mp-773120,mp-764036,0.115664366925081,2
BAT_01765,MnCr3O8,Li2MnCr3O8,Li5MnCr3O8,mp-775295,mp-753261,0.089777251338208,1
BAT_01766,Mn2CrO6,Mn2CrO6,Li2Mn2CrO6,mp-753734,mp-1568146,0.100623301217764,1
BAT_01767,Mn5Cr3O16,Mn5Cr3O16,Li4Mn5Cr3O16,mp-771133,mp-772050,0.089147971110914,1
BAT_01768,Mn4CrO8,Mn4CrO8,Li3Mn4CrO8,mp-754200,mp-756602,0.021747773710864,1
BAT_01769,MnCr3O8,Li2MnCr3O8,Li4MnCr3O8,mp-754425,mp-756944,0.006411175118131,2
BAT_01771,MnCr3O8,Li2MnCr3O8,Li5MnCr3O8,mp-1177916,mp-761082,0.080337725206237,1
BAT_01772,Mn2Cr3O12,Mn2Cr3O12,Li2Mn2Cr3O12,mp-772631,mp-775291,0.087466689816455,1
BAT_01774,FePO4F,FePO4F,Li2FePO4F,mp-25382,mp-25393,0.075428882083566,2
BAT_01775,VFeP2(O4F)2,VFeP2(O4F)2,Li3VFeP2(O4F)2,mp-777408,mp-1177545,0.058655711056436,1
BAT_01779,K2MnF6,K2MnF6,K2LiMnF6,mp-557397,mp-1111670,0.087049594961755,1
BAT_01780,VH2OF5,LiV2H4(OF5)2,Li2VH2OF5,mp-753201,mp-770536,0.018663004746655,2
BAT_01782,K2NiF6,K2NiF6,K2LiNiF6,mp-605034,mp-1111147,0.083206637775305,1
BAT_01783,MnF3,MnF3,LiMn2F6,mp-766789,mp-757174,0.065096568507941,1
BAT_01784,MnF6,Li2MnF6,Li3MnF6,mp-753601,mp-753041,0.043200116876519,1
BAT_01785,MnF8,Li4MnF8,Li5MnF8,mp-756952,mp-1177082,0.019159019243208,1
BAT_01786,MnF4,LiMnF4,Li2MnF4,mp-753485,mp-763349,0.035348434329255,1
BAT_01787,MnF3,MnF3,LiMn2F6,mp-757186,mp-767304,0.003774546050759,1
BAT_01788,Mn2F7,Mn2F7,Li2Mn2F7,mp-760309,mp-759249,0.067138693760131,2
BAT_01790,MnF7,Li3MnF7,Li4MnF7,mp-759724,mp-759476,0.030651249093423,1
BAT_01791,MnF5,LiMnF5,Li3MnF5,mp-767597,mp-759420,0.187754714609129,2
BAT_01793,MnF3,MnF3,LiMn2F6,mp-758601,mp-763784,0.036727149430961,1
BAT_01794,Mn7F16,Mn7F16,Li2Mn7F16,mp-867575,mp-753570,0.020170050997296,1
BAT_01795,MnF7,Li3MnF7,Li4MnF7,mp-764645,mp-753997,0.077300750061798,1
BAT_01796,MnF5,Li2MnF5,Li3MnF5,mp-767572,mp-759158,0.086812052329743,1
BAT_01797,Mn7F18,Mn7F18,Li2Mn7F18,mp-753607,mp-753981,0.015932299651979,1
BAT_01798,MnF3,MnF3,LiMnF3,mp-556560,mp-752938,0.090416050382195,1
BAT_01799,Mn3F8,Mn3F8,Li2Mn3F8,mp-752616,mp-763793,0.001232163625005,1
BAT_01800,MnF3,MnF3,LiMnF3,mp-765633,mp-754676,0.165125293706019,1
BAT_01801,Mn2F7,Mn2F7,Li2Mn2F7,mp-759987,mp-759600,0.086575114895762,2
BAT_01802,MnF6,LiMnF6,Li3MnF6,mp-752752,mp-1111072,0.16531567845086,1
BAT_01803,Mn2F7,LiMn2F7,Li2Mn2F7,mp-760180,mp-759477,0.015228825232171,1
BAT_01804,MnF5,LiMnF5,Li3MnF5,mp-753247,mp-761161,0.094289018077891,2
BAT_01805,MnF8,Li4MnF8,Li6MnF8,mp-765258,mp-759844,0.049348477495777,2
BAT_01806,MnF4,LiMnF4,Li2MnF4,mp-1176622,mp-760139,0.050677875963202,1
BAT_01807,MnF3,MnF3,LiMnF3,mp-1176437,mp-765457,0.155159465770217,1
BAT_01809,MnF6,Li2MnF6,Li3MnF6,mp-752557,mp-757600,0.148320089025914,1
BAT_01810,Mn2F5,Mn2F5,LiMn2F5,mp-753215,mp-760293,0.044255045837422,1
BAT_01811,MnF6,Li2MnF6,Li3MnF6,mp-760229,mp-760028,0.042363133377467,1
BAT_01812,MnF4,LiMnF4,Li2MnF4,mp-755191,mp-778554,0.061992042565232,1
BAT_01814,Mn2F5,Mn2F5,LiMn2F5,mp-753169,mp-753032,0.069525448445339,1
BAT_01815,MnF6,Li2MnF6,Li4MnF6,mp-752936,mp-831158,0.12719419899131,2
BAT_01816,Mn2F9,LiMn2F9,Li3Mn2F9,mp-753244,mp-754135,0.072654969278475,1
BAT_01817,MnF6,Li2MnF6,Li3MnF6,mp-756079,mp-777812,0.109151572801119,1
BAT_01818,Mn2F7,Mn2F7,Li2Mn2F7,mp-757058,mp-765055,0.086003105801783,2
BAT_01819,Mn3F10,Mn3F10,Li2Mn3F10,mp-753434,mp-757143,0.038265466720174,2
BAT_01820,Mn2F7,Mn2F7,LiMn2F7,mp-753435,mp-753503,0.014197438493601,1
BAT_01821,MnF3,MnF3,Li3Mn5F15,mp-759525,mp-759954,0.104540231461995,1
BAT_01822,Mn7O7F,Mn7O7F,LiMn7O7F,mp-753904,mp-764671,0.065272401741876,1
BAT_01823,Mn5OF11,Mn5OF11,Li3Mn5OF11,mp-1371307,mp-1342258,0.041530383935999,1
BAT_01824,Mn5O9F,Mn5O9F,Li5Mn5O9F,mp-766870,mp-753735,0.077131255813924,2
BAT_01825,Mn2O3F,Mn2O3F,LiMn2O3F,mp-767610,mp-753835,0.034444383771562,1
BAT_01827,Mn5O3F5,Mn5O3F5,LiMn5O3F5,mp-752519,mp-763431,0.030425931899454,1
BAT_01828,Mn4OF8,Mn4OF8,Li2Mn4OF8,mp-754014,mp-761138,0.036268529379306,1
BAT_01829,Mn5OF11,Mn5OF11,Li3Mn5OF11,mp-754178,mp-754023,0.041530269097734,1
BAT_01830,Mn2OF3,Mn2OF3,LiMn2OF3,mp-752737,mp-759613,0.10983307277725,1
BAT_01831,Mn5OF11,Mn5OF11,Li3Mn5OF11,mp-754167,mp-760153,0.041463982764339,1
BAT_01832,Mn2OF3,Mn2OF3,LiMn2OF3,mp-754070,mp-756757,0.088560924648807,1
BAT_01833,Mn5O3F5,Mn5O3F5,LiMn5O3F5,mp-1277673,mp-759115,0.01239068117973,1
BAT_01834,Mn3(OF3)2,Mn3(OF3)2,LiMn3(OF3)2,mp-1639489,mp-753341,0.039560987888414,1
BAT_01836,Mn5O5F,Mn5O5F,LiMn5O5F,mp-753550,mp-760368,0.084367675925452,1
BAT_01837,Mn3(OF3)2,LiMn3(OF3)2,Li4Mn3(OF3)2,mp-753440,mp-753977,0.048011611652501,1
BAT_01839,MnOF4,Li3MnOF4,Li4MnOF4,mp-1276200,mp-760393,0.089302463898702,1
BAT_01840,Mn2O2F3,Mn2O2F3,LiMn2O2F3,mp-2223159,mp-1176658,0.085608788731993,1
BAT_01841,Mn2OF3,Mn2OF3,LiMn2OF3,mp-752756,mp-753996,0.133006236028889,1
BAT_01842,Mn5O7F,Mn5O7F,LiMn5O7F,mp-753608,mp-753411,0.025956135442097,1
BAT_01843,Mn3O5F3,Li3Mn3O5F3,Li5Mn3O5F3,mp-753419,mp-759593,0.039470781287148,1
BAT_01844,Mn3OF8,LiMn3OF8,Li4Mn3OF8,mp-759751,mp-759970,0.0930896112451,1
BAT_01846,Mn3OF6,Mn3OF6,Li2Mn3OF6,mp-759176,mp-761162,0.049237470397766,1
BAT_01847,MnOF3,Li2MnOF3,Li3MnOF3,mp-1275120,mp-755504,0.02221205872476,1
BAT_01848,Mn3OF6,Mn3OF6,Li2Mn3OF6,mp-760051,mp-759714,0.154080210544707,1
BAT_01850,Mn(O2F)2,Li7Mn(O2F)2,Li8Mn(O2F)2,mp-766227,mp-763440,0.061226310956131,1
BAT_01852,MnPO4F,MnPO4F,Li2MnPO4F,mp-861278,mp-771918,0.109954364159522,3
BAT_01854,MnVP2(O4F)2,MnVP2(O4F)2,Li3MnVP2(O4F)2,mp-777048,mp-752825,0.07321015430567,3
BAT_01855,MnPO4F,MnPO4F,Li2MnPO4F,mp-25426,mp-25395,0.176185380708578,2
BAT_01856,Mn2P2O7F2,Mn2P2O7F2,Li2Mn2P2O7F2,mp-770557,mp-770546,0.063433111474458,1
BAT_01857,MnPO4F,LiMnPO4F,Li2MnPO4F,mp-1176649,mp-776063,0.046274477246196,1
BAT_01858,Rb2MnF6,Rb2MnF6,Rb2LiMnF6,mp-558111,mp-1113711,0.137436718911491,1
BAT_01865,NiPO4F,LiNiPO4F,Li2NiPO4F,mp-1176633,mp-554446,0.04634639309279,2
BAT_01866,Ni(O2F)2,Li7Ni(O2F)2,Li8Ni(O2F)2,mp-761279,mp-753488,0.0304616113902,1
BAT_01867,NiPO4F,NiPO4F,Li2NiPO4F,mp-25468,mp-25397,0.065408319557056,2
BAT_01868,Rb2NiF6,Rb2NiF6,Rb2LiNiF6,mp-556417,mp-1113709,0.123566609868144,1
BAT_01871,VPO4F,LiVPO4F,Li2VPO4F,mp-25423,mp-776064,0.063281643720253,1
BAT_01872,VP2(O4F)2,Li4VP2(O4F)2,Li5VP2(O4F)2,mp-782668,mp-554656,0.00765190476635,1
BAT_01875,VPO4F,VPO4F,Li2VPO4F,mp-1104878,mp-1222675,0.146105757920989,1
BAT_01876,VSO4F3,VSO4F3,Li2VSO4F3,mp-768093,mp-769602,0.117537806090381,4
BAT_01877,V4OF11,V4OF11,LiV4OF11,mp-754461,mp-776414,0.003108717469917,1
BAT_01879,V2OF5,V2OF5,LiV2OF5,mp-752923,mp-776440,0.002396950261981,1
BAT_01881,V4(OF3)3,V4(OF3)3,Li4V4(OF3)3,mp-755229,mp-765901,0.025997783563746,2
BAT_01882,V(OF)2,LiV(OF)2,Li2V(OF)2,mp-1539853,mp-752823,0.060753576356386,1
BAT_01883,V2(OF)3,V2(OF)3,LiV2(OF)3,mp-754270,mp-754467,0.010774513485862,1
BAT_01884,V3OF11,V3OF11,LiV3OF11,mp-752857,mp-850394,0.02967793841896,1
BAT_01885,V3O5F,V3O5F,LiV3O5F,mp-753016,mp-752985,0.007263138931983,1
BAT_01886,V2O2F3,V2O2F3,LiV2O2F3,mp-753052,mp-752937,0.05676580470276,1
BAT_01887,V2O2F3,V2O2F3,LiV2O2F3,mp-764379,mp-753928,0.059264673596615,1
BAT_01889,VOF5,Li2VOF5,Li3VOF5,mp-752498,mp-757350,0.019480952738942,1
BAT_01890,V2OF6,V2OF6,Li2V2OF6,mp-1101248,mp-753637,0.017425439135645,1
BAT_01892,V2O3F,V2O3F,LiV2O3F,mp-752997,mp-765841,0.064173286315148,1
BAT_01893,V3(O2F)2,V3(O2F)2,LiV3(O2F)2,mp-765508,mp-753023,0.014013499004747,1
BAT_01894,VO3F2,Li3VO3F2,Li4VO3F2,mp-752990,mp-764753,0.013559534135302,1
BAT_01895,V2OF7,V2OF7,Li3V2OF7,mp-765500,mp-752612,0.066179780729389,2
BAT_01896,V2OF5,V2OF5,LiV2OF5,mp-764448,mp-765223,0.031078846637443,1
BAT_01897,VOF3,VOF3,LiVOF3,mp-752824,mp-765498,0.108893806988354,1
BAT_01898,V3(OF3)2,V3(OF3)2,LiV3(OF3)2,mp-759157,mp-753466,0.006329514969219,1
BAT_01899,V(OF)2,LiV(OF)2,Li3V2(OF)4,mp-765626,mp-776500,0.034272015720992,1
BAT_01900,V4O5F7,V4O5F7,LiV4O5F7,mp-755181,mp-754849,0.012102950497482,1
BAT_01901,V4(OF3)3,V4(OF3)3,Li3V4(OF3)3,mp-1101222,mp-754854,0.019428558283227,1
BAT_01902,VO3F2,Li3VO3F2,Li5VO3F2,mp-761111,mp-753535,0.063046781447125,1
BAT_01903,VOF3,VOF3,LiVOF3,mp-753525,mp-755024,0.134428880893623,1
BAT_01904,V2OF5,V2OF5,LiV2OF5,mp-1648259,mp-776389,0.008244538463391,1
BAT_01905,VOF3,VOF3,LiVOF3,mp-753030,mp-756068,0.007673147128671,1
BAT_01908,V3O3F5,Li2V3O3F5,Li3V3O3F5,mp-764201,mp-759089,0.032580760488514,1
BAT_01909,V2OF5,V2OF5,LiV2OF5,mp-752757,mp-753339,7.966079089349877e-05,1
BAT_01910,V6O7F5,V6O7F5,LiV6O7F5,mp-759522,mp-753549,0.014363725988875,1
BAT_01911,V3OF11,LiV3OF11,Li4V3OF11,mp-752815,mp-765238,0.02913706885626,1
BAT_01913,VO2F,Li3V2(O2F)2,Li2VO2F,mp-759102,mp-753128,0.039739249893949,1
BAT_01914,V2OF5,V2OF5,LiV2OF5,mp-763192,mp-775937,0.015326969461554,1
BAT_01915,V4OF11,V4OF11,LiV4OF11,mp-1302830,mp-755111,0.009167130732038,1
BAT_01917,VO2F,VO2F,LiVO2F,mp-753014,mp-752626,0.002766866225131,1
BAT_01918,V6O7F5,V6O7F5,LiV6O7F5,mp-763201,mp-755088,0.046957713302148,1
BAT_01919,V4O5F7,V4O5F7,LiV4O5F7,mp-755640,mp-755130,0.000842282601934,1
BAT_01920,V3(OF)4,V3(OF)4,Li2V3(OF)4,mp-760115,mp-752838,0.077274574768945,1
BAT_01921,V6O5F19,V6O5F19,Li5V6O5F19,mp-760037,mp-777740,0.050252093455241,1
BAT_01922,V(OF)2,Li2V(OF)2,Li3V(OF)2,mp-1280578,mp-753080,0.000823368902977,1
BAT_01923,V2OF5,V2OF5,LiV2OF5,mp-754609,mp-776415,0.009724646901244,1
BAT_01924,V4(OF3)3,V4(OF3)3,Li3V4(OF3)3,mp-759200,mp-755439,0.021559110820623,1
BAT_01925,VOF3,LiVOF3,Li2VOF3,mp-850913,mp-850895,0.001065261433017,1
BAT_01926,V4O5F7,V4O5F7,LiV4O5F7,mp-1101221,mp-755196,0.01400344936335,1
BAT_01927,VOF4,LiVOF4,Li2VOF4,mp-760189,mp-761271,0.04567889474179,1
BAT_01928,VOF3,VOF3,LiVOF3,mp-760367,mp-764721,0.004595965023352,1
BAT_01929,V3OF11,V3OF11,LiV3OF11,mp-760355,mp-777339,0.058030870303696,1
BAT_01930,VO3F,Li2VO3F,Li3VO3F,mp-760211,mp-764917,0.021679881781726,1
BAT_01931,V6O5F19,V6O5F19,Li5V6O5F19,mp-760314,mp-777288,0.030455686137044,1
BAT_01933,VOF5,Li2VOF5,Li3VOF5,mp-760326,mp-765358,0.008241506876363,1
BAT_01934,V4OF11,V4OF11,LiV4OF11,mp-760358,mp-777831,0.012182869363648,1
BAT_01936,V4OF11,V4OF11,LiV4OF11,mp-760888,mp-1176557,0.010370446057823,1
BAT_01937,V4OF11,V4OF11,LiV4OF11,mp-760914,mp-779759,0.015390877529624,1
BAT_01938,V4O7F5,V4O7F5,Li3V4O7F5,mp-760947,mp-775924,0.019872231887918,1
BAT_01939,V2OF5,V2OF5,LiV2OF5,mp-760930,mp-849639,0.007589992790817,1
BAT_01940,VO3F2,Li3VO3F2,Li4VO3F2,mp-850210,mp-758786,0.014723201649135,1
BAT_01941,V6O5F19,V6O5F19,Li5V6O5F19,mp-760859,mp-778233,0.054520336359304,1
BAT_01942,V2OF5,V2OF5,Li2V2OF5,mp-764744,mp-759836,0.04230050506638,2
BAT_01943,V4O5F7,V4O5F7,LiV4O5F7,mp-2214898,mp-776430,0.017083584637828,1
BAT_01944,VO3F,Li2VO3F,Li3VO3F,mp-761101,mp-764860,0.016096370560762,1
BAT_01945,V3OF11,V3OF11,Li4V3OF11,mp-761012,mp-780283,0.10454587170843,1
BAT_01946,VO3F,Li2VO3F,Li3VO3F,mp-761092,mp-764730,0.025852110838301,1
BAT_01948,V(OF)2,LiV(OF)2,Li2V(OF)2,mp-765509,mp-761125,0.023688424994079,1
BAT_01949,V2OF5,V2OF5,LiV2OF5,mp-761130,mp-863406,0.00362193230829,1
BAT_01950,V4O5F7,V4O5F7,LiV4O5F7,mp-761197,mp-779340,0.004809121862238,1
BAT_01953,V2(OF)3,V2(OF)3,LiV2(OF)3,mp-763169,mp-779054,0.005046520749472,1
BAT_01954,V6O7F5,V6O7F5,LiV6O7F5,mp-763927,mp-777798,0.040040536646628,1
BAT_01955,V2OF5,V2OF5,LiV2OF5,mp-764367,mp-860940,0.002320688413713,1
BAT_01956,V4OF11,V4OF11,LiV4OF11,mp-764086,mp-776457,0.010006673422285,1
BAT_01957,V2(OF)3,V2(OF)3,LiV2(OF)3,mp-764087,mp-776867,0.016047144744478,1
BAT_01958,V3(OF3)2,V3(OF3)2,LiV3(OF3)2,mp-1568809,mp-867665,0.006222531792961,1
BAT_01959,V2(OF)3,V2(OF)3,LiV2(OF)3,mp-763965,mp-777289,0.000914685349034,1
BAT_01960,VOF3,VOF3,LiVOF3,mp-764274,mp-771408,0.049906402408832,1
BAT_01962,V4OF11,V4OF11,LiV4OF11,mp-764606,mp-1176561,0.004228575722728,1
BAT_01963,V4OF12,V4OF12,Li2V4OF12,mp-758958,mp-757416,0.058150576796435,1
BAT_01965,V4O5F7,V4O5F7,LiV4O5F7,mp-764736,mp-776433,0.004343521006349,1
BAT_01966,V4OF11,V4OF11,LiV4OF11,mp-764470,mp-779025,0.011207901720294,1
BAT_01967,V4(OF3)3,V4(OF3)3,Li3V4(OF3)3,mp-764879,mp-778244,0.029427823603322,1
BAT_01968,V2OF5,V2OF5,LiV2OF5,mp-756060,mp-775943,0.007824316766975,1
BAT_01969,VO2F,Li3V2(O2F)2,Li2VO2F,mp-759574,mp-763051,0.038593792978766,1
BAT_01970,V2OF5,V2OF5,LiV2OF5,mp-1101227,mp-767433,0.028425447902821,1
BAT_01971,V(OF)2,Li2V(OF)2,Li3V(OF)2,mp-759885,mp-759168,0.007152114579566,1
BAT_01972,V3OF11,V3OF11,Li4V3OF11,mp-759226,mp-778466,0.098141464902408,2
BAT_01973,V4OF11,V4OF11,LiV4OF11,mp-756220,mp-778177,0.01447615468504,1
BAT_01974,V6O7F5,V6O7F5,LiV6O7F5,mp-755871,mp-776403,0.038063192767075,1
BAT_01975,VOF3,VOF3,LiVOF3,mp-760178,mp-757620,0.045034731794075,1
BAT_01976,V3OF11,V3OF11,Li4V3OF11,mp-774359,mp-1177290,0.114753077833555,2
BAT_01977,V2OF5,V2OF5,LiV2OF5,mp-756285,mp-776824,0.005921778652742,1
BAT_01978,V3O5F3,V3O5F3,LiV3O5F3,mp-759530,mp-758438,0.003286391532673,1
BAT_01979,V4O5F7,V4O5F7,LiV4O5F7,mp-2214551,mp-777291,0.043668405892592,1
BAT_01980,V4(OF3)3,V4(OF3)3,Li3V4(OF3)3,mp-774383,mp-778226,0.021127273940614,1
BAT_01982,V4OF11,V4OF11,LiV4OF11,mp-774387,mp-777640,0.001665529380389,1
BAT_01983,V2OF5,V2OF5,LiV2OF5,mp-775438,mp-778879,0.005318326237476,1
BAT_01984,V2OF5,V2OF5,LiV2OF5,mp-764159,mp-849711,0.019381360340016,1
BAT_01985,VOF3,VOF3,LiVOF3,mp-759983,mp-759440,0.012169723094323,1
BAT_01986,V(OF)2,Li11V12(OF)24,Li7V6(OF)12,mp-776317,mp-775890,0.030638955351249,1
BAT_01987,V3OF11,V3OF11,LiV3OF11,mp-777440,mp-775901,0.042436681529613,1
BAT_01988,V4O5F7,V4O5F7,LiV4O5F7,mp-849292,mp-775904,0.009398997309457,1
BAT_01989,V2OF5,V2OF5,LiV2OF5,mp-779365,mp-776420,0.013026791752054,1
BAT_01990,V6O7F5,V6O7F5,LiV6O7F5,mp-781614,mp-776417,0.055305578960567,1
BAT_01991,V6O5F19,V6O5F19,Li5V6O5F19,mp-759524,mp-779337,0.06505369828487,1
BAT_01992,V3OF11,V3OF11,LiV3OF11,mp-776537,mp-775902,0.049920846836119,1
BAT_01993,V3O5F3,V3O5F3,LiV3O5F3,mp-759642,mp-764754,0.007396297407989,1
BAT_01995,V2OF5,V2OF5,LiV2OF5,mp-1574993,mp-776421,0.003658004866787,1
BAT_01996,V4(OF3)3,V4(OF3)3,Li3V4(OF3)3,mp-777342,mp-778178,0.025690808235599,1
BAT_01997,V3OF11,V3OF11,LiV3OF11,mp-780323,mp-777269,0.04368105876269,1
BAT_01999,V3OF11,V3OF11,Li4V3OF11,mp-778369,mp-777267,0.117906682357056,1
BAT_02002,V3OF11,V3OF11,Li4V3OF11,mp-777723,mp-1177195,0.111185397169182,2
BAT_02003,V4OF11,V4OF11,LiV4OF11,mp-1101212,mp-777832,0.007627120263945,1
BAT_02004,V3OF11,V3OF11,LiV3OF11,mp-1101185,mp-777575,0.032059433388926,1
BAT_02006,V4(OF3)3,V4(OF3)3,Li3V4(OF3)3,mp-850332,mp-778208,0.031682017469994,1
BAT_02007,V4(OF3)3,V4(OF3)3,Li3V4(OF3)3,mp-777880,mp-779062,0.02514677066584,1
BAT_02008,V4OF11,V4OF11,LiV4OF11,mp-779609,mp-777854,0.005331450076595,1
BAT_02009,V3OF11,V3OF11,LiV3OF11,mp-759668,mp-1176554,0.068077460002613,1
BAT_02010,V6O5F19,V6O5F19,Li5V6O5F19,mp-777859,mp-1177029,0.059258155803604,1
BAT_02011,V4(OF3)3,V4(OF3)3,Li3V4(OF3)3,mp-778865,mp-778106,0.015974815452426,1
BAT_02012,V2OF5,V2OF5,LiV2OF5,mp-780763,mp-779058,0.0140916996828,1
BAT_02013,V2OF7,V2OF7,LiV2OF7,mp-759705,mp-764752,0.021291149010871,1
BAT_02014,V4OF11,V4OF11,LiV4OF11,mp-779347,mp-849737,0.007057844925894,1
BAT_02015,V2(OF)3,V2(OF)3,LiV2(OF)3,mp-1101234,mp-779071,0.004274725159654,1
BAT_02016,V4OF11,V4OF11,LiV4OF11,mp-781049,mp-779753,0.003839369875711,1
BAT_02017,VOF3,VOF3,LiVOF3,mp-759725,mp-764760,0.035259607637902,1
BAT_02018,V4(OF3)3,V4(OF3)3,Li3V4(OF3)3,mp-779309,mp-849712,0.017107569725874,1
BAT_02019,VO3F,Li2VO3F,Li3VO3F,mp-759788,mp-758195,0.020901850367535,1
BAT_02020,V2(OF)3,V2(OF)3,LiV2(OF)3,mp-850989,mp-782821,0.018844240809373,1
BAT_02022,V2OF5,V2OF5,LiV2OF5,mp-764357,mp-760019,0.033655065160816,1
BAT_02025,VOF4,LiVOF4,Li2VOF4,mp-850188,mp-780857,0.015064685455187,1
BAT_02026,V4O5F7,V4O5F7,LiV4O5F7,mp-2214552,mp-779059,0.020075111943718,1
BAT_02028,V3OF11,V3OF11,LiV3OF11,mp-849451,mp-1176563,0.077847109569695,1
BAT_02029,V2OF5,V2OF5,LiV2OF5,mp-759829,mp-861457,0.001147596845146,1
BAT_02030,V4(OF3)3,V4(OF3)3,Li3V4(OF3)3,mp-1101199,mp-850774,0.040917162001776,1
BAT_02031,V4O5F7,V4O5F7,LiV4O5F7,mp-755719,mp-776429,0.011535751286039,1
BAT_02033,Rb2VF6,Rb2VF6,Rb2LiVF6,mp-1209267,mp-1113694,0.125216507459819,1
BAT_02035,VF6,Li9V8F48,Li11V4F24,mp-1176824,mp-760823,0.012466425293904,2
BAT_02036,V3F10,V3F10,LiV3F10,mp-1101191,mp-752482,0.065777141474073,1
BAT_02038,VF7,Li2VF7,Li4VF7,mp-757151,mp-753113,0.010918696406752,2
BAT_02039,VF6,LiVF6,Li2VF6,mp-753694,mp-752779,0.027912847883494,1
BAT_02040,VF5,VF5,Li2VF5,mp-752600,mp-754000,0.010795832500496,1
BAT_02042,VF5,VF5,LiVF5,mp-752912,mp-765781,0.03600003368013,1
BAT_02043,VF4,VF4,Li3V2F8,mp-863400,mp-752901,0.086528408982183,2
BAT_02044,VF5,VF5,LiVF5,mp-752907,mp-765480,0.034107974616455,1
BAT_02045,VF3,VF3,LiVF3,mp-759097,mp-752911,0.100876331884398,1
BAT_02046,V2F7,LiV2F7,Li2V2F7,mp-767641,mp-753073,0.043352165950566,1
BAT_02047,VF5,VF5,LiVF5,mp-765621,mp-753289,0.073262355318734,1
BAT_02048,VF6,LiVF6,Li3VF6,mp-759960,mp-21633,0.014636263300185,2
BAT_02049,VF6,LiVF6,Li2VF6,mp-753212,mp-759839,0.043281419902761,1
BAT_02050,V2F7,V2F7,Li2V2F7,mp-759957,mp-753335,0.025581792896494,2
BAT_02051,VF8,Li5VF8,Li6VF8,mp-753236,mp-765804,0.001676418840121,1
BAT_02053,VF8,Li3VF8,Li5VF8,mp-753533,mp-765894,0.100558030552072,2
BAT_02054,VF6,LiVF6,Li3VF6,mp-753604,mp-753390,0.024923386305216,2
BAT_02055,VF6,LiVF6,Li3VF6,mp-2710677,mp-1111067,0.052219369535501,1
BAT_02056,VF4,LiVF4,Li2VF4,mp-753373,mp-760339,0.006091666999104,1
BAT_02057,VF5,VF5,LiVF5,mp-753449,mp-759186,0.071732444883682,1
BAT_02058,VF6,LiVF6,Li2VF6,mp-753573,mp-753861,0.035031469357975,1
BAT_02059,VF6,LiVF6,Li2VF6,mp-753567,mp-767692,0.008863226315826,1
BAT_02060,VF5,VF5,Li2VF5,mp-27309,mp-1177798,0.071769866727539,2
BAT_02061,VF3,VF3,LiVF3,mp-559931,mp-752764,0.055139315568536,1
BAT_02062,VF6,LiVF6,Li3VF6,mp-757163,mp-765499,0.119756872066596,2
BAT_02063,VF6,LiVF6,Li2VF6,mp-753628,mp-859136,0.027484500520721,1
BAT_02064,VF5,VF5,LiVF5,mp-765600,mp-753782,0.018429170381733,1
BAT_02066,VF5,VF5,LiVF5,mp-757854,mp-849361,0.019559488703573,1
BAT_02067,VF5,VF5,LiVF5,mp-757128,mp-761275,0.073079823650144,1
BAT_02068,VF5,VF5,LiVF5,mp-756640,mp-759035,0.048104624699625,1
BAT_02069,VF5,VF5,LiVF5,mp-758214,mp-758646,0.028622866868644,1
BAT_02070,VF4,LiVF4,Li2VF4,mp-767617,mp-758181,0.063589830226341,1
BAT_02072,VF6,LiVF6,Li3VF6,mp-760202,mp-759464,0.019664494746099,2
BAT_02075,V2F7,LiV2F7,Li2V2F7,mp-759851,mp-760262,0.00778573905953,1
BAT_02076,VF6,LiVF6,Li3V2F12,mp-760194,mp-760783,0.018464372933739,1
BAT_02079,VF5,VF5,LiVF5,mp-760320,mp-760031,0.020411286701492,1
BAT_02081,V2F7,LiV2F7,Li2V2F7,mp-759752,mp-849541,0.077095562248635,1
BAT_02082,VF5,VF5,LiVF5,mp-760312,mp-759086,0.016625853147931,1
BAT_02083,V5F11,V5F11,LiV5F11,mp-760030,mp-759570,0.00486915324327,1
BAT_02084,VF4,VF4,LiVF4,mp-759340,mp-760794,0.089132752214706,1
BAT_02085,VF4,VF4,LiVF4,mp-850937,mp-765497,0.018322008725112,1
BAT_02086,VF6,LiVF6,Li3V2F12,mp-761168,mp-765467,0.017717217429986,1
BAT_02087,VF5,VF5,Li2VF5,mp-765646,mp-863384,0.042125422528525,2
BAT_02088,VF5,VF5,LiVF5,mp-760250,mp-760294,0.006561201135808,1
BAT_02089,V3F10,V3F10,LiV3F10,mp-768262,mp-765496,0.036647888225633,1
BAT_02090,VF4,VF4,LiVF4,mp-760249,mp-1176534,0.042179986737719,1
BAT_02091,V2F7,LiV2F7,Li2V2F7,mp-767706,mp-766139,0.004546696183655,1
BAT_02092,VF3,VF3,LiV2F6,mp-765663,mp-559701,0.004544585942742,1
BAT_02095,Fe2P4H3O16,Li2Fe2P4H3O16,Li4Fe2P4H3O16,mp-752522,mp-1177422,0.03655137997279,1
BAT_02096,VFeP2(HO5)2,VFeP2(HO5)2,Li3VFeP2(HO5)2,mp-753646,mp-759083,0.086865723464712,3
BAT_02098,FePHO5,FePHO5,Li2FePHO5,mp-757067,mp-1638898,0.105627997211483,2
BAT_02100,VF6,LiVF6,Li3VF6,mp-1176528,mp-777681,0.005251741075092,1
BAT_02101,FeP2HO8,LiFeP2HO8,Li2FeP2HO8,mp-758760,mp-766101,0.002151764852972,1
BAT_02102,VF4,VF4,LiVF4,mp-554799,mp-754895,0.023531466414419,1
BAT_02103,Fe(GeO3)2,Fe(GeO3)2,LiFe(GeO3)2,mp-1043501,mp-22173,0.063835765542646,1
BAT_02104,K2FeO4,K8Li3(FeO4)4,K8Li13(FeO4)4,mp-758545,mp-759598,0.066523636850572,2
BAT_02105,FeH8(SO6)2,LiFeH8(SO6)2,Li2FeH8(SO6)2,mp-781672,mp-778185,0.047799330663403,1
BAT_02106,FeH12(SO7)2,FeH12(SO7)2,LiFeH12(SO7)2,mp-770576,mp-780157,0.097715500251881,1
BAT_02107,La7(FeO8)2,La7(FeO8)2,Li3La7(FeO8)2,mp-770762,mp-756753,0.00472077241381,1
BAT_02112,Mn3NbFe2(PO4)6,Mn3NbFe2(PO4)6,Li4Mn3NbFe2(PO4)6,mp-776208,mp-1177427,0.055960003415217,1
BAT_02113,Mn3Nb2Fe3O16,Mn3Nb2Fe3O16,Li4Mn3Nb2Fe3O16,mp-755993,mp-770941,0.077988757072783,1
BAT_02114,Mn2FeO6,Mn2FeO6,Li3Mn4(FeO6)2,mp-752751,mp-769530,0.027156953847646,1
BAT_02115,MnFeO4,Li2Mn3(FeO4)3,Li2MnFeO4,mp-753998,mp-754607,0.005327884833781,2
BAT_02116,Mn3(FeO5)2,Li3Mn3(FeO5)2,Li5Mn3(FeO5)2,mp-753542,mp-757564,0.010287474766916,1
BAT_02117,MnFeO4,LiMnFeO4,Li2MnFeO4,mp-753432,mp-1177898,0.025962119028664,1
BAT_02118,Mn2Fe3Ni3O16,Li4Mn2Fe3Ni3O16,Li10Mn2Fe3Ni3O16,mp-765636,mp-764933,0.100551312592028,1
BAT_02119,Mn2FeO6,Mn2FeO6,Li3Mn2FeO6,mp-754962,mp-777446,0.032887772485407,1
BAT_02120,Mn2FeO6,Mn2FeO6,Li2Mn2FeO6,mp-753787,mp-1573004,0.067385247091757,1
BAT_02121,Mn5FeO12,Mn5FeO12,Li6Mn5FeO12,mp-755276,mp-765561,0.10470916006473,2
BAT_02122,MnFe3O8,Li2MnFe3O8,Li4MnFe3O8,mp-768068,mp-763910,0.029006716557111,2
BAT_02123,Mn5FeO12,Mn5FeO12,Li3Mn5FeO12,mp-776272,mp-774685,0.037827105732278,1
BAT_02125,Mn4FeO8,Mn4FeO8,Li3Mn4FeO8,mp-757061,mp-756377,0.053199529281865,1
BAT_02126,Mn3FeO8,Mn3FeO8,Li2Mn3FeO8,mp-756562,mp-756879,0.038971202560785,1
BAT_02127,Mn5Fe3O16,Mn5Fe3O16,Li10Mn5Fe3O16,mp-773198,mp-759959,0.194441846070904,2
BAT_02128,Mn7Fe3O20,Mn7Fe3O20,Li5Mn7Fe3O20,mp-777317,mp-779755,0.037473340861631,1
BAT_02129,Mn3FeO8,Mn3FeO8,Li4Mn3FeO8,mp-1176616,mp-756625,0.057956467710403,2
BAT_02130,Mn13Fe3O32,Mn13Fe3O32,Li8Mn13Fe3O32,mp-771188,mp-771651,0.040724939043461,1
BAT_02131,MnFe(PO4)2,MnFe(PO4)2,Li2MnFe(PO4)2,mp-756899,mp-754635,0.06366548937396,1
BAT_02132,MnFe7(PO4)8,MnFe7(PO4)8,Li8MnFe7(PO4)8,mp-766418,mp-861717,0.046633989854457,1
BAT_02133,MnFe3(PO4)4,MnFe3(PO4)4,Li4MnFe3(PO4)4,mp-766414,mp-766130,0.051629657087328,1
BAT_02134,MnFe(PO4)2,MnFe(PO4)2,Li2MnFe(PO4)2,mp-764402,mp-761246,0.053671033432379,1
BAT_02135,MnFe(PO4)2,MnFe(PO4)2,Li4Mn3Fe3(PO4)6,mp-773672,mp-1177464,0.073430542953921,1
BAT_02136,Mn2Fe(PO4)3,Mn2Fe(PO4)3,Li2Mn2Fe(PO4)3,mp-776759,mp-776051,0.062671950415069,1
BAT_02137,Mn3Fe2Sn(PO4)6,Mn3Fe2Sn(PO4)6,Li4Mn3Fe2Sn(PO4)6,mp-776652,mp-1177412,0.072993697866604,1
BAT_02138,MnFe2(PO4)3,MnFe2(PO4)3,Li2MnFe2(PO4)3,mp-849505,mp-767440,0.044272432756849,1
BAT_02139,Mn3Fe(PO4)4,Mn3Fe(PO4)4,Li4Mn3Fe(PO4)4,mp-766386,mp-766376,0.062901992034718,1
BAT_02140,Mn7Fe(PO4)12,Mn7Fe(PO4)12,Li8Mn7Fe(PO4)12,mp-778021,mp-776668,0.052644822739555,1
BAT_02141,Mn3FeO8,Mn3FeO8,Li2Mn3FeO8,mp-771261,mp-777396,0.035291970590529,1
BAT_02142,MnFe(PO4)2,MnFe(PO4)2,Li2MnFe(PO4)2,mp-764401,mp-759138,0.060991586343797,1
BAT_02143,MnFe3(PO4)4,MnFe3(PO4)4,Li4MnFe3(PO4)4,mp-756609,mp-764613,0.050083784834351,1
BAT_02144,Mn3Fe(PO4)6,Mn3Fe(PO4)6,Li7Mn3Fe(PO4)6,mp-774347,mp-829746,0.071720637144417,2
BAT_02145,MnFe3(PO4)4,MnFe3(PO4)4,Li4MnFe3(PO4)4,mp-766435,mp-766043,0.048616532199917,1
BAT_02146,Mn5(FeO6)2,Li2Mn5(FeO6)2,Li4Mn5(FeO6)2,mp-758305,mp-759127,0.034379397203528,1
BAT_02147,Mn3FeO8,Mn3FeO8,Li3Mn3FeO8,mp-756788,mp-763959,0.085121564342329,2
BAT_02148,Mn11Fe(PO4)12,Mn11Fe(PO4)12,Li12Mn11Fe(PO4)12,mp-849792,mp-775195,0.065784273239294,1
BAT_02149,MnFe(PO4)2,MnFe(PO4)2,Li2MnFe(PO4)2,mp-767833,mp-775189,0.05665489446689,1
BAT_02150,Mn3Fe(PO4)4,Mn3Fe(PO4)4,Li4Mn3Fe(PO4)4,mp-756786,mp-773519,0.061377911755304,1
BAT_02151,Mn5Fe(PO4)6,Mn5Fe(PO4)6,Li4Mn5Fe(PO4)6,mp-771947,mp-776660,0.067239255714904,1
BAT_02152,Fe2(MoO4)3,Fe2(MoO4)3,Li2Fe2(MoO4)3,mp-21925,mp-21778,0.016690475530926,1
BAT_02153,Ti2Mn3Fe3O16,Ti2Mn3Fe3O16,Li4Ti2Mn3Fe3O16,mp-755215,mp-770495,0.06475067481395,1
BAT_02154,Mn3Fe2Sb3O16,Mn3Fe2Sb3O16,Li4Mn3Fe2Sb3O16,mp-756766,mp-774490,0.118969486355608,1
BAT_02155,MnV4FeO12,MnV4FeO12,Li2MnV4FeO12,mp-1176412,mp-755976,0.001226117591583,1
BAT_02156,Mn2Fe3Sn(PO4)6,Mn2Fe3Sn(PO4)6,Li4Mn2Fe3Sn(PO4)6,mp-850538,mp-1177457,0.058139060556091,1
BAT_02157,Mn3Fe3(TeO8)2,Mn3Fe3(TeO8)2,Li4Mn3Fe3(TeO8)2,mp-775968,mp-757691,0.0858994305529999,1
BAT_02158,Mn2Fe3P6WO24,Mn2Fe3P6WO24,Li4Mn2Fe3P6WO24,mp-757052,mp-770860,0.058775620747429,1
BAT_02159,Mn3Fe3(SbO8)2,Mn3Fe3(SbO8)2,Li4Mn3Fe3(SbO8)2,mp-775891,mp-775013,0.08030277861279,1
BAT_02161,Na2Ti3Fe(PO4)6,Na2Ti3Fe(PO4)6,Na2Li5Ti3Fe(PO4)6,mp-772859,mp-773757,0.030316304874489,1
BAT_02162,Na3Fe3(PO4)4,Na3Fe3(PO4)4,Na6Li3Fe6(PO4)8,mp-556540,mp-1101725,0.022010334237861,1
BAT_02164,Na2Fe(Si2O5)3,Na2Fe(Si2O5)3,Na2LiFe(Si2O5)3,mp-780575,mp-6838,0.00040125464656,1
BAT_02167,Nb2Fe3O10,Li2Nb2Fe3O10,Li5Nb2Fe3O10,mp-753897,mp-754582,0.040113539185216,2
BAT_02168,NbFe3O8,Li3NbFe3O8,Li4NbFe3O8,mp-763729,mp-770958,0.000825873920286,1
BAT_02169,NbFeO4,NbFeO4,LiNbFeO4,mp-754222,mp-756415,0.013395259562806,1
BAT_02170,NbFe5O12,Li4NbFe5O12,Li6NbFe5O12,mp-756145,mp-752667,0.049381361431116,1
BAT_02171,NaFe2(SiO3)4,NaFe2(SiO3)4,NaLiFe2(SiO3)4,mp-755636,mp-850191,0.000562069719702,1
BAT_02172,NbFe5(PO4)6,NbFe5(PO4)6,Li4NbFe5(PO4)6,mp-771326,mp-759245,0.055001851803532,1
BAT_02173,Fe3NiO8,Li2Fe3NiO8,Li4Fe3NiO8,mp-753165,mp-769856,0.075470433647924,2
BAT_02174,NbFe7(PO4)12,NbFe7(PO4)12,Li8NbFe7(PO4)12,mp-1101729,mp-776163,0.021737776296678,1
BAT_02175,FeNi3O8,Li2FeNi3O8,Li4FeNi3O8,mp-752523,mp-765712,0.01563427767467,2
BAT_02176,Fe2Ni3O10,Li3Fe2Ni3O10,Li5Fe2Ni3O10,mp-752981,mp-755824,0.0189201891008,1
BAT_02177,Fe5NiO12,Li4Fe5NiO12,Li6Fe5NiO12,mp-1177537,mp-765833,0.046306068603873,1
BAT_02178,Fe3(NiO5)2,Li4Fe3(NiO5)2,Li5Fe3(NiO5)2,mp-752964,mp-755786,0.015806643112337,1
BAT_02179,Fe5(NiO6)2,Li3Fe5(NiO6)2,Li5Fe5(NiO6)2,mp-753185,mp-771236,0.013155630251477,1
BAT_02180,Fe2NiO6,Li2Fe2NiO6,Li3Fe2NiO6,mp-758197,mp-757135,0.04704898974727,1
BAT_02181,FeNi3O8,Li2FeNi3O8,Li5FeNi3O8,mp-772596,mp-759765,0.140849375650286,2
BAT_02182,FeNiO4,LiFeNiO4,Li3Fe2(NiO4)2,mp-755275,mp-767955,0.024996571772618,1
BAT_02184,Fe3Ni7O20,Li8Fe3Ni7O20,Li10Fe3Ni7O20,mp-759370,mp-771052,0.004188092464228,1
BAT_02185,FeNi9O20,Li6FeNi9O20,Li10FeNi9O20,mp-758623,mp-769545,0.022830039991015,2
BAT_02186,Fe3Ni(PO4)4,Fe3Ni(PO4)4,Li4Fe3Ni(PO4)4,mp-775017,mp-771063,0.043914279424599,1
BAT_02188,Fe5Ni(PO4)6,Fe5Ni(PO4)6,Li4Fe5Ni(PO4)6,mp-768933,mp-760788,0.036837605220037,1
BAT_02189,FeNi(PO4)2,FeNi(PO4)2,Li2FeNi(PO4)2,mp-754558,mp-756268,0.045831306615031,1
BAT_02190,Fe2Ni(PO4)3,Fe2Ni(PO4)3,Li2Fe2Ni(PO4)3,mp-774420,mp-776880,0.029925293070964,1
BAT_02191,FeNi3(PO4)4,FeNi3(PO4)4,Li4FeNi3(PO4)4,mp-755553,mp-766022,0.030095463978547,1
BAT_02192,TiFe2Ni3(PO4)6,TiFe2Ni3(PO4)6,Li4TiFe2Ni3(PO4)6,mp-776008,mp-1177299,0.048143092306712,1
BAT_02193,Ti2Fe3Ni3O16,Li4Ti2Fe3Ni3O16,Li10Ti2Fe3Ni3O16,mp-766008,mp-774319,0.07818922902875,1
BAT_02194,FeO2,Li2(FeO2)5,LiFeO2,mp-762529,mp-756497,0.021405413077958,2
BAT_02196,Fe5O8,Fe5O8,LiFe5O8,mp-1225001,mp-33551,0.074427472858813,1
BAT_02197,Fe3O4,Fe3O4,LiFe3O4,mp-1181340,mp-1101736,0.005659183183774,1
BAT_02198,FeO6,Li7FeO6,Li8FeO6,mp-752471,mp-756356,0.033357827352487,1
BAT_02199,FeO2,FeO2,Li5(FeO2)4,mp-25236,mp-754802,0.150733664532332,3
BAT_02200,FeO3,LiFeO3,Li2FeO3,mp-760833,mp-774155,0.02008006187993,1
BAT_02202,FeO2,FeO2,Li(FeO2)2,mp-1443203,mp-754803,0.031822459314658,1
BAT_02205,FeO3,LiFeO3,Li2FeO3,mp-756941,mp-759394,0.082214591108193,2
BAT_02206,FeO2,FeO2,LiFeO2,mp-1395285,mp-755709,0.022473206979525,2
BAT_02207,FeO4,Li15(FeO4)4,Li5FeO4,mp-766829,mp-19511,0.007486662302005,2
BAT_02208,FeO4,Li9(FeO4)2,Li6FeO4,mp-774501,mp-756155,0.060733737551059,2
BAT_02209,Fe3O8,Li3Fe3O8,Li6Fe3O8,mp-1273581,mp-1177119,0.069485130305245,2
BAT_02210,Fe5O12,Li6Fe5O12,Li7Fe5O12,mp-780188,mp-756862,0.011055036190295,1
BAT_02211,Fe5O12,Li3Fe5O12,Li5Fe5O12,mp-758559,mp-759022,0.007595909659903,1
BAT_02212,FeO3,LiFeO3,Li2FeO3,mp-752790,mp-849695,0.061864512651689,2
BAT_02214,Fe3O8,Li3Fe3O8,Li5Fe3O8,mp-1177704,mp-1177185,0.001654921224394,1
BAT_02215,Fe5O8,Fe5O8,LiFe5O8,mp-1225007,mp-757153,0.1027480906686,1
BAT_02216,FeO4,Li9(FeO4)2,Li5FeO4,mp-780203,mp-770834,0.018907646671689,1
BAT_02217,Fe7O12,Li3Fe7O12,Li5Fe7O12,mp-752897,mp-756856,0.020081952248003,2
BAT_02218,Fe5O16,Li7Fe5O16,Li12Fe5O16,mp-1176883,mp-760142,0.053647545794303,1
BAT_02219,Fe5O12,Li5Fe5O12,Li9Fe5O12,mp-771687,mp-764889,0.02701820784141,1
BAT_02221,FeO2,FeO2,LiFeO2,mp-25332,mp-18782,0.077727118065087,1
BAT_02222,FeO2,Li(FeO2)2,Li5(FeO2)4,mp-1178106,mp-780312,0.111444197575247,1
BAT_02224,FeO2,Li(FeO2)3,Li2(FeO2)3,mp-753154,mp-762575,0.001771649501683,1
BAT_02225,FeO2,Li2(FeO2)3,LiFeO2,mp-1178060,mp-754977,0.030775845469782,1
BAT_02227,FeO3,Li11(FeO3)4,Li3FeO3,mp-849463,mp-771894,0.008656131763094,1
BAT_02228,Fe5O8,Fe5O8,LiFe5O8,mp-510746,mp-21735,0.025263658332268,1
BAT_02229,FeO2,Li3(FeO2)4,LiFeO2,mp-758469,mp-756527,0.026047993552285,1
BAT_02230,Fe3(PO4)4,Fe3(PO4)4,Li3Fe3(PO4)4,mp-31896,mp-27027,0.021437356278203,1
BAT_02231,Fe3(P2O7)2,Fe3(P2O7)2,Li2Fe3(P2O7)2,mp-26986,mp-26985,0.041896890821464,1
BAT_02232,FePO4,FePO4,LiFePO4,mp-19109,mp-757754,0.174730924712203,1
BAT_02233,FePO4,FePO4,LiFePO4,mp-25303,mp-18951,0.088941432959381,1
BAT_02236,Fe4P9O32,Fe4P9O32,Li7Fe4P9O32,mp-27102,mp-27081,0.042939775642897,2
BAT_02238,Fe(PO3)4,Fe(PO3)4,LiFe(PO3)4,mp-31874,mp-540356,0.000811399822931,1
BAT_02239,FePO4,FePO4,LiFePO4,mp-504149,mp-704251,0.142112473692608,1
BAT_02240,FeP2O7,FeP2O7,LiFeP2O7,mp-540440,mp-31837,0.06849629874269,1
BAT_02241,FePO4,FePO4,LiFePO4,mp-694541,mp-504184,0.029230097350827,1
BAT_02242,Fe(PO3)3,Fe(PO3)3,LiFe(PO3)3,mp-724325,mp-26003,0.010717643810729,1
BAT_02243,FePO4,FePO4,LiFePO4,mp-540111,mp-26041,0.117748443515073,1
BAT_02244,FePO4,FePO4,LiFePO4,mp-20361,mp-19017,0.064445117027244,1
BAT_02245,Fe2(PO4)3,LiFe2(PO4)3,Li3Fe2(PO4)3,mp-1101524,mp-504385,0.007307465334124,1
BAT_02246,FeP2O7,LiFeP2O7,Li2FeP2O7,mp-694534,mp-26025,0.002867496383111,1
BAT_02248,Fe3P3O11,Fe3P3O11,LiFe3P3O11,mp-540050,mp-705089,0.012084262579274,1
BAT_02249,Fe3(PO4)4,Fe3(PO4)4,Li3Fe3(PO4)4,mp-1101556,mp-26077,0.008415714418767,1
BAT_02250,Fe(PO4)2,Li2Fe(PO4)2,Li4Fe(PO4)2,mp-759108,mp-31890,0.039853499334839,2
BAT_02251,FeP2O7,FeP2O7,Li2FeP2O7,mp-25246,mp-779056,0.072689089130525,2
BAT_02252,Fe(PO3)5,Fe(PO3)5,Li2Fe(PO3)5,mp-540145,mp-705356,0.055194215383896,1
BAT_02254,Fe(PO3)4,Fe(PO3)4,Li2Fe(PO3)4,mp-504142,mp-26125,0.006287689106541,2
BAT_02255,FePO4,FePO4,LiFePO4,mp-704220,mp-585400,0.015509598518297,1
BAT_02256,Fe2(PO4)3,Fe2(PO4)3,Li5Fe2(PO4)3,mp-26412,mp-1177302,0.046032482833325,3
BAT_02257,Fe2P3O13,Fe2P3O13,LiFe2P3O13,mp-697819,mp-697808,0.005395912171213,1
BAT_02259,FeP2O7,FeP2O7,LiFeP2O7,mp-26182,mp-26181,0.005065497415952,1
BAT_02260,Fe2P5O16,Fe2P5O16,Li3Fe2P5O16,mp-27016,mp-31885,0.03474335910063,2
BAT_02261,FeP2O7,LiFeP2O7,Li2FeP2O7,mp-705011,mp-1101596,0.020220950657472,1
BAT_02262,Fe2(PO4)3,Fe2(PO4)3,Li7Fe4(PO4)6,mp-26582,mp-1177121,0.06614854581119,4
BAT_02263,Fe3P4O15,Fe3P4O15,Li4Fe3P4O15,mp-705395,mp-705404,0.010084047472605,2
BAT_02264,Fe5(P2O7)4,Fe5(P2O7)4,Li6Fe5(P2O7)4,mp-705433,mp-705431,0.007965145683528,2
BAT_02265,FeP4O13,FeP4O13,Li2FeP4O13,mp-1101552,mp-759091,0.065199055282456,2
BAT_02266,FeP2O7,FeP2O7,LiFeP2O7,mp-26214,mp-1101516,0.048410090432895,1
BAT_02267,Fe3P8O29,Li3Fe3P8O29,Li9Fe3P8O29,mp-705437,mp-554093,0.056456915235829,2
BAT_02268,Fe3P3O13,Fe3P3O13,LiFe3P3O13,mp-1356526,mp-1013899,0.005085635827754,1
BAT_02269,Fe2P3O10,Fe2P3O10,LiFe2P3O10,mp-27008,mp-27007,0.029773622974997,1
BAT_02270,FeP2O7,FeP2O7,Li2FeP2O7,mp-26626,mp-695805,0.028261706549256,2
BAT_02272,FeP2O7,LiFeP2O7,Li2FeP2O7,mp-695816,mp-26255,0.025337950974353,1
BAT_02273,Fe2P2O9,Fe2P2O9,LiFe2P2O9,mp-1041062,mp-1013910,0.036861167955307,1
BAT_02274,Fe(PO3)3,Fe(PO3)3,LiFe(PO3)3,mp-25310,mp-504179,0.024122449456892,1
BAT_02275,FeP2O7,FeP2O7,Li2FeP2O7,mp-697733,mp-697811,0.037405513232359,2
BAT_02276,FeP2O7,FeP2O7,Li2FeP2O7,mp-26644,mp-540231,0.082201524694838,2
BAT_02277,Fe5(P3O11)2,Fe5(P3O11)2,Li4Fe5(P3O11)2,mp-31872,mp-26471,0.009794939797347,1
BAT_02278,FePO4,FePO4,LiFePO4,mp-504276,mp-756958,0.061233715544775,1
BAT_02279,FeP2O7,FeP2O7,LiFeP2O7,mp-26566,mp-1101512,0.014660789909829,1
BAT_02280,Fe(PO4)2,Li2Fe(PO4)2,Li3Fe(PO4)2,mp-26576,mp-26575,0.004601904242337,1
BAT_02281,Fe9(PO4)8,Fe9(PO4)8,Li6Fe9(PO4)8,mp-704206,mp-25809,0.014841544193299,1
BAT_02283,FePO4,FePO4,LiFePO4,mp-753636,mp-765627,0.026701392711024,2
BAT_02284,Fe2(PO4)3,LiFe2(PO4)3,Li3Fe2(PO4)3,mp-699352,mp-26677,0.005745626739632,1
BAT_02285,FePO4,FePO4,LiFePO4,mp-753756,mp-757406,0.163514441973768,1
BAT_02286,FePO4,FePO4,LiFePO4,mp-26612,mp-26611,0.022463639130684,2
BAT_02287,Fe3(PO4)4,Fe3(PO4)4,Li3Fe3(PO4)4,mp-25814,mp-25813,0.036606261852087,1
BAT_02288,FeP2O7,FeP2O7,LiFeP2O7,mp-26614,mp-26613,0.032996177726613,1
BAT_02289,FePO4,LiFe2(PO4)2,LiFePO4,mp-753789,mp-774251,0.00299486468192,1
BAT_02290,FeP2O7,LiFeP2O7,Li2FeP2O7,mp-1101522,mp-25845,0.031491469327076,1
BAT_02291,FeP2O7,FeP2O7,LiFeP2O7,mp-26750,mp-26749,0.035264312957085,1
BAT_02292,FeP2O7,FeP2O7,LiFeP2O7,mp-690058,mp-26717,0.052205318435475,1
BAT_02293,Fe4(PO4)3,Fe4(PO4)3,LiFe4(PO4)3,mp-31780,mp-25825,0.000868144114001,1
BAT_02295,FePO4,FePO4,LiFePO4,mp-26792,mp-757027,0.113781402880349,1
BAT_02296,Fe2(PO4)3,LiFe2(PO4)3,Li3Fe2(PO4)3,mp-540420,mp-26825,0.034227154066261,2
BAT_02297,Fe3(PO4)4,Fe3(PO4)4,Li3Fe3(PO4)4,mp-1101553,mp-26807,0.067699544662172,1
BAT_02298,Fe(PO4)2,Li2Fe(PO4)2,Li3Fe(PO4)2,mp-697816,mp-26805,0.022610561627826,1
BAT_02299,Fe(PO3)4,Fe(PO3)4,LiFe(PO3)4,mp-585418,mp-26811,0.012100569864138,1
BAT_02300,Fe(PO4)2,Li2Fe(PO4)2,Li3Fe(PO4)2,mp-689973,mp-26773,0.029082501301479,1
BAT_02302,Fe3(P2O7)2,Fe3(P2O7)2,Li2Fe3(P2O7)2,mp-26860,mp-540433,0.016209433441884,1
BAT_02303,Fe5(PO4)4,Fe5(PO4)4,Li2Fe5(PO4)4,mp-26858,mp-540431,0.033175345147056,1
BAT_02304,Fe3(PO4)4,Fe3(PO4)4,Li3Fe3(PO4)4,mp-31818,mp-26307,0.05930782921633,1
BAT_02305,FeP2O9,Li3FeP2O9,Li4FeP2O9,mp-26902,mp-26901,0.012176103118689,1
BAT_02306,Fe(PO4)2,Li2Fe(PO4)2,Li3Fe(PO4)2,mp-762856,mp-772427,0.036212042896267,1
BAT_02308,FePO4,FePO4,LiFePO4,mp-766442,mp-757097,0.097290927749932,1
BAT_02309,FeP2O7,FeP2O7,LiFeP2O7,mp-1048396,mp-757908,0.099325903956339,1
BAT_02310,FeP2O7,FeP2O7,Li2FeP2O7,mp-766012,mp-757481,0.045074100929097,2
BAT_02311,FeP2O7,Li3Fe4(P2O7)4,Li2FeP2O7,mp-849425,mp-849623,0.033374470746635,4
BAT_02313,FePO4,FePO4,LiFePO4,mp-776288,mp-831160,0.069763680911937,1
BAT_02314,FePO5,Li2FePO5,Li3FePO5,mp-766462,mp-765579,0.006739265591828,1
BAT_02315,FePO4,FePO4,LiFePO4,mp-760343,mp-761486,0.175766799508324,1
BAT_02316,FePO4,FePO4,Li2Fe3(PO4)3,mp-772512,mp-771770,0.057213168345342,1
BAT_02317,Fe(PO4)2,Li2Fe(PO4)2,Li3Fe(PO4)2,mp-758232,mp-773399,0.013561213646674,1
BAT_02318,FePO4,FePO4,LiFePO4,mp-766460,mp-765594,0.093300465600534,1
BAT_02319,Fe(PO3)3,Fe(PO3)3,LiFe(PO3)3,mp-763780,mp-762657,0.025989487357177,1
BAT_02320,Fe7(PO4)8,Fe7(PO4)8,Li8Fe7(PO4)8,mp-1178257,mp-774835,0.008453804533686,1
BAT_02321,Fe5Sb(PO4)6,Fe5Sb(PO4)6,Li4Fe5Sb(PO4)6,mp-771885,mp-776398,0.049316877760294,1
BAT_02322,Fe3Sb(PO4)4,Fe3Sb(PO4)4,Li4Fe3Sb(PO4)4,mp-1178297,mp-1177409,0.055870134932014,1
BAT_02324,Fe7Te(PO4)12,Fe7Te(PO4)12,Li8Fe7Te(PO4)12,mp-777003,mp-1176834,0.01218131085953,1
BAT_02325,FeSn(PO4)2,FeSn(PO4)2,Li2FeSn(PO4)2,mp-1178211,mp-772178,0.119366757939736,1
BAT_02326,Fe3Sb(PO4)6,Fe3Sb(PO4)6,Li6Fe3Sb(PO4)6,mp-775128,mp-757289,0.001921936363528,1
BAT_02327,TiFe3(PO4)6,TiFe3(PO4)6,Li7TiFe3(PO4)6,mp-775272,mp-760106,0.043553175022297,2
BAT_02328,VFe3(PO4)6,VFe3(PO4)6,Li6VFe3(PO4)6,mp-774165,mp-757753,0.01367067541944,1
BAT_02329,Ti3Fe(PO4)6,Ti3Fe(PO4)6,Li6Ti3Fe(PO4)6,mp-775436,mp-1176962,0.021552192613268,2
BAT_02330,VFe3(PO4)4,VFe3(PO4)4,Li4VFe3(PO4)4,mp-1216366,mp-1222547,0.061323441257394,1
BAT_02331,V3Fe(PO4)6,V3Fe(PO4)6,Li6V3Fe(PO4)6,mp-772911,mp-1176939,0.030496756830814,1
BAT_02332,VFe7(PO4)12,VFe7(PO4)12,Li8VFe7(PO4)12,mp-1101268,mp-758577,0.011269886198883,1
BAT_02333,VFe(PO4)2,VFe(PO4)2,Li2VFe(PO4)2,mp-774620,mp-861602,0.041068615967482,1
BAT_02334,VFe(P2O7)2,VFe(P2O7)2,Li3VFe(P2O7)2,mp-767722,mp-1177512,0.054003401912552,3
BAT_02335,Fe7P12WO48,Fe7P12WO48,Li8Fe7P12WO48,mp-770783,mp-1176835,0.015870303091575,1
BAT_02336,ZnFe(PO4)2,ZnFe(PO4)2,Li2ZnFe(PO4)2,mp-1101161,mp-756192,0.016671797524838,1
BAT_02337,Fe5P6WO24,Fe5P6WO24,Li4Fe5P6WO24,mp-780405,mp-774930,0.061159116465976,1
BAT_02338,Zr7Fe(PO4)12,Li2Zr7Fe(PO4)12,Li8Zr7Fe(PO4)12,mp-759723,mp-1176803,0.005845919257834,1
BAT_02340,Fe(SO4)2,LiFe(SO4)2,Li2Fe(SO4)2,mp-780523,mp-780594,0.047961562025282,1
BAT_02341,Fe2(SO4)3,Fe2(SO4)3,LiFe2(SO4)3,mp-540767,mp-768683,0.013500310009562,1
BAT_02342,Fe2(SO4)3,Fe2(SO4)3,Li2Fe2(SO4)3,mp-540894,mp-777573,0.11465853565793,1
BAT_02343,Fe(SO4)2,Fe(SO4)2,LiFe(SO4)2,mp-772225,mp-849740,0.012707052755298,1
BAT_02344,Fe(SO4)2,Fe(SO4)2,LiFe(SO4)2,mp-771312,mp-771819,0.011606126403935,1
BAT_02345,Fe(SbO3)4,Fe(SbO3)4,Li3Fe(SbO3)4,mp-754951,mp-756153,0.061695609093956,1
BAT_02346,Fe3SbO8,Li3Fe3SbO8,Li4Fe3SbO8,mp-772131,mp-780303,0.002839125818661,1
BAT_02347,Fe5SbO12,Li4Fe5SbO12,Li6Fe5SbO12,mp-1177408,mp-765615,0.041823463990698,1
BAT_02348,Ti3Fe3(SbO8)2,Ti3Fe3(SbO8)2,Li4Ti3Fe3(SbO8)2,mp-753029,mp-865132,0.063156241473495,1
BAT_02350,Fe(SeO3)2,Fe(SeO3)2,LiFe(SeO3)2,mp-25261,mp-558555,0.01786371086121,1
BAT_02353,Fe(SiO3)2,LiFe(SiO3)2,Li2Fe(SiO3)2,mp-777840,mp-753634,0.046822230923719,1
BAT_02354,FeSiO4,FeSiO4,Li2FeSiO4,mp-1102363,mp-18968,0.177338363099093,2
BAT_02355,Fe(SiO3)2,Fe(SiO3)2,LiFe(SiO3)2,mp-25231,mp-19061,0.028697016187225,1
BAT_02356,FeSiO4,Li3Fe2(SiO4)2,Li2FeSiO4,mp-850922,mp-764344,0.025612551482282,1
BAT_02357,FeSiO4,LiFeSiO4,Li2FeSiO4,mp-753362,mp-752900,0.012776925520738,1
BAT_02358,FeSiO4,LiFeSiO4,Li2FeSiO4,mp-754842,mp-752913,0.022224319253918,1
BAT_02359,Fe(SiO3)2,Fe(SiO3)2,LiFe(SiO3)2,mp-25240,mp-510708,0.001721218602808,1
BAT_02425,Na2V3P2O13,Na2V3P2O13,Na2Li2V3P2O13,mp-558049,mp-849320,0.037161785560514,1
BAT_02426,Na2VPO6,Na2VPO6,Na2LiVPO6,mp-559869,mp-760057,0.02351597811578,1
BAT_02429,NbNi3O8,Li3NbNi3O8,Li4NbNi3O8,mp-757382,mp-754424,0.000185989895293,1
BAT_02430,Nb6NiO18,Li2Nb6NiO18,Li5Nb6NiO18,mp-759780,mp-775480,0.015943920131109,1
BAT_02431,NbNi3(PO4)6,Li6NbNi3(PO4)6,Li8NbNi3(PO4)6,mp-1176954,mp-759457,0.01086447975641,1
BAT_02445,NbV3(PO4)6,NbV3(PO4)6,Li6NbV3(PO4)6,mp-775224,mp-1176951,0.037953554849575,1
BAT_02458,Ti3Nb2V3O16,Ti3Nb2V3O16,Li4Ti3Nb2V3O16,mp-770898,mp-774881,0.046599769116147,1
BAT_02459,Nb4VO12,Nb4VO12,Li3Nb4VO12,mp-753925,mp-753504,0.008220252077549,1
BAT_02460,NbV3O8,NbV3O8,Li2NbV3O8,mp-755814,mp-776672,0.056699325401431,1
BAT_02461,Nb7V12O48,LiNb7V12O48,Li9Nb7V12O48,mp-774457,mp-850928,0.019990567737323,1
BAT_02464,NbV3O8,NbV3O8,Li2NbV3O8,mp-1101449,mp-777682,0.042690979313021,1
BAT_02471,NiO2,Li3(NiO2)5,LiNiO2,mp-762930,mp-756446,0.027857544867174,1
BAT_02473,Ni6O7,Ni6O7,LiNi6O7,mp-766450,mp-753344,0.018504891249006,1
BAT_02474,Ni11O28,Li12Ni11O28,Li17Ni11O28,mp-759703,mp-766611,0.020507473462914,1
BAT_02475,NiO2,Li3(NiO2)4,LiNiO2,mp-758978,mp-1287495,0.011840580751956,1
BAT_02476,Ni13O24,Li7Ni13O24,Li11Ni13O24,mp-758593,mp-758517,0.015848739922757,1
BAT_02477,NiO2,NiO2,Li5(NiO2)4,mp-25428,mp-780142,0.175729628396623,3
BAT_02478,NiO2,Li4(NiO2)11,Li6(NiO2)11,mp-758676,mp-758747,0.000382558034848,1
BAT_02479,NiO2,Li(NiO2)5,LiNiO2,mp-1222991,mp-850062,0.04275194110941,3
BAT_02480,NiO4,Li5NiO4,Li6NiO4,mp-774500,mp-756411,0.038733402616264,1
BAT_02481,Ni5O9,Li2Ni5O9,Li4Ni5O9,mp-1177872,mp-766892,0.002844014948514,1
BAT_02482,NiO2,Li7(NiO2)12,Li11(NiO2)12,mp-758820,mp-38676,0.025063443818555,1
BAT_02483,NiO4,Li9(NiO4)2,Li47(NiO4)8,mp-775731,mp-850945,0.06433126126756,2
BAT_02484,NiO2,Li2(NiO2)3,LiNiO2,mp-755410,mp-1176588,0.026948623162222,1
BAT_02485,Ni15O28,Li9Ni15O28,Li13Ni15O28,mp-759153,mp-766878,0.03751489559652,1
BAT_02486,NiO2,Li(NiO2)2,Li5(NiO2)4,mp-754917,mp-780518,0.104783562232827,1
BAT_02488,NiO2,LiNiO2,Li2NiO2,mp-25316,mp-19183,0.077110788854318,1
BAT_02490,NiO2,Li(NiO2)3,LiNiO2,mp-1222821,mp-2348641,0.01982684424182,1
BAT_02491,NiO2,Li2(NiO2)5,Li8(NiO2)5,mp-762387,mp-755081,0.140411337606402,3
BAT_02492,NiO2,NiO2,LiNiO2,mp-25210,mp-865631,0.063653448764636,3
BAT_02493,Ni3O4,Ni3O4,LiNi3O4,mp-656887,mp-1273274,0.01907879145217,1
BAT_02494,Ni2P2O9,Ni2P2O9,LiNi2P2O9,mp-1044234,mp-1013987,0.069198922233658,1
BAT_02495,NiPO4,NiPO4,LiNiPO4,mp-25304,mp-26093,0.122488752764701,1
BAT_02496,Ni3(PO4)4,Ni3(PO4)4,Li3Ni3(PO4)4,mp-1101533,mp-504236,0.024048569201587,1
BAT_02497,NiPO4,NiPO4,LiNiPO4,mp-504165,mp-22417,0.035713322692224,2
BAT_02498,Ni2(PO4)3,LiNi2(PO4)3,Li5Ni2(PO4)3,mp-540199,mp-761038,0.040658558441386,3
BAT_02499,Ni7(PO4)6,Ni7(PO4)6,Li4Ni7(PO4)6,mp-771985,mp-32384,0.081154979196854,1
BAT_02500,Ni4(PO4)3,Ni4(PO4)3,LiNi4(PO4)3,mp-26512,mp-26511,0.001722128433366,1
BAT_02501,Ni2(PO4)3,LiNi2(PO4)3,Li3Ni2(PO4)3,mp-25848,mp-25847,0.08194151739406,1
BAT_02504,NiP2O7,NiP2O7,LiNiP2O7,mp-26786,mp-26785,0.142703206195351,1
BAT_02505,Ni7(PO4)6,Ni7(PO4)6,Li4Ni7(PO4)6,mp-32385,mp-860872,0.032915745710856,1
BAT_02508,Ni4P4O15,Ni4P4O15,Li2Ni4P4O15,mp-585202,mp-705401,0.021159734051582,1
BAT_02509,Ni3P3O13,Ni3P3O13,LiNi3P3O13,mp-1048029,mp-1094143,0.05101533066136,1
BAT_02511,Ni3(P2O7)2,Ni3(P2O7)2,Li2Ni3(P2O7)2,mp-1101547,mp-32395,0.013343425260645,1
BAT_02512,Ni2(PO4)3,LiNi2(PO4)3,Li5Ni2(PO4)3,mp-26438,mp-777338,0.057282149110576,3
BAT_02513,Ni(PO4)2,Li2Ni(PO4)2,Li3Ni(PO4)2,mp-540059,mp-32398,0.011522475719685,1
BAT_02515,NiPO4,NiPO4,LiNiPO4,mp-504281,mp-26577,0.037727094058203,1
BAT_02516,Ni(PO3)3,Ni(PO3)3,LiNi(PO3)3,mp-26842,mp-26841,0.010084422283953,1
BAT_02517,Ni(PO3)3,Ni(PO3)3,LiNi(PO3)3,mp-753788,mp-759771,0.025340407095836,1
BAT_02518,Ni2(PO3)5,Ni2(PO3)5,LiNi2(PO3)5,mp-704988,mp-25823,0.008060611080533,1
BAT_02519,NiP2O7,NiP2O7,LiNiP2O7,mp-32334,mp-26345,0.052031614592755,1
BAT_02520,Ni3P4O15,Ni3P4O15,Li4Ni3P4O15,mp-1101501,mp-540518,0.052109625629715,2
BAT_02521,Ni3P3O11,Ni3P3O11,LiNi3P3O11,mp-585392,mp-25879,0.000406753214313,1
BAT_02522,Ni2(PO4)3,LiNi2(PO4)3,Li3Ni2(PO4)3,mp-26680,mp-26679,0.001901468567081,1
BAT_02523,Ni(PO3)4,Ni(PO3)4,LiNi(PO3)4,mp-26686,mp-26685,0.081371453663136,1
BAT_02524,Ni5(P3O11)2,Ni5(P3O11)2,Li4Ni5(P3O11)2,mp-26314,mp-26313,0.033419569959729,1
BAT_02527,Ni3(PO4)4,Ni3(PO4)4,Li3Ni3(PO4)4,mp-26264,mp-26263,0.039736402241094,1
BAT_02528,Ni2P3O10,Ni2P3O10,LiNi2P3O10,mp-25269,mp-17664,0.019234595388082,1
BAT_02529,Ni(PO4)2,Li2Ni(PO4)2,Li3Ni(PO4)2,mp-26692,mp-26691,0.004281640396004,1
BAT_02533,Ni2(PO4)3,LiNi2(PO4)3,Li3Ni2(PO4)3,mp-25898,mp-504139,0.054592818378513,1
BAT_02534,Ni3(P2O7)2,Ni3(P2O7)2,Li2Ni3(P2O7)2,mp-25992,mp-25991,0.002121583111222,1
BAT_02535,Ni(PO4)2,Li2Ni(PO4)2,Li4Ni(PO4)2,mp-705031,mp-26369,0.014144206281349,2
BAT_02536,NiP2O7,NiP2O7,LiNiP2O7,mp-26212,mp-26211,0.0494240910996,1
BAT_02537,Ni5(PO4)4,Ni5(PO4)4,Li2Ni5(PO4)4,mp-26922,mp-26921,0.016112613743032,1
BAT_02538,Ni9(P2O7)8,Li5Ni9(P2O7)8,Li14Ni9(P2O7)8,mp-27049,mp-540237,0.017202280475246,1
BAT_02539,NiPO4,NiPO4,LiNiPO4,mp-25968,mp-25967,0.022122932198708,1
BAT_02541,Ni5(P2O7)4,Ni5(P2O7)4,Li6Ni5(P2O7)4,mp-705436,mp-705432,0.044147686487689,2
BAT_02542,NiP2O7,LiNiP2O7,Li2NiP2O7,mp-705295,mp-26365,0.033194146034088,1
BAT_02543,NiP2O7,NiP2O7,Li2NiP2O7,mp-689834,mp-32383,0.068240724427478,2
BAT_02546,NiP2O7,LiNiP2O7,Li2NiP2O7,mp-753784,mp-753547,0.01616950554934,1
BAT_02547,NiP2O7,NiP2O7,LiNiP2O7,mp-32363,mp-32396,0.033994172263831,1
BAT_02548,NiP2O7,NiP2O7,LiNiP2O7,mp-26232,mp-26231,0.0143815633816,1
BAT_02549,Ni(PO3)3,Ni(PO3)3,LiNi(PO3)3,mp-504150,mp-25927,0.023817935433424,1
BAT_02552,NiPO4,NiPO4,LiNiPO4,mp-26388,mp-26387,9.827000834694569e-05,1
BAT_02553,Ni2P5O16,Ni2P5O16,Li3Ni2P5O16,mp-32393,mp-26191,0.027142952387068,1
BAT_02554,NiPO4,NiPO4,LiNiPO4,mp-540256,mp-26403,0.058039694773562,1
BAT_02557,Ni3(P2O7)2,Ni3(P2O7)2,Li5Ni6(P2O7)4,mp-851093,mp-886210,0.001163443635316,1
BAT_02558,NiP2O7,LiNiP2O7,Li2NiP2O7,mp-766087,mp-758298,0.032642106531906,1
BAT_02559,NiPO4,LiNi2(PO4)2,LiNiPO4,mp-766097,mp-758148,0.026178421110218,1
BAT_02560,Ni4(PO4)3,Ni4(PO4)3,LiNi4(PO4)3,mp-777879,mp-861635,0.012874935879939,1
BAT_02561,Ni3Sb(PO4)4,Ni3Sb(PO4)4,Li4Ni3Sb(PO4)4,mp-775544,mp-756181,0.085846310716778,1
BAT_02562,NiSn(PO4)2,NiSn(PO4)2,Li2NiSn(PO4)2,mp-757910,mp-770823,0.134775005674121,1
BAT_02563,Ni3Sn(PO4)4,Ni3Sn(PO4)4,Li4Ni3Sn(PO4)4,mp-774257,mp-753100,0.088103139213829,1
BAT_02564,Ni5Te(PO4)6,Ni5Te(PO4)6,Li4Ni5Te(PO4)6,mp-850365,mp-774836,0.020618602973294,1
BAT_02565,TiNi5(PO4)6,TiNi5(PO4)6,Li4TiNi5(PO4)6,mp-772277,mp-770943,0.013556030189468,1
BAT_02567,Ti4Ni(PO5)4,Ti4Ni(PO5)4,Li2Ti4Ni(PO5)4,mp-766392,mp-532743,0.0023370250131,1
BAT_02568,VNi3(PO4)4,VNi3(PO4)4,Li4VNi3(PO4)4,mp-775192,mp-757423,0.046356475505666,1
BAT_02569,V3Ni(PO4)6,V3Ni(PO4)6,Li7V3Ni(PO4)6,mp-774649,mp-760800,0.070296078337307,2
BAT_02570,VNi3(PO4)6,Li6VNi3(PO4)6,Li8VNi3(PO4)6,mp-759133,mp-760785,0.013105880702704,1
BAT_02571,V3Ni(PO4)4,V3Ni(PO4)4,Li4V3Ni(PO4)4,mp-1101186,mp-1177236,0.055849745520901,1
BAT_02572,VNi(PO4)2,VNi(PO4)2,Li2VNi(PO4)2,mp-1101213,mp-752716,0.064392020960496,1
BAT_02574,Ni(SO4)2,Ni(SO4)2,Li2Ni(SO4)2,mp-849993,mp-560212,0.139741612759211,2
BAT_02575,Ni(SO4)2,Ni(SO4)2,LiNi(SO4)2,mp-772505,mp-776292,0.007119082821845,1
BAT_02576,Ni2(SO4)3,Ni2(SO4)3,Li2Ni2(SO4)3,mp-768526,mp-768590,0.003207556762567,1
BAT_02577,Ni2(SO4)3,Ni2(SO4)3,Li2Ni2(SO4)3,mp-778234,mp-764857,0.004580922526866,1
BAT_02578,Ni2(SO4)3,Ni2(SO4)3,LiNi2(SO4)3,mp-779766,mp-778860,0.026800873779805,1
BAT_02579,Ni3SbO8,Li3Ni3SbO8,Li4Ni3SbO8,mp-772016,mp-1306001,0.000336448981153,1
BAT_02580,SiNiO4,Li3Si2(NiO4)2,Li2SiNiO4,mp-777771,mp-766496,0.00398566902514,1
BAT_02581,Ni(SO4)2,Ni(SO4)2,LiNi(SO4)2,mp-772423,mp-774590,0.026127937543112,1
BAT_02582,SiNiO4,Li3Si2(NiO4)2,Li2SiNiO4,mp-756019,mp-766710,0.003884557388495,1
BAT_02583,SiNiO4,Li3Si2(NiO4)2,Li2SiNiO4,mp-780288,mp-1177860,0.018630546998727,1
BAT_02584,NiSnO4,LiNiSnO4,Li2NiSnO4,mp-758463,mp-755249,0.005699834429628,1
BAT_02585,NiSnO4,LiNiSnO4,Li2NiSnO4,mp-756797,mp-758684,0.018625584263851,1
BAT_02586,Ni3TeO8,Li2Ni3TeO8,Li4Ni3TeO8,mp-757998,mp-756871,0.030350762414901,2
BAT_02587,TiNi3O8,Li3TiNi3O8,Li4TiNi3O8,mp-1303223,mp-1306771,0.013095583166101,1
BAT_02588,Ti3Ni3(TeO8)2,Ti3Ni3(TeO8)2,Li4Ti3Ni3(TeO8)2,mp-771243,mp-763178,0.096218166017586,1
BAT_02589,TiNiO4,LiTiNiO4,Li2TiNiO4,mp-1290806,mp-764019,0.00915919359739,1
BAT_02590,TiNi3O8,Li3TiNi3O8,Li4TiNi3O8,mp-1306670,mp-1277563,0.01123162669925,1
BAT_02592,TiNi7O16,Li6TiNi7O16,Li8TiNi7O16,mp-758326,mp-760950,0.005781017259171,1
BAT_02593,V2NiO6,V2NiO6,LiV2NiO6,mp-756506,mp-755467,0.00542383695366,1
BAT_02595,VNiO4,Li3V2(NiO4)2,Li2VNiO4,mp-1177514,mp-753337,0.000865029924903,1
BAT_02596,V3NiO8,V3NiO8,Li2V3NiO8,mp-755704,mp-754650,0.065909762945605,1
BAT_02597,Ni(WO4)2,Ni(WO4)2,Li2Ni(WO4)2,mp-25292,mp-558765,0.030357365866969,2
BAT_02599,Ni(PS3)2,Ni(PS3)2,Li2Ni(PS3)2,mp-769218,mp-775433,0.106223000653416,2
BAT_02601,RbV(PO4)2,RbV(PO4)2,RbLiV(PO4)2,mp-559279,mp-761134,0.007107763688927,1
BAT_02659,VSn(PO4)2,VSn(PO4)2,Li2VSn(PO4)2,mp-753543,mp-756985,0.133467241350698,1
BAT_02660,SrVPO6,SrVPO6,SrLiVPO6,mp-17502,mp-759976,0.030722144976788,1
BAT_02661,V2Sn(PO4)3,V2Sn(PO4)3,Li2V2Sn(PO4)3,mp-850780,mp-768559,0.084869654150611,1
BAT_02662,Ti(PO3)5,LiTi(PO3)5,Li2Ti(PO3)5,mp-684059,mp-684066,0.025388984037355,1
BAT_02663,Ti(PO3)4,Ti(PO3)4,LiTi(PO3)4,mp-752705,mp-1176592,0.015480941104607,1
BAT_02664,Ti2P2O9,Ti2P2O9,LiTi2P2O9,mp-1044823,mp-1013762,0.011850432922547,1
BAT_02665,Ti(PO3)4,Ti(PO3)4,LiTi(PO3)4,mp-540258,mp-26409,0.011663276301082,1
BAT_02666,Ti3P3O13,Ti3P3O13,LiTi3P3O13,mp-1041196,mp-1012865,1.816036067303628e-05,1
BAT_02668,Ti(PO3)4,Ti(PO3)4,LiTi(PO3)4,mp-26114,mp-26113,0.018464897940198,1
BAT_02669,Ti(PO3)4,Ti(PO3)4,LiTi(PO3)4,mp-766396,mp-765102,0.034561207703193,1
BAT_02673,Ti2(PO4)3,Ti2(PO4)3,Li3Ti2(PO4)3,mp-774537,mp-776625,0.061486476899191,2
BAT_02677,Ti3V(PO4)6,LiTi3V(PO4)6,Li6Ti3V(PO4)6,mp-757374,mp-758994,0.020459302367607,1
BAT_02679,V(PO3)5,V(PO3)5,Li2V(PO3)5,mp-883522,mp-705334,0.021180460562506,1
BAT_02680,VPO5,VPO5,LiVPO5,mp-26430,mp-26429,0.038215073375587,1
BAT_02681,V2(PO4)3,V2(PO4)3,Li9V4(PO4)6,mp-26104,mp-760985,0.117195485055408,6
BAT_02682,VPO5,VPO5,LiVPO5,mp-25265,mp-26963,0.005146724943774,1
BAT_02683,V3(P2O7)2,V3(P2O7)2,Li2V3(P2O7)2,mp-26242,mp-26241,0.019953416234159,1
BAT_02684,V2(PO4)3,V2(PO4)3,Li4V2(PO4)3,mp-26124,mp-760234,0.125278657756902,5
BAT_02685,V(PO3)4,V(PO3)4,LiV(PO3)4,mp-26322,mp-32523,0.020898337183887,1
BAT_02686,VP2O7,VP2O7,LiVP2O7,mp-25850,mp-25849,0.025674619467231,1
BAT_02687,V3P8O29,Li3V3P8O29,Li9V3P8O29,mp-1177582,mp-27013,0.038529336063413,4
BAT_02688,VP2O7,VP2O7,LiVP2O7,mp-26252,mp-26251,0.045692611887022,1
BAT_02689,V(PO3)4,V(PO3)4,Li2V(PO3)4,mp-26802,mp-697754,0.051486698992967,2
BAT_02690,VP2O7,VP2O7,LiVP2O7,mp-26524,mp-705340,0.007456703458337,1
BAT_02692,VPO5,VPO5,Li2VPO5,mp-763482,mp-780725,0.104498227348343,2
BAT_02693,V2P5O16,V2P5O16,Li3V2P5O16,mp-27022,mp-25811,0.029281678833604,2
BAT_02694,V2P3O10,V2P3O10,LiV2P3O10,mp-26636,mp-26635,0.006387509207721,1
BAT_02695,VP2O7,VP2O7,LiVP2O7,mp-540363,mp-26681,0.021390580357243,1
BAT_02696,V2(PO4)3,LiV2(PO4)3,Li3V2(PO4)3,mp-26904,mp-26903,0.00742825857927,2
BAT_02697,VPO5,VPO5,LiVPO5,mp-26462,mp-26461,0.006517343096773,1
BAT_02698,VP4O13,LiVP4O13,Li2VP4O13,mp-25948,mp-704203,0.046323766336372,1
BAT_02699,V(PO3)4,V(PO3)4,LiV(PO3)4,mp-26834,mp-32502,0.029622610606567,1
BAT_02700,V3(PO4)4,V3(PO4)4,Li3V3(PO4)4,mp-694629,mp-26101,0.027994282113986,1
BAT_02701,VPO5,VPO5,LiVPO5,mp-1100906,mp-753248,0.067311465918191,1
BAT_02702,V2P5O18,Li3V2P5O18,Li5V2P5O18,mp-697772,mp-26595,0.025724195615864,1
BAT_02703,V(PO3)5,V(PO3)5,Li2V(PO3)5,mp-26152,mp-540330,0.02808928361532,1
BAT_02704,V(PO4)2,LiV(PO4)2,Li2V(PO4)2,mp-32465,mp-32525,0.06870596975446,1
BAT_02706,V(PO4)2,LiV(PO4)2,Li3V(PO4)2,mp-26896,mp-757334,0.006692245260888,2
BAT_02707,V(PO4)2,LiV(PO4)2,Li3V(PO4)2,mp-32471,mp-757278,0.044963631426429,2
BAT_02708,V(PO3)4,V(PO3)4,LiV(PO3)4,mp-32509,mp-26719,0.042536572425982,1
BAT_02710,V(PO4)2,LiV(PO4)2,Li3V(PO4)2,mp-767644,mp-26399,0.015520247938767,2
BAT_02711,VP2O7,VP2O7,Li2VP2O7,mp-26728,mp-26731,0.02611482311411,2
BAT_02712,V(PO3)3,V(PO3)3,LiV(PO3)3,mp-26226,mp-26225,0.014305652780995,1
BAT_02713,V2P2O9,V2P2O9,LiV2P2O9,mp-1350503,mp-1013850,0.011664759669951,1
BAT_02714,V3(PO4)4,V3(PO4)4,Li3V3(PO4)4,mp-32529,mp-32528,0.037080664850646,1
BAT_02715,VP2O7,VP2O7,LiVP2O7,mp-26888,mp-26887,0.0144553796029,1
BAT_02716,V(PO4)2,LiV(PO4)2,Li2V(PO4)2,mp-26948,mp-26947,0.032871838970876,1
BAT_02717,VP2O7,VP2O7,LiVP2O7,mp-26818,mp-26817,0.023195178775749,1
BAT_02718,V(PO4)2,LiV(PO4)2,Li3V(PO4)2,mp-766050,mp-26619,0.020430385663228,2
BAT_02719,VPO4,VPO4,LiVPO4,mp-18835,mp-26127,0.090801882617638,1
BAT_02720,VP2O7,VP2O7,Li2VP2O7,mp-25294,mp-754669,0.116919862969652,2
BAT_02721,VP2O7,VP2O7,LiVP2O7,mp-26228,mp-26227,0.03831905646101,1
BAT_02722,V(PO3)4,V(PO3)4,LiV(PO3)4,mp-697797,mp-26865,0.018919163497331,1
BAT_02723,VPO4,VPO4,LiVPO4,mp-26110,mp-25422,0.042051367497579,2
BAT_02724,V4P9O32,V4P9O32,Li7V4P9O32,mp-705008,mp-27087,0.01876868085584,2
BAT_02725,V(PO3)4,V(PO3)4,LiV(PO3)4,mp-26916,mp-26915,0.03226536595336,1
BAT_02726,V3P3O13,V3P3O13,LiV3P3O13,mp-1047927,mp-1013878,0.000937144882065,1
BAT_02727,V2P3O11,V2P3O11,LiV2P3O11,mp-1244659,mp-32516,0.013822988692491,1
BAT_02728,V3(PO4)4,V3(PO4)4,Li3V3(PO4)4,mp-1101510,mp-26421,0.01981492703001,1
BAT_02729,V(PO4)2,LiV(PO4)2,Li3V(PO4)2,mp-753696,mp-26539,0.056215512606812,2
BAT_02730,V(PO3)3,V(PO3)3,LiV(PO3)3,mp-705305,mp-26297,0.018397104260252,1
BAT_02731,V(PO3)4,V(PO3)4,LiV(PO3)4,mp-32527,mp-26199,0.004425714370892,1
BAT_02732,V(PO3)4,V(PO3)4,LiV(PO3)4,mp-26956,mp-26955,0.021814771698118,1
BAT_02733,VP2O7,VP2O7,LiVP2O7,mp-1048335,mp-758422,0.040362772976394,1
BAT_02734,VPO4,VPO4,LiVPO4,mp-767632,mp-752431,0.070575066937872,1
BAT_02735,VP2O7,VP2O7,Li2VP2O7,mp-705024,mp-752869,0.019959919660763,2
BAT_02736,VPO5,VPO5,LiVPO5,mp-25203,mp-26091,0.011342276019174,1
BAT_02737,V3(P2O7)2,V3(P2O7)2,Li2V3(P2O7)2,mp-883548,mp-758066,0.034496364141703,1
BAT_02739,V(PO3)4,V(PO3)4,LiV(PO3)4,mp-765972,mp-1176577,0.003462673789492,1
BAT_02743,V9(P2O7)8,V9(P2O7)8,Li14V9(P2O7)8,mp-1101365,mp-765044,0.002770758644879,1
BAT_02745,VPO4,VPO4,Li2V3(PO4)3,mp-861444,mp-772292,0.055099627347839,1
BAT_02746,V5(P3O11)2,V5(P3O11)2,Li4V5(P3O11)2,mp-767351,mp-758308,0.033994157797024,1
BAT_02748,VPO5,VPO5,LiVPO5,mp-766127,mp-776381,0.020139625325568,1
BAT_02749,V(PO3)3,V(PO3)3,LiV(PO3)3,mp-767740,mp-758307,0.011614554010556,1
BAT_02752,VPO5,VPO5,LiVPO5,mp-770892,mp-772256,0.027278108704285,1
BAT_02753,V3P6WO24,V3P6WO24,Li6V3P6WO24,mp-775437,mp-758674,0.02683896241967,1
