battery_id,battery_formula,framework_formula,formula_charge,formula_discharge,working_ion,average_voltage,capacity_grav,capacity_vol,energy_grav,energy_vol,max_delta_volume,stability_charge,stability_discharge,num_steps,nelements,chemsys,elements,id_charge,id_discharge,material_ids,warnings
BAT_00001,Li0-2AgAsF6,AgAsF6,AgAsF6,Li2AgAsF6,Li,1.689714708333331,172.54419423373443,520.0006314872243,291.55046283426424,878.6527153665833,0.133719155690352,0.0,0.42078230195833305,1,3,Ag-As-F,"Ag,As,F",mp-37153,mp-1111365,"mp-37153,mp-1111365",More than one working ion per transition metal
BAT_00002,Li0-1CsAcO3,CsAcO3,CsAcO3,CsLiAcO3,Li,2.147050163333337,64.60606644586682,371.64186647871196,138.71246551492277,797.9337301246248,0.036626417789054004,0.21955931,0.30064717833333005,1,3,Ac-Cs-O,"Cs,Ac,O",mp-1183923,mp-1236215,"mp-1183923,mp-1236215",
BAT_00003,Li0-3Ag,Ag,Ag,Li3Ag,Li,0.21056543666666602,624.785870642994,1984.8162285987214,131.55830967510573,417.9336958779768,2.736089112284999,0.0036091633333330004,0.0,1,1,Ag,Ag,mp-124,mp-865875,"mp-124,mp-865875",More than one working ion per transition metal
BAT_00004,Li0-1AgClO4,AgClO4,AgClO4,LiAgClO4,Li,1.5458820933333342,125.08870607255253,341.0697949811628,193.3723907957956,527.253688638251,0.317804851549746,0.11659305666666601,0.45127765026785505,1,3,Ag-Cl-O,"Ag,Cl,O",mp-551758,mp-1235767,"mp-551758,mp-1235767,mp-1235058,mp-1236209",
BAT_00005,Li1-2AgF4,AgF4,LiAgF4,Li2AgF4,Li,5.052496508333335,135.53638298898974,532.9991994302926,684.7971018040004,2692.9765940660163,0.05403225841189,0.039348144999996004,0.034513521428572,1,2,Ag-F,"Ag,F",mp-758054,mp-761269,"mp-758054,mp-761269",More than one working ion per transition metal
BAT_00006,Li0.5-1AgF2,AgF2,LiAg2F4,LiAgF2,Li,4.882004773333329,87.69773445686978,392.0282440438906,428.14075822895705,1913.8837587037572,0.184418083884822,0.118659776428571,0.053544515,1,2,Ag-F,"Ag,F",mp-752948,mp-758604,"mp-752948,mp-758604",
BAT_00007,Li0-1AgF3,AgF3,AgF3,LiAgF3,Li,5.103887114999998,155.99996069812107,686.2634508200697,796.2061893476463,3502.611184135989,0.078737166489472,0.0,0.05629189899999901,1,2,Ag-F,"Ag,F",mp-18536,mp-760151,"mp-18536,mp-760151",
BAT_00008,Li0-0.5HoAg(WO4)2,HoAg(WO4)2,HoAg(WO4)2,LiHo2Ag2(WO4)4,Li,0.6373623433333411,17.359726552110132,136.64595143784703,11.064435994878936,87.0929838154401,0.025880278158456,0.0020856016145830002,0.11425475950832001,1,4,Ag-Ho-O-W,"Ho,Ag,W,O",mp-1212201,mp-1235646,"mp-1212201,mp-1235646",
BAT_00009,Li0-1TaNb(AgO3)2,TaNb(AgO3)2,TaNb(AgO3)2,LiTaNb(AgO3)2,Li,0.7235468433333421,45.23242518736394,328.3908591960602,32.72777846062876,237.6061695508336,0.051324456096997005,0.053872661642857006,0.29934447361472205,1,4,Ag-Nb-O-Ta,"Ta,Nb,Ag,O",mp-1217907,mp-1236593,"mp-1217907,mp-1236593,mp-1235228,mp-1235367",
BAT_00010,Li0-0.25AgRuO3,AgRuO3,AgRuO3,LiAg4(RuO3)4,Li,2.55489157333334,25.902994341826684,163.9625433179502,66.1793419680342,418.90652026533377,0.022206307614682,0.057777262999999,0.084179768333331,1,3,Ag-O-Ru,"Ag,Ru,O",mp-776168,mp-1235400,"mp-776168,mp-1235400,mp-1235873,mp-1235663",
BAT_00011,Li0-1RbAgO2,RbAgO2,RbAgO2,RbLiAgO2,Li,1.7337728633333331,115.38645500462766,558.5858568598221,200.0539044832561,968.4610004653572,0.07264915489496601,0.04847467999999901,0.20669327275000002,1,3,Ag-O-Rb,"Rb,Ag,O",mp-997084,mp-1236284,"mp-997084,mp-1236284",
BAT_00012,Li0-0.5ScAgO2,ScAgO2,ScAgO2,LiSc2(AgO2)2,Li,1.316682863333338,71.16946063244075,356.0527933195467,93.7076092074114,468.80861140581413,0.09711014752333501,0.0,0.172757932592595,1,3,Ag-O-Sc,"Sc,Ag,O",mp-11022,mp-1235223,"mp-11022,mp-1235223,mp-1236728,mp-1235826",
BAT_00013,Li0-0.5Si(AgO)4,Si(AgO)4,Si(AgO)4,LiSi2(AgO)8,Li,1.5313378433333371,25.42707646653364,154.50894104578086,38.93744443853348,236.6053885567638,0.041347400653969,0.01771311444444,0.109143134122807,1,3,Ag-O-Si,"Si,Ag,O",mp-556164,mp-1235565,"mp-556164,mp-1235565",
BAT_00014,Li0-0.5Al2CdO4,Al2CdO4,Al2CdO4,LiAl4Cd2O8,Li,-1.511374616666666,57.306773025896824,279.1476811502012,-86.6120021144185,-421.8967195917743,0.046773201059426006,0.024204920000001,0.287379240499998,1,3,Al-Cd-O,"Al,Cd,O",mp-36866,mp-1235830,"mp-36866,mp-1235830,mp-1235214,mp-1235144",
BAT_00015,Li0-4Al3Cr3(SbO8)2,Al3Cr3(SbO8)2,Al3Cr3(SbO8)2,Li4Al3Cr3(SbO8)2,Li,4.556347028333332,140.28382398986653,624.8366037039292,639.1817845594645,2846.9724024802895,0.054450908108990004,0.13042983057292,0.0020272480357120004,1,4,Al-Cr-O-Sb,"Al,Cr,Sb,O",mp-756662,mp-770625,"mp-756662,mp-770625",More than one working ion per transition metal
BAT_00016,Li0-1Al2Cu,Al2Cu,Al2Cu,LiAl2Cu,Li,0.21214405333333303,215.35929706409124,818.1548397372413,45.68719420219386,173.56668395614255,0.133198318060577,0.0,0.008947646499999,1,2,Al-Cu,"Al,Cu",mp-985806,mp-1185307,"mp-985806,mp-1185307",
BAT_00017,Li1-3Al2FeO6,Al2FeO6,LiAl2FeO6,Li3Al2FeO6,Li,4.128403602083336,236.52455100765593,850.7126382408852,976.4688083611504,3512.085120051488,0.004728772679465001,0.132898493949996,0.020887583749999,2,3,Al-Fe-O,"Al,Fe,O",mp-755069,mp-770727,"mp-755069,mp-768173,mp-770727",More than one working ion per transition metal
BAT_00018,Li1-4Na2Ti3Al(PO4)6,Na2Ti3Al(PO4)6,Na2LiTi3Al(PO4)6,Na2Li4Ti3Al(PO4)6,Li,1.009212783333344,98.75824331697416,278.091339536295,99.6680816150351,280.65333479432223,0.034067947637202,0.011767695226124001,0.08876918515000001,1,5,Al-Na-O-P-Ti,"Na,Ti,Al,P,O",mp-769074,mp-769069,"mp-769074,mp-769073,mp-769078,mp-769069",More than one working ion per transition metal
BAT_00019,Li0-0.5Tb2AlFeO6,Tb2AlFeO6,Tb2AlFeO6,LiTb4Al2(FeO6)2,Li,0.42682322333334805,26.793757116084983,191.91425325316547,11.43619777749823,81.9134601771286,0.08088378623030901,0.017909213562502,0.10333964580356801,1,4,Al-Fe-O-Tb,"Tb,Al,Fe,O",mp-1217718,mp-1235259,"mp-1217718,mp-1235259,mp-1235570",
BAT_00020,Li1-2AlVO4,AlVO4,LiAlVO4,Li2AlVO4,Li,2.8414990516666783,172.0219977414676,622.2635644757885,488.80034344818756,1768.1613283446795,0.007314828338257,0.08904280630951601,0.024599422395833,1,3,Al-O-V,"Al,V,O",mp-769572,mp-755460,"mp-769572,mp-755460",More than one working ion per transition metal
BAT_00021,Li0-0.5AlV2O4,AlV2O4,AlV2O4,LiAl2V4O8,Li,1.585040253333337,68.25528688576361,294.42140014125164,108.18737721675035,466.66977066664526,0.015639923476078,0.20730499714285602,0.18620704208333003,1,3,Al-O-V,"Al,V,O",mp-1045538,mp-1235052,"mp-1045538,mp-1235052,mp-1236221",
BAT_00022,Li2-3MnBAsO7,MnBAsO7,Li2MnBAsO7,Li3MnBAsO7,Li,3.519553073333331,97.99822858013364,302.8504861211508,344.90996658043167,1065.89835918819,0.016520414441825,0.079758656101186,0.09141464504121201,1,4,As-B-Mn-O,"Mn,B,As,O",mp-772182,mp-771037,"mp-772182,mp-771037",More than one working ion per transition metal
BAT_00023,Li2-3FeBAsO7,FeBAsO7,Li2FeBAsO7,Li3FeBAsO7,Li,4.017984108333327,97.67431768552318,309.4101890882222,392.453856252733,1243.2052227128866,0.04286264073662,0.09249928586309501,0.091581478835162,1,4,As-B-Fe-O,"Fe,B,As,O",mp-1177952,mp-771029,"mp-1177952,mp-771029",More than one working ion per transition metal
BAT_00024,Li0-0.5BiAsPbO5,BiAsPbO5,BiAsPbO5,LiBi2As2(PbO5)2,Li,0.8994778333333261,23.323097680405844,157.9835744076621,20.978609368192974,142.10272321045824,0.111457927868642,0.011076319437499002,0.11103858446323502,1,4,As-Bi-O-Pb,"Bi,As,Pb,O",mp-554493,mp-1235033,"mp-554493,mp-1235033,mp-1236201,mp-1236358",Transition metal not found
BAT_00025,Li1-2CrAsCO7,CrAsCO7,LiCrAsCO7,Li2CrAsCO7,Li,4.493169558333339,101.21168290381378,305.2953596568236,454.761252571103,1371.7438163104682,0.011719696153955001,0.069573240673408,0.026140855555552,1,4,As-C-Cr-O,"Cr,As,C,O",mp-768612,mp-773176,"mp-768612,mp-773176",More than one working ion per transition metal
BAT_00026,Li2-3CuAsCO7,CuAsCO7,Li2CuAsCO7,Li3CuAsCO7,Li,3.6428909483333363,94.60556124776389,313.17742757282434,344.63774273147413,1140.8712161273609,0.027541175514562,0.043560258055554,0.055162097307690006,1,4,As-C-Cu-O,"Cu,As,C,O",mp-770477,mp-768589,"mp-770477,mp-768589",More than one working ion per transition metal
BAT_00027,Li1-3FeAsCO7,FeAsCO7,LiFeAsCO7,Li3FeAsCO7,Li,3.79779738333333,194.49826137136114,609.0945884148789,738.6649880990375,2313.217834084519,0.053430317392643006,0.06716367045454501,0.048485174615382,2,4,As-C-Fe-O,"Fe,As,C,O",mp-770902,mp-770939,"mp-770902,mp-771027,mp-770939",More than one working ion per transition metal
BAT_00028,Li1-3MnAsCO7,MnAsCO7,LiMnAsCO7,Li3MnAsCO7,Li,3.629206873333335,195.14044608762313,589.8054189591389,708.205048206535,2140.5258804157547,0.016056593070193,0.043047958863630005,0.060420901153847004,2,4,As-C-Mn-O,"Mn,As,C,O",mp-770905,mp-771034,"mp-770905,mp-771151,mp-771034",More than one working ion per transition metal
BAT_00029,Li1-2VAsCO7,VAsCO7,LiVAsCO7,Li2VAsCO7,Li,3.292125393333326,101.61637368404172,301.1517705734362,334.5338441836821,991.4293911521013,0.06826197366381301,0.048049886136371005,0.039084548958338,1,4,As-C-O-V,"V,As,C,O",mp-756295,mp-772133,"mp-756295,mp-772133",More than one working ion per transition metal
BAT_00030,Li0-1CoAsO4,CoAsO4,CoAsO4,LiCoAsO4,Li,4.520946918333334,130.87082786709936,559.2803593714077,591.6600659454951,2528.4768171845253,0.047159454681764,0.11054996291666701,0.002541872619049,1,3,As-Co-O,"Co,As,O",mp-1213775,mp-20046,"mp-1213775,mp-20046,mp-1285020",
BAT_00031,Li0-1FeAs2O7,FeAs2O7,FeAs2O7,LiFeAs2O7,Li,5.443386683333334,82.56135893835622,332.5608364689953,449.4134018029518,1810.2572286335237,0.014209346040159,0.08801943854166601,0.0,1,3,As-Fe-O,"Fe,As,O",mp-25260,mp-18878,"mp-25260,mp-18878",
BAT_00032,Li0.95-1FeAs,FeAs,Li19(FeAs)20,LiFeAs,Li,1.7028558533333191,9.731300649115923,50.71370499465639,16.571002270893384,86.35812939436985,0.006759784244354,0.013307571355932002,0.0,1,2,As-Fe,"Fe,As",mp-530480,mp-21471,"mp-530480,mp-21471",
BAT_00033,Li0-3Fe2(AsO4)3,Fe2(AsO4)3,Fe2(AsO4)3,Li3Fe2(AsO4)3,Li,5.085863810833331,146.38402899425472,538.0026867082696,744.4892355458571,2736.2083944606907,0.028936473617741,0.14451663438724902,0.0009231936500010001,1,3,As-Fe-O,"Fe,As,O",mp-543107,mp-542008,"mp-543107,mp-542008",More than one working ion per transition metal
BAT_00034,Li0-0.5KTiAsO5,KTiAsO5,KTiAsO5,K2LiTi2(AsO5)2,Li,0.8555944883333281,54.6178938412433,180.0567764751375,46.730768934942624,154.0555855391938,0.014557715197403,0.0,0.107425611443347,1,4,As-K-O-Ti,"K,Ti,As,O",mp-6488,mp-772826,"mp-6488,mp-772826",
BAT_00035,Li0-1MnAs,MnAs,MnAs,LiMnAs,Li,1.221144383333333,195.91633610619226,817.9181986211698,239.24213343932217,998.7962142723591,0.182656531783761,0.44509168,0.145942876340997,1,2,As-Mn,"Mn,As",mp-1009131,mp-1008911,"mp-1009131,mp-1008911",
BAT_00036,Li1-1.15MnAs,MnAs,LiMnAs,Li23(MnAs)20,Li,-0.6983127599999921,29.16548041038338,122.41341169757163,-20.366627122100535,-85.48284738354661,0.15527058273555902,0.13185651634099702,0.19543965424648702,1,2,As-Mn,"Mn,As",mp-21284,mp-531949,"mp-21284,mp-531949",More than one working ion per transition metal
BAT_00037,Li0-1NiAsO4,NiAsO4,NiAsO4,LiNiAsO4,Li,5.032981518333333,131.0242457007058,577.5807854728228,659.4426070652179,2906.9534186291667,0.049245463950724,0.152693803229162,0.0,1,3,As-Ni-O,"Ni,As,O",mp-510749,mp-22243,"mp-510749,mp-22243",
BAT_00038,Li0-1MnAsO4,MnAsO4,MnAsO4,LiMnAsO4,Li,3.76744912833333,133.4746782541047,522.240590807198,502.8590602429984,1967.5148586168614,0.062570318125929,0.031322605,0.0,1,3,As-Mn-O,"Mn,As,O",mp-510755,mp-20052,"mp-510755,mp-20052",
BAT_00039,Li3-4VAs2O9,VAs2O9,Li3VAs2O9,Li4VAs2O9,Li,3.726356205833345,71.94192230906822,227.45991271401957,268.0812286559767,847.5966573201978,0.010062164969947001,0.052553016166664,0.043911376562499,1,3,As-O-V,"V,As,O",mp-1177474,mp-1177164,"mp-1177474,mp-1177164",More than one working ion per transition metal
BAT_00040,Li0-1VAsO5,VAsO5,VAsO5,LiVAsO5,Li,3.8472558033333373,125.946158856152,466.6035746693971,484.5470905668732,1795.1433105029182,0.010222359532899001,0.0,0.0,1,3,As-O-V,"V,As,O",mp-510763,mp-17387,"mp-510763,mp-17387",
BAT_00041,Li0-1CuAuO2,CuAuO2,CuAuO2,LiCuAuO2,Li,2.037580983333332,89.50165007832643,746.7222166900734,182.3668601765522,1521.5069885602054,0.21816970161322402,0.022865469999999003,0.212830964,1,3,Au-Cu-O,"Cu,Au,O",mp-754126,mp-1236152,"mp-754126,mp-1236152",
BAT_00042,Li0-1AuC2,AuC2,AuC2,LiAuC2,Li,3.71962168333333,117.58698888934951,654.9172372074567,437.37911355069986,2436.0443563056137,0.273512160260229,1.543402631666666,0.498760086249999,1,2,Au-C,"Au,C",mp-1214766,mp-29868,"mp-1214766,mp-29868",
BAT_00043,Li0-0.25AuSeClO3,AuSeClO3,AuSeClO3,LiAu4Se4(ClO3)4,Li,2.648988873333327,18.55477353016999,86.18351902136791,49.15138862864005,228.2991829523148,0.065854996598809,0.0,0.044455231233334,1,4,Au-Cl-O-Se,"Au,Se,Cl,O",mp-560549,mp-1236013,"mp-560549,mp-1236013,mp-1236160,mp-1235328,mp-1235291,mp-1235050,mp-1232974,mp-1235220",
BAT_00044,Li0-1MgSnAu,MgSnAu,MgSnAu,LiMgSnAu,Li,0.30084118333333304,77.25493680799964,588.6802021410522,23.241466607660534,177.09924861702027,0.08963807807695101,0.0,0.058298733541666,1,3,Au-Mg-Sn,"Mg,Sn,Au",mp-5549,mp-7554,"mp-5549,mp-7554",
BAT_00045,Li0-1Cs7Au5O2,Cs7Au5O2,Cs7Au5O2,Cs7LiAu5O2,Li,-0.04008736666667,13.715435701765617,78.66115751285739,-0.549815699969825,-3.153318663642659,0.054713614013359,0.0,0.106447411000001,1,3,Au-Cs-O,"Cs,Au,O",mp-510075,mp-1235465,"mp-510075,mp-1235465,mp-1235902,mp-1236405,mp-1235134,mp-1235810",
BAT_00046,Li2-3Bi(BO3)2,Bi(BO3)2,Li2Bi(BO3)2,Li3Bi(BO3)2,Li,3.9161017308333372,77.14392460508779,330.93955627952863,302.10345666926077,1295.9929691474788,0.034123765199893005,0.055509871818190004,0.0,1,3,B-Bi-O,"Bi,B,O",mp-768437,mp-768820,"mp-768437,mp-768452,mp-768820",Transition metal not found
BAT_00047,Li1-2SbAu,SbAu,LiSbAu,Li2SbAu,Li,1.185891043333334,80.5796471989388,614.6142501388289,95.55868188818152,728.8655343446707,0.08194248753996901,0.10481701527777601,0.0,1,2,Au-Sb,"Sb,Au",mp-12564,mp-30404,"mp-12564,mp-30404",More than one working ion per transition metal
BAT_00048,Li0-1CrB3(HO3)3,CrB3(HO3)3,CrB3(HO3)3,LiCrB3(HO3)3,Li,4.06632266583333,112.42773412647509,234.11360904536053,457.16744354676905,951.9814748411925,0.028362813632403002,0.051440506281250006,0.06283315588613,1,4,B-Cr-H-O,"Cr,B,H,O",mp-778931,mp-778018,"mp-778931,mp-778018",
BAT_00049,Li0.5-1BC,BC,Li(BC)2,LiBC,Li,2.254960033333337,450.25285248589495,968.6947708637003,1015.302187250024,2184.3679927966396,0.011354145175550001,0.259060988700002,0.0,1,2,B-C,"B,C",mp-1222682,mp-9244,"mp-1222682,mp-9244",Transition metal not found
BAT_00050,Li0-0.5CuBH4ClO4,CuBH4ClO4,CuBH4ClO4,LiCu2B2H8(ClO4)2,Li,2.3212014033333372,73.91071049683644,200.13109656474506,171.5616449266208,464.54458219672597,0.0053831102083000005,0.050101747386364005,0.07407104706521801,1,5,B-Cl-Cu-H-O,"Cu,B,H,Cl,O",mp-1191142,mp-1236222,"mp-1191142,mp-1236222",
BAT_00051,Li0-1.25CoBO3,CoBO3,CoBO3,Li5Co4(BO3)4,Li,3.044208789333332,265.0072023134314,852.0327578767365,806.7372545191845,2593.7656103282807,0.12605409811470902,0.199436286222223,0.202603522299996,2,3,B-Co-O,"Co,B,O",mp-765572,mp-1177143,"mp-765572,mp-756081,mp-1177143",More than one working ion per transition metal
BAT_00052,Li3-5Mn2Fe(BO3)4,Mn2Fe(BO3)4,Li3Mn2Fe(BO3)4,Li5Mn2Fe(BO3)4,Li,2.95696950333333,123.03770534765488,375.85591680046775,363.8187424731277,1111.3944836263727,0.020469121009584,0.07413573226563,0.04913457442709301,1,4,B-Fe-Mn-O,"Mn,Fe,B,O",mp-766489,mp-766508,"mp-766489,mp-766490,mp-766508",More than one working ion per transition metal
BAT_00053,Li2.25-3Cr(BO3)2,Cr(BO3)2,Li9Cr4(BO3)8,Li3Cr(BO3)2,Li,3.916154996666652,105.55227231518435,284.42241909169735,413.3590586366284,1113.8422776899672,0.005392560122567,0.08407747737035601,0.03618951020833,1,3,B-Cr-O,"Cr,B,O",mp-759279,mp-760261,"mp-759279,mp-758885,mp-760261",More than one working ion per transition metal
BAT_00054,Li1-1.25CuBO3,CuBO3,LiCuBO3,Li5Cu4(BO3)4,Li,1.574718893333316,51.135588336548,187.29587023537945,80.52417707527692,294.93834550295725,0.042196833993715,0.08938888583333601,0.126478781700006,1,3,B-Cu-O,"Cu,B,O",mp-753471,mp-771172,"mp-753471,mp-771172",More than one working ion per transition metal
BAT_00055,Li0.12-0.88FeBO3,FeBO3,LiFe8(BO3)8,Li7Fe8(BO3)8,Li,3.057566636666663,166.4997483716783,547.5063270525367,509.0840756346381,1674.0370789597425,0.002838442240608,0.082910368170722,0.015802682606389,4,3,B-Fe-O,"Fe,B,O",mp-764518,mp-849710,"mp-764518,mp-764885,mp-757684,mp-849952,mp-758274,mp-849704,mp-764723,mp-761265,mp-764620,mp-761215,mp-752868,mp-1177681,mp-759585,mp-761214,mp-764524,mp-760324,mp-764513,mp-764971,mp-764535,mp-764465,mp-759474,mp-764589,mp-849617,mp-764519,mp-760281,mp-764799,mp-761221,mp-761226,mp-758705,mp-764651,mp-760352,mp-760275,mp-764702,mp-758691,mp-764587,mp-761227,mp-764891,mp-777343,mp-764542,mp-775322,mp-760268,mp-761278,mp-759860,mp-758860,mp-764798,mp-761222,mp-758961,mp-761209,mp-759239,mp-764888,mp-849710",
BAT_00056,Li0.25-1FeBO3,FeBO3,LiFe4(BO3)4,LiFeBO3,Li,3.020091366666666,165.3117134477588,546.5865753343039,499.2564785924502,1650.741397303031,0.005331217088064001,0.074066825476197,0.0,2,3,B-Fe-O,"Fe,B,O",mp-774381,mp-777049,"mp-774381,mp-764720,mp-753072,mp-760248,mp-760279,mp-1177118,mp-754325,mp-777049",
BAT_00057,Li0.67-1FeBO3,FeBO3,Li2Fe3(BO3)3,LiFeBO3,Li,7.960389798333321,73.47187264344836,242.64386390043546,584.8647454553513,1931.5397388212054,0.030094472717398003,0.33422500514706605,0.005646302222229001,2,3,B-Fe-O,"Fe,B,O",mp-759292,mp-1291335,"mp-759292,mp-766512,mp-1291335,mp-756664",
BAT_00058,Li0.12-0.88FeBO3,FeBO3,LiFe8(BO3)8,Li7Fe8(BO3)8,Li,3.023072698333336,166.4997483716783,551.5964292045389,503.34084358179103,1667.5161056263987,0.009691196834032,0.08362336670730901,0.020828141542560002,4,3,B-Fe-O,"Fe,B,O",mp-764478,mp-761220,"mp-764478,mp-764738,mp-1176725,mp-849690,mp-779091,mp-761235,mp-764941,mp-764847,mp-764525,mp-759768,mp-764672,mp-759387,mp-764904,mp-759237,mp-776909,mp-761224,mp-764505,mp-764552,mp-764559,mp-775269,mp-775238,mp-764612,mp-764554,mp-761194,mp-764528,mp-849589,mp-764643,mp-757792,mp-764459,mp-757269,mp-761202,mp-764502,mp-849701,mp-761220",
BAT_00059,Li0.12-0.75FeBO3,FeBO3,LiFe8(BO3)8,Li3Fe4(BO3)4,Li,3.088902297333326,139.75415237410357,459.3098166036204,431.6869223302403,1418.763147694672,0.010646791974403,0.08413373256096701,0.028555960978262,3,3,B-Fe-O,"Fe,B,O",mp-761206,mp-760195,"mp-761206,mp-764566,mp-761201,mp-849720,mp-761255,mp-882580,mp-882858,mp-882582,mp-759167,mp-849708,mp-882849,mp-761234,mp-759466,mp-774421,mp-777347,mp-761241,mp-764506,mp-764722,mp-761231,mp-760280,mp-764679,mp-764508,mp-759397,mp-764514,mp-761230,mp-760284,mp-759895,mp-761207,mp-758730,mp-849590,mp-761192,mp-760227,mp-764507,mp-760243,mp-775280,mp-759159,mp-774994,mp-761253,mp-760254,mp-759129,mp-760195",
BAT_00060,Li0.12-0.88FeBO3,FeBO3,LiFe8(BO3)8,Li7Fe8(BO3)8,Li,3.069231903333336,166.4997483716783,547.6656118369083,511.02633959932774,1680.9127682084102,0.007534745048858001,0.08043195256096701,0.012151477500006001,4,3,B-Fe-O,"Fe,B,O",mp-849747,mp-1176890,"mp-849747,mp-849742,mp-849622,mp-849612,mp-849620,mp-849619,mp-758915,mp-764815,mp-759902,mp-761244,mp-766625,mp-759622,mp-761198,mp-777445,mp-761211,mp-1176890",
BAT_00061,Li0.12-0.88FeBO3,FeBO3,LiFe8(BO3)8,Li7Fe8(BO3)8,Li,3.021255741666669,166.49974837167827,547.093353429723,503.03832075398856,1652.908935277223,0.008460838951531,0.08394199719511301,0.021338047712772,6,3,B-Fe-O,"Fe,B,O",mp-775187,mp-764896,"mp-775187,mp-761225,mp-761256,mp-761212,mp-759950,mp-761195,mp-1177659,mp-764938,mp-764796,mp-764874,mp-764621,mp-761213,mp-764741,mp-764624,mp-761277,mp-764547,mp-764573,mp-764652,mp-767427,mp-760257,mp-759371,mp-760310,mp-759537,mp-849632,mp-764512,mp-761243,mp-761242,mp-777373,mp-764654,mp-766603,mp-764932,mp-764896",
BAT_00062,Li1.5-2.5FeBO4,FeBO4,Li3Fe2(BO4)2,Li5Fe2(BO4)2,Li,3.118528430833334,181.08362523817524,481.92911208901154,564.7144336636181,1502.909637695847,0.045135133698451006,0.10403315093333201,0.059448183676458,2,3,B-Fe-O,"Fe,B,O",mp-759625,mp-760269,"mp-759625,mp-771016,mp-760269",More than one working ion per transition metal
BAT_00063,Li2-3Fe(BO3)2,Fe(BO3)2,Li2Fe(BO3)2,Li3Fe(BO3)2,Li,4.390224110833334,137.94831313650306,390.92724842758093,605.6240103806625,1716.2582316284986,0.039108727628768006,0.081872459446965,0.000909045416668,1,3,B-Fe-O,"Fe,B,O",mp-766461,mp-770825,"mp-766461,mp-1176790,mp-770825",More than one working ion per transition metal
BAT_00064,Li3-5Fe3(BO3)4,Fe3(BO3)4,Li3Fe3(BO3)4,Li5Fe3(BO3)4,Li,3.034782785833333,122.52755412567656,374.82990350331875,371.84451205086526,1137.5273387674413,0.016365175440707,0.08847451244320201,0.025273971979173002,2,3,B-Fe-O,"Fe,B,O",mp-766497,mp-766507,"mp-766497,mp-766514,mp-766507",More than one working ion per transition metal
BAT_00065,Li2-3FeBPO7,FeBPO7,Li2FeBPO7,Li3FeBPO7,Li,5.488448513333329,116.30135989029903,327.15448625485146,638.3140257885561,1795.5705537157685,0.030709602871123003,0.37106577431547305,0.234128263214283,1,4,B-Fe-O-P,"Fe,B,P,O",mp-777716,mp-756319,"mp-777716,mp-756319",More than one working ion per transition metal
BAT_00066,Li0-1Na3MnBPO7,Na3MnBPO7,Na3MnBPO7,Na3LiMnBPO7,Li,1.787483368333331,94.16288981191512,256.82859729585937,168.31459945300236,459.07684617872735,0.077817347893783,0.007923116267154001,0.07598152607142701,1,5,B-Mn-Na-O-P,"Na,Mn,B,P,O",mp-768574,mp-759559,"mp-768574,mp-759559",
BAT_00067,Li0.5-1MnBO3,MnBO3,LiMn2(BO3)2,LiMnBO3,Li,3.377766573333322,111.03600497862858,347.27401844580623,375.053706053284,1173.010571293384,0.029670025448125,0.06839528427274201,0.006070880000001001,1,3,B-Mn-O,"Mn,B,O",mp-759375,mp-753767,"mp-759375,mp-780096,mp-850907,mp-780194,mp-780659,mp-766484,mp-753767",
BAT_00068,Li0-0.5MnB4O7,MnB4O7,MnB4O7,LiMn2(B4O7)2,Li,-2.53556465166667,62.72335305327053,223.85936196332256,-159.0391168358815,-567.6098851388551,0.027946722961072003,0.060734956874999003,0.229443511754293,1,3,B-Mn-O,"Mn,B,O",mp-557663,mp-1236349,"mp-557663,mp-1236349",
BAT_00069,Li0-1MnBO3,MnBO3,MnBO3,LiMnBO3,Li,4.069228861666677,222.07200995725717,705.5302425822467,903.6618322864007,2870.9640258943705,0.007151468219929001,0.22327976513542103,0.0,3,3,B-Mn-O,"Mn,B,O",mp-25296,mp-19131,"mp-25296,mp-849540,mp-849414,mp-849625,mp-777991,mp-777985,mp-849498,mp-831261,mp-19131",
BAT_00070,Li0.5-0.75MnBO3,MnBO3,LiMn2(BO3)2,Li3Mn4(BO3)4,Li,3.524345443333349,56.327882171785355,176.19708801331754,198.51891486474952,620.9794042683408,0.014915362475103002,0.07640594154547001,0.037167577260884,1,3,B-Mn-O,"Mn,B,O",mp-850898,mp-754552,"mp-850898,mp-754552",
BAT_00071,Li0.5-1MnBO3,MnBO3,LiMn2(BO3)2,LiMnBO3,Li,3.431894488333331,111.03600497862858,352.8478688974041,381.0638534927078,1210.9366564891632,0.012613314042032002,0.07273946881819701,0.005542389583333001,1,3,B-Mn-O,"Mn,B,O",mp-849588,mp-831163,"mp-849588,mp-763194,mp-755030,mp-831163",
BAT_00072,Li0.25-0.75MnBO3,MnBO3,LiMn4(BO3)4,Li3Mn4(BO3)4,Li,3.380494713333324,112.65576434357071,353.3991302929844,380.8322157899656,1194.6638916520283,0.024488272908526003,0.09830966732145101,0.039772785956536,2,3,B-Mn-O,"Mn,B,O",mp-756059,mp-849269,"mp-756059,mp-754889,mp-849269",
BAT_00073,Li0.33-0.83MnBO3,MnBO3,LiMn3(BO3)3,Li5Mn6(BO3)6,Li,3.3488804233333442,112.1106191739135,351.02812687863343,375.44505779929887,1175.5512221432289,0.019850421208827,0.08681367941406201,0.026623442199992003,2,3,B-Mn-O,"Mn,B,O",mp-781682,mp-780308,"mp-781682,mp-849298,mp-782644,mp-780135,mp-780407,mp-754734,mp-780308",
BAT_00074,Li0.33-0.83MnBO3,MnBO3,LiMn3(BO3)3,Li5Mn6(BO3)6,Li,3.335814563333332,112.1106191739135,350.75287684908164,373.9802361446578,1170.0465547242295,0.012886091989992,0.095493779726561,0.035679464771421004,2,3,B-Mn-O,"Mn,B,O",mp-780510,mp-849333,"mp-780510,mp-780388,mp-850794,mp-780197,mp-849333",
BAT_00075,Li3-5Mn3(BO3)4,Mn3(BO3)4,Li3Mn3(BO3)4,Li5Mn3(BO3)4,Li,3.298350808333329,123.2943773170751,373.41300686438694,406.6681090867292,1231.6470930333298,0.022253191926054003,0.087869111321,0.033770008749992,2,3,B-Mn-O,"Mn,B,O",mp-766488,mp-766500,"mp-766488,mp-766499,mp-766500",More than one working ion per transition metal
BAT_00076,Li0.83-0.92MnBO3,MnBO3,Li5Mn6(BO3)6,Li11Mn12(BO3)12,Li,3.638246673333308,18.595120758272024,58.86142785367858,67.65363623901435,214.15239407629466,0.006248271687656,0.034258114628563,0.020536483901423,1,3,B-Mn-O,"Mn,B,O",mp-782820,mp-766526,"mp-782820,mp-849613,mp-849585,mp-766526",
BAT_00077,Li0.5-0.75MnBO3,MnBO3,LiMn2(BO3)2,Li3Mn4(BO3)4,Li,3.150046953333348,56.327882171785355,177.6121858209861,177.4354736229523,559.4867248202738,0.015784861123141,0.06967384654547,0.047002029434796005,1,3,B-Mn-O,"Mn,B,O",mp-1570353,mp-776517,"mp-1570353,mp-755482,mp-776517",
BAT_00078,Li0.33-0.83MnBO3,MnBO3,LiMn3(BO3)3,Li5Mn6(BO3)6,Li,3.320173443333334,112.1106191739135,352.6462494556426,372.2267004968846,1170.8467123337268,0.038421969278134,0.09148726160156201,0.033357029914277005,2,3,B-Mn-O,"Mn,B,O",mp-780665,mp-766536,"mp-780665,mp-849262,mp-781594,mp-850881,mp-780693,mp-850965,mp-766536",
BAT_00079,Li0.5-0.88MnBO3,MnBO3,LiMn2(BO3)2,Li7Mn8(BO3)8,Li,3.369401980000006,83.88001522201655,266.9484469941113,282.6254893714932,899.4566258598852,0.027189375629869002,0.073753155409105,0.026207232276596003,2,3,B-Mn-O,"Mn,B,O",mp-779023,mp-779296,"mp-779023,mp-780112,mp-850402,mp-775182,mp-779296,mp-778813",
BAT_00080,Li0.5-0.88MnBO3,MnBO3,LiMn2(BO3)2,Li7Mn8(BO3)8,Li,3.343617493333326,83.88001522201655,266.92510371093044,280.46268623740025,892.4954461776795,0.000386347319183,0.071704997681832,0.025935626319149002,1,3,B-Mn-O,"Mn,B,O",mp-778827,mp-779303,"mp-778827,mp-777822,mp-775226,mp-778679,mp-1177109,mp-778585,mp-779299,mp-779303,mp-777865",
BAT_00081,Li2-3Mn(BO3)2,Mn(BO3)2,Li2Mn(BO3)2,Li3Mn(BO3)2,Li,3.717526005833339,138.595294579338,393.8329890328598,515.2316118848215,1464.0843786847327,0.034547333726739,0.08456812249999501,0.012451451249989,1,3,B-Mn-O,"Mn,B,O",mp-766466,mp-770910,"mp-766466,mp-758924,mp-759917,mp-770910",More than one working ion per transition metal
BAT_00082,Li0.62-0.88MnBO3,MnBO3,Li5Mn8(BO3)8,Li7Mn8(BO3)8,Li,3.388955188333345,55.92001014801103,178.40355914386421,189.5104085227553,604.6016673777335,0.018003279455586,0.057784637800018,0.025934815680851,2,3,B-Mn-O,"Mn,B,O",mp-776580,mp-781628,"mp-776580,mp-777272,mp-778857,mp-778856,mp-780136,mp-781628,mp-779313,mp-777404,mp-779356",
BAT_00083,Li0.33-0.83MnBO3,MnBO3,LiMn3(BO3)3,Li5Mn6(BO3)6,Li,3.256433986666653,112.1106191739135,350.711428632794,365.08083054417415,1142.068615712247,0.027181045131234004,0.08309108410156,0.031143906771420003,2,3,B-Mn-O,"Mn,B,O",mp-776450,mp-781617,"mp-776450,mp-780123,mp-780460,mp-780102,mp-776447,mp-780877,mp-781617",
BAT_00084,Li0.67-0.83MnBO3,MnBO3,Li2Mn3(BO3)3,Li5Mn6(BO3)6,Li,3.851255043333369,37.370206391304514,118.8413035801792,143.92219583492042,457.6881697694771,0.009802335925919,0.07198861776471101,0.036989341914276004,1,3,B-Mn-O,"Mn,B,O",mp-776581,mp-776558,"mp-776581,mp-776598,mp-1177918,mp-849477,mp-849546,mp-849616,mp-776558,mp-849458,mp-849413",
BAT_00085,Li0.5-0.75MnBO3,MnBO3,LiMn2(BO3)2,Li3Mn4(BO3)4,Li,3.3463172766666722,56.327882171785355,177.2405783414975,188.49096526948995,593.1032094305458,0.0009609558986990001,0.067398012303044,0.036291652188419,1,3,B-Mn-O,"Mn,B,O",mp-849746,mp-776634,"mp-849746,mp-779335,mp-777293,mp-776634,mp-776982,mp-781079",
BAT_00086,Li0.5-0.88MnBO3,MnBO3,LiMn2(BO3)2,Li7Mn8(BO3)8,Li,3.367643939999997,83.88001522201655,266.98533222238854,282.4780249495316,899.1115361276128,0.008125268354417,0.07294415336365201,0.025562083978724,2,3,B-Mn-O,"Mn,B,O",mp-849990,mp-779028,"mp-849990,mp-850885,mp-781616,mp-777359,mp-778680,mp-778832,mp-779028,mp-779060",
BAT_00087,Li0.67-0.83MnBO3,MnBO3,Li2Mn3(BO3)3,Li5Mn6(BO3)6,Li,4.018246928333371,37.370206391304514,117.79724058286283,150.16271704304344,473.3384001382356,0.0037982189113460003,0.07943090629412401,0.039447796914277,1,3,B-Mn-O,"Mn,B,O",mp-778254,mp-831270,"mp-778254,mp-779555,mp-778358,mp-778965,mp-831270",
BAT_00088,Li0.5-0.75MnBO3,MnBO3,LiMn2(BO3)2,Li3Mn4(BO3)4,Li,3.308953346666674,56.327882171785355,178.24294575598836,186.38633422297522,589.7975918790041,0.0053599144410860005,0.067950972000014,0.038445088855086004,1,3,B-Mn-O,"Mn,B,O",mp-778403,mp-781619,"mp-778403,mp-781619,mp-780180",
BAT_00089,Li0.5-0.75MnBO3,MnBO3,LiMn2(BO3)2,Li3Mn4(BO3)4,Li,3.229155983333361,56.327882171785355,178.19782757129138,181.89151774351723,575.4285811188421,0.009288595783659,0.06881845063638001,0.042744301608710004,1,3,B-Mn-O,"Mn,B,O",mp-777375,mp-778867,"mp-777375,mp-781497,mp-777405,mp-777467,mp-778867",
BAT_00090,Li0.5-0.75MnBO3,MnBO3,LiMn2(BO3)2,Li3Mn4(BO3)4,Li,3.535761893333306,56.327882171785355,176.78635287127366,199.16197931516714,625.0744497436245,0.009300632585460001,0.076572074500015,0.036830119652188,1,3,B-Mn-O,"Mn,B,O",mp-1176667,mp-780137,"mp-1176667,mp-780137",
BAT_00091,Li0.33-0.83MnBO3,MnBO3,LiMn3(BO3)3,Li5Mn6(BO3)6,Li,3.4234136666666792,112.11061917391348,350.9843121878365,383.8010258584389,1201.564491129444,0.028289474365483003,0.09597453378906001,0.028610516771420003,1,3,B-Mn-O,"Mn,B,O",mp-849514,mp-782643,"mp-849514,mp-780149,mp-782643",
BAT_00092,Li0.33-0.83MnBO3,MnBO3,LiMn3(BO3)3,Li5Mn6(BO3)6,Li,3.417985669999982,112.1106191739135,351.7496504987921,383.1924897912616,1202.2752648323735,0.026231591308557,0.09444635066406001,0.027678577628563003,2,3,B-Mn-O,"Mn,B,O",mp-781607,mp-780156,"mp-781607,mp-780320,mp-1176674,mp-849239,mp-850410,mp-780156",
BAT_00093,Li0.33-0.83MnBO3,MnBO3,LiMn3(BO3)3,Li5Mn6(BO3)6,Li,3.3594804599999892,112.1106191739135,351.80385439337533,376.6334344732626,1181.8781745872259,0.021178317317151002,0.09746213066406101,0.035450594485707004,2,3,B-Mn-O,"Mn,B,O",mp-849243,mp-781670,"mp-849243,mp-850952,mp-780111,mp-781670",
BAT_00094,Li0.5-0.75MnBO3,MnBO3,LiMn2(BO3)2,Li3Mn4(BO3)4,Li,3.246165253333349,56.327882171785355,178.00050118450474,182.84961389990463,577.8190420210609,0.007563580992514001,0.07472885154547,0.04765819508697,1,3,B-Mn-O,"Mn,B,O",mp-1567236,mp-780105,"mp-1567236,mp-780198,mp-780105",
BAT_00095,Li0.33-0.83MnBO3,MnBO3,LiMn3(BO3)3,Li5Mn6(BO3)6,Li,3.366902846666679,112.1106191739135,350.74812652557034,377.4655628382134,1180.9348656619472,0.026885968822346003,0.09294234785156101,0.030682017057133002,2,3,B-Mn-O,"Mn,B,O",mp-780327,mp-850959,"mp-780327,mp-850784,mp-850959",
BAT_00096,Li0.75-0.92MnBO3,MnBO3,Li3Mn4(BO3)4,Li11Mn12(BO3)12,Li,3.123069173333325,37.19024151654407,117.71964453043923,116.14769682914002,367.6465929287718,0.006886808728947,0.033645793927549,0.020731823197198,1,3,B-Mn-O,"Mn,B,O",mp-776994,mp-766525,"mp-776994,mp-779341,mp-780182,mp-767762,mp-766525",
BAT_00097,Li0.33-0.83MnBO3,MnBO3,LiMn3(BO3)3,Li5Mn6(BO3)6,Li,3.399665673333334,112.1106191739135,352.1773608532343,381.13862362169965,1197.2852846178673,0.020447172773733,0.09793770628906001,0.032440959628562,2,3,B-Mn-O,"Mn,B,O",mp-780524,mp-780199,"mp-780524,mp-850950,mp-781502,mp-780512,mp-780199",
BAT_00098,Li0.67-0.83MnBO3,MnBO3,Li2Mn3(BO3)3,Li5Mn6(BO3)6,Li,3.369056593333328,37.370206391304514,117.52528424220851,125.90234023685174,395.94933375958607,0.005805587985207,0.054011208647064005,0.033302671628563,1,3,B-Mn-O,"Mn,B,O",mp-850980,mp-782654,"mp-850980,mp-780574,mp-782654",
BAT_00099,Li0.5-0.75MnBO3,MnBO3,LiMn2(BO3)2,Li3Mn4(BO3)4,Li,3.211087583333328,56.327882171785355,177.01067904842787,180.8737630372827,568.3967936098077,0.012778733426141001,0.067543935636377,0.042310782913057,1,3,B-Mn-O,"Mn,B,O",mp-781608,mp-780529,"mp-781608,mp-780529",
BAT_00100,Li0.33-0.83MnBO3,MnBO3,LiMn3(BO3)3,Li5Mn6(BO3)6,Li,3.366735466666685,112.1106191739135,351.23229648522755,377.4467977627767,1182.5062296156043,0.023301190841429002,0.098267540351562,0.035565111342847004,2,3,B-Mn-O,"Mn,B,O",mp-850395,mp-780419,"mp-850395,mp-849301,mp-850782,mp-850396,mp-780419",
BAT_00101,Li0.25-0.75MnBO3,MnBO3,LiMn4(BO3)4,Li3Mn4(BO3)4,Li,3.385678368333335,112.65576434357071,353.23515431896135,381.41618440608516,1195.9406209125948,0.019310941469961002,0.096411111130976,0.037588569000014005,1,3,B-Mn-O,"Mn,B,O",mp-850920,mp-781610,"mp-850920,mp-781610",
BAT_00102,Li0.5-0.83MnBO3,MnBO3,LiMn2(BO3)2,Li5Mn6(BO3)6,Li,3.303371018333312,74.740412782609,235.44965920289522,246.89531348433917,777.7775804872992,0.016704537980735002,0.073239911242438,0.034477515628564,1,3,B-Mn-O,"Mn,B,O",mp-782642,mp-780433,"mp-782642,mp-850998,mp-780433",
BAT_00103,Li0.67-0.83MnBO3,MnBO3,Li2Mn3(BO3)3,Li5Mn6(BO3)6,Li,3.9530556283332903,37.370206391304514,117.71357678715395,147.726504707123,465.3283172497019,0.004610458515335,0.07585128938235801,0.037833063342850005,1,3,B-Mn-O,"Mn,B,O",mp-849554,mp-849571,"mp-849554,mp-849571,mp-849548",
BAT_00104,Li0.67-0.83MnBO3,MnBO3,Li2Mn3(BO3)3,Li5Mn6(BO3)6,Li,3.995948943333362,37.370206391304514,118.26985053198469,149.32943674148294,472.6002842614789,0.002329453535122,0.072823438647064,0.033666199342848,1,3,B-Mn-O,"Mn,B,O",mp-849566,mp-849497,"mp-849566,mp-849497,mp-849568,mp-849567,mp-849580",
BAT_00105,Li0.67-0.83MnBO3,MnBO3,Li2Mn3(BO3)3,Li5Mn6(BO3)6,Li,3.957408918333387,37.370206391304514,117.85689543273023,147.88918805290783,466.407929072572,0.00014697098313900002,0.078197185264713,0.039987553914276004,1,3,B-Mn-O,"Mn,B,O",mp-849609,mp-849508,"mp-849609,mp-849508",
BAT_00106,Li2-3MnBPO7,MnBPO7,Li2MnBPO7,Li3MnBPO7,Li,3.607138743333327,116.76088485937929,320.7011736464223,421.1727114821487,1156.813628492479,0.014011071125088,0.07044418205729,0.08044158556490001,1,4,B-Mn-O-P,"Mn,B,P,O",mp-771706,mp-757046,"mp-771706,mp-757046",More than one working ion per transition metal
BAT_00107,Li0.83-0.92MnBO3,MnBO3,Li5Mn6(BO3)6,Li11Mn12(BO3)12,Li,4.960860693333398,18.595120758272024,58.86142777625051,92.24780365749962,292.0033434086838,0.0038286806053280005,0.34925616162856404,0.312469572211282,1,3,B-Mn-O,"Mn,B,O",mp-893207,mp-884044,"mp-893207,mp-893219,mp-893087,mp-884044",
BAT_00108,Li0.67-1NiBO3,NiBO3,Li2Ni3(BO3)3,LiNiBO3,Li,4.763462073333347,71.79016878694149,257.31364617115645,341.96974625479527,1225.70379448742,0.0013791488085470001,0.09412455058822701,0.015267630694448002,1,3,B-Ni-O,"Ni,B,O",mp-1177892,mp-755271,"mp-1177892,mp-759614,mp-755271",
BAT_00109,Li2-3VBPO7,VBPO7,Li2VBPO7,Li3VBPO7,Li,3.100710723333326,118.82982898275064,324.9401946544221,368.45692497868015,1007.5455460069849,0.05829441999200301,0.09141758413690801,0.088190715769229,1,4,B-O-P-V,"V,B,P,O",mp-771701,mp-768575,"mp-771701,mp-768575",More than one working ion per transition metal
BAT_00110,Li0-1V5(BO5)2,V5(BO5)2,V5(BO5)2,LiV5(BO5)2,Li,1.964519548333332,60.463856558248835,243.9813167917674,118.78242817630243,479.3060662655347,0.0023925432873140003,0.033956226825981005,0.021503986177666003,1,3,B-O-V,"V,B,O",mp-771822,mp-756548,"mp-771822,mp-756548",
BAT_00111,Li2-3Ti(BO3)2,Ti(BO3)2,Li2Ti(BO3)2,Li3Ti(BO3)2,Li,1.158541833333335,143.8554630138195,384.7334973234623,166.66257185504628,445.72985133386993,0.020533362783267003,0.049249565357126004,0.076153785849354,1,3,B-O-Ti,"Ti,B,O",mp-759926,mp-770194,"mp-759926,mp-770749,mp-770194",More than one working ion per transition metal
BAT_00112,Li2-3Sn(BO3)2,Sn(BO3)2,Li2Sn(BO3)2,Li3Sn(BO3)2,Li,2.311871773333341,104.2245196618175,326.95115326201204,240.9537250953817,755.8691424852288,0.011855237725769002,0.094701203181819,0.059459231536465006,1,3,B-O-Sn,"Sn,B,O",mp-755757,mp-770286,"mp-755757,mp-770286",Transition metal not found
BAT_00113,Li2-3Sn(BO3)2,Sn(BO3)2,Li2Sn(BO3)2,Li3Sn(BO3)2,Li,1.921587510833338,104.2245196618175,345.65437141984984,200.27653530475217,664.2051231853313,0.08437335342448701,0.100102707727273,0.096934299244799,1,3,B-O-Sn,"Sn,B,O",mp-759933,mp-770287,"mp-759933,mp-770287",Transition metal not found
BAT_00114,Li0-1VBO4,VBO4,VBO4,LiVBO4,Li,2.7949190533333352,201.98401509493772,572.1875332139003,564.5289722576094,1599.2178386593307,0.12516186221533301,0.0,0.087599098333332,1,3,B-O-V,"V,B,O",mp-754594,mp-754909,"mp-754594,mp-754909",
BAT_00115,Li0-1BaTi2Bi2O,BaTi2Bi2O,BaTi2Bi2O,BaLiTi2Bi2O,Li,0.10950047333333801,39.76703907928945,276.7319380610715,4.354509602247571,30.30227820413949,0.090586814173276,0.020335864120372003,0.100673300486112,1,4,Ba-Bi-O-Ti,"Ba,Ti,Bi,O",mp-1070808,mp-1235401,"mp-1070808,mp-1235401,mp-1235402,mp-1233009",
BAT_00116,Li0-0.5BaCO3,BaCO3,BaCO3,Ba2Li(CO3)2,Li,-1.361761446666671,66.73462883992714,263.90395917506174,-90.87664471182258,-359.3742372272944,0.028654941668444,0.004417386999999,0.232372743352271,1,3,Ba-C-O,"Ba,C,O",mp-2506699,mp-1235375,"mp-2506699,mp-762225,mp-1235375,mp-1235617",Transition metal not found
BAT_00117,Li0-1Ba6Nb2Ir(ClO6)2,Ba6Nb2Ir(ClO6)2,Ba6Nb2Ir(ClO6)2,Ba6LiNb2Ir(ClO6)2,Li,0.8058420233333311,18.20961166600062,92.23407384543445,14.67407030904417,74.32609268788079,0.017152273535319,0.0050209457246530005,0.06064058055713901,1,5,Ba-Cl-Ir-Nb-O,"Ba,Nb,Ir,Cl,O",mp-558113,mp-1235093,"mp-558113,mp-1235093,mp-1235230,mp-1232980,mp-1235867,mp-1235620,mp-1235066",
BAT_00118,Li0-1BaCaVP2O9,BaCaVP2O9,BaCaVP2O9,BaLiCaVP2O9,Li,2.006046375833326,60.742705583530565,226.95182975198162,121.8526843941522,455.2758955627047,0.030352964284559,0.0026175583035990004,0.06047966157870101,1,5,Ba-Ca-O-P-V,"Ba,Ca,V,P,O",mp-558004,mp-759611,"mp-558004,mp-759611",
BAT_00119,Li0-1K2BaCo(NO2)6,K2BaCo(NO2)6,K2BaCo(NO2)6,K2BaLiCo(NO2)6,Li,0.9128068733333281,48.08037407650557,131.6238256134141,43.888095929471866,120.14713271435181,0.07111315991083801,0.123910801843432,0.19523022584668,1,5,Ba-Co-K-N-O,"K,Ba,Co,N,O",mp-18823,mp-1235518,"mp-18823,mp-20701,mp-1235518,mp-1235514,mp-1235524",
BAT_00120,Li0-1Ba2SmCoCu2O7,Ba2SmCoCu2O7,Ba2SmCoCu2O7,Ba2LiSmCoCu2O7,Li,0.5860346433333391,36.71556507192252,228.06734484370716,21.51659308170613,133.65536509146366,0.067864748084228,0.029783514519230003,0.158793492008928,1,5,Ba-Co-Cu-O-Sm,"Ba,Sm,Co,Cu,O",mp-1214586,mp-1235322,"mp-1214586,mp-1235322,mp-1235047,mp-1235462",
BAT_00121,Li0-1Ba2Eu(CuO2)4,Ba2Eu(CuO2)4,Ba2Eu(CuO2)4,Ba2LiEu(CuO2)4,Li,1.019880263333339,32.855493521529205,202.75602029314882,33.50866938468402,206.78686336899645,0.042195654969790004,0.0,0.07391167800781201,1,4,Ba-Cu-Eu-O,"Ba,Eu,Cu,O",mp-1214709,mp-1235120,"mp-1214709,mp-1235120,mp-1236073",
BAT_00122,Li0-1Ba2LaCu3O7,Ba2LaCu3O7,Ba2LaCu3O7,Ba2LiLaCu3O7,Li,1.063341673333345,37.06293873385905,219.35407678689896,39.41056729191293,233.24833106307221,0.09755551918378301,0.06672889836538,0.15277026283482,1,4,Ba-Cu-La-O,"Ba,La,Cu,O",mp-1228519,mp-1235082,"mp-1228519,mp-1235082,mp-1235292,mp-1236807,mp-1235088",
BAT_00123,Li0-1BaSrNdTlCu2O7,BaSrNdTlCu2O7,BaSrNdTlCu2O7,BaSrLiNdTlCu2O7,Li,0.9113540533333451,32.70064076947175,215.91403179463623,29.80186151185572,196.77412804758652,0.07151292264166001,0.00317752586539,0.10792869294146201,1,6,Ba-Cu-Nd-O-Sr-Tl,"Ba,Sr,Nd,Tl,Cu,O",mp-1227445,mp-1235697,"mp-1227445,mp-1235697,mp-1235631",
BAT_00124,Li0-1Ba2(CuO2)3,Ba2(CuO2)3,Ba2(CuO2)3,Ba2Li(CuO2)3,Li,2.868148813333339,47.166656891325744,259.4361821313903,135.28099099175668,744.1015779158791,0.017240173782837,0.058274485909092004,0.00838210505208,1,3,Ba-Cu-O,"Ba,Cu,O",mp-25225,mp-18713,"mp-25225,mp-18713",
BAT_00125,Li0-1Ba2TmCu3O7,Ba2TmCu3O7,Ba2TmCu3O7,Ba2LiTmCu3O7,Li,0.7468272533333261,35.585232930337206,234.47932237260963,26.576021768590383,175.1155482909957,0.077631793790255,0.03600769173076,0.146276487571425,1,4,Ba-Cu-O-Tm,"Ba,Tm,Cu,O",mp-622108,mp-1236128,"mp-622108,mp-1236128,mp-1235204,mp-1235964",
BAT_00126,Li0-1Ba4Y2Cu5O14,Ba4Y2Cu5O14,Ba4Y2Cu5O14,Ba4LiY2Cu5O14,Li,3.6887006133333142,21.00787974983184,123.49745014230393,77.49177891803723,455.54512008501695,0.014465460296694,0.069019611249983,0.024140332954059002,1,4,Ba-Cu-O-Y,"Ba,Y,Cu,O",mp-772817,mp-757073,"mp-772817,mp-757073",
BAT_00127,Li0-1BaYCu2O5,BaYCu2O5,BaYCu2O5,BaLiYCu2O5,Li,0.105792583333337,60.87609060215707,351.0743586319825,6.440238888036507,37.14106334177203,0.105790970685444,0.06011611865739701,0.28129203074999004,1,4,Ba-Cu-O-Y,"Ba,Y,Cu,O",mp-1042162,mp-1235464,"mp-1042162,mp-1235464",
BAT_00128,Li0-1Ba14Y7(Cu10O21)2,Ba14Y7(Cu10O21)2,Ba14Y7(Cu10O21)2,Ba14LiY7(Cu10O21)2,Li,2.8005561133333052,5.962835045752805,34.9711892186416,16.699254140181093,97.93877775680248,0.001014809120161,0.019473837066261,0.013319645997015002,1,4,Ba-Cu-O-Y,"Ba,Y,Cu,O",mp-774710,mp-774711,"mp-774710,mp-774711",
BAT_00129,Li0-1BaV2Ni3(HO5)2,BaV2Ni3(HO5)2,BaV2Ni3(HO5)2,BaLiV2Ni3(HO5)2,Li,-0.5981495966666961,45.87400999834502,193.80097871061176,-27.439520577994077,-115.92197724936347,0.06135186441448501,0.0,0.16028716807957602,1,5,Ba-H-Ni-O-V,"Ba,V,Ni,H,O",mp-1205427,mp-1235151,"mp-1205427,mp-1235151,mp-1236326,mp-1235672,mp-1236219",
BAT_00130,Li0-0.5BaMnO3,BaMnO3,BaMnO3,Ba2LiMn2O6,Li,0.373689893333339,54.981063753326175,291.21067592345065,20.54586784933401,108.82248642336403,0.062074264051723005,0.0,0.14867684030302,1,3,Ba-Mn-O,"Ba,Mn,O",mp-1205336,mp-1235137,"mp-1205336,mp-19156,mp-1235137",
BAT_00131,Li0-0.5BaMnP2O7,BaMnP2O7,BaMnP2O7,Ba2LiMn2(P2O7)2,Li,-1.156447816666679,36.24967964474579,135.51067558409815,-41.92086288003286,-156.71102491425708,0.080127237349723,0.008754823181817,0.154315436878898,1,4,Ba-Mn-O-P,"Ba,Mn,P,O",mp-19194,mp-1236005,"mp-19194,mp-1236005",
BAT_00132,Li0-1Ba4Nb3O12,Ba4Nb3O12,Ba4Nb3O12,Ba4LiNb3O12,Li,4.622247368333324,26.097858352201683,152.847963985693,120.63075708760007,706.5010992879761,0.014767592424978002,0.05308486300986601,0.0,1,3,Ba-Nb-O,"Ba,Nb,O",mp-774719,mp-18274,"mp-774719,mp-18274",
BAT_00133,Li0-1Ba8Nb7O24,Ba8Nb7O24,Ba8Nb7O24,Ba8LiNb7O24,Li,1.928264973333289,12.524716440138015,76.22097255424816,24.150972012449735,146.9742316097547,0.004829890532024,0.030161239487147003,0.01892700212497,1,3,Ba-Nb-O,"Ba,Nb,O",mp-780569,mp-773072,"mp-780569,mp-773072",
BAT_00134,Li0-0.5BaNiO3,BaNiO3,BaNiO3,Ba2Li(NiO3)2,Li,0.8029967033333321,54.146791000823654,305.53349184515946,43.47969466974035,245.34238670958467,0.06560663008635101,0.0,0.16193402136364002,1,3,Ba-Ni-O,"Ba,Ni,O",mp-19241,mp-1235250,"mp-19241,mp-19138,mp-1235250",
BAT_00135,Li0-0.5BaNiO2,BaNiO2,BaNiO2,Ba2Li(NiO2)2,Li,-0.360897756666669,57.88914397781822,321.92997884890787,-20.892062196948416,-116.18380717031908,0.06528945523867001,0.11702138124999902,0.352375597499999,1,3,Ba-Ni-O,"Ba,Ni,O",mp-18943,mp-1235109,"mp-18943,mp-1235109",
BAT_00136,Li0-2Ba6Ti7Nb9O42,Ba6Ti7Nb9O42,Ba6Ti7Nb9O42,Ba6Li2Ti7Nb9O42,Li,1.506274298333328,19.993307793118007,100.31580621960553,30.11540566744109,151.10312062517846,0.011429393599128,0.001512549899535,0.012780779909082001,1,4,Ba-Nb-O-Ti,"Ba,Ti,Nb,O",mp-773061,mp-773084,"mp-773061,mp-773084",
BAT_00137,Li0-1Ba2VP2O9,Ba2VP2O9,Ba2VP2O9,Ba2LiVP2O9,Li,1.194740178333338,49.772599971143684,196.73931836588923,59.465324965638096,235.05236830964188,0.008817589321058,0.0,0.09296430198607701,1,4,Ba-O-P-V,"Ba,V,P,O",mp-554810,mp-760067,"mp-554810,mp-760067",
BAT_00138,Li0-0.5RbBa4Sb3O,RbBa4Sb3O,RbBa4Sb3O,Rb2Ba8Li(Sb3O)2,Li,-0.684212846666663,13.144092956834678,62.73022865480035,-8.993357258847093,-42.92082831995163,0.028630385163698,0.0,0.072922055789474,1,4,Ba-O-Rb-Sb,"Rb,Ba,Sb,O",mp-559270,mp-1235803,"mp-559270,mp-1235803,mp-1235447,mp-1235276,mp-1235476",Transition metal not found
BAT_00139,Li0-0.5BaVSi2O7,BaVSi2O7,BaVSi2O7,Ba2LiV2(Si2O7)2,Li,-0.17843602666666902,37.23402227105522,143.75107042472223,-6.643890990865361,-25.65036983566797,0.036373140397224,0.021173431344664,0.140141119293477,1,4,Ba-O-Si-V,"Ba,V,Si,O",mp-558509,mp-1235820,"mp-558509,mp-1235820",
BAT_00140,Li0-2Ba6Ti7(Sb3O14)3,Ba6Ti7(Sb3O14)3,Ba6Ti7(Sb3O14)3,Ba6Li2Ti7(Sb3O14)3,Li,1.51240237333332,18.227787791419452,99.68679860289815,27.56774951635891,150.7665507970239,0.017174703501395,0.043389672978515,0.068781684393917,1,4,Ba-O-Sb-Ti,"Ba,Ti,Sb,O",mp-773058,mp-772829,"mp-773058,mp-772829",
BAT_00141,Li0-0.5BaVSi2O7,BaVSi2O7,BaVSi2O7,Ba2LiV2(Si2O7)2,Li,0.8567181233333411,37.23402227105522,144.10793985590848,31.89906168421028,123.45988379078801,0.021050611978142002,0.002446684981029,0.077221877119564,1,4,Ba-O-Si-V,"Ba,V,Si,O",mp-1190381,mp-1235709,"mp-1190381,mp-1235709,mp-1235096,mp-1235397,mp-1235590",
BAT_00142,Li0-1Ba2TbSnO6,Ba2TbSnO6,Ba2TbSnO6,Ba2LiTbSnO6,Li,1.919811713333335,40.904131501596794,266.56295287747434,78.5282307804926,511.75067927489727,0.029657695577869004,0.017417447687508,0.10820800863636501,1,4,Ba-O-Sn-Tb,"Ba,Tb,Sn,O",mp-1228305,mp-1235139,"mp-1228305,mp-1235139,mp-1235084,mp-1235153",Transition metal not found
BAT_00143,Li0-2Ba6Ta9Ti7O42,Ba6Ta9Ti7O42,Ba6Ta9Ti7O42,Ba6Li2Ta9Ti7O42,Li,1.137226298333364,15.432335290323934,101.0852898219808,17.550057536854435,114.95684996020655,0.010999411779096,0.0,0.006872653991383,1,4,Ba-O-Ta-Ti,"Ba,Ta,Ti,O",mp-773060,mp-773118,"mp-773060,mp-773118",
BAT_00144,Li0-1Ba3Ti3O8,Ba3Ti3O8,Ba3Ti3O8,Ba3LiTi3O8,Li,-0.6557586966666611,38.813576738982256,207.07992518044543,-25.452340495326457,-135.79446184215868,0.062832031176698,0.04583438249999101,0.129805570999997,1,3,Ba-O-Ti,"Ba,Ti,O",mp-33339,mp-1235029,"mp-33339,mp-1235029,mp-1236649,mp-1236377",
BAT_00145,Li4-6Ba4Ti19O44,Ba4Ti19O44,Ba4Li4Ti19O44,Ba4Li6Ti19O44,Li,1.924906933333322,24.316343540610443,106.37523386087,46.806698274636005,204.7624251937423,0.003612606578082,0.045321968239395,0.035215294908681,1,3,Ba-O-Ti,"Ba,Ti,O",mp-762032,mp-767511,"mp-762032,mp-768185,mp-767511",
BAT_00146,Li0-1Ba2Ti11O24,Ba2Ti11O24,Ba2Ti11O24,Ba2LiTi11O24,Li,2.399042253333339,22.48224600103538,95.53974287149883,53.93585810631837,229.20388002132836,0.000856925966907,0.032018529054054,0.014009876315816001,1,3,Ba-O-Ti,"Ba,Ti,O",mp-768357,mp-767384,"mp-768357,mp-767384",
BAT_00147,Li0-1Bi,Bi,Bi,LiBi,Li,0.7967957133333331,124.12609933690635,923.538663690293,98.9031438644345,735.8716483260205,0.368254555643153,0.049545179999999,0.0,1,1,Bi,Bi,mp-567597,mp-22902,"mp-567597,mp-22902",Transition metal not found
BAT_00148,Li0-1Bi3PbWClO8,Bi3PbWClO8,Bi3PbWClO8,LiBi3PbWClO8,Li,1.103082123333327,22.553137595285015,187.60899830387913,24.87796290643569,206.9481322054816,0.048822460318579,0.049093190357145,0.11951230308333201,1,5,Bi-Cl-O-Pb-W,"Bi,Pb,W,Cl,O",mp-1227566,mp-1235925,"mp-1227566,mp-1235925,mp-1236302,mp-1236216",
BAT_00149,Li0-2Co3BiO8,Co3BiO8,Co3BiO8,Li2Co3BiO8,Li,4.435686993333332,101.58671920809302,602.5451287395923,450.60688908674354,2672.7015904465675,0.014538857382409,0.086413707777778,0.0030284738035690002,1,3,Bi-Co-O,"Co,Bi,O",mp-756635,mp-756423,"mp-756635,mp-756423",
BAT_00150,Li0-2BiF5,BiF5,BiF5,Li2BiF5,Li,5.318367198333336,168.63997979102413,714.6412954485012,896.8893368481794,3800.724824287751,0.19583280233837302,0.0,0.062907708749996,2,2,Bi-F,"Bi,F",mp-27743,mp-760419,"mp-27743,mp-752483,mp-760419",Transition metal not found
BAT_00151,Li0-2GaBi,GaBi,GaBi,Li2GaBi,Li,-1.9746546016666662,183.20450128655696,80.54124885719386,-361.76561151154647,-159.04114767983802,15.397663373396814,0.027117036249999,1.371066738035714,1,2,Bi-Ga,"Ga,Bi",mp-1018126,mp-1093540,"mp-1018126,mp-1093540",Transition metal not found
BAT_00152,Li1-2MgBi,MgBi,LiMgBi,Li2MgBi,Li,-0.114470766666665,108.43453119369258,492.974061981562,-12.412583918882476,-56.43111882180982,0.12378093876061701,0.0,0.143867640401337,1,2,Bi-Mg,"Mg,Bi",mp-570213,mp-1222662,"mp-570213,mp-1222662",Transition metal not found
BAT_00153,Li0-0.5BiIO,BiIO,BiIO,LiBi2(IO)2,Li,0.655929993333331,37.710878547323134,248.39927585832302,24.735696314139748,162.93253535775426,0.131344863356873,0.0,0.16728773488095,1,3,Bi-I-O,"Bi,I,O",mp-22987,mp-1235439,"mp-22987,mp-1235439,mp-1235581,mp-1236093,mp-1235373",Transition metal not found
BAT_00154,Li0-2InBi,InBi,InBi,Li2InBi,Li,-1.851908611666666,158.73874317469355,81.06464596337817,-293.9696454903583,-150.12431596128954,12.612894103147308,0.025940062499999,1.2965093675000001,1,2,Bi-In,"In,Bi",mp-1001833,mp-1096733,"mp-1001833,mp-1096733",Transition metal not found
BAT_00155,Li7-8BiO6,BiO6,Li7BiO6,Li8BiO6,Li,1.8402251133333372,74.3443114914528,298.81234563451073,136.81026904004764,549.8819826106678,0.059352344748018,0.0,0.028812937083333004,1,2,Bi-O,"Bi,O",mp-38487,mp-754586,"mp-38487,mp-754060,mp-754586",Transition metal not found
BAT_00156,Li0-1Bi(PO3)4,Bi(PO3)4,Bi(PO3)4,LiBi(PO3)4,Li,5.019703478333331,50.39679405004234,180.7035050248622,252.97696238984605,907.0780127203254,0.020855309606357002,0.0367867026471,0.040693350833334,1,3,Bi-O-P,"Bi,P,O",mp-504324,mp-673098,"mp-504324,mp-673098",Transition metal not found
BAT_00157,Li1-3Bi(PO4)2,Bi(PO4)2,LiBi(PO4)2,Li3Bi(PO4)2,Li,4.651876331666668,127.70329307609707,551.4472514996719,594.0599265365878,2565.26441741396,0.053094373414690005,0.11689495701388401,0.043654272380949,2,3,Bi-O-P,"Bi,P,O",mp-1101543,mp-1101536,"mp-1101543,mp-1101585,mp-25802,mp-1101536,mp-684028",Transition metal not found
BAT_00158,Li0-1Bi(PO3)4,Bi(PO3)4,Bi(PO3)4,LiBi(PO3)4,Li,4.94876443083334,50.39679405004234,162.7751487397886,249.40186182288284,805.5358663070722,0.015959402182713002,0.037715464411806,0.045511572916666,1,3,Bi-O-P,"Bi,P,O",mp-25906,mp-684093,"mp-25906,mp-684093",Transition metal not found
BAT_00159,Li0-1BiP2O7,BiP2O7,BiP2O7,LiBiP2O7,Li,4.52483093583334,68.7455917282834,296.5768810013793,311.06218015430534,1341.9602460080043,0.0013341864128860001,0.05275542474999401,0.045479423106056,1,3,Bi-O-P,"Bi,P,O",mp-25940,mp-684109,"mp-25940,mp-684109",Transition metal not found
BAT_00160,Li0-3Bi2(PO4)3,Bi2(PO4)3,Bi2(PO4)3,Li3Bi2(PO4)3,Li,4.486409069999998,111.10222233824749,466.97115492210884,498.4500179954699,2095.0236248709234,0.073837156136743,0.071746018235296,0.038508921749999,2,3,Bi-O-P,"Bi,P,O",mp-26074,mp-25929,"mp-26074,mp-504151,mp-25929",Transition metal not found
BAT_00161,Li0-1Bi(PO3)4,Bi(PO3)4,Bi(PO3)4,LiBi(PO3)4,Li,5.22502400833334,50.39679405004234,167.31396129405118,263.32445885450204,874.2194646907726,0.000656710659752,0.046482842794159006,0.038444120416666006,1,3,Bi-O-P,"Bi,P,O",mp-684096,mp-25881,"mp-684096,mp-25881",Transition metal not found
BAT_00162,Li0-1BiP2O7,BiP2O7,BiP2O7,LiBiP2O7,Li,5.327481390833345,68.7455917282834,325.82632001860344,366.24086063425653,1735.8336565428199,0.032703512755518,0.092155535499995,0.008329482424238,1,3,Bi-O-P,"Bi,P,O",mp-672945,mp-26129,"mp-672945,mp-26129",Transition metal not found
BAT_00163,Li0-3Bi2(PO4)3,Bi2(PO4)3,Bi2(PO4)3,Li3Bi2(PO4)3,Li,4.572135908333331,111.10222233824749,472.5007441367609,507.9744602483348,2160.3376189819037,0.07630874784392201,0.093249474264709,0.043927833624999,2,3,Bi-O-P,"Bi,P,O",mp-26100,mp-780333,"mp-26100,mp-585241,mp-26301,mp-780333",Transition metal not found
BAT_00164,Li0-1Bi3(PO5)2,Bi3(PO5)2,Bi3(PO5)2,LiBi3(PO5)2,Li,4.727226083333339,31.31659054752248,195.9283829710063,148.04060367731856,926.1977624458647,0.023983080720227003,0.077871758666664,0.011825775833332,1,3,Bi-O-P,"Bi,P,O",mp-584116,mp-26173,"mp-584116,mp-26173",Transition metal not found
BAT_00165,Li0-1BiP2O7,BiP2O7,BiP2O7,LiBiP2O7,Li,4.821789003333326,68.7455917282834,273.47616564414375,331.4767382230794,1318.6443681766955,0.023613637651134,0.044559308499994,0.011032220378784001,1,3,Bi-O-P,"Bi,P,O",mp-26210,mp-26209,"mp-26210,mp-26209",Transition metal not found
BAT_00166,Li0-1Bi(PO3)4,Bi(PO3)4,Bi(PO3)4,LiBi(PO3)4,Li,5.537404483333337,50.39679405004234,161.99935399792386,279.0674333183313,897.055949125208,0.0006458762382000001,0.07233396294121701,0.045504596388888006,1,3,Bi-O-P,"Bi,P,O",mp-25960,mp-25959,"mp-25960,mp-25959",Transition metal not found
BAT_00167,Li3-9Bi3P8O29,Bi3P8O29,Li3Bi3P8O29,Li9Bi3P8O29,Li,4.609777187500001,114.76652143788611,408.243242298579,529.0480924130972,1881.9103852990247,0.044636742669357,0.091453582751935,0.048807521105440003,2,3,Bi-O-P,"Bi,P,O",mp-778111,mp-585305,"mp-778111,mp-684454,mp-779602,mp-26327,mp-585305",Transition metal not found
BAT_00168,Li0-3Bi2(PO4)3,Bi2(PO4)3,Bi2(PO4)3,Li3Bi2(PO4)3,Li,4.553372516666669,111.10222233824749,494.2118825928644,505.88980573556574,2250.330803608443,0.06303727804021801,0.082576042058826,0.037669924999998,2,3,Bi-O-P,"Bi,P,O",mp-26286,mp-27069,"mp-26286,mp-26285,mp-27069",Transition metal not found
BAT_00169,Li1-5Bi2P5O18,Bi2P5O18,LiBi2P5O18,Li5Bi2P5O18,Li,5.003675554583329,119.71309236485357,493.84329706670434,599.0054738295939,2471.0316333275014,0.048346551737511005,0.12387222942305001,0.022839414638893003,2,3,Bi-O-P,"Bi,P,O",mp-672993,mp-26377,"mp-672993,mp-26245,mp-26377",Transition metal not found
BAT_00170,Li1-3Bi2(PO4)3,Bi2(PO4)3,LiBi2(PO4)3,Li3Bi2(PO4)3,Li,4.731703450833334,74.06814822549832,320.3484886113739,350.46851255542526,1515.7940490316807,0.0032185110791900003,0.105360846342592,0.04726306624999901,1,3,Bi-O-P,"Bi,P,O",mp-540013,mp-684042,"mp-540013,mp-684042",Transition metal not found
BAT_00171,Li0-1BiP2O7,BiP2O7,BiP2O7,LiBiP2O7,Li,4.571734543333339,68.7455917282834,293.39840286078953,314.2865964060839,1341.3396133175027,0.06231226170647901,0.044766081249994004,0.033952419242420005,1,3,Bi-O-P,"Bi,P,O",mp-26594,mp-684489,"mp-26594,mp-684489",Transition metal not found
BAT_00172,Li0-1BiP2O7,BiP2O7,BiP2O7,LiBiP2O7,Li,4.802757833333335,68.7455917282834,287.7373144322805,330.16842918014845,1381.9326408319323,0.04592548779817,0.052577544499994,0.020051632196966002,1,3,Bi-O-P,"Bi,P,O",mp-672981,mp-672979,"mp-672981,mp-672979",Transition metal not found
BAT_00173,Li0-3Bi5(PO4)6,Bi5(PO4)6,Bi5(PO4)6,Li3Bi5(PO4)6,Li,5.414909803333344,49.16039711369999,251.0696527087391,266.19911626673434,1359.5195237720495,0.045633277431086,0.13599857214285901,0.040130103947367005,1,3,Bi-O-P,"Bi,P,O",mp-673116,mp-26835,"mp-673116,mp-26835",Transition metal not found
BAT_00174,Li0-1Bi(PO3)4,Bi(PO3)4,Bi(PO3)4,LiBi(PO3)4,Li,5.240962243333347,50.39679405004234,188.46713010728013,264.12769480131857,987.7491130016487,0.020123897917159003,0.041169870441217005,0.032540855694443004,1,3,Bi-O-P,"Bi,P,O",mp-26574,mp-684497,"mp-26574,mp-684497",Transition metal not found
BAT_00175,Li0-1Bi(PO3)4,Bi(PO3)4,Bi(PO3)4,LiBi(PO3)4,Li,5.646601353333328,50.39679405004234,187.95857508104325,284.5706054866301,1061.3271444232228,0.025553173908244003,0.030575970882394003,0.0,1,3,Bi-O-P,"Bi,P,O",mp-504355,mp-504354,"mp-504355,mp-504354,mp-759289",Transition metal not found
BAT_00176,Li0-1Bi(PO3)4,Bi(PO3)4,Bi(PO3)4,LiBi(PO3)4,Li,5.565198173333332,50.39679405004234,158.31608637375314,280.46814618915175,881.0603946964931,0.005847623108085001,0.059726071176512005,0.032053049166666,1,3,Bi-O-P,"Bi,P,O",mp-684495,mp-684506,"mp-684495,mp-684506",Transition metal not found
BAT_00177,Li0-1BiP2O7,BiP2O7,BiP2O7,LiBiP2O7,Li,4.534812228333327,68.7455917282834,282.59503361348055,311.74835001342996,1281.5154140966793,0.045590246306822006,0.05944713949999401,0.050655409924239,1,3,Bi-O-P,"Bi,P,O",mp-766118,mp-759673,"mp-766118,mp-759673",Transition metal not found
BAT_00178,Li0-1Bi(PO3)4,Bi(PO3)4,Bi(PO3)4,LiBi(PO3)4,Li,5.247425593333337,50.39679405004234,180.867155659024,264.4534269201414,949.086941598567,0.012860994272414002,0.040414798823571005,0.031468657499999005,1,3,Bi-O-P,"Bi,P,O",mp-673020,mp-673023,"mp-673020,mp-673023",Transition metal not found
BAT_00179,Li0-0.5VBiPbO5,VBiPbO5,VBiPbO5,LiV2Bi2(PbO5)2,Li,-1.851409266666659,24.33890040869284,144.04097083184053,-45.06126575713086,-266.6787881777315,0.20067708610534102,0.0174423,0.258818478946082,1,4,Bi-O-Pb-V,"V,Bi,Pb,O",mp-23637,mp-1235128,"mp-23637,mp-1235128",
BAT_00180,Li0-5V3Bi2(PO4)6,V3Bi2(PO4)6,V3Bi2(PO4)6,Li5V3Bi2(PO4)6,Li,3.051783667333341,114.01795251186986,434.31745293500717,347.95812525851295,1325.4429093048718,0.072933733742921,0.090045100142875,0.09417007810416501,1,4,Bi-O-P-V,"V,Bi,P,O",mp-772437,mp-1177171,"mp-772437,mp-1177171",More than one working ion per transition metal
BAT_00181,Li0-2Bi2(SO4)3,Bi2(SO4)3,Bi2(SO4)3,Li2Bi2(SO4)3,Li,2.584472010833334,74.44539480784258,309.7551295715294,192.40203921630638,800.5534625896706,0.031110813089975,0.053805179705894005,0.102820603190789,1,3,Bi-O-S,"Bi,S,O",mp-768467,mp-777356,"mp-768467,mp-777356",Transition metal not found
BAT_00182,Li0-1SiBi3O7,SiBi3O7,SiBi3O7,LiSiBi3O7,Li,3.68470822833334,34.6288696370874,266.9475864797686,127.59728088965849,983.6239684357291,0.058740622745409005,0.088686152727277,0.041568846805556,1,3,Bi-O-Si,"Si,Bi,O",mp-753860,mp-757777,"mp-753860,mp-757777",Transition metal not found
BAT_00183,Li0-1Si2BiO6,Si2BiO6,Si2BiO6,LiSi2BiO6,Li,4.039647758333335,72.81254182513538,339.19030028408366,294.13702136246036,1370.2093361910095,0.039686905733030006,0.09717003444444301,0.058038421874996006,1,3,Bi-O-Si,"Si,Bi,O",mp-1172399,mp-760468,"mp-1172399,mp-760468",Transition metal not found
BAT_00184,Li0-1Sm3Bi(Ru2O7)2,Sm3Bi(Ru2O7)2,Sm3Bi(Ru2O7)2,LiSm3Bi(Ru2O7)2,Li,1.347872483333337,20.691762389368026,156.1209130544697,27.88985715630084,210.43108277899617,0.020229362802431,0.00594237872159,0.05239094013586,1,4,Bi-O-Ru-Sm,"Sm,Bi,Ru,O",mp-1219209,mp-1236198,"mp-1219209,mp-1236198,mp-1235554,mp-1236389",
BAT_00185,Li0-1Si6Bi9O26,Si6Bi9O26,Si6Bi9O26,LiSi6Bi9O26,Li,4.247803598333296,10.84087412473431,76.91312249302025,46.04990411612472,326.711838484901,0.007408763854358001,0.052370872438996005,0.028699728650794003,1,3,Bi-O-Si,"Si,Bi,O",mp-1266421,mp-772721,"mp-1266421,mp-775315,mp-772721",Transition metal not found
BAT_00186,Li0-1Bi2(SO4)3,Bi2(SO4)3,Bi2(SO4)3,LiBi2(SO4)3,Li,1.469238773333335,37.58501196113909,163.6315005715615,55.22135686950271,240.41374517845392,0.097654003324514,0.010715989117659001,0.101345225138896,1,3,Bi-O-S,"Bi,S,O",mp-768482,mp-759534,"mp-768482,mp-759534",Transition metal not found
BAT_00187,Li0-1Bi(PdO2)2,Bi(PdO2)2,Bi(PdO2)2,LiBi(PdO2)2,Li,4.135455683333338,54.39064764999501,408.33604998672877,224.9301129443529,1688.6556386275033,0.0060256189431470005,0.157375010714286,0.0,1,3,Bi-O-Pd,"Bi,Pd,O",mp-25201,mp-559893,"mp-25201,mp-559893",
BAT_00188,Li0-1Si6BiO14,Si6BiO14,Si6BiO14,LiSi6BiO14,Li,4.278306403333322,44.05051911878173,150.97168426445234,188.4616180160408,645.903123510623,0.007537139895133001,0.05687772452380901,0.030073976306816002,1,3,Bi-O-Si,"Si,Bi,O",mp-850220,mp-849779,"mp-850220,mp-849779",Transition metal not found
BAT_00189,Li0-1Si6Bi9O26,Si6Bi9O26,Si6Bi9O26,LiSi6Bi9O26,Li,4.4233693333333735,10.84087412473431,76.98843545488079,47.953190149877024,340.54828441243546,0.007712425794556,0.06675519682924101,0.038561432579364,1,3,Bi-O-Si,"Si,Bi,O",mp-766877,mp-757434,"mp-766877,mp-757434",Transition metal not found
BAT_00190,Li0-2Ti3(BiO3)4,Ti3(BiO3)4,Ti3(BiO3)4,Li2Ti3(BiO3)4,Li,-0.32154249416665903,45.21940261614188,331.59431555250967,-14.53995950192062,-106.62166327424025,0.06532432684782301,0.0012566278947370002,0.249095012142854,1,3,Bi-O-Ti,"Ti,Bi,O",mp-723064,mp-630234,"mp-723064,mp-23427,mp-630234",
BAT_00191,Li0-1Bi(WO4)2,Bi(WO4)2,Bi(WO4)2,LiBi(WO4)2,Li,4.827031028333342,37.66386903108291,281.3378886781919,181.80466446012045,1358.026718095424,0.0032722451615190004,0.092968392897724,0.003933001979163,1,3,Bi-O-W,"Bi,W,O",mp-1041572,mp-1211195,"mp-1041572,mp-1211195",
BAT_00192,Li0-1Cs2MoBr6,Cs2MoBr6,Cs2MoBr6,Cs2LiMoBr6,Li,2.035040893333335,31.6012009977402,136.1895494654613,64.30973630884752,277.1513024068569,0.042082894051475,0.0,0.047541045000000004,1,3,Br-Cs-Mo,"Cs,Mo,Br",mp-1207229,mp-1111847,"mp-1207229,mp-1111847",
BAT_00193,Li0-1Cs2SbBr6,Cs2SbBr6,Cs2SbBr6,Cs2LiSbBr6,Li,2.546855383333331,30.667559289905775,124.73672814275004,78.10583847119064,317.6864075697492,0.001543590024609,0.0,0.0224785615,1,3,Br-Cs-Sb,"Cs,Sb,Br",mp-28269,mp-1111835,"mp-28269,mp-1111835",Transition metal not found
BAT_00194,Li0-1Sr2CuBrO2,Sr2CuBrO2,Sr2CuBrO2,Sr2LiCuBrO2,Li,-1.255334646666663,74.94196832971943,289.9777880877467,-94.07724933369265,-364.01916415031224,0.11754701335648401,0.0,0.420032079404759,1,4,Br-Cu-O-Sr,"Sr,Cu,Br,O",mp-552537,mp-1235294,"mp-552537,mp-1235294,mp-1235608,mp-1235297",
BAT_00195,Li0-1Rb2SbBr6,Rb2SbBr6,Rb2SbBr6,Rb2LiSbBr6,Li,2.5248188133333342,34.40230598924383,128.7779629388235,86.85958938369285,325.14102357068435,0.035075148890758,0.0,0.032909101750003,1,3,Br-Rb-Sb,"Rb,Sb,Br",mp-866668,mp-1110708,"mp-866668,mp-1110708",Transition metal not found
BAT_00196,Li0-1Rb2MoBr6,Rb2MoBr6,Rb2MoBr6,Rb2LiMoBr6,Li,2.080080543333328,35.58156735757989,141.78115223653316,74.0125259618062,294.91621617859323,0.014175600461405001,0.0,0.054742098458334006,1,3,Br-Mo-Rb,"Rb,Mo,Br",mp-1205757,mp-1110711,"mp-1205757,mp-1110711",
BAT_00197,Li0-0.17C,C,C,LiC6,Li,0.08440476333333201,339.23692548546035,734.0967061792596,28.633212409527772,61.96125874883963,0.025414176790462,0.011936282499998,0.002406076904762,2,1,C,C,mp-568806,mp-1001581,"mp-568806,mp-632329,mp-1021323,mp-1001581",Transition metal not found
BAT_00198,Li2-3C,C,Li2C,Li3C,Li,0.837677993333334,816.2796500352957,1209.464875504748,683.7794992404029,1013.1421099199683,0.051919477964863,0.914417564537036,0.476393675069444,1,1,C,C,mp-1210743,mp-976060,"mp-1210743,mp-976060",Transition metal not found
BAT_00199,Li1-2CoH8(CO5)2,CoH8(CO5)2,LiCoH8(CO5)2,Li2CoH8(CO5)2,Li,4.671780723333346,101.17809202882401,218.9188689729551,472.6818599639073,1022.7409520417901,0.0483715991521,0.065063643124998,0.025367861956527002,1,4,C-Co-H-O,"Co,H,C,O",mp-759255,mp-770598,"mp-759255,mp-770598",More than one working ion per transition metal
BAT_00200,Li0-2CoH8(CO5)2,CoH8(CO5)2,CoH8(CO5)2,Li2CoH8(CO5)2,Li,3.431611315833341,202.35618405764802,432.0066062756639,694.4077710410793,1482.478758610327,0.031332658649707,0.046066092202380005,0.08774679891304801,1,4,C-Co-H-O,"Co,H,C,O",mp-772431,mp-770604,"mp-772431,mp-770604",More than one working ion per transition metal
BAT_00201,Li0-2NaCoPCO7,NaCoPCO7,NaCoPCO7,NaLi2CoPCO7,Li,4.187993579583339,213.740510499133,624.5691224436379,895.1438856672343,2615.691474799956,0.036319852034025005,0.053627843579542006,0.028326489230768002,1,5,C-Co-Na-O-P,"Na,Co,P,C,O",mp-1101670,mp-760344,"mp-1101670,mp-760344",More than one working ion per transition metal
BAT_00202,Li0-2Co2(CO3)3,Co2(CO3)3,Co2(CO3)3,Li2Co2(CO3)3,Li,4.13734773833333,171.9283034790489,534.72708632756,711.3271775545294,2212.3519012429015,0.022771052596862,0.12419112571428101,0.090585803437496,2,3,C-Co-O,"Co,C,O",mp-752772,mp-757737,"mp-752772,mp-757952,mp-757737",
BAT_00203,Li0-2Co(CO3)2,Co(CO3)2,Co(CO3)2,Li2Co(CO3)2,Li,4.36558580458333,277.97609164721933,634.445586277524,1213.5284797086556,2769.7266452337067,0.17164512015702502,0.114369356666666,0.025776833863636002,2,3,C-Co-O,"Co,C,O",mp-752886,mp-1178046,"mp-752886,mp-753292,mp-753259,mp-752864,mp-1178046,mp-767053,mp-1567457,mp-1638967,mp-767036",More than one working ion per transition metal
BAT_00204,Li0.5-2Co(CO3)2,Co(CO3)2,LiCo2(CO3)4,Li2Co(CO3)2,Li,4.613743533333333,208.48206873541452,530.4706168501142,961.8827964439743,2447.4553781155587,0.123996110140818,0.13058891809210602,0.022726872727272,3,3,C-Co-O,"Co,C,O",mp-758717,mp-753950,"mp-758717,mp-758124,mp-762401,mp-753812,mp-759412,mp-753166,mp-753950,mp-1567455,mp-759898,mp-759685,mp-753286,mp-759781",More than one working ion per transition metal
BAT_00205,Li1-2CoCO4,CoCO4,LiCoCO4,Li2CoCO4,Li,3.481595108333334,180.0890453846947,485.8404225321063,626.997139475773,1691.4996385183817,0.006029008894159,0.102050426011904,0.088426634375001,1,3,C-Co-O,"Co,C,O",mp-758392,mp-757730,"mp-758392,mp-757730",More than one working ion per transition metal
BAT_00206,Li0-1Co(CO)4,Co(CO)4,Co(CO)4,LiCo(CO)4,Li,3.327131083333332,150.6423975242947,249.7683029235687,501.20700327093704,831.011884288421,0.075443762962508,0.5276075801388901,0.411885058500001,1,3,C-Co-O,"Co,C,O",mp-510741,mp-18939,"mp-510741,mp-18939",
BAT_00207,Li0-1Co2C2O7,Co2C2O7,Co2C2O7,LiCo2C2O7,Li,4.527208838333341,102.7567268307175,284.21997082038325,465.20116190622906,1286.7231639288834,0.054035811782951006,0.10556236045455601,0.055502131631951,1,3,C-Co-O,"Co,C,O",mp-753266,mp-758625,"mp-753266,mp-758625",
BAT_00208,Li0-1Co(CO3)2,Co(CO3)2,Co(CO3)2,LiCo(CO3)2,Li,9.32297333083334,144.1777046147893,460.77256071188435,1344.1648950244476,4295.770295096684,0.22073002487481902,0.6178927500000011,0.027010987208322002,1,3,C-Co-O,"Co,C,O",mp-1189643,mp-1282711,"mp-1189643,mp-1282711",
BAT_00209,Li1.5-2Co(CO3)2,Co(CO3)2,Li3Co2(CO3)4,Li2Co(CO3)2,Li,3.094986098333327,69.49402291180483,178.5045722810742,215.08303482929367,552.4691696988612,0.007545293713089001,0.037316493551583,0.074636562954544,1,3,C-Co-O,"Co,C,O",mp-1641018,mp-767071,"mp-1641018,mp-767071",More than one working ion per transition metal
BAT_00210,Li0-1Co2C2O7,Co2C2O7,Co2C2O7,LiCo2C2O7,Li,3.933058480000004,102.7567268307175,286.02484740380885,404.1482158385974,1124.9524515722576,0.06969451050493,0.09800185984849501,0.09808420260417201,1,3,C-Co-O,"Co,C,O",mp-1178537,mp-758125,"mp-1178537,mp-758832,mp-758125",
BAT_00211,Li1-3CoPCO7,CoPCO7,LiCoPCO7,Li3CoPCO7,Li,4.146515178333336,228.35380143241997,656.2632408317502,946.872503669646,2721.205489091077,0.035333173796732,0.053168762727268004,0.039335158846153004,2,4,C-Co-O-P,"Co,P,C,O",mp-25464,mp-25458,"mp-25464,mp-25454,mp-25458",More than one working ion per transition metal
BAT_00212,Li4-6Co2C4SO16,Co2C4SO16,Li4Co2C4SO16,Li6Co2C4SO16,Li,4.517149250833332,108.1554013822178,305.61164316739985,488.55409032726345,1380.4934049795638,0.042168179628257,0.08744368672838401,0.042529975086206005,1,4,C-Co-O-S,"Co,C,S,O",mp-770944,mp-780426,"mp-770944,mp-776275,mp-770515,mp-780426",More than one working ion per transition metal
BAT_00213,Li1-2CoCSO7,CoCSO7,LiCoCSO7,Li2CoCSO7,Li,4.224635900833339,117.0949720138337,312.4068330965787,494.6836225767169,1319.8051227654553,0.025522692372991002,0.06216703522726601,0.06191865291667,1,4,C-Co-O-S,"Co,C,S,O",mp-773196,mp-771972,"mp-773196,mp-771972,mp-1983876,mp-1575892",More than one working ion per transition metal
BAT_00214,Li2-3Cr(CO3)3,Cr(CO3)3,Li2Cr(CO3)3,Li3Cr(CO3)3,Li,4.193080858333322,105.99931319944366,272.5809143102226,444.46369117306585,1142.95381414119,0.015554904778144002,0.07404349025925401,0.058643575624996,1,3,C-Cr-O,"Cr,C,O",mp-780684,mp-765400,"mp-780684,mp-765400",More than one working ion per transition metal
BAT_00215,Li0.67-1.33Cr(CO3)2,Cr(CO3)2,Li2Cr3(CO3)6,Li4Cr3(CO3)6,Li,3.350905183333314,98.57006333462077,285.15257378612637,330.29893614947383,955.5192375407663,0.001137918581778,0.050212054999999006,0.04959073840725901,1,3,C-Cr-O,"Cr,C,O",mp-757965,mp-758282,"mp-757965,mp-758282",More than one working ion per transition metal
BAT_00216,Li0.5-2Cr(CO3)2,Cr(CO3)2,LiCr2(CO3)4,Li2Cr(CO3)2,Li,2.098752479999997,216.2620139446101,499.456909084878,453.8804380960443,1048.2364265950207,0.130151434901688,0.10023559499999901,0.22717505051136802,2,3,C-Cr-O,"Cr,C,O",mp-753855,mp-753778,"mp-753855,mp-752834,mp-753778",More than one working ion per transition metal
BAT_00217,Li1.5-2.5CrPCO7,CrPCO7,Li3Cr2P2(CO7)2,Li5Cr2P2(CO7)2,Li,3.262815258333352,119.47406546984529,318.82952975820774,389.821803790129,1040.2818545023276,0.039191745605243,0.048102542028983,0.054431542162502004,2,4,C-Cr-O-P,"Cr,P,C,O",mp-763241,mp-1177167,"mp-763241,mp-776285,mp-25455,mp-1177167",More than one working ion per transition metal
BAT_00218,Li4-4.5Cr2C4SO16,Cr2C4SO16,Li4Cr2C4SO16,Li9Cr4C8(SO16)2,Li,2.124115273333363,28.432065805736013,74.69877058421095,60.39298523038313,158.66879949714746,0.009388163367364,0.07017061379629601,0.079123924504478,1,4,C-Cr-O-S,"Cr,C,S,O",mp-771912,mp-776454,"mp-771912,mp-776454",More than one working ion per transition metal
BAT_00219,Li0-1CuHCO4,CuHCO4,CuHCO4,LiCuHCO4,Li,3.420445794999996,181.70096565583162,455.3102246803381,621.498303924928,1557.363943428366,0.039297666023009006,0.044551366250002,0.08803890661458101,1,4,C-Cu-H-O,"Cu,H,C,O",mp-769935,mp-769201,"mp-769935,mp-769201",
BAT_00220,Li1-2CrCSO7,CrCSO7,LiCrCSO7,Li2CrCSO7,Li,2.310693358333343,120.75480715155103,299.73086786957083,279.0273308719127,692.5861256737062,0.040340757880959005,0.037364464374999004,0.106246713416783,1,4,C-Cr-O-S,"Cr,C,S,O",mp-773160,mp-768607,"mp-773160,mp-768607",More than one working ion per transition metal
BAT_00221,Li0-1CuCO3,CuCO3,CuCO3,LiCuCO3,Li,3.312257166666666,205.38178705510202,733.2462999342688,680.2772960760688,2428.7003118890975,0.018878019943018,0.13892093666666602,0.09228091000000001,1,3,C-Cu-O,"Cu,C,O",mp-760536,mp-758997,"mp-760536,mp-758997",
BAT_00222,Li0-1Na2CuPCO7,Na2CuPCO7,Na2CuPCO7,Na2LiCuPCO7,Li,3.4642755383333292,98.73566787330671,290.91236296361177,342.0475589745005,1007.8005828135872,0.016753567801267,0.0,0.038281542467954004,1,5,C-Cu-Na-O-P,"Na,Cu,P,C,O",mp-767534,mp-776432,"mp-767534,mp-776432",
BAT_00223,Li0-1Na3CuPCO7,Na3CuPCO7,Na3CuPCO7,Na3LiCuPCO7,Li,1.836051948333339,91.02633263228175,271.3668966115787,167.12907537913955,498.24371923686095,0.051983697262905006,0.008190581250002,0.092049628630955,1,5,C-Cu-Na-O-P,"Na,Cu,P,C,O",mp-767526,mp-775936,"mp-767526,mp-775936",
BAT_00224,Li0-0.5Cu2H4CO5,Cu2H4CO5,Cu2H4CO5,LiCu4H8(CO5)2,Li,1.972052863333322,59.13779639276705,179.5890492205581,116.62286070757928,354.15909873871055,0.06659908272892401,0.163715425833332,0.20322115479999803,1,4,C-Cu-H-O,"Cu,H,C,O",mp-1192779,mp-1235090,"mp-1192779,mp-1235090",
BAT_00225,Li0.5-1CuCO3,CuCO3,LiCu2(CO3)2,LiCuCO3,Li,2.9474720533333323,102.69089352755101,336.06485451609365,302.67853880428544,990.5417667937182,0.021519122379898,0.065825951818183,0.07899594666666601,1,3,C-Cu-O,"Cu,C,O",mp-760546,mp-760512,"mp-760546,mp-760512,mp-781314",
BAT_00226,Li0-0.5CuCO3,CuCO3,CuCO3,LiCu2(CO3)2,Li,3.923507368333337,105.49654299598306,323.77808017761356,413.91646377843426,1270.3456832816887,0.016889750151868003,0.103005435,0.025262265909092002,1,3,C-Cu-O,"Cu,C,O",mp-760595,mp-753403,"mp-760595,mp-753403",
BAT_00227,Li1-2Cu2C2O7,Cu2C2O7,LiCu2C2O7,Li2Cu2C2O7,Li,3.608843395833337,96.75932356466159,329.8866657700786,349.18924583163,1190.5093151378276,0.014804755887748001,0.07677978416667,0.075905800384617,1,3,C-Cu-O,"Cu,C,O",mp-1176775,mp-1178348,"mp-1176775,mp-1178348",
BAT_00228,Li0.33-1CuCO3,CuCO3,LiCu3(CO3)3,LiCuCO3,Li,2.9192686033333333,136.92119137006802,484.5878033232788,399.7097350976345,1414.641959799916,0.048604582360862,0.110562908750004,0.126285845555556,2,3,C-Cu-O,"Cu,C,O",mp-758020,mp-760509,"mp-758020,mp-758178,mp-760509",
BAT_00229,Li0.33-1CuCO3,CuCO3,LiCu3(CO3)3,LiCuCO3,Li,3.018798304999993,136.92119137006804,477.8803371800574,413.33746042654116,1442.6243518719825,0.036239855777492,0.10579569104167101,0.11098946296296401,1,3,C-Cu-O,"Cu,C,O",mp-758383,mp-759711,"mp-758383,mp-759711",
BAT_00230,Li0-1CuCO3,CuCO3,CuCO3,LiCuCO3,Li,3.293678609999997,205.38178705510205,733.530617831993,676.461598906964,2416.014105733318,0.028334890578109003,0.128613484000001,0.086787792222223,2,3,C-Cu-O,"Cu,C,O",mp-758727,mp-757800,"mp-758727,mp-758505,mp-757800",
BAT_00231,Li0.33-0.67CuCO3,CuCO3,LiCu3(CO3)3,Li2Cu3(CO3)3,Li,3.295100668333337,69.69629734272559,244.47157622313946,229.6563159543741,805.5584542013713,0.027898647778593,0.083148848750004,0.070977579705882,1,3,C-Cu-O,"Cu,C,O",mp-758450,mp-758427,"mp-758450,mp-758427",
BAT_00232,Li1-2CuCSO7,CuCSO7,LiCuCSO7,Li2CuCSO7,Li,4.101987503333338,114.78174961986595,323.1978417732225,470.83330255142624,1325.753508058064,0.035757315731308005,0.060044488598484005,0.07706509895832801,1,4,C-Cu-O-S,"Cu,C,S,O",mp-768599,mp-771969,"mp-768599,mp-771969",More than one working ion per transition metal
BAT_00233,Li4-6Cu2C4SO16,Cu2C4SO16,Li4Cu2C4SO16,Li6Cu2C4SO16,Li,3.9946198033333262,106.17891959952117,307.799935328155,424.1444149287843,1229.543717126565,0.004706527775599,0.086624872623457,0.06811816974137601,1,4,C-Cu-O-S,"Cu,C,S,O",mp-776330,mp-780401,"mp-776330,mp-780401",More than one working ion per transition metal
BAT_00234,Li1-2CuPCO7,CuPCO7,LiCuPCO7,Li2CuPCO7,Li,4.624989623333339,115.32069004226662,334.3467436191519,533.3569948011234,1546.3502198338697,0.017173601697568,0.07483409575757301,0.033922509722216006,1,4,C-Cu-O-P,"Cu,P,C,O",mp-25466,mp-25456,"mp-25466,mp-25456",More than one working ion per transition metal
BAT_00235,Li0-1C2S2N(O2F3)2,C2S2N(O2F3)2,C2S2N(O2F3)2,LiC2S2N(O2F3)2,Li,6.246201878333342,93.3566132122165,197.47199016759376,583.124252800986,1233.4499159030474,0.043149441129544004,0.423029625572222,0.242073380414063,1,5,C-F-N-O-S,"C,S,N,O,F",mp-1204119,mp-557395,"mp-1204119,mp-557395",Transition metal not found
BAT_00236,Li0-1Na5Fe2P2(CO7)2,Na5Fe2P2(CO7)2,Na5Fe2P2(CO7)2,Na5LiFe2P2(CO7)2,Li,3.102241723333354,49.30909018890401,143.45844965359072,152.96871692362538,445.04278808008655,0.011710297912223002,0.014390753199987002,0.010229482884616,1,5,C-Fe-Na-O-P,"Na,Fe,P,C,O",mp-756987,mp-768938,"mp-756987,mp-768938",
BAT_00237,Li0-1Na5Fe2P2(CO7)2,Na5Fe2P2(CO7)2,Na5Fe2P2(CO7)2,Na5LiFe2P2(CO7)2,Li,2.913314633333333,49.30909018890401,144.20830584492052,143.65289400368712,420.1241676662158,0.014743989541849,0.010228522199986,0.01349376423077,1,5,C-Fe-Na-O-P,"Na,Fe,P,C,O",mp-769488,mp-772536,"mp-769488,mp-772536",
BAT_00238,Li0-1Na5Fe2P2(CO7)2,Na5Fe2P2(CO7)2,Na5Fe2P2(CO7)2,Na5LiFe2P2(CO7)2,Li,2.933016733333322,49.30909018890401,144.47159821721604,144.6243866294974,423.73761506250315,0.021336418826665003,0.011088897999986,0.013563275576924001,1,5,C-Fe-Na-O-P,"Na,Fe,P,C,O",mp-1176345,mp-772306,"mp-1176345,mp-772306",
BAT_00239,Li0-1Na5Fe2P2(CO7)2,Na5Fe2P2(CO7)2,Na5Fe2P2(CO7)2,Na5LiFe2P2(CO7)2,Li,2.8762683283333152,49.30909018890401,142.16854475527114,141.8261744092756,408.91488256482387,0.005076439069393,0.004597163799985001,0.009503854423078,1,5,C-Fe-Na-O-P,"Na,Fe,P,C,O",mp-777585,mp-755968,"mp-777585,mp-755968",
BAT_00240,Li0-1Na5Fe2P2(CO7)2,Na5Fe2P2(CO7)2,Na5Fe2P2(CO7)2,Na5LiFe2P2(CO7)2,Li,3.221984448333335,49.30909018890401,144.55778564416667,158.87312175011454,465.76293723100883,0.014046221417132002,0.022669237399986,0.013584074423077,1,5,C-Fe-Na-O-P,"Na,Fe,P,C,O",mp-769456,mp-772294,"mp-769456,mp-772294",
BAT_00241,Li0-1Fe2C2O7,Fe2C2O7,Fe2C2O7,LiFe2C2O7,Li,3.224703233333334,105.24905004380118,274.64192995525394,339.3969519815075,885.6387195356144,0.05237444872125,0.08805803363636501,0.10541014041665601,1,3,C-Fe-O,"Fe,C,O",mp-752896,mp-762511,"mp-752896,mp-1345659,mp-762511,mp-1176733",
BAT_00242,Li0-1Fe(CO3)2,Fe(CO3)2,Fe(CO3)2,LiFe(CO3)2,Li,4.887855148333334,146.61336988270426,456.40901381922225,716.6249147956754,2230.861147942025,0.142076925170483,0.069297034722221,0.0,1,3,C-Fe-O,"Fe,C,O",mp-752929,mp-753899,"mp-752929,mp-1283232,mp-753899",
BAT_00243,Li0-2NaFePCO7,NaFePCO7,NaFePCO7,NaLi2FePCO7,Li,3.720026075833336,216.40534815346368,615.0074494112922,805.0335380806763,2287.8437486417583,0.08312303325187201,0.040621705954548004,0.025701401538463002,1,5,C-Fe-Na-O-P,"Na,Fe,P,C,O",mp-769633,mp-770772,"mp-769633,mp-770772",More than one working ion per transition metal
BAT_00244,Li0-1Na5Fe2P2(CO7)2,Na5Fe2P2(CO7)2,Na5Fe2P2(CO7)2,Na5LiFe2P2(CO7)2,Li,2.902156358333347,49.30909018890401,144.20501904006045,143.10268961536025,418.5055129106929,0.016952020309259002,0.009522184199986001,0.013243757500000002,1,5,C-Fe-Na-O-P,"Na,Fe,P,C,O",mp-770394,mp-772670,"mp-770394,mp-772670",
BAT_00245,Li0.5-2Fe(CO3)2,Fe(CO3)2,LiFe2(CO3)4,Li2Fe(CO3)2,Li,3.866276533333323,211.87522249909267,519.6937576755768,819.1682007430187,2009.2797798208974,0.08871376696862701,0.08661134460526901,0.040404929090908,2,3,C-Fe-O,"Fe,C,O",mp-763371,mp-1568135,"mp-763371,mp-753230,mp-753336,mp-1568135,mp-757129",More than one working ion per transition metal
BAT_00246,Li1-2Fe2(CO3)3,Fe2(CO3)3,LiFe2(CO3)3,Li2Fe2(CO3)3,Li,3.709184028333344,87.70155483437557,252.3749208774015,325.30120645166687,936.1050256703492,0.043847116640928004,0.14116894100000701,0.10608252593749601,1,3,C-Fe-O,"Fe,C,O",mp-753178,mp-1302307,"mp-753178,mp-1302307,mp-761992,mp-1297814,mp-1290535",
BAT_00247,Li1-2Fe2C2O7,Fe2C2O7,LiFe2C2O7,Li2Fe2C2O7,Li,3.072785998333321,102.45637490142518,320.54880328886134,314.82651423708876,984.9778745285151,0.058231106435982005,0.13659995187498902,0.09952995634615201,1,3,C-Fe-O,"Fe,C,O",mp-757949,mp-757644,"mp-757949,mp-757644",
BAT_00248,Li0.5-2Fe(CO3)2,Fe(CO3)2,LiFe2(CO3)4,Li2Fe(CO3)2,Li,3.640839159999998,211.87522249909267,460.02189278365097,771.4036071084092,1674.8657217040368,0.032447123042941,0.08113834407895301,0.06641970681818,2,3,C-Fe-O,"Fe,C,O",mp-758039,mp-759815,"mp-758039,mp-758508,mp-758565,mp-759815,mp-757940",More than one working ion per transition metal
BAT_00249,Li0.5-2Fe(CO3)2,Fe(CO3)2,LiFe2(CO3)4,Li2Fe(CO3)2,Li,3.996685070000007,211.87522249909267,474.86431965073695,846.7985384650533,1897.8831366238112,0.17901083887316302,0.09676724513158601,0.031392951818181004,2,3,C-Fe-O,"Fe,C,O",mp-763524,mp-759605,"mp-763524,mp-763588,mp-759605",More than one working ion per transition metal
BAT_00250,Li1-2FeCO4,FeCO4,LiFeCO4,Li2FeCO4,Li,2.798012045833335,183.90521133427447,464.51817417245843,514.5689966048253,1299.7274468430462,0.035494322785487004,0.105183745357141,0.08321877250000201,2,3,C-Fe-O,"Fe,C,O",mp-758117,mp-757609,"mp-758117,mp-765004,mp-757609",More than one working ion per transition metal
BAT_00251,Li0-2Fe2(CO3)3,Fe2(CO3)3,Fe2(CO3)3,Li2Fe2(CO3)3,Li,3.27774806583334,175.40310966875114,515.4063951002775,574.9272034579024,1689.372314658069,0.007121290537613001,0.06156821892856801,0.077026494999996,2,3,C-Fe-O,"Fe,C,O",mp-758121,mp-1178002,"mp-758121,mp-1176763,mp-1178002",
BAT_00252,Li0-1Fe2C2O7,Fe2C2O7,Fe2C2O7,LiFe2C2O7,Li,2.535584836666689,105.24905004380119,273.0775313239833,266.86789536463596,692.4112476594652,0.08292455531801,0.066733386666667,0.143289080416655,1,3,C-Fe-O,"Fe,C,O",mp-759204,mp-849784,"mp-759204,mp-849784",
BAT_00253,Li0-2Fe2C2O7,Fe2C2O7,Fe2C2O7,Li2Fe2C2O7,Li,3.078690095833335,204.91274980285036,564.116672572383,630.8628533280096,1736.7404127430518,0.09623892341076601,0.09570912568181901,0.08799098057692001,1,3,C-Fe-O,"Fe,C,O",mp-758060,mp-759155,"mp-758060,mp-759155",
BAT_00254,Li4.25-5Fe(CO3)4,Fe(CO3)4,Li17Fe4(CO3)16,Li5Fe(CO3)4,Li,4.196211706666688,60.80455669884871,148.10450503790386,255.1487926383873,621.4778578501276,0.035090312195757,0.058686285500001004,0.053070547272733005,1,3,C-Fe-O,"Fe,C,O",mp-882899,mp-765153,"mp-882899,mp-765153",More than one working ion per transition metal
BAT_00255,Li1-2FePCO7,FePCO7,LiFePCO7,Li2FePCO7,Li,4.735407600833331,119.27287488093683,329.0599346803256,564.8056782844311,1558.2329158149334,0.035563930648232,0.067218041704543,0.011853184479169,1,4,C-Fe-O-P,"Fe,P,C,O",mp-768562,mp-768471,"mp-768562,mp-768471,mp-768485",More than one working ion per transition metal
BAT_00256,Li1.5-2.5FePCO7,FePCO7,Li3Fe2P2(CO7)2,Li5Fe2P2(CO7)2,Li,3.831658245833343,117.45877823696024,323.88230950485803,450.0618961771587,1241.0063218938362,0.011024877695781001,0.044336807364132,0.033667295549999005,2,4,C-Fe-O-P,"Fe,P,C,O",mp-768618,mp-768672,"mp-768618,mp-1177718,mp-768648,mp-768640,mp-768707,mp-768672,mp-1177155,mp-768667",More than one working ion per transition metal
BAT_00257,Li1-2.5FePCO7,FePCO7,LiFePCO7,Li5Fe2P2(CO7)2,Li,4.105291463333329,176.18816735544038,482.40126746921595,723.3037793846333,1980.3978052425502,0.017592622831898,0.067305157386361,0.032041826149998,2,4,C-Fe-O-P,"Fe,P,C,O",mp-768629,mp-768862,"mp-768629,mp-768630,mp-768593,mp-768652,mp-768862,mp-770138",More than one working ion per transition metal
BAT_00258,Li1.5-2.5FePCO7,FePCO7,Li3Fe2P2(CO7)2,Li5Fe2P2(CO7)2,Li,3.731561593333343,117.45877823696024,322.9162694610273,438.3046656688992,1204.9819489832503,0.017137325549559,0.047326285407611,0.044425347549998,2,4,C-Fe-O-P,"Fe,P,C,O",mp-768557,mp-768689,"mp-768557,mp-1177947,mp-768644,mp-768646,mp-768689",More than one working ion per transition metal
BAT_00259,Li1-2.5FePCO7,FePCO7,LiFePCO7,Li5Fe2P2(CO7)2,Li,4.136623180000001,176.18816735544038,483.3821514452455,728.8240571242342,1999.5698124666733,0.008531020756535,0.069611095113634,0.030311245349998003,2,4,C-Fe-O-P,"Fe,P,C,O",mp-1176714,mp-768722,"mp-1176714,mp-768653,mp-1177738,mp-768722,mp-768720",More than one working ion per transition metal
BAT_00260,Li1-3FePCO7,FePCO7,LiFePCO7,Li3FePCO7,Li,3.820836932083335,231.39807666991166,643.8446288872193,884.1343173534497,2460.0253365757767,0.071232121639483,0.060263142840907,0.039936917884615,2,4,C-Fe-O-P,"Fe,P,C,O",mp-25406,mp-25445,"mp-25406,mp-779262,mp-1176704,mp-779101,mp-779778,mp-1176717,mp-1177673,mp-768623,mp-756197,mp-753770,mp-755819,mp-756223,mp-25457,mp-756326,mp-754554,mp-756740,mp-25445,mp-752696",More than one working ion per transition metal
BAT_00261,Li1-2FePCO7,FePCO7,LiFePCO7,Li2FePCO7,Li,4.40748721333333,119.27287488093683,321.74310757534766,525.6936709352352,1418.078632616475,0.039524122623064005,0.054911876931816005,0.027899232395836002,1,4,C-Fe-O-P,"Fe,P,C,O",mp-1176697,mp-755726,"mp-1176697,mp-1176692,mp-755726",More than one working ion per transition metal
BAT_00262,Li1-2FePCO7,FePCO7,LiFePCO7,Li2FePCO7,Li,4.688630308333335,119.27287488093683,324.2749769762981,559.2264161288101,1520.4054852851655,0.025084962424101003,0.066287736931816,0.014898512812502,1,4,C-Fe-O-P,"Fe,P,C,O",mp-1176696,mp-768645,"mp-1176696,mp-768645,mp-768624",More than one working ion per transition metal
BAT_00263,Li4-6Fe2C4SO16,Fe2C4SO16,Li4Fe2C4SO16,Li6Fe2C4SO16,Li,3.488504268333334,109.52026297044173,299.19537104287394,382.06190484137517,1043.7443289486414,0.035721472116607006,0.06883855842592601,0.050330110258624,1,4,C-Fe-O-S,"Fe,C,S,O",mp-781611,mp-770599,"mp-781611,mp-770599",More than one working ion per transition metal
BAT_00264,Li2-2.5FePCO7,FePCO7,Li2FePCO7,Li5Fe2P2(CO7)2,Li,2.7176558683333423,58.72938911848012,160.45165308461645,159.60626898146987,436.0523765891936,0.018003017914549002,0.010818564479169,0.036068061949998,1,4,C-Fe-O-P,"Fe,P,C,O",mp-768491,mp-1177175,"mp-768491,mp-768508,mp-756441,mp-1177175",More than one working ion per transition metal
BAT_00265,Li2-3FeSiCO7,FeSiCO7,Li2FeSiCO7,Li3FeSiCO7,Li,2.168791773333329,117.15982315686261,327.1479911704385,254.09526062779136,709.5158719129718,0.018860311594585,0.09886758020833,0.21443638326921902,1,4,C-Fe-O-Si,"Fe,Si,C,O",mp-772072,mp-770822,"mp-772072,mp-770822",More than one working ion per transition metal
BAT_00266,Li0-2FeCSO7,FeCSO7,FeCSO7,Li2FeCSO7,Li,4.060498740833337,237.3929069091592,609.5423303811353,963.9335995874064,2475.045864997218,0.024016047805679,0.089343333416668,0.066578106458336,2,4,C-Fe-O-S,"Fe,C,S,O",mp-1178258,mp-771011,"mp-1178258,mp-770901,mp-771011",More than one working ion per transition metal
BAT_00267,Li0-2NiH8(CO5)2,NiH8(CO5)2,NiH8(CO5)2,Li2NiH8(CO5)2,Li,4.392236208333334,202.5395326655835,445.2766164707649,889.601468992688,1955.7600775870487,0.025910491830266003,0.08593086142857001,0.052191957173911,1,4,C-H-Ni-O,"Ni,H,C,O",mp-772564,mp-771916,"mp-772564,mp-771916",More than one working ion per transition metal
BAT_00268,Li0-0.5KNbPCO7,KNbPCO7,KNbPCO7,K2LiNb2P2(CO7)2,Li,1.7546238233333091,46.13699258105809,121.39703828594021,80.95306631967665,213.00613545861648,0.007188802021867001,0.126251161890498,0.16532101975233002,1,5,C-K-Nb-O-P,"K,Nb,P,C,O",mp-767415,mp-1235953,"mp-767415,mp-1235953,mp-1235408",
BAT_00269,Li0-1KMnPCO7,KMnPCO7,KMnPCO7,KLiMnPCO7,Li,3.911643493333334,104.7106255582546,261.4066796240564,409.59063714780973,1022.5297374653115,0.013930594037867,0.0,0.0,1,5,C-K-Mn-O-P,"K,Mn,P,C,O",mp-773432,mp-761124,"mp-773432,mp-761124",
BAT_00270,Li0-1Na5Mn2P2(CO7)2,Na5Mn2P2(CO7)2,Na5Mn2P2(CO7)2,Na5LiMn2P2(CO7)2,Li,3.465166133333359,49.474196120260046,140.02385024634418,171.4363088698178,485.2059037325738,0.00011473435915200001,0.013562943600014001,0.011093385256416,1,5,C-Mn-Na-O-P,"Na,Mn,P,C,O",mp-754356,mp-754428,"mp-754356,mp-754428",
BAT_00271,Li0-1Na5Mn2P2(CO7)2,Na5Mn2P2(CO7)2,Na5Mn2P2(CO7)2,Na5LiMn2P2(CO7)2,Li,3.246949258333335,49.474196120260046,140.9665895272787,160.64020439931633,457.71136331537724,0.0036480612153150004,0.009688742800013,0.015761148910263,1,5,C-Mn-Na-O-P,"Na,Mn,P,C,O",mp-769461,mp-772315,"mp-769461,mp-772315",
BAT_00272,Li0-1Mn(CO3)2,Mn(CO3)2,Mn(CO3)2,LiMn(CO3)2,Li,4.428726200833343,147.34439811401836,452.7264733060239,652.5479964735721,2005.001594141265,0.05139695253248901,0.06846949694444601,0.0,1,3,C-Mn-O,"Mn,C,O",mp-754012,mp-1295192,"mp-754012,mp-1295192,mp-769558",
BAT_00273,Li0-2NaMnPCO7,NaMnPCO7,NaMnPCO7,NaLi2MnPCO7,Li,3.653551888333337,217.20063909665313,597.1185012213153,793.5538051187847,2181.6034276959085,0.013612153435616002,0.008573844090909001,0.032962369102567,2,5,C-Mn-Na-O-P,"Na,Mn,P,C,O",mp-769584,mp-755754,"mp-769584,mp-760044,mp-755754",More than one working ion per transition metal
BAT_00274,Li0-1Na2MnPCO7,Na2MnPCO7,Na2MnPCO7,Na2LiMnPCO7,Li,3.114832883333325,101.9692545379322,276.802005752807,317.61718712373715,862.1919896914636,0.027532452689224003,0.0,0.023052898205129003,1,5,C-Mn-Na-O-P,"Na,Mn,P,C,O",mp-780530,mp-764273,"mp-780530,mp-764273",
BAT_00275,Li0-1Na2MnPCO7,Na2MnPCO7,Na2MnPCO7,Na2LiMnPCO7,Li,3.204740440833338,101.9692545379322,287.1383454515097,326.7849937393397,920.2038677824264,0.00399348674755,0.010523772291668001,0.025851183589745003,1,5,C-Mn-Na-O-P,"Na,Mn,P,C,O",mp-768058,mp-772500,"mp-768058,mp-772500",
BAT_00276,Li0.5-2Mn(CO3)2,Mn(CO3)2,LiMn2(CO3)4,Li2Mn(CO3)2,Li,4.055691703333332,212.892821976685,500.2211639733941,863.4276517900615,2028.7428245586368,0.045566094111588004,0.09306983578949701,0.037816197272727003,2,3,C-Mn-O,"Mn,C,O",mp-763560,mp-765973,"mp-763560,mp-763549,mp-752801,mp-765973",More than one working ion per transition metal
BAT_00277,Li0.5-1.5Mn(CO3)2,Mn(CO3)2,LiMn2(CO3)4,Li3Mn2(CO3)4,Li,3.7441871833333282,144.5857745082549,309.4113032001192,541.3562038061306,1158.4938358203487,0.029486368044829004,0.093476159736864,0.086155967499998,2,3,C-Mn-O,"Mn,C,O",mp-758704,mp-758761,"mp-758704,mp-758258,mp-758761",More than one working ion per transition metal
BAT_00278,Li3-5Mn(CO3)4,Mn(CO3)4,Li3Mn(CO3)4,Li5Mn(CO3)4,Li,4.325464949583339,162.59155120807958,396.5091096357862,703.2840558489329,1715.0862559200907,0.077035606239165,0.09267638275000001,0.05023946159091101,1,3,C-Mn-O,"Mn,C,O",mp-758628,mp-765023,"mp-758628,mp-780774,mp-765023",More than one working ion per transition metal
BAT_00279,Li0-2Mn(CO3)2,Mn(CO3)2,Mn(CO3)2,Li2Mn(CO3)2,Li,3.902936863333335,283.8570959689133,639.7000089281352,1107.87632377582,2496.7087463202824,0.142999833083565,0.09588492305555701,0.052608475454545,2,3,C-Mn-O,"Mn,C,O",mp-762239,mp-765989,"mp-762239,mp-752632,mp-765989,mp-766018",More than one working ion per transition metal
BAT_00280,Li1.5-2MnCO5,MnCO5,Li3Mn2(CO5)2,Li2MnCO5,Li,4.789042105833322,83.3235619431333,274.04693291134265,399.04004655367635,1312.4223006868995,0.005250765213578,0.085433908529412,0.041861333888888005,1,3,C-Mn-O,"Mn,C,O",mp-758407,mp-764236,"mp-758407,mp-764236",More than one working ion per transition metal
BAT_00281,Li1.5-2.5MnPCO7,MnPCO7,Li3Mn2P2(CO7)2,Li5Mn2P2(CO7)2,Li,3.638080258333336,117.92751343274762,319.9343854086366,429.02975853401847,1163.94697151717,0.017337310307297002,0.030709326847781004,0.043169156099997004,1,4,C-Mn-O-P,"Mn,P,C,O",mp-768836,mp-769300,"mp-768836,mp-768837,mp-769300",More than one working ion per transition metal
BAT_00282,Li1-3MnPCO7,MnPCO7,LiMnPCO7,Li3MnPCO7,Li,3.6768441908333322,232.30761317793775,627.8765314441173,854.1588979996574,2308.604177200885,0.022366448441633,0.016184034772731,0.049749888076924,2,4,C-Mn-O-P,"Mn,P,C,O",mp-756529,mp-25461,"mp-756529,mp-25408,mp-770248,mp-768693,mp-756199,mp-768733,mp-768753,mp-756699,mp-754320,mp-25394,mp-755033,mp-768787,mp-768852,mp-768854,mp-768859,mp-754486,mp-768858,mp-25461",More than one working ion per transition metal
BAT_00283,Li1-2.5MnPCO7,MnPCO7,LiMnPCO7,Li5Mn2P2(CO7)2,Li,3.742693225000005,176.89127014912145,477.45042565617507,662.0497583487626,1786.950473376735,0.054217846988892,0.024451854545458,0.045205950499997004,2,4,C-Mn-O-P,"Mn,P,C,O",mp-768697,mp-768855,"mp-768697,mp-768688,mp-768927,mp-768855",More than one working ion per transition metal
BAT_00284,Li1-2MnPCO7,MnPCO7,LiMnPCO7,Li2MnPCO7,Li,3.869353735833333,119.75623047453588,325.6504526540383,463.37921777596307,1260.056795552719,0.026720925986597,0.024638690454549,0.033295579374998004,2,4,C-Mn-O-P,"Mn,P,C,O",mp-770237,mp-768948,"mp-770237,mp-768699,mp-768752,mp-768750,mp-768948",More than one working ion per transition metal
BAT_00285,Li1-2MnPCO7,MnPCO7,LiMnPCO7,Li2MnPCO7,Li,3.830000455833333,119.75623047453588,323.03190754347565,458.6664173063541,1237.2123531402228,0.014165616682839001,0.018719949318186,0.031149506666666004,1,4,C-Mn-O-P,"Mn,P,C,O",mp-1176660,mp-1177908,"mp-1176660,mp-770078,mp-768737,mp-1177908",More than one working ion per transition metal
BAT_00286,Li1.5-2.5MnPCO7,MnPCO7,Li3Mn2P2(CO7)2,Li5Mn2P2(CO7)2,Li,3.541382243333335,117.92751343274762,320.99741747003105,417.6264020711858,1136.7745543842257,0.004541860797021,0.024341368804303,0.045046475899996004,1,4,C-Mn-O-P,"Mn,P,C,O",mp-1177646,mp-768935,"mp-1177646,mp-768782,mp-768935",More than one working ion per transition metal
BAT_00287,Li4-6Mn2C4SO16,Mn2C4SO16,Li4Mn2C4SO16,Li6Mn2C4SO16,Li,3.88564301833333,109.927669930896,291.7430606572131,427.1396831886368,1133.6093867898974,0.0038496884881930003,0.067914018981465,0.051055045431033,1,4,C-Mn-O-S,"Mn,C,S,O",mp-776358,mp-771387,"mp-776358,mp-771387",More than one working ion per transition metal
BAT_00288,Li0-2MnCSO7,MnCSO7,MnCSO7,Li2MnCSO7,Li,4.264617193333334,238.35027808950213,594.5289190821462,1016.4726939762721,2535.438250251603,0.080578998315653,0.08731661375000101,0.06812439562500301,2,4,C-Mn-O-S,"Mn,C,S,O",mp-754649,mp-780526,"mp-754649,mp-754499,mp-780526,mp-770761",More than one working ion per transition metal
BAT_00289,Li1.5-2Ni(CO3)2,Ni(CO3)2,Li3Ni2(CO3)4,Li2Ni(CO3)2,Li,4.800974803333337,69.58054891180969,183.81178921692825,334.05446212770113,882.4757685860909,0.064203589821126,0.094229811547621,0.057637314090909005,1,3,C-Ni-O,"Ni,C,O",mp-765316,mp-766019,"mp-765316,mp-766019",More than one working ion per transition metal
BAT_00290,Li0-1Na5Ni2P2(CO7)2,Na5Ni2P2(CO7)2,Na5Ni2P2(CO7)2,Na5LiNi2P2(CO7)2,Li,4.15788013833333,48.79764624423513,146.2387607023399,202.89476411632128,608.0432385787398,0.0031362680693450004,0.009003742375006,0.009001983429487001,1,5,C-Na-Ni-O-P,"Na,Ni,P,C,O",mp-774601,mp-768847,"mp-774601,mp-768847",
BAT_00291,Li1-2Ni(CO3)2,Ni(CO3)2,LiNi(CO3)2,Li2Ni(CO3)2,Li,4.825231265833328,139.16109782361937,322.50861587189337,671.4844802062186,1556.1786568056907,0.068057442396159,0.144161839249999,0.06423243613636401,1,3,C-Ni-O,"Ni,C,O",mp-758769,mp-759758,"mp-758769,mp-757402,mp-759758",More than one working ion per transition metal
BAT_00292,Li2-3MnSiCO7,MnSiCO7,Li2MnSiCO7,Li3MnSiCO7,Li,3.700962993333324,117.62617061081579,326.2012472029299,435.3301044781411,1207.258744277219,0.013895798619325002,0.067690949374999,0.041341510039255,1,4,C-Mn-O-Si,"Mn,Si,C,O",mp-768606,mp-772668,"mp-768606,mp-772668",More than one working ion per transition metal
BAT_00293,Li1-2Ni(CO3)2,Ni(CO3)2,LiNi(CO3)2,Li2Ni(CO3)2,Li,4.3980102208333465,139.16109782361937,374.38578621732955,612.0319305706672,1646.5525143185437,0.007285311113242001,0.07732337275000101,0.042308470681818006,1,3,C-Ni-O,"Ni,C,O",mp-763540,mp-766032,"mp-763540,mp-752720,mp-766032",More than one working ion per transition metal
BAT_00294,Li1-2NiCSO7,NiCSO7,LiNiCSO7,Li2NiCSO7,Li,4.436482293333332,117.21777616649904,320.6384799911154,520.0345884265828,1422.506939041897,0.005053048162229,0.06649821693182001,0.06106806229167001,1,4,C-Ni-O-S,"Ni,C,S,O",mp-770369,mp-771145,"mp-770369,mp-771145",More than one working ion per transition metal
BAT_00295,Li1-3NiPCO7,NiPCO7,LiNiPCO7,Li3NiPCO7,Li,4.956460857083341,228.5873147769062,666.4201381782849,1132.984078117524,3303.0853292527404,0.042481563700836,0.17830127113635502,0.037214705192308004,2,4,C-Ni-O-P,"Ni,P,C,O",mp-25412,mp-25446,"mp-25412,mp-25396,mp-25446",More than one working ion per transition metal
BAT_00296,Li4-6Ni2C4SO16,Ni2C4SO16,Li4Ni2C4SO16,Li6Ni2C4SO16,Li,4.807225683333333,108.2601620393952,311.3415202222953,520.4310314376089,1496.688952300662,0.060481493732431,0.097929301944443,0.041723418189657004,1,4,C-Ni-O-S,"Ni,C,S,O",mp-778481,mp-776423,"mp-778481,mp-776423",More than one working ion per transition metal
BAT_00297,Li1-3TiPCO7,TiPCO7,LiTiPCO7,Li3TiPCO7,Li,1.083587045833338,239.6517168237939,630.6463563469914,259.6834958619825,683.360222239595,0.100540100729592,0.024932997272729,0.278737293942307,2,4,C-O-P-Ti,"Ti,P,C,O",mp-25418,mp-25462,"mp-25418,mp-753639,mp-25400,mp-25462",More than one working ion per transition metal
BAT_00298,Li0-2Mn3CrO8,Mn3CrO8,Mn3CrO8,Li2Mn3CrO8,Li,4.251562798333329,149.44198502723626,606.9123222700424,635.3619840508841,2580.3258512134007,0.044263271028789006,0.07427322666665101,0.06308297357143401,1,3,Cr-Mn-O,"Mn,Cr,O",mp-772951,mp-775679,"mp-772951,mp-775679,mp-774820",
BAT_00299,Li1-3VPCO7,VPCO7,LiVPCO7,Li3VPCO7,Li,2.7258338808333322,236.40220756556124,634.9586365508516,644.3931468860007,1730.791764438049,0.02099943443297,0.04338029954543501,0.068542503461541,2,4,C-O-P-V,"V,P,C,O",mp-753805,mp-25463,"mp-753805,mp-25421,mp-770949,mp-25402,mp-25463,mp-766585",More than one working ion per transition metal
BAT_00300,Li0-3.5Mn5Cr3O16,Mn5Cr3O16,Mn5Cr3O16,Li7Mn10Cr6O32,Li,4.561429463333335,131.94112756208406,536.8731729653305,601.8401466871122,2448.909109237312,0.030534358331588,0.095182845520819,0.078842921965908,1,3,Cr-Mn-O,"Mn,Cr,O",mp-771053,mp-769505,"mp-771053,mp-769505",
BAT_00301,Li0-8Mn15CrO32,Mn15CrO32,Mn15CrO32,Li8Mn15CrO32,Li,3.92352143083333,148.5283159926775,596.0921714248797,582.754030882855,2338.7804093374903,0.07437761113959601,0.049279892968735,0.025731728020847004,1,3,Cr-Mn-O,"Mn,Cr,O",mp-771190,mp-770529,"mp-771190,mp-770529",
BAT_00302,Li0.5-2MnCrO4,MnCrO4,LiMn2Cr2O8,Li2MnCrO4,Li,3.3535030858333332,217.52831055961684,885.7875849826869,729.4818607177867,2970.491399632296,0.044983324178502,0.11874499456731501,0.049130136854161004,2,3,Cr-Mn-O,"Mn,Cr,O",mp-780849,mp-770856,"mp-780849,mp-780408,mp-770856",
BAT_00303,Li1-3MnCr2O6,MnCr2O6,LiMnCr2O6,Li3MnCr2O6,Li,3.4006161533333352,194.3899593804655,791.7018441868494,661.045635915022,2692.2740799655917,0.021698945562994003,0.13958775043749702,0.039447473944443,2,3,Cr-Mn-O,"Mn,Cr,O",mp-850948,mp-774249,"mp-850948,mp-850919,mp-774249",
BAT_00304,Li0-9Mn7Cr12O48,Mn7Cr12O48,Mn7Cr12O48,Li9Mn7Cr12O48,Li,4.247998799999997,131.1683602097151,430.03564217979334,557.2030367688371,1826.7908919369902,0.041312813918347006,0.078913111246269,0.095079069541117,1,3,Cr-Mn-O,"Mn,Cr,O",mp-773028,mp-851099,"mp-773028,mp-851099",
BAT_00305,Li0.5-2MnCrO4,MnCrO4,LiMn2Cr2O8,Li2MnCrO4,Li,3.497715996666665,217.52831055961684,889.2884794014842,760.852251572246,3110.4785400539454,0.048076948049716,0.137547542067315,0.037367285916661004,2,3,Cr-Mn-O,"Mn,Cr,O",mp-780798,mp-755443,"mp-780798,mp-1176640,mp-756884,mp-755443",
BAT_00306,Li0-2Mn3CrO8,Mn3CrO8,Mn3CrO8,Li2Mn3CrO8,Li,4.162324638333328,149.44198502723626,604.9990542237256,622.0260562803059,2518.2024695637742,0.045300576194562,0.07469319270831801,0.07619125303572001,2,3,Cr-Mn-O,"Mn,Cr,O",mp-756043,mp-768844,"mp-756043,mp-756504,mp-768844",
BAT_00307,Li0-3Mn2CrO6,Mn2CrO6,Mn2CrO6,Li3Mn2CrO6,Li,3.419366811666667,288.5068883352084,1182.6195938558335,986.5108789106326,4043.8101900573506,0.07898909560249501,0.073435061111098,0.056263889074074,1,3,Cr-Mn-O,"Mn,Cr,O",mp-775006,mp-774897,"mp-775006,mp-774897",
BAT_00308,Li0-8Mn13Cr3O32,Mn13Cr3O32,Mn13Cr3O32,Li8Mn13Cr3O32,Li,4.2334136645833365,149.13618225656714,603.3029963437774,631.3551518487421,2554.0311486058176,0.042027081069449,0.07438875682290201,0.045723094107144,1,3,Cr-Mn-O,"Mn,Cr,O",mp-775873,mp-775158,"mp-775873,mp-775158",
BAT_00309,Li0.67-2MnCrO4,MnCrO4,Li2Mn3Cr3O12,Li2MnCrO4,Li,3.252980979583334,193.358498275215,789.5955042615673,628.9915171300713,2568.53915692739,0.007302823890890001,0.12496193381250001,0.049065039041661006,1,3,Cr-Mn-O,"Mn,Cr,O",mp-850956,mp-1101152,"mp-850956,mp-1101152",
BAT_00310,Li0-3Mn5Cr2O12,Mn5Cr2O12,Mn5Cr2O12,Li3Mn5Cr2O12,Li,3.414352073333328,135.9335329131236,579.8343499722147,464.1249399374477,1979.7586150175136,0.058107859758662006,0.10527947075657601,0.176638252045446,1,3,Cr-Mn-O,"Mn,Cr,O",mp-755906,mp-850947,"mp-755906,mp-2214957,mp-850947",
BAT_00311,Li0-2MnCr(PO4)2,MnCr(PO4)2,MnCr(PO4)2,Li2MnCr(PO4)2,Li,3.219440843333335,172.4905308840205,570.7136542917073,555.3230602162656,1837.3788484747436,0.11090595749197801,0.022196526666666,0.0022829413839300003,1,4,Cr-Mn-O-P,"Mn,Cr,P,O",mp-775016,mp-757355,"mp-775016,mp-757355",
BAT_00312,Li0-4Mn5Cr(PO4)6,Mn5Cr(PO4)6,Mn5Cr(PO4)6,Li4Mn5Cr(PO4)6,Li,3.460040498333332,115.98876846039572,370.9933174265564,401.3258362247771,1283.6519029069184,0.07167074241299501,0.039637030277809,0.073107727402777,1,4,Cr-Mn-O-P,"Mn,Cr,P,O",mp-771695,mp-759645,"mp-771695,mp-2214497,mp-759645",
BAT_00313,Li0-5Mn3Cr(PO4)4,Mn3Cr(PO4)4,Mn3Cr(PO4)4,Li5Mn3Cr(PO4)4,Li,2.740350369333332,212.23829706693465,674.5245246413349,581.6072957540518,1848.4335302252723,0.15245377261172602,0.015654137500002,0.09164673773275801,2,4,Cr-Mn-O-P,"Mn,Cr,P,O",mp-774508,mp-764909,"mp-774508,mp-756806,mp-764909",More than one working ion per transition metal
BAT_00314,Li0-4MnCr3(PO4)4,MnCr3(PO4)4,MnCr3(PO4)4,Li4MnCr3(PO4)4,Li,2.921545058333327,173.3108954385733,571.1067125766655,506.3355901238878,1668.5139939093488,0.121907291740923,0.032169252499999,0.004848581540178001,1,4,Cr-Mn-O-P,"Mn,Cr,P,O",mp-775116,mp-768041,"mp-775116,mp-768041",
BAT_00315,Li0-6Mn3Cr(PO4)6,Mn3Cr(PO4)6,Mn3Cr(PO4)6,Li6Mn3Cr(PO4)6,Li,4.259802988333324,194.14694459192364,572.032351867595,827.0277347484606,2436.7451219089207,0.060179756868359004,0.061740761911765,0.060109882627461,1,4,Cr-Mn-O-P,"Mn,Cr,P,O",mp-771880,mp-771092,"mp-771880,mp-771092",More than one working ion per transition metal
BAT_00316,Li0-8Mn7Cr(PO4)12,Mn7Cr(PO4)12,Mn7Cr(PO4)12,Li8Mn7Cr(PO4)12,Li,4.8985391620833285,131.40019919163885,394.7105694441078,643.669021645793,1933.5051821101733,0.062513349019564,0.08131167852939601,0.016781328125003003,1,4,Cr-Mn-O-P,"Mn,Cr,P,O",mp-778074,mp-776829,"mp-778074,mp-776829",
BAT_00317,Li0-6MnCr3(PO4)6,MnCr3(PO4)6,MnCr3(PO4)6,Li6MnCr3(PO4)6,Li,4.33996152666667,195.53597492714533,582.6138597702405,848.6186082630694,2528.5217363056145,0.008521003646523001,0.060196161323530006,0.058126859174959,1,4,Cr-Mn-O-P,"Mn,Cr,P,O",mp-774419,mp-767775,"mp-774419,mp-767775",More than one working ion per transition metal
BAT_00318,Li0-4Mn3Cr2Sn(PO4)6,Mn3Cr2Sn(PO4)6,Mn3Cr2Sn(PO4)6,Li4Mn3Cr2Sn(PO4)6,Li,3.111972105833335,108.82651385067733,359.3320891438682,338.66507547839296,1118.2314381465353,0.09198446901732901,0.08622728833333501,0.10031881507916601,1,5,Cr-Mn-O-P-Sn,"Mn,Cr,Sn,P,O",mp-1176479,mp-1177389,"mp-1176479,mp-1177389",
BAT_00319,Li0-4TiMn3Cr2(PO4)6,TiMn3Cr2(PO4)6,TiMn3Cr2(PO4)6,Li4TiMn3Cr2(PO4)6,Li,3.021410403333324,117.25907163798924,365.1165483737654,354.28777893222826,1103.1669376856498,0.097218717814328,0.08153548902776901,0.08260620152777401,1,5,Cr-Mn-O-P-Ti,"Ti,Mn,Cr,P,O",mp-776109,mp-778261,"mp-776109,mp-778261",
BAT_00320,Li0-1Ti3MnCr(PO4)6,Ti3MnCr(PO4)6,Ti3MnCr(PO4)6,LiTi3MnCr(PO4)6,Li,4.831531363333345,32.39615773135617,98.1230768758422,156.52305213054134,474.08472339240046,0.006442879275046,0.018451356535708,0.000113686111099,1,5,Cr-Mn-O-P-Ti,"Ti,Mn,Cr,P,O",mp-771886,mp-771567,"mp-771886,mp-771567",
BAT_00321,Li0-4Mn3Cr2Sb3O16,Mn3Cr2Sb3O16,Mn3Cr2Sb3O16,Li4Mn3Cr2Sb3O16,Li,3.336725540833332,116.80231710510816,548.3407866181669,389.7372747131284,1829.662707789478,0.125235576735047,0.09624982786458301,0.110537933355665,1,4,Cr-Mn-O-Sb,"Mn,Cr,Sb,O",mp-754681,mp-761171,"mp-754681,mp-761171",
BAT_00322,Li0-4Ti3Mn3Cr2O16,Ti3Mn3Cr2O16,Ti3Mn3Cr2O16,Li4Ti3Mn3Cr2O16,Li,3.792199145833334,153.99571563848673,611.4188701512123,583.9824213062624,2318.6221171338098,0.09718378086603001,0.098157604895831,0.128200394166677,1,4,Cr-Mn-O-Ti,"Ti,Mn,Cr,O",mp-756780,mp-771394,"mp-756780,mp-771394",
BAT_00323,Li0-4Mn3Cr3(SbO8)2,Mn3Cr3(SbO8)2,Mn3Cr3(SbO8)2,Li4Mn3Cr3(SbO8)2,Li,3.9347235658333273,126.41062714730977,590.2323094089656,497.39087360828995,2322.4009771476854,0.083319995164706,0.065789299895818,0.066727633409861,1,4,Cr-Mn-O-Sb,"Mn,Cr,Sb,O",mp-756838,mp-774806,"mp-756838,mp-774806",
BAT_00324,Li0-4Mn2Cr3Sb3O16,Mn2Cr3Sb3O16,Mn2Cr3Sb3O16,Li4Mn2Cr3Sb3O16,Li,3.587113140833328,117.1779061828856,547.0036780625803,420.33040708396385,1962.1640816624454,0.126429960509754,0.11035022197918001,0.069698345751488,1,4,Cr-Mn-O-Sb,"Mn,Cr,Sb,O",mp-1176495,mp-766080,"mp-1176495,mp-766080",
BAT_00325,Li0-4Mn3Cr3(TeO8)2,Mn3Cr3(TeO8)2,Mn3Cr3(TeO8)2,Li4Mn3Cr3(TeO8)2,Li,3.4972674333333322,124.69330887198537,575.1359148043706,436.0858482725686,2011.4041045856989,0.09190711939741,0.08189201312500101,0.127415583660715,1,4,Cr-Mn-O-Te,"Mn,Cr,Te,O",mp-772061,mp-774791,"mp-772061,mp-774791",
BAT_00326,Li0-4Mn3Cr3(SnO8)2,Mn3Cr3(SnO8)2,Mn3Cr3(SnO8)2,Li4Mn3Cr3(SnO8)2,Li,4.12442784833333,127.32645379899978,596.3373771032277,525.1487718781219,2459.5504851266073,0.06077078092106201,0.08261516260415101,0.12849861750000002,1,4,Cr-Mn-O-Sn,"Mn,Cr,Sn,O",mp-771095,mp-776096,"mp-771095,mp-776096",
BAT_00327,Li0-4Ti3Mn2Cr3O16,Ti3Mn2Cr3O16,Ti3Mn2Cr3O16,Li4Ti3Mn2Cr3O16,Li,3.909648073333334,154.64925573093572,613.5858204820022,604.6241647108869,2398.904620872113,0.081448779293755,0.10133956458333201,0.11414600682144802,1,4,Cr-Mn-O-Ti,"Ti,Mn,Cr,O",mp-776119,mp-778223,"mp-776119,mp-778223",
BAT_00328,Li0-4Mn3V2Cr3O16,Mn3V2Cr3O16,Mn3V2Cr3O16,Li4Mn3V2Cr3O16,Li,3.731875370833333,151.75520868165023,621.854187378974,566.3315256747233,2320.6823261291693,0.08084459026964601,0.083641084843749,0.143167792142849,1,4,Cr-Mn-O-V,"Mn,V,Cr,O",mp-773144,mp-770036,"mp-773144,mp-770036,mp-754762",
BAT_00329,Li4-1Mn2V3Cr3O16,Mn2V3Cr3O16,Li4Mn2V3Cr3O16,Li10Mn2V3Cr3O16,Li,2.008455756666667,216.11504026913673,846.1774062596224,434.05749673079634,1699.5098827634083,0.086689378257871,0.10947531884920801,0.057044194754902,1,4,Cr-Mn-O-V,"Mn,V,Cr,O",mp-773000,mp-760787,"mp-773000,mp-760787",More than one working ion per transition metal
BAT_00330,Li0-4Ti2Mn3Cr3O16,Ti2Mn3Cr3O16,Ti2Mn3Cr3O16,Li4Ti2Mn3Cr3O16,Li,4.01006557833333,153.0877161650353,623.5328505551922,613.8917810590708,2500.4076209714367,0.07926709576468001,0.08363616968749901,0.145711233571429,1,4,Cr-Mn-O-Ti,"Ti,Mn,Cr,O",mp-771173,mp-770152,"mp-771173,mp-770152",
BAT_00331,Li0-4Mn3Cr3(WO8)2,Mn3Cr3(WO8)2,Mn3Cr3(WO8)2,Li4Mn3Cr3(WO8)2,Li,3.384493700833329,110.26729364914009,577.9214624852755,373.1989607634536,1955.9715493578003,0.086251404140659,0.08641574152343101,0.08137709200000001,1,4,Cr-Mn-O-W,"Mn,Cr,W,O",mp-755961,mp-776267,"mp-755961,mp-776267",
BAT_00332,Li0-6NbCr3(PO4)6,NbCr3(PO4)6,NbCr3(PO4)6,Li6NbCr3(PO4)6,Li,3.56281792,186.9069138176836,557.0718157873088,665.9153019215388,1984.745448013963,0.016252159727363002,0.065801765098028,0.078211226000005,1,4,Cr-Nb-O-P,"Nb,Cr,P,O",mp-780614,mp-758746,"mp-780614,mp-758746",More than one working ion per transition metal
BAT_00333,Li0-4NbV3Cr2(PO4)6,NbV3Cr2(PO4)6,NbV3Cr2(PO4)6,Li4NbV3Cr2(PO4)6,Li,1.857661768333334,113.16816060452868,360.47096698438224,210.22816534763956,669.6331339610346,0.077811473278727,0.063389472847237,0.102484289058773,1,5,Cr-Nb-O-P-V,"Nb,V,Cr,P,O",mp-774893,mp-1177323,"mp-774893,mp-1177323",
BAT_00334,Li3-4Cr3NiO8,Cr3NiO8,Li3Cr3NiO8,Li4Cr3NiO8,Li,3.779084815833333,72.35022143981372,308.81747588833423,273.4176232653793,1167.0474339935804,0.003949354393029,0.06679518246297,0.017318326093749,1,3,Cr-Ni-O,"Cr,Ni,O",mp-768676,mp-754209,"mp-768676,mp-754209",
BAT_00335,Li3-4Cr3NiO8,Cr3NiO8,Li3Cr3NiO8,Li4Cr3NiO8,Li,3.60351943833334,72.35022143981372,305.8292786463667,260.7154293260904,1102.061750413646,0.010534000656814,0.055751571629638,0.017937777031249002,1,3,Cr-Ni-O,"Cr,Ni,O",mp-756615,mp-1290930,"mp-756615,mp-1290930,mp-1317583,mp-754314",
BAT_00336,Li0-4Ti3Nb2Cr3O16,Ti3Nb2Cr3O16,Ti3Nb2Cr3O16,Li4Ti3Nb2Cr3O16,Li,2.594836258333335,139.38116645533415,587.5370461660132,361.6713044470951,1524.5624305056378,0.045894347807866005,0.096592986369037,0.050249087678571,1,4,Cr-Nb-O-Ti,"Ti,Nb,Cr,O",mp-777531,mp-774924,"mp-777531,mp-774924",
BAT_00337,Li2-5Cr3NiO8,Cr3NiO8,Li2Cr3NiO8,Li5Cr3NiO8,Li,2.8407774783333313,213.05855801799632,877.8916456860259,605.2519531836994,2493.8948154818468,0.07312520163479101,0.06472803547618901,0.05909702764705901,1,3,Cr-Ni-O,"Cr,Ni,O",mp-772613,mp-759984,"mp-772613,mp-759984",More than one working ion per transition metal
BAT_00338,Li3-4CrNi3O8,CrNi3O8,Li3CrNi3O8,Li4CrNi3O8,Li,3.555958013333328,69.82543601455284,316.71752752788484,248.29631873044275,1126.2342299759011,0.0036739620206410004,0.089458062666667,0.038079529895833006,1,3,Cr-Ni-O,"Cr,Ni,O",mp-755220,mp-757137,"mp-755220,mp-757137",
BAT_00339,Li0-3Cr3(NiO6)2,Cr3(NiO6)2,Cr3(NiO6)2,Li3Cr3(NiO6)2,Li,4.111951858333332,165.37628210666156,531.9144525212757,680.0193105327444,2187.2066215192167,0.039517638305891,0.09329356355882101,0.063347513916664,1,3,Cr-Ni-O,"Cr,Ni,O",mp-776211,mp-772885,"mp-776211,mp-772885",
BAT_00340,Li4-5Cr2Ni5O12,Cr2Ni5O12,Li4Cr2Ni5O12,Li5Cr2Ni5O12,Li,3.912725383333343,42.940287692622036,207.44974530551323,168.0135536225586,811.6938842229187,0.012486007456618,0.099127818007242,0.04960724927083,1,3,Cr-Ni-O,"Cr,Ni,O",mp-780469,mp-774237,"mp-780469,mp-774237",
BAT_00341,Li2-5Cr3NiO8,Cr3NiO8,Li2Cr3NiO8,Li5Cr3NiO8,Li,2.830299709166667,213.05855801799632,874.6036190889508,603.0195747938044,2475.390368743572,0.052069110536555004,0.051279081369046006,0.049870436470588,1,3,Cr-Ni-O,"Cr,Ni,O",mp-1178044,mp-759272,"mp-1178044,mp-775440,mp-759272",More than one working ion per transition metal
BAT_00342,Li1-2CrNiO4,CrNiO4,LiCrNiO4,Li2CrNiO4,Li,3.533949948333334,142.13082178025928,630.3844152783632,502.28321028692164,2227.746971803111,0.000977012060943,0.10263302202381501,0.038422969687499,1,3,Cr-Ni-O,"Cr,Ni,O",mp-768708,mp-762507,"mp-768708,mp-756976,mp-762507",
BAT_00343,Li0-2CrNi(PO4)2,CrNi(PO4)2,CrNi(PO4)2,Li2CrNi(PO4)2,Li,3.683689068333333,170.4309636906208,597.1125718315737,627.8146778526551,2199.5770534203707,0.07517508863331801,0.06157465208333301,0.035963272589288005,1,4,Cr-Ni-O-P,"Cr,Ni,P,O",mp-775333,mp-757714,"mp-775333,mp-757714",
BAT_00344,Li0-4CrNi5(PO4)6,CrNi5(PO4)6,CrNi5(PO4)6,Li4CrNi5(PO4)6,Li,4.270554878333333,113.67936510666743,399.7782832287575,485.47396722211465,1707.2750976942953,0.012866276084564001,0.08769315875001,0.088112594392855,1,4,Cr-Ni-O-P,"Cr,Ni,P,O",mp-771940,mp-759831,"mp-771940,mp-759831",
BAT_00345,Li0-6Cr3Ni(PO4)6,Cr3Ni(PO4)6,Cr3Ni(PO4)6,Li6Cr3Ni(PO4)6,Li,4.548315673333334,194.6471511276547,590.2303756979018,885.3166882435941,2684.554068664189,0.024194724778757,0.091504492647051,0.049437805000042,1,4,Cr-Ni-O-P,"Cr,Ni,P,O",mp-774406,mp-757295,"mp-774406,mp-757295",More than one working ion per transition metal
BAT_00346,Li0-4CrNi3(PO4)4,CrNi3(PO4)4,CrNi3(PO4)4,Li4CrNi3(PO4)4,Li,4.358844675833329,168.63549245681264,611.7626256008914,735.0559184519093,2666.5782634742636,0.06516831872638901,0.09487148020833301,0.02127839111607,1,4,Cr-Ni-O-P,"Cr,Ni,P,O",mp-754644,mp-757068,"mp-754644,mp-757068",
BAT_00347,Li0-4Cr3Ni(PO4)4,Cr3Ni(PO4)4,Cr3Ni(PO4)4,Li4Cr3Ni(PO4)4,Li,3.132446093333333,172.26507933274064,581.760616232627,539.6110747736001,1822.3337695730845,0.11634652513257401,0.049440572708332006,0.042544476874994006,1,4,Cr-Ni-O-P,"Cr,Ni,P,O",mp-775135,mp-757193,"mp-775135,mp-757193",
BAT_00348,Li0-2Cr3Ni(SO4)6,Cr3Ni(SO4)6,Cr3Ni(SO4)6,Li2Cr3Ni(SO4)6,Li,3.652284303333336,66.59255212253618,193.9798630761737,243.2149328360459,708.469609075859,0.035965311096069,0.004220016642154,0.027950900347221003,2,4,Cr-Ni-O-S,"Cr,Ni,S,O",mp-774914,mp-772134,"mp-774914,mp-766088,mp-772134",
BAT_00349,Li0-4VCr2Ni3(PO4)6,VCr2Ni3(PO4)6,VCr2Ni3(PO4)6,Li4VCr2Ni3(PO4)6,Li,3.391094908333348,115.4482269866695,387.7333051289365,391.49589471060756,1314.8404368139968,0.061638613611474005,0.088483881597225,0.102879205968744,1,5,Cr-Ni-O-P-V,"V,Cr,Ni,P,O",mp-780465,mp-1177231,"mp-780465,mp-1177231",
BAT_00350,Li0-4TiCr2Ni3(PO4)6,TiCr2Ni3(PO4)6,TiCr2Ni3(PO4)6,Li4TiCr2Ni3(PO4)6,Li,3.440588923333327,115.83173154189878,383.55281337479346,398.5293725135765,1319.6475612106492,0.062048546724213005,0.08965563451388901,0.09848617478124401,1,5,Cr-Ni-O-P-Ti,"Ti,Cr,Ni,P,O",mp-776057,mp-1177293,"mp-776057,mp-1177293",
BAT_00351,Li7.5-8.5CrO6,CrO6,Li15Cr2O12,Li17Cr2O12,Li,2.249027318333323,129.4813839508186,341.3885670046931,291.20716972099694,767.7922133602209,0.041033951927013,0.070449125086207,0.067992455887099,1,2,Cr-O,"Cr,O",mp-758530,mp-754575,"mp-758530,mp-754575",More than one working ion per transition metal
BAT_00352,Li2-4CrO4,CrO4,Li2CrO4,Li4CrO4,Li,2.645894980833334,372.8701995839373,960.7697564912212,986.5753895814631,2542.0958764365864,0.011957364444607,0.049585200238095005,0.017784895833337002,2,2,Cr-O,"Cr,O",mp-758665,mp-756711,"mp-758665,mp-756873,mp-753141,mp-753258,mp-757971,mp-756711",More than one working ion per transition metal
BAT_00353,Li0-1CrO2,CrO2,CrO2,LiCrO2,Li,-0.34881119666666505,294.72937690575327,1423.4292269793689,-102.80490665131644,-496.5080520329801,0.15513928434877802,0.192758304999983,1.104617734999999,1,2,Cr-O,"Cr,O",mp-1009555,mp-1236414,"mp-1009555,mp-1236414",
BAT_00354,Li0.6-0.8CrO2,CrO2,Li3Cr5O10,Li4Cr5O10,Li,3.867568693333346,59.859675112512996,240.6937278024596,231.5114054582605,930.8995263304907,0.000333170973193,0.068652984135795,0.034968337485378004,1,2,Cr-O,"Cr,O",mp-762282,mp-753172,"mp-762282,mp-753172",
BAT_00355,Li0-1CrO2,CrO2,CrO2,LiCrO2,Li,4.059322523333336,294.72937690575327,1211.8065127313596,1196.4015979615244,4919.113471052434,0.002416179295348,0.191386785833318,0.0015556656249990002,2,2,Cr-O,"Cr,O",mp-1400837,mp-756362,"mp-1400837,mp-774032,mp-772941,mp-1045536,mp-756362",
BAT_00356,Li0-0.5CrO2,CrO2,CrO2,LiCr2O4,Li,2.359274233333335,153.21190519544808,664.1984527692747,361.46890016753036,1567.026295438418,0.11212447085603001,0.0,0.189611718888884,1,2,Cr-O,"Cr,O",mp-19177,mp-1235526,"mp-19177,mp-1281333,mp-21395,mp-1235526",
BAT_00357,Li0.67-1CrO2,CrO2,Li2Cr3O6,LiCrO2,Li,3.961170205833333,98.24312563525112,397.99109356947616,389.1577421942977,1576.5104620344355,0.031031858222083004,0.097588626565657,0.034043173125,1,2,Cr-O,"Cr,O",mp-753941,mp-753227,"mp-753941,mp-753227",
BAT_00358,Li0-1CrO2,CrO2,CrO2,LiCrO2,Li,4.045066633333332,294.72937690575327,1208.6884220905908,1192.199968384586,4889.225206294964,0.063528921598051,0.18456060166665,0.0,3,2,Cr-O,"Cr,O",mp-714929,mp-18793,"mp-714929,mp-25302,mp-1176774,mp-768634,mp-18793",
BAT_00359,Li0-1Cr3O8,Cr3O8,Cr3O8,LiCr3O8,Li,4.716005218333341,92.12521167988221,293.960815336028,434.46297902238814,1386.3207391102317,0.11367816031389501,0.049332349454545,0.003005624583333,1,2,Cr-O,"Cr,O",mp-545796,mp-554940,"mp-545796,mp-554940",
BAT_00360,Li6-8CrO6,CrO6,Li6CrO6,Li8CrO6,Li,3.054177015833329,263.3786880964216,609.1085891534607,804.4051356444261,1860.3254531391658,0.029667906830255,0.08169037589743501,0.0038918985,2,2,Cr-O,"Cr,O",mp-753796,mp-780493,"mp-753796,mp-771074,mp-780493",More than one working ion per transition metal
BAT_00361,Li2-3CrO4,CrO4,Li2CrO4,Li3CrO4,Li,2.965592918333333,195.8933459538484,506.3721584949287,580.9399195093545,1501.6936872737247,0.029444052003422,0.020319052380952003,0.0,1,2,Cr-O,"Cr,O",mp-756967,mp-770632,"mp-756967,mp-770632",More than one working ion per transition metal
BAT_00362,Li0-9Cr19O48,Cr19O48,Cr19O48,Li9Cr19O48,Li,4.254333978888886,132.6538865348815,450.0553081912915,564.3539369170173,1914.685590017521,0.006590286312381,0.09803516585074501,0.06586282942984001,1,2,Cr-O,"Cr,O",mp-850874,mp-851096,"mp-850874,mp-851096",
BAT_00363,Li0-0.5CrO2,CrO2,CrO2,LiCr2O4,Li,7.82456383833333,153.21190519544808,649.9286738542323,1198.8163329944575,5085.408398935763,0.01142216166251,0.7513489637499831,0.052869458531741007,1,2,Cr-O,"Cr,O",mp-1047121,mp-770684,"mp-1047121,mp-770684",
BAT_00364,Li0-2Cr5O12,Cr5O12,Cr5O12,Li2Cr5O12,Li,3.305657543333343,115.06354503367844,344.2462614679393,380.360675603255,1137.9602509857962,0.013605668077345002,0.0,0.07534122192982701,1,2,Cr-O,"Cr,O",mp-773920,mp-772650,"mp-773920,mp-772650",
BAT_00365,Li0.5-1.25CrO2,CrO2,LiCr2O4,Li5Cr4O8,Li,2.105119911666667,216.90796821905113,854.2203058132708,456.6172828970851,1798.2361747175057,0.100133354326063,0.038175060674600005,0.10136576000000201,1,2,Cr-O,"Cr,O",mp-771523,mp-849547,"mp-771523,mp-771322,mp-849547",More than one working ion per transition metal
BAT_00366,Li0-9Cr19O48,Cr19O48,Cr19O48,Li9Cr19O48,Li,4.068871911111113,132.6538865348815,450.5182172242569,539.7516728215,1833.1009195076338,0.004254034628494,0.08520998629850701,0.07651903442983901,1,2,Cr-O,"Cr,O",mp-780521,mp-851274,"mp-780521,mp-851274",
BAT_00367,Li0-1CrO3,CrO3,CrO3,LiCrO3,Li,3.713144153333336,250.63268299021829,893.7703977479051,930.6352814793764,3318.6983268200443,0.010061862850069,0.40224307075000004,0.40936655516666304,1,2,Cr-O,"Cr,O",mp-1429856,mp-1185311,"mp-1429856,mp-1185311",
BAT_00368,Li0-1Cr3O8,Cr3O8,Cr3O8,LiCr3O8,Li,4.722374733333344,92.12521167988221,296.6257967610144,435.0497719400616,1400.778167879086,0.090352278229007,0.046632533090909006,0.0,1,2,Cr-O,"Cr,O",mp-2220540,mp-674219,"mp-2220540,mp-754874,mp-674219",
BAT_00369,Li0-0.5CrO2,CrO2,CrO2,LiCr2O4,Li,3.8808024583333323,153.21190519544808,624.2236979180005,594.5851383284283,2422.4888614301,0.025467479299231002,0.16556981666665002,0.114167529603172,1,2,Cr-O,"Cr,O",mp-1389152,mp-1045514,"mp-1389152,mp-1045514",
BAT_00370,Li0-1Cr3P3O13,Cr3P3O13,Cr3P3O13,LiCr3P3O13,Li,4.887051348333334,57.78139049329505,183.45765748822143,282.3806223188325,896.5669923898876,0.00393533393129,0.06350806394736801,0.036321123500002,1,3,Cr-O-P,"Cr,P,O",mp-1047904,mp-1012789,"mp-1047904,mp-1012789",
BAT_00371,Li0-1CrPO4,CrPO4,CrPO4,LiCrPO4,Li,3.297318635833332,174.13910058671036,498.7831839368532,574.1921015918151,1644.6470876352707,0.048512451458782004,0.17306629625,0.023396585267847003,1,3,Cr-O-P,"Cr,P,O",mp-689963,mp-583853,"mp-689963,mp-583853",
BAT_00372,Li0-1Cr2P3O11,Cr2P3O11,Cr2P3O11,LiCr2P3O11,Li,4.01718268333335,70.5584580912052,229.83141712235266,283.44621600669143,923.274788949879,0.034496695401371,0.016253660156252,0.049659734117632005,1,3,Cr-O-P,"Cr,P,O",mp-25818,mp-25817,"mp-25818,mp-25817",
BAT_00373,Li0-1Cr4P7O24,Cr4P7O24,Cr4P7O24,LiCr4P7O24,Li,4.064203288333378,32.85593117732143,99.57101419129069,133.53318353212492,404.6768432989331,0.010238602187449,0.019890430642865,0.034258371805556,1,3,Cr-O-P,"Cr,P,O",mp-585323,mp-1101527,"mp-585323,mp-1101527,mp-705154",
BAT_00374,Li0-1CrPO4,CrPO4,CrPO4,LiCrPO4,Li,2.403661015833333,174.13910058671036,590.0238420491671,418.5713674125552,1418.2173075457872,0.155963442498414,0.016958746666666,0.017255488482132,1,3,Cr-O-P,"Cr,P,O",mp-18906,mp-26317,"mp-18906,mp-26317",
BAT_00375,Li0-1CrP2O7,CrP2O7,CrP2O7,LiCrP2O7,Li,5.2703603833333315,115.08687885832727,356.6495544579352,606.5493269764103,1879.671682548585,0.025945099195064002,0.09328791625000801,0.023987125454544,1,3,Cr-O-P,"Cr,P,O",mp-540267,mp-26435,"mp-540267,mp-26435",
BAT_00376,Li0-1CrP2O7,CrP2O7,CrP2O7,LiCrP2O7,Li,4.725379695833316,115.08687885832727,337.4424760164823,543.8292006139682,1594.543824680006,0.034961011737300006,0.026424071750008,0.012745511136364001,1,3,Cr-O-P,"Cr,P,O",mp-26458,mp-1101520,"mp-26458,mp-1101520,mp-705291",
BAT_00377,Li1-3Cr2(PO4)3,Cr2(PO4)3,LiCr2(PO4)3,Li3Cr2(PO4)3,Li,4.124801530833328,130.82531349913754,397.73905665364913,539.6284533929926,1640.5946697571758,0.014170491329030001,0.034257522777786,0.0361631665,1,3,Cr-O-P,"Cr,P,O",mp-1101602,mp-25837,"mp-1101602,mp-25837",More than one working ion per transition metal
BAT_00378,Li0-2Cr3(P2O7)2,Cr3(P2O7)2,Cr3(P2O7)2,Li2Cr3(P2O7)2,Li,3.444103373333338,103.52919936233822,319.15946012125426,356.5652647623288,1099.218173234859,0.07046611075435401,0.10919568190477001,0.034991623695643,1,3,Cr-O-P,"Cr,P,O",mp-1172917,mp-697855,"mp-1172917,mp-697855",
BAT_00379,Li0-1Cr(PO4)2,Cr(PO4)2,Cr(PO4)2,LiCr(PO4)2,Li,5.273146070833325,107.68844462604527,299.8480983606607,567.8568986539826,1581.142821717362,0.030189224207825,0.15208694977273302,0.083429164791671,1,3,Cr-O-P,"Cr,P,O",mp-697815,mp-697692,"mp-697815,mp-697692",
BAT_00380,Li0-2Cr(PO3)4,Cr(PO3)4,Cr(PO3)4,Li2Cr(PO3)4,Li,4.244246139583329,140.40791896590994,393.84893413274887,595.9257680379922,1671.5918182719283,0.022332239426021003,0.08360082470588401,0.028201737961483002,2,3,Cr-O-P,"Cr,P,O",mp-1178438,mp-697850,"mp-1178438,mp-1172915,mp-697850",More than one working ion per transition metal
BAT_00381,Li0-2Cr(PO3)5,Cr(PO3)5,Cr(PO3)5,Li2Cr(PO3)5,Li,5.379477678333336,116.34154934359054,283.5148983718379,625.8567677565617,1525.1620672662461,0.010844300698721,0.086211758809526,0.043960302318843,2,3,Cr-O-P,"Cr,P,O",mp-705019,mp-704942,"mp-705019,mp-705030,mp-704942",More than one working ion per transition metal
BAT_00382,Li0-2Cr(PO3)5,Cr(PO3)5,Cr(PO3)5,Li2Cr(PO3)5,Li,5.545836435833327,116.34154934359054,293.84411422899865,645.2112033509853,1629.611395146351,0.010035331494701,0.090196938809525,0.033132966014495,1,3,Cr-O-P,"Cr,P,O",mp-705300,mp-1101550,"mp-705300,mp-1101550",More than one working ion per transition metal
BAT_00383,Li2-3Cr(PO4)2,Cr(PO4)2,Li2Cr(PO4)2,Li3Cr(PO4)2,Li,4.60104921333333,101.99914408176696,322.12400318662634,469.3030816380869,1482.1083914576102,0.010160537700989,0.07134143430402501,0.029129117321430004,1,3,Cr-O-P,"Cr,P,O",mp-540287,mp-26481,"mp-540287,mp-26481",More than one working ion per transition metal
BAT_00384,Li3-5Cr2P5O18,Cr2P5O18,Li3Cr2P5O18,Li5Cr2P5O18,Li,6.048912540833324,92.17175148465746,282.0348067662554,557.5388634661172,1706.0038795999055,0.016085122845783003,3.167313049434518,2.8378509345,1,3,Cr-O-P,"Cr,P,O",mp-935737,mp-725039,"mp-935737,mp-725039",More than one working ion per transition metal
BAT_00385,Li0-1CrP2O7,CrP2O7,CrP2O7,LiCrP2O7,Li,4.873876513333333,115.08687885832727,333.7998664012993,560.9192358604398,1626.899329007097,0.033254990155345006,0.082192698500008,0.049944552045453006,1,3,Cr-O-P,"Cr,P,O",mp-704959,mp-705001,"mp-704959,mp-705001",
BAT_00386,Li1-3Cr2(PO4)3,Cr2(PO4)3,LiCr2(PO4)3,Li3Cr2(PO4)3,Li,4.419891930833335,130.82531349913754,439.9303672108524,578.2337474835794,1944.4446801637923,0.0121701698822,0.075279623055564,0.04357401675000001,1,3,Cr-O-P,"Cr,P,O",mp-31677,mp-26489,"mp-31677,mp-26489",More than one working ion per transition metal
BAT_00387,Li0-1CrP2O7,CrP2O7,CrP2O7,LiCrP2O7,Li,4.636678618333325,115.08687885832727,355.7550831676373,533.6208704531236,1649.5219874867776,0.063385903399548,0.033240590750009,0.027006080909091002,1,3,Cr-O-P,"Cr,P,O",mp-26494,mp-26493,"mp-26494,mp-26493",
BAT_00388,Li0-3Cr2(PO4)3,Cr2(PO4)3,Cr2(PO4)3,Li3Cr2(PO4)3,Li,4.668038734999995,196.23797024870632,579.3262972415286,916.0464463987378,2704.317595727576,0.046967077392461004,0.061561507205885005,0.0,2,3,Cr-O-P,"Cr,P,O",mp-26610,mp-780606,"mp-26610,mp-26316,mp-26548,mp-1101532,mp-26609,mp-25838,mp-697757,mp-31665,mp-1247735,mp-867962,mp-766399,mp-777909,mp-850906,mp-780606,mp-697753,mp-26971,mp-26705,mp-31729,mp-774463",More than one working ion per transition metal
BAT_00389,Li0-1Cr2(PO3)5,Cr2(PO3)5,Cr2(PO3)5,LiCr2(PO3)5,Li,3.330665333333319,52.98903032559483,144.94027942540438,176.48872635240667,482.74756408583886,0.035688615719197,0.079087550118194,0.049214926099057005,1,3,Cr-O-P,"Cr,P,O",mp-881272,mp-25861,"mp-881272,mp-25861",
BAT_00390,Li2-3Cr(PO4)2,Cr(PO4)2,Li2Cr(PO4)2,Li3Cr(PO4)2,Li,4.462743378333333,101.99914408176696,316.8269303577481,455.1960048465731,1413.9172855317165,0.018753725560113,0.062512774304025,0.030810064107144004,1,3,Cr-O-P,"Cr,P,O",mp-26618,mp-26617,"mp-26618,mp-26617",More than one working ion per transition metal
BAT_00391,Li1-3Cr2(PO4)3,Cr2(PO4)3,LiCr2(PO4)3,Li3Cr2(PO4)3,Li,4.868894020833328,130.82531349913754,390.7602776288491,636.9745866695964,1902.5703793262746,0.018021932167650002,0.11369472597223002,0.033247400375,2,3,Cr-O-P,"Cr,P,O",mp-697813,mp-26605,"mp-697813,mp-1177714,mp-26605,mp-779336",More than one working ion per transition metal
BAT_00392,Li0-1CrP2O7,CrP2O7,CrP2O7,LiCrP2O7,Li,4.769492360833344,115.08687885832727,366.07041084539696,548.9059895469444,1745.9700280542445,0.008538054029548001,0.054691654500009006,0.034433071363635,1,3,Cr-O-P,"Cr,P,O",mp-26572,mp-26571,"mp-26572,mp-26571",
BAT_00393,Li0-1CrPO4,CrPO4,CrPO4,LiCrPO4,Li,2.921560348333334,174.13910058671036,571.3765439985596,508.7578913685631,1669.3110549139285,0.21787731205430802,0.11621026625000001,0.028342600624990003,1,3,Cr-O-P,"Cr,P,O",mp-26580,mp-26579,"mp-26580,mp-26579",
BAT_00394,Li0-1Cr(PO3)4,Cr(PO3)4,Cr(PO3)4,LiCr(PO3)4,Li,5.179941748333339,71.50399483378008,168.12255487708333,370.38652801210884,870.8650408442667,0.00385995161381,0.05881096000000301,0.044424569953708005,1,3,Cr-O-P,"Cr,P,O",mp-31745,mp-26669,"mp-31745,mp-26669",
BAT_00395,Li3-5Cr2P5O18,Cr2P5O18,Li3Cr2P5O18,Li5Cr2P5O18,Li,5.039170618333334,92.17175148465746,279.472698734944,464.4691819218078,1408.3106120914533,0.0013117934237170002,0.09151383872023201,0.034421132666667,1,3,Cr-O-P,"Cr,P,O",mp-26684,mp-26683,"mp-26684,mp-26683",More than one working ion per transition metal
BAT_00396,Li1-3Cr2(PO4)3,Cr2(PO4)3,LiCr2(PO4)3,Li3Cr2(PO4)3,Li,4.745998995833338,130.82531349913754,441.0128546333961,620.8968064964884,2093.0465652396915,0.036947269162228,0.101774119027787,0.034808356624999,2,3,Cr-O-P,"Cr,P,O",mp-26740,mp-26739,"mp-26740,mp-766400,mp-26739",More than one working ion per transition metal
BAT_00397,Li0-1CrP2O7,CrP2O7,CrP2O7,LiCrP2O7,Li,4.855683173333323,115.08687885832727,336.3449489425546,558.8254211438302,1633.184509016018,0.026278471304838003,0.025434357250008,0.0,1,3,Cr-O-P,"Cr,P,O",mp-26974,mp-19103,"mp-26974,mp-19103",
BAT_00398,Li1-2CrP2O7,CrP2O7,LiCrP2O7,Li2CrP2O7,Li,4.397781578333341,111.75599201414086,311.4213151441853,491.47844294815667,1369.5629228414402,0.054549132608374004,0.204268931590909,0.028816361874999002,1,3,Cr-O-P,"Cr,P,O",mp-31691,mp-26771,"mp-31691,mp-26771,mp-1101604",More than one working ion per transition metal
BAT_00399,Li1-2CrP2O7,CrP2O7,LiCrP2O7,Li2CrP2O7,Li,3.376979578333338,111.75599201414086,319.96775706344386,377.3977027881373,1080.5245813283725,0.011914712433187001,0.12038984250000001,0.036994030208333,1,3,Cr-O-P,"Cr,P,O",mp-705361,mp-26751,"mp-705361,mp-26751",More than one working ion per transition metal
BAT_00400,Li0-1CrP2O7,CrP2O7,CrP2O7,LiCrP2O7,Li,5.508993368333339,115.08687885832727,360.9736298040879,634.0128524127073,1988.6013327339342,0.011836631803863,0.133356000500008,0.038718748863635,1,3,Cr-O-P,"Cr,P,O",mp-26778,mp-1568351,"mp-26778,mp-1568351,mp-26777,mp-1101597",
BAT_00401,Li0-1Cr(PO3)4,Cr(PO3)4,Cr(PO3)4,LiCr(PO3)4,Li,5.227604518333326,71.50399483378008,172.0959992173952,373.79460647195157,899.6498230959436,0.009890282828437002,0.055755734117649,0.038891147175929,1,3,Cr-O-P,"Cr,P,O",mp-540424,mp-26829,"mp-540424,mp-26829",
BAT_00402,Li0-1Cr4(PO4)3,Cr4(PO4)3,Cr4(PO4)3,LiCr4(PO4)3,Li,2.233531908333337,53.62017586854651,178.85723276332007,119.76237373284387,399.48333641307823,0.045918309190742,0.033639047368421,0.041265836124999004,1,3,Cr-O-P,"Cr,P,O",mp-26840,mp-697664,"mp-26840,mp-697664",
BAT_00403,Li1-3Cr2(PO4)3,Cr2(PO4)3,LiCr2(PO4)3,Li3Cr2(PO4)3,Li,4.779084660833338,130.82531349913754,425.7591431057006,625.2252489924409,2034.738990026,0.03493353739341,0.108670820277787,0.037706821249999,2,3,Cr-O-P,"Cr,P,O",mp-26870,mp-26869,"mp-26870,mp-766383,mp-766398,mp-26869",More than one working ion per transition metal
BAT_00404,Li0-1Cr(PO3)3,Cr(PO3)3,Cr(PO3)3,LiCr(PO3)3,Li,2.177492603333324,90.59053791454345,243.64698969167915,197.26022624090547,530.5395178780622,0.0029613047911570003,0.023662469230769003,0.053816649257251006,1,3,Cr-O-P,"Cr,P,O",mp-584637,mp-540456,"mp-584637,mp-26910,mp-540456",
BAT_00405,Li0-1CrPO4,CrPO4,CrPO4,LiCrPO4,Li,3.45681235166666,174.13910058671038,556.5370817217117,601.9661938162634,1923.8442582561306,0.073896416419236,0.22320619527777702,0.043588825029751005,1,3,Cr-O-P,"Cr,P,O",mp-504335,mp-26881,"mp-504335,mp-26881",
BAT_00406,Li0-1CrP2O7,CrP2O7,CrP2O7,LiCrP2O7,Li,5.29517127583333,115.08687885832727,378.7684753004316,609.4047351559248,2005.6439506020315,0.00876612376231,0.11746129800000901,0.043707391363636,1,3,Cr-O-P,"Cr,P,O",mp-26854,mp-26853,"mp-26854,mp-26853",
BAT_00407,Li0-1Cr(PO3)4,Cr(PO3)4,Cr(PO3)4,LiCr(PO3)4,Li,5.676510653333314,71.50399483378008,205.2273511437526,405.8931884298429,1164.9752451228885,0.018926944344200003,0.08478343411765,0.041366967453708006,1,3,Cr-O-P,"Cr,P,O",mp-26908,mp-26907,"mp-26908,mp-26907",
BAT_00408,Li0-1Cr4(PO4)3,Cr4(PO4)3,Cr4(PO4)3,LiCr4(PO4)3,Li,3.740704845833339,53.62017586854651,186.45116023663522,200.57725170590783,697.4587586084298,0.011391693363519001,0.069526216578948,0.0,1,3,Cr-O-P,"Cr,P,O",mp-504357,mp-26967,"mp-504357,mp-26967",
BAT_00409,Li0-1Cr4(PO4)3,Cr4(PO4)3,Cr4(PO4)3,LiCr4(PO4)3,Li,2.6409069533333183,53.62017586854651,171.192266325996,141.60589529019987,452.1028464972121,0.009439817808517001,0.041168973947367,0.028050514125000002,1,3,Cr-O-P,"Cr,P,O",mp-26914,mp-26913,"mp-26914,mp-26913",
BAT_00410,Li3-4CrP2O9,CrP2O9,Li3CrP2O9,Li4CrP2O9,Li,4.536536193333338,93.8091442556075,256.26886574402573,425.56857818119164,1162.5729846722547,0.016392488795217,0.070878562095239,0.042060777991073,1,3,Cr-O-P,"Cr,P,O",mp-504343,mp-26911,"mp-504343,mp-26911",More than one working ion per transition metal
BAT_00411,Li0-1CrPO4,CrPO4,CrPO4,LiCrPO4,Li,2.718822045833332,174.13910058671036,573.181038492864,473.45322571673626,1558.3772437080424,0.160204838478015,0.055232768749999,0.005038788839275,1,3,Cr-O-P,"Cr,P,O",mp-25452,mp-25447,"mp-25452,mp-25447,mp-1666120",
BAT_00412,Li0-1CrPO5,CrPO5,CrPO5,LiCrPO5,Li,4.210486925833327,157.7412653533589,533.4128047199624,664.1675354347232,2245.9276403454874,0.061762029696972004,0.047736897857141004,0.056907491499992004,1,3,Cr-O-P,"Cr,P,O",mp-26924,mp-26923,"mp-26924,mp-26923,mp-1244518",
BAT_00413,Li1-2CrP2O7,CrP2O7,LiCrP2O7,Li2CrP2O7,Li,4.350243368333342,111.75599201414086,280.20902452935945,486.16576313103025,1218.9774507060008,0.01311852857386,0.168511245000001,0.0,1,3,Cr-O-P,"Cr,P,O",mp-540482,mp-26965,"mp-540482,mp-697789,mp-26965,mp-689934",More than one working ion per transition metal
BAT_00414,Li0-4Cr2(PO4)3,Cr2(PO4)3,Cr2(PO4)3,Li4Cr2(PO4)3,Li,3.889024805208333,257.29198405440303,733.9707831085583,1000.6149081688403,2854.430581807369,0.14238879433899101,0.062883002352944,0.042042688690488,3,3,Cr-O-P,"Cr,P,O",mp-504291,mp-760100,"mp-504291,mp-26500,mp-26046,mp-26080,mp-766571,mp-26045,mp-26079,mp-775597,mp-760100",More than one working ion per transition metal
BAT_00415,Li6-9Cr3P8O29,Cr3P8O29,Li6Cr3P8O29,Li9Cr3P8O29,Li,4.9263211299999865,86.4350147617597,232.1136755174492,425.8066395927175,1143.4665042635704,0.016789182420047,0.043501051721020007,0.0,1,3,Cr-O-P,"Cr,P,O",mp-26976,mp-26975,"mp-26976,mp-26975",More than one working ion per transition metal
BAT_00416,Li0-1Cr(PO3)3,Cr(PO3)3,Cr(PO3)3,LiCr(PO3)3,Li,3.560388010833326,90.59053791454345,242.50574402405613,322.53746508588233,863.414543581465,0.063903983430703,0.09255920461538501,0.019013945864394,1,3,Cr-O-P,"Cr,P,O",mp-31690,mp-26063,"mp-31690,mp-26063",
BAT_00417,Li0-1CrP2O7,CrP2O7,CrP2O7,LiCrP2O7,Li,5.046225483333335,115.08687885832727,381.66728596276477,580.7543408921874,1925.9791845799748,0.005562180639452001,0.06632344525000901,0.019849869999998,1,3,Cr-O-P,"Cr,P,O",mp-27036,mp-27035,"mp-27036,mp-27035",
BAT_00418,Li0-1CrPO4,CrPO4,CrPO4,LiCrPO4,Li,2.958391203333332,174.13910058671036,582.4072670367641,515.1715833321023,1722.98853555897,0.069966750373084,0.11939688583333301,0.025812438124989002,1,3,Cr-O-P,"Cr,P,O",mp-27042,mp-27041,"mp-27042,mp-27041",
BAT_00419,Li0-7Cr4P9O32,Cr4P9O32,Cr4P9O32,Li7Cr4P9O32,Li,4.786344701904768,179.134432805142,520.3322033612103,857.3991433856071,2490.489284788363,0.030358460300070004,0.10872922038888601,0.050318690480762006,2,3,Cr-O-P,"Cr,P,O",mp-504406,mp-27077,"mp-504406,mp-705371,mp-27077",More than one working ion per transition metal
BAT_00420,Li0-3Cr2P5O16,Cr2P5O16,Cr2P5O16,Li3Cr2P5O16,Li,3.081063499999994,150.09946701783213,412.09823685672256,462.46598919809554,1269.7008359936003,0.030668434074926,0.016476176195649003,0.036711203108984,2,3,Cr-O-P,"Cr,P,O",mp-26134,mp-26425,"mp-26134,mp-26133,mp-26425",More than one working ion per transition metal
BAT_00421,Li0-1Cr2P3O13,Cr2P3O13,Cr2P3O13,LiCr2P3O13,Li,4.576399585833319,65.07635500401693,193.41648455455226,297.8154040879251,885.1511198087895,0.022476310940095,0.09308622499999501,0.089499582368412,1,3,Cr-O-P,"Cr,P,O",mp-27100,mp-705400,"mp-27100,mp-705400",
BAT_00422,Li0-1Cr2P3O10,Cr2P3O10,Cr2P3O10,LiCr2P3O10,Li,3.182670688333336,73.66110393919267,233.59037462371037,234.43903637754374,743.4412383916862,0.050556206098506,0.057085145999993,0.027864229263393003,1,3,Cr-O-P,"Cr,P,O",mp-26116,mp-585354,"mp-26116,mp-585354",
BAT_00423,Li0-1Cr(PO3)3,Cr(PO3)3,Cr(PO3)3,LiCr(PO3)3,Li,2.827416993333334,90.59053791454345,267.47707283804056,256.13722633478784,756.2692210693339,0.027992703859034,0.040550254038462005,0.023074993007251,1,3,Cr-O-P,"Cr,P,O",mp-26112,mp-26111,"mp-26112,mp-26111",
BAT_00424,Li0-1CrPO4,CrPO4,CrPO4,LiCrPO4,Li,2.4006511183333332,174.13910058671036,585.2833653040996,418.04722656904704,1405.0611654591835,0.14444644767207201,0.0222367875,0.022209508839275003,1,3,Cr-O-P,"Cr,P,O",mp-764345,mp-756865,"mp-764345,mp-753918,mp-756865",
BAT_00425,Li1-2CrP4O13,CrP4O13,LiCrP4O13,Li2CrP4O13,Li,5.183528413333339,67.38013072311138,171.00005921909224,349.2668220973625,886.3836656438482,0.07266632761457001,0.09624796995614,0.054148234937493,1,3,Cr-O-P,"Cr,P,O",mp-1101523,mp-31739,"mp-1101523,mp-705085,mp-31739",More than one working ion per transition metal
BAT_00426,Li0-1CrP2O7,CrP2O7,CrP2O7,LiCrP2O7,Li,5.025058953333318,115.08687885832727,365.11390540595727,578.3183510182245,1834.7188993466998,0.029943903739477,0.056141707250009006,0.012517974545454,1,3,Cr-O-P,"Cr,P,O",mp-26140,mp-26139,"mp-26140,mp-26139",
BAT_00427,Li2-3Cr(PO4)2,Cr(PO4)2,Li2Cr(PO4)2,Li3Cr(PO4)2,Li,4.642824145833335,101.99914408176696,319.00911896127053,473.5640889971609,1481.1032402544056,0.0036075250110210004,0.071450639880947,0.026246598750001,1,3,Cr-O-P,"Cr,P,O",mp-697774,mp-31723,"mp-697774,mp-31723",More than one working ion per transition metal
BAT_00428,Li0.5-1CrPO4,CrPO4,LiCr2(PO4)2,LiCrPO4,Li,2.8910217983333313,87.06955029335518,285.9592268090545,251.71996786917012,826.7143581395217,0.003182303805385,0.076716595961531,0.033022253839275005,1,3,Cr-O-P,"Cr,P,O",mp-753873,mp-504313,"mp-753873,mp-504313",
BAT_00429,Li0.5-1CrPO4,CrPO4,LiCr2(PO4)2,LiCrPO4,Li,3.023021308333331,87.06955029335518,244.70026829714294,263.21310584381337,739.7341252171462,0.06776590993888901,0.11108995788460801,0.05551183919641801,1,3,Cr-O-P,"Cr,P,O",mp-753999,mp-757040,"mp-753999,mp-757040",
BAT_00430,Li0-1CrPO5,CrPO5,CrPO5,LiCrPO5,Li,4.450076668333328,157.7412653533589,518.4644400653488,701.9607245823588,2307.2065080953116,0.040235146566676004,0.059409105714284004,0.037171955562492004,1,3,Cr-O-P,"Cr,P,O",mp-1046724,mp-540292,"mp-1046724,mp-766397,mp-540292",
BAT_00431,Li0-2Cr3(P2O7)2,Cr3(P2O7)2,Cr3(P2O7)2,Li2Cr3(P2O7)2,Li,2.743773183333322,103.52919936233822,324.9161038625692,284.0606409023529,891.4960926112617,0.05583151312108701,0.037556785952389,0.030480474347818004,1,3,Cr-O-P,"Cr,P,O",mp-26218,mp-540179,"mp-26218,mp-540179",
BAT_00432,Li0-1Cr6P7O24,Cr6P7O24,Cr6P7O24,LiCr6P7O24,Li,2.734278973333294,29.14092846196294,94.74174914908741,79.679427956955,259.05037259516723,0.030469396083528003,0.021125384189188003,0.021567931795102,1,3,Cr-O-P,"Cr,P,O",mp-504359,mp-504358,"mp-504359,mp-504358",
BAT_00433,Li0-2Cr5(PO4)4,Cr5(PO4)4,Cr5(PO4)4,Li2Cr5(PO4)4,Li,2.260967883333326,81.99331631512483,264.2701009796809,185.38425483648768,597.5062108403135,0.06494164473760601,0.007169627000019001,0.01850772571759,1,3,Cr-O-P,"Cr,P,O",mp-504336,mp-1101544,"mp-504336,mp-1101544,mp-697796",
BAT_00434,Li0-3Cr3(PO4)4,Cr3(PO4)4,Cr3(PO4)4,Li3Cr3(PO4)4,Li,4.87632506333333,144.43131511896615,420.41370330295473,704.2940418448088,2050.0738783849806,0.031299266559578,0.093319352500002,0.018320069230761002,1,3,Cr-O-P,"Cr,P,O",mp-695952,mp-26205,"mp-695952,mp-26205",
BAT_00435,Li0-1Cr2P2O9,Cr2P2O9,Cr2P2O9,LiCr2P2O9,Li,5.052966770833327,84.5805246272944,266.219002276022,427.3825804013684,1345.195772265141,0.015574628281103002,0.073730495000001,0.022310733392863002,1,3,Cr-O-P,"Cr,P,O",mp-1040982,mp-1013922,"mp-1040982,mp-1013922",
BAT_00436,Li0.5-1CrPO4,CrPO4,LiCr2(PO4)2,LiCrPO4,Li,2.922433528333333,87.06955029335518,254.15740619821906,254.4549730742066,742.7581253479095,0.023363801631371,0.087904649038456,0.041167465267847,1,3,Cr-O-P,"Cr,P,O",mp-753886,mp-540462,"mp-753886,mp-540462",
BAT_00437,Li0-3Cr3(PO4)4,Cr3(PO4)4,Cr3(PO4)4,Li3Cr3(PO4)4,Li,5.105570794444441,144.43131511896615,439.01400793201327,737.4043042745955,2241.4170972496872,0.019846962139290002,0.131714665688408,0.025833723461531,1,3,Cr-O-P,"Cr,P,O",mp-705409,mp-26289,"mp-705409,mp-26289",
BAT_00438,Li0-1Cr(PO3)4,Cr(PO3)4,Cr(PO3)4,LiCr(PO3)4,Li,5.860501283333325,71.50399483378008,203.42640142538596,419.04925348682764,1192.1806866173545,0.004580608984434,0.075151162352943,0.022048120231485002,1,3,Cr-O-P,"Cr,P,O",mp-687212,mp-26279,"mp-687212,mp-26279",
BAT_00439,Li2-3Cr(PO3)8,Cr(PO3)8,Li2Cr(PO3)8,Li3Cr(PO3)8,Li,5.7911895133332845,38.038148021411004,101.47765922540577,220.2861239282146,587.6763559437785,0.017745765829138,0.07701436023809201,0.052336410625002,1,3,Cr-O-P,"Cr,P,O",mp-540219,mp-26329,"mp-540219,mp-26329",More than one working ion per transition metal
BAT_00440,Li0.5-1CrPO4,CrPO4,LiCr2(PO4)2,LiCrPO4,Li,3.046695470000007,87.06955029335519,264.13372224265606,265.2744044537031,804.7350150309404,0.007083152246051,0.102867766602558,0.046185935744037,1,3,Cr-O-P,"Cr,P,O",mp-766412,mp-757829,"mp-766412,mp-757829",
BAT_00441,Li0-1Cr(PO3)4,Cr(PO3)4,Cr(PO3)4,LiCr(PO3)4,Li,5.865637343333337,71.50399483378008,179.80883191190432,419.4165022945345,1054.693399123613,0.005031146113951001,0.074582443235297,0.021225659953707003,1,3,Cr-O-P,"Cr,P,O",mp-26356,mp-26355,"mp-26356,mp-26355",
BAT_00442,Li0-3Cr3(PO4)4,Cr3(PO4)4,Cr3(PO4)4,Li3Cr3(PO4)4,Li,5.050816038333338,144.43131511896615,438.68049853817786,729.4960028404505,2215.694497720693,0.016235953085667002,0.126986599021742,0.027969059423068002,1,3,Cr-O-P,"Cr,P,O",mp-31744,mp-26337,"mp-31744,mp-26337",
BAT_00443,Li0-1Cr(PO3)4,Cr(PO3)4,Cr(PO3)4,LiCr(PO3)4,Li,5.9790891308333345,71.50399483378008,180.47372083690402,427.5287583218174,1079.0684626569823,0.012731415301520001,0.06024203308823801,0.00137906217593,1,3,Cr-O-P,"Cr,P,O",mp-704231,mp-25985,"mp-704231,mp-25985",
BAT_00444,Li0.5-1CrPO4,CrPO4,LiCr2(PO4)2,LiCrPO4,Li,2.950312588333337,87.06955029335518,279.8628038447903,256.8823902910084,825.6827531895482,0.013019198991609,0.10035076211537801,0.050733208839274006,1,3,Cr-O-P,"Cr,P,O",mp-766419,mp-757030,"mp-766419,mp-757030",
BAT_00445,Li0-2CrPO5,CrPO5,CrPO5,Li2CrPO5,Li,4.068732118958334,303.1004083629771,955.0725612787086,1233.2343667758323,3885.9344060104836,0.049416759693519004,0.10044000339285601,0.093071239444437,1,3,Cr-O-P,"Cr,P,O",mp-772173,mp-757132,"mp-772173,mp-757132",More than one working ion per transition metal
BAT_00446,Li0-4Cr3P4O15,Cr3P4O15,Cr3P4O15,Li4Cr3P4O15,Li,3.163598613333339,195.760441125017,577.2990473163829,619.3074600886265,1826.3424655687668,0.055044601366298004,0.08780882306818501,0.046952032259617006,2,3,Cr-O-P,"Cr,P,O",mp-759101,mp-772300,"mp-759101,mp-775294,mp-772300",More than one working ion per transition metal
BAT_00447,Li0-1Cr(PO3)4,Cr(PO3)4,Cr(PO3)4,LiCr(PO3)4,Li,5.664740583333331,71.50399483378008,209.0033450453506,405.0515814053709,1183.949730730817,0.006992637394992,0.07606347117647301,0.033785339675930004,1,3,Cr-O-P,"Cr,P,O",mp-759084,mp-759423,"mp-759084,mp-759423",
BAT_00448,Li0-1Cr(PO3)3,Cr(PO3)3,Cr(PO3)3,LiCr(PO3)3,Li,2.757125870833339,90.59053791454345,266.5573315108909,249.76951573689627,734.9321147689762,0.076689287019072,0.035751430192309,0.02363973675725,1,3,Cr-O-P,"Cr,P,O",mp-759495,mp-780193,"mp-759495,mp-780193",
BAT_00449,Li0-1CrP2O7,CrP2O7,CrP2O7,LiCrP2O7,Li,5.289534683333334,115.08687885832727,353.87779329483436,608.7560373177039,1871.8488612944907,0.048887005500304004,0.15413673375001002,0.077561114090909,1,3,Cr-O-P,"Cr,P,O",mp-1048383,mp-831055,"mp-1048383,mp-831055",
BAT_00450,Li0-1Cr2(PO4)3,Cr2(PO4)3,Cr2(PO4)3,LiCr2(PO4)3,Li,4.5759102683333355,67.70661841891192,203.99244803767058,309.81941045722596,933.4511376380312,0.003038840893925,4.050106346323533,3.826513178888897,1,3,Cr-O-P,"Cr,P,O",mp-935592,mp-939764,"mp-935592,mp-939764,mp-831192",
BAT_00451,Li0-6Ti3Cr(PO4)6,Ti3Cr(PO4)6,Ti3Cr(PO4)6,Li6Ti3Cr(PO4)6,Li,3.115055693333341,199.24992060946923,560.5275859128204,620.6745995907432,1746.0746477681246,0.026624720928218003,0.051036203985306006,0.077986722696433,1,4,Cr-O-P-Ti,"Ti,Cr,P,O",mp-774416,mp-758706,"mp-774416,mp-758706",More than one working ion per transition metal
BAT_00452,Li0-7TiCr3(PO4)6,TiCr3(PO4)6,TiCr3(PO4)6,Li7TiCr3(PO4)6,Li,3.612151441904762,228.16138290996207,637.1572247569177,824.153468265204,2301.508388125737,0.07283989988553301,0.06604498058824501,0.08431107498257201,2,4,Cr-O-P-Ti,"Ti,Cr,P,O",mp-773127,mp-850412,"mp-773127,mp-758137,mp-850412",More than one working ion per transition metal
BAT_00453,Li0-6VCr3(PO4)6,VCr3(PO4)6,VCr3(PO4)6,Li6VCr3(PO4)6,Li,4.076617078333342,196.49084361015707,575.6344497309923,801.0179287972921,2346.6412286503787,0.010597324709673001,0.047437102573526006,0.043690441624986004,1,4,Cr-O-P-V,"V,Cr,P,O",mp-774402,mp-1176888,"mp-774402,mp-1176888",More than one working ion per transition metal
BAT_00454,Li0-2V2Cr(PO4)3,V2Cr(PO4)3,V2Cr(PO4)3,Li2V2Cr(PO4)3,Li,2.6161262783333292,118.41374112944592,371.1516588316608,309.7852998845037,970.9796079165145,0.06926044295894801,0.09849280972223001,0.065527136499996,1,4,Cr-O-P-V,"V,Cr,P,O",mp-771696,mp-1177840,"mp-771696,mp-1177840",
BAT_00455,Li0-6V3Cr(PO4)6,V3Cr(PO4)6,V3Cr(PO4)6,Li6V3Cr(PO4)6,Li,3.494505699999995,196.9985505091332,569.2184298935275,688.4125576459029,1989.1370478079796,0.031379453808073,0.023221216249998,0.044389519125007,1,4,Cr-O-P-V,"V,Cr,P,O",mp-775008,mp-757469,"mp-775008,mp-757469",More than one working ion per transition metal
BAT_00456,Li0-3VCr(P2O7)2,VCr(P2O7)2,VCr(P2O7)2,Li3VCr(P2O7)2,Li,3.421769275000006,170.47580321319225,479.1902434618197,583.3288655658487,1639.6784519574276,0.057665171546183,0.021002746125001002,0.018632703269926002,3,4,Cr-O-P-V,"V,Cr,P,O",mp-767779,mp-752491,"mp-767779,mp-766002,mp-766000,mp-760209,mp-760277,mp-760286,mp-759930,mp-760238,mp-753866,mp-752491",More than one working ion per transition metal
BAT_00457,Li0-6Cr3P6WO24,Cr3P6WO24,Cr3P6WO24,Li6Cr3P6WO24,Li,3.441415546666666,169.040753709072,565.2949206601863,581.7394778346512,1945.4147284116646,0.009843060407758,0.024900912022072,0.058871626718756,1,4,Cr-O-P-W,"Cr,P,W,O",mp-775219,mp-758279,"mp-775219,mp-758279",More than one working ion per transition metal
BAT_00458,Li0-1Cr2(SO4)3,Cr2(SO4)3,Cr2(SO4)3,LiCr2(SO4)3,Li,2.671860050833335,67.15126777434385,194.57010251484272,179.41878972908128,519.864083995955,0.092193535281335,0.010498132499999,0.035828584434525,1,3,Cr-O-S,"Cr,S,O",mp-768940,mp-770490,"mp-768940,mp-770490",
BAT_00459,Li0-1Cr2(SO4)3,Cr2(SO4)3,Cr2(SO4)3,LiCr2(SO4)3,Li,2.006413453333327,67.15126777434385,190.72573630074552,134.73320707083224,382.6746832107204,0.051559954557409006,0.0,0.062882936934525,1,3,Cr-O-S,"Cr,S,O",mp-19361,mp-770353,"mp-19361,mp-770353",
BAT_00460,Li0-2Cr(SO4)2,Cr(SO4)2,Cr(SO4)2,Li2Cr(SO4)2,Li,4.123830350208334,207.7607623264035,572.065351484391,856.770137264043,2359.10045875393,0.130002266418313,0.058338889053022,0.035952404697803,2,3,Cr-O-S,"Cr,S,O",mp-780604,mp-850862,"mp-780604,mp-780338,mp-850862",More than one working ion per transition metal
BAT_00461,Li0-1Cr(SO4)2,Cr(SO4)2,Cr(SO4)2,LiCr(SO4)2,Li,5.324006900000019,106.75231265452398,295.70511793426743,568.350049163645,1574.3360882473592,0.0007218611654270001,0.059153935378780005,0.021807854409728003,1,3,Cr-O-S,"Cr,S,O",mp-757440,mp-776761,"mp-757440,mp-776761",
BAT_00462,Li0-1Cr(SO4)2,Cr(SO4)2,Cr(SO4)2,LiCr(SO4)2,Li,5.335018966666671,106.75231265452398,296.4073952870101,569.5256127474158,1581.339075716464,0.018235513161713002,0.064474646590901,0.025767500798618,1,3,Cr-O-S,"Cr,S,O",mp-773001,mp-861449,"mp-773001,mp-861449",
BAT_00463,Li0-2ZnCr3(SO4)6,ZnCr3(SO4)6,ZnCr3(SO4)6,Li2ZnCr3(SO4)6,Li,3.720638113333341,66.04156802444953,190.81090308676517,245.71677505606343,709.938318464173,0.042371068133744,0.006000982745103,0.026957547832341004,2,4,Cr-O-S-Zn,"Zn,Cr,S,O",mp-766220,mp-772839,"mp-766220,mp-769549,mp-772839",
BAT_00464,Li0-2Cr3SbO8,Cr3SbO8,Cr3SbO8,Li2Cr3SbO8,Li,4.344371253333333,127.74000219416547,598.5023927355531,554.9499934330693,2600.1165900515534,0.045884925949939,0.10281465354165101,0.007521525714285,1,3,Cr-O-Sb,"Cr,Sb,O",mp-773170,mp-771704,"mp-773170,mp-771704",
BAT_00465,Li0-1TiCrSO8,TiCrSO8,TiCrSO8,LiTiCrSO8,Li,3.828873129999995,100.43112227961512,268.4937206721116,384.5380255121622,1028.0283926551724,0.007557645825867001,0.03226147733712,0.08095497546701401,1,4,Cr-O-S-Ti,"Ti,Cr,S,O",mp-1101433,mp-766410,"mp-1101433,mp-766410",
BAT_00466,Li0-4Cr3Sn3(SbO8)2,Cr3Sn3(SbO8)2,Cr3Sn3(SbO8)2,Li4Cr3Sn3(SbO8)2,Li,3.038073665833335,103.14284926328189,527.1352704917583,313.3555741657939,1601.4757836129427,0.091956492457807,0.125838798541682,0.064117824999997,1,4,Cr-O-Sb-Sn,"Cr,Sn,Sb,O",mp-771431,mp-755860,"mp-771431,mp-755599,mp-755860",More than one working ion per transition metal
BAT_00467,Li0-4V2Cr3Sb3O16,V2Cr3Sb3O16,V2Cr3Sb3O16,Li4V2Cr3Sb3O16,Li,2.776187298333331,118.21066355791518,557.1598170610206,328.1749426970389,1546.7800072665277,0.09515043831153701,0.12749287281246802,0.097786468232138,1,4,Cr-O-Sb-V,"V,Cr,Sb,O",mp-772143,mp-774622,"mp-772143,mp-774622",
BAT_00468,Li0-2Cr5(Si2O7)2,Cr5(Si2O7)2,Cr5(Si2O7)2,Li2Cr5(Si2O7)2,Li,2.976786365833338,87.84546851533102,296.9647797487892,261.4971929766791,884.000707488896,0.009612343901525001,0.100957979999998,0.0,1,3,Cr-O-Si,"Cr,Si,O",mp-757245,mp-867580,"mp-757245,mp-867580",
BAT_00469,Li0-4V3Cr3(SbO8)2,V3Cr3(SbO8)2,V3Cr3(SbO8)2,Li4V3Cr3(SbO8)2,Li,3.466022953333333,128.2233773958692,589.7119631558843,444.4251692080052,2043.9552001535562,0.053470251013152004,0.11723522986974001,0.014090125357142002,1,4,Cr-O-Sb-V,"V,Cr,Sb,O",mp-776536,mp-776595,"mp-776536,mp-776595",
BAT_00470,Li0-4Ti3Cr3(SbO8)2,Ti3Cr3(SbO8)2,Ti3Cr3(SbO8)2,Li4Ti3Cr3(SbO8)2,Li,3.080378533333335,129.65368364998434,564.0069225873974,399.382423883003,1737.3548169896153,0.092159252448738,0.100085943749983,0.051503038794636004,1,4,Cr-O-Sb-Ti,"Ti,Cr,Sb,O",mp-770891,mp-758653,"mp-770891,mp-758653",
BAT_00471,Li0-1Cr(SiO3)2,Cr(SiO3)2,Cr(SiO3)2,LiCr(SiO3)2,Li,4.483505285833336,126.95836017405546,417.44234957279014,569.2184789211101,1871.6049808402918,0.012639754274715,0.10932440555554501,0.004383499500002001,1,3,Cr-O-Si,"Cr,Si,O",mp-25238,mp-18727,"mp-25238,mp-18727",
BAT_00472,Li0-2Cr5(Si2O7)2,Cr5(Si2O7)2,Cr5(Si2O7)2,Li2Cr5(Si2O7)2,Li,-0.220478096666677,87.84546851533102,295.7625633127033,-19.368001699052687,-65.2091670244424,0.031805120343663,2.03434297043478,2.034495348199986,1,3,Cr-O-Si,"Cr,Si,O",mp-802343,mp-860838,"mp-802343,mp-860838",
BAT_00473,Li2-3Cr(Si2O5)3,Cr(Si2O5)3,Li2Cr(Si2O5)3,Li3Cr(Si2O5)3,Li,3.489491773333331,55.68293137263492,144.87873236550254,194.30513093989404,505.55314472038265,0.018574575764226,0.047379176446763004,0.041221927599996,1,3,Cr-O-Si,"Cr,Si,O",mp-775302,mp-759348,"mp-775302,mp-759348",More than one working ion per transition metal
BAT_00474,Li1-3Cr(Si2O5)3,Cr(Si2O5)3,LiCr(Si2O5)3,Li3Cr(Si2O5)3,Li,3.866116679583332,111.36586274526984,283.28617420651307,430.55341949567577,1095.21740319515,0.025540713531574003,0.08753137829711301,0.045084329999996,2,3,Cr-O-Si,"Cr,Si,O",mp-850539,mp-778011,"mp-850539,mp-775349,mp-778011",More than one working ion per transition metal
BAT_00475,Li1-2Cr(Si2O5)2,Cr(Si2O5)2,LiCr(Si2O5)2,Li2Cr(Si2O5)2,Li,2.48751126333335,79.24412715307815,209.36989181986633,197.1206588463021,520.8099641048026,0.013448567373068002,0.092374202968748,0.046795424352944,1,3,Cr-O-Si,"Cr,Si,O",mp-780620,mp-758640,"mp-780620,mp-758640",More than one working ion per transition metal
BAT_00476,Li2.83-3CrSi2O7,CrSi2O7,Li17Cr6(Si2O7)6,Li3CrSi2O7,Li,4.5288676533332755,18.535995360007835,53.732762288858176,83.94706980827515,243.3485690542558,0.010748058657743,0.060094410256136,0.043686223269242,1,3,Cr-O-Si,"Cr,Si,O",mp-1178100,mp-758792,"mp-1178100,mp-758792",More than one working ion per transition metal
BAT_00477,Li0-0.5SmCrO4,SmCrO4,SmCrO4,LiSm2Cr2O8,Li,2.49710162333334,49.664709735753675,250.57703059118006,124.01782730352966,625.7163098592838,0.027907997752445002,0.0,0.066673355136217,1,3,Cr-O-Sm,"Sm,Cr,O",mp-18956,mp-1235200,"mp-18956,mp-1235200,mp-1236671",
BAT_00478,Li0-1Sr2ZrCrO6,Sr2ZrCrO6,Sr2ZrCrO6,Sr2LiZrCrO6,Li,0.982954025833327,63.60142417874783,313.87141899347114,62.51727594523329,308.52117489365145,0.083651835531971,0.035371136968743,0.175907997954545,1,4,Cr-O-Sr-Zr,"Sr,Zr,Cr,O",mp-1080742,mp-1235588,"mp-1080742,mp-1235588,mp-1235036,mp-1235188",
BAT_00479,Li0-2Cr3TeO8,Cr3TeO8,Cr3TeO8,Li2Cr3TeO8,Li,3.569911663333333,125.98662474566747,585.9421699099088,449.76112110355825,2091.761786400225,0.068589260594501,0.09079097916666701,0.022933862053577003,1,3,Cr-O-Te,"Cr,Te,O",mp-770187,mp-778197,"mp-770187,mp-778197",
BAT_00480,Li0-4CrTe(WO6)2,CrTe(WO6)2,CrTe(WO6)2,Li4CrTe(WO6)2,Li,3.782646525833336,139.76704856004946,832.4687875041787,528.6893406616504,3148.935166917372,0.05490235976162901,0.103092544062497,0.074194260406252,1,4,Cr-O-Te-W,"Cr,Te,W,O",mp-756075,mp-775973,"mp-756075,mp-775973",More than one working ion per transition metal
BAT_00481,Li0-4V3Cr3(TeO8)2,V3Cr3(TeO8)2,V3Cr3(TeO8)2,Li4V3Cr3(TeO8)2,Li,3.192742925833334,126.45679684405762,569.0564084832378,403.74404354740807,1816.8508225849814,0.082757931620991,0.09782508656248101,0.037452363175366,1,4,Cr-O-Te-V,"V,Cr,Te,O",mp-763835,mp-769563,"mp-763835,mp-753297,mp-769563",
BAT_00482,Li2-4TiCr3O8,TiCr3O8,Li2TiCr3O8,Li4TiCr3O8,Li,2.587910008333328,149.0567323918468,601.533104343382,385.74540956632296,1556.7135410740548,0.020640149939082003,0.077947175337302,0.05506392463542,2,3,Cr-O-Ti,"Ti,Cr,O",mp-1177851,mp-765747,"mp-1177851,mp-1307652,mp-780807,mp-754695,mp-754193,mp-757225,mp-765747",
BAT_00483,Li0-2TiCrO4,TiCrO4,TiCrO4,Li2TiCrO4,Li,2.507495562083332,301.57616763291986,1192.623858222624,756.2009019696457,2990.499031727931,0.08772187453365801,0.07143147583333201,0.079983328333336,1,3,Cr-O-Ti,"Ti,Cr,O",mp-755596,mp-1276652,"mp-755596,mp-1316892,mp-1276652,mp-1177868,mp-1284253,mp-1272966",
BAT_00484,Li0-3V3CrO8,V3CrO8,V3CrO8,Li3V3CrO8,Li,2.3957092166666683,227.36318366675738,846.2942155533344,544.6960746411272,2027.4748522128116,0.09315868644128801,0.041964253906229,0.10430539325000601,2,3,Cr-O-V,"V,Cr,O",mp-755402,mp-753269,"mp-755402,mp-754935,mp-753269",
BAT_00485,Li3-4Ti3CrO8,Ti3CrO8,Li3Ti3CrO8,Li4Ti3CrO8,Li,1.219706813333336,76.28006426913048,300.615314038841,93.03931411056323,366.66254672551497,0.012469754055184001,0.07813158375000301,0.102298242285159,1,3,Cr-O-Ti,"Ti,Cr,O",mp-755762,mp-756669,"mp-755762,mp-756669",
BAT_00486,Li0-1TiV2CrO10,TiV2CrO10,TiV2CrO10,LiTiV2CrO10,Li,3.861078073333336,72.69556574872942,209.68265592955353,280.68325494098104,809.6011051678973,0.077323248288216,0.09817109342857201,0.11095479205556001,1,4,Cr-O-Ti-V,"Ti,V,Cr,O",mp-773510,mp-1236317,"mp-773510,mp-1236317,mp-1235154,mp-1235419,mp-1235970",
BAT_00487,Li1-2TiCrO4,TiCrO4,LiTiCrO4,Li2TiCrO4,Li,1.0303544308333321,150.78808381645993,600.4475192096442,155.36517027715732,618.673761900539,0.011957939953275001,0.0,0.07987681677083701,1,3,Cr-O-Ti,"Ti,Cr,O",mp-756275,mp-755743,"mp-756275,mp-755743",
BAT_00488,Li2-3VCr2O6,VCr2O6,Li2VCr2O6,Li3VCr2O6,Li,2.9393551500000012,98.62438053278468,398.07886059696347,289.89208083460056,1170.0951490018174,0.004597752655576001,0.05315704836175401,0.0015298279166560001,1,3,Cr-O-V,"V,Cr,O",mp-849313,mp-754615,"mp-849313,mp-754615",
BAT_00489,Li2-5V5Cr2O12,V5Cr2O12,Li2V5Cr2O12,Li5V5Cr2O12,Li,2.090797828333341,137.35016537667428,579.2209448584872,287.1714274907758,1211.0338936353107,0.033057878056564,0.094434581086311,0.056836381493053006,2,3,Cr-O-V,"V,Cr,O",mp-782662,mp-773065,"mp-782662,mp-754708,mp-773065",
BAT_00490,Li1.33-2VCrO4,VCrO4,Li4V3Cr3O12,Li2VCrO4,Li,2.818198328333331,98.81611979894205,398.19288793473777,278.4834236297647,1122.1865311318993,0.011127925281915,0.054813729602271,0.009842226874999001,1,3,Cr-O-V,"V,Cr,O",mp-849340,mp-754054,"mp-849340,mp-754054",
BAT_00491,Li1-2.5VCrO4,VCrO4,LiVCrO4,Li5V2Cr2O8,Li,1.441186686666663,218.14924011773894,856.0138347159425,314.3937805641346,1233.6757421950942,0.047036330690058005,0.0,0.080267499411765,2,3,Cr-O-V,"V,Cr,O",mp-756218,mp-752568,"mp-756218,mp-849267,mp-849280,mp-850135,mp-759380,mp-752568",More than one working ion per transition metal
BAT_00492,Li2-4V3CrO8,V3CrO8,Li2V3CrO8,Li4V3CrO8,Li,2.74814012833333,148.65769599608123,588.4223313845139,408.53217975240784,1617.0670212852351,0.00217997685529,0.082269896339294,0.0230913528125,1,3,Cr-O-V,"V,Cr,O",mp-781740,mp-1177371,"mp-781740,mp-754492,mp-1177371",
BAT_00493,Li0-1VCrO4,VCrO4,VCrO4,LiVCrO4,Li,2.881158423333336,154.14117139300197,614.6188723364851,444.1051343414151,1770.8143411719007,0.026150501905385003,0.064549150312455,0.078795291428571,1,3,Cr-O-V,"V,Cr,O",mp-752903,mp-1176540,"mp-752903,mp-1176540",
BAT_00494,Li2-5VCr3O8,VCr3O8,Li2VCr3O8,Li5VCr3O8,Li,1.800871570000002,217.526833417449,862.8688521170375,391.73789001361047,1553.9159844161095,0.088250866527427,0.06424942468750401,0.084506557352941,1,3,Cr-O-V,"V,Cr,O",mp-771964,mp-760333,"mp-771964,mp-760333",More than one working ion per transition metal
BAT_00495,Li3-5V3Cr2O10,V3Cr2O10,Li3V3Cr2O10,Li5V3Cr2O10,Li,2.808192085833331,118.71782595982327,473.20606172038504,333.3824593077145,1328.8535174915442,0.006000022350102,0.09317524256946501,0.036373912249996004,1,3,Cr-O-V,"V,Cr,O",mp-849418,mp-756826,"mp-849418,mp-780727,mp-756826",
BAT_00496,Li2-4VCr3O8,VCr3O8,Li2VCr3O8,Li4VCr3O8,Li,3.15165943833333,147.79318449340286,596.1625387174556,465.7937848299723,1878.9012919296283,0.007520586824446,0.09659771825893401,0.004817712187500001,2,3,Cr-O-V,"V,Cr,O",mp-1177801,mp-850338,"mp-1177801,mp-755839,mp-755473,mp-807771,mp-850338",
BAT_00497,Li0-5VCr3O8,VCr3O8,VCr3O8,Li5VCr3O8,Li,2.794746761333332,362.54472236241503,1402.8297989485607,1013.2206886608517,3920.5540373133804,0.085657308075598,0.190197942239583,0.096279147352941,3,3,Cr-O-V,"V,Cr,O",mp-1246941,mp-760232,"mp-1246941,mp-1177800,mp-764983,mp-760232",More than one working ion per transition metal
BAT_00498,Li0-2V3CrO8,V3CrO8,V3CrO8,Li2V3CrO8,Li,3.946023313333332,154.61004451348632,592.3722598369319,610.0948401257212,2337.5147474884834,0.018372140057379003,0.177402007239562,0.0017887556250090002,1,3,Cr-O-V,"V,Cr,O",mp-1246656,mp-1302892,"mp-1246656,mp-1302892,mp-1275513,mp-850187",
BAT_00499,Li2-5V3CrO8,V3CrO8,Li2V3CrO8,Li5V3CrO8,Li,1.4976418749999991,218.7752188069129,861.8094440543135,327.6469288975201,1290.6819116862089,0.068014850599717,0.026519884910722002,0.08847153764705801,1,3,Cr-O-V,"V,Cr,O",mp-777666,mp-764013,"mp-777666,mp-764013,mp-760963",More than one working ion per transition metal
BAT_00500,Li4-1V3Cr5O16,V3Cr5O16,Li4V3Cr5O16,Li10V3Cr5O16,Li,1.566328898333329,217.83759218258677,869.2419592920328,341.2053157789362,1361.5188004829943,0.074857513769273,0.043736705000002006,0.09993498220588301,1,3,Cr-O-V,"V,Cr,O",mp-775818,mp-761047,"mp-775818,mp-761047",More than one working ion per transition metal
BAT_00501,Li4-1V5Cr3O16,V5Cr3O16,Li4V5Cr3O16,Li10V5Cr3O16,Li,1.553112971666663,218.4617810446289,857.7323338010041,339.29582595381567,1332.1552138442603,0.076663077100423,0.026774731383930002,0.080728987500002,1,3,Cr-O-V,"V,Cr,O",mp-777002,mp-760983,"mp-777002,mp-1177207,mp-760983",More than one working ion per transition metal
BAT_00502,Li2-4VCr3O8,VCr3O8,Li2VCr3O8,Li4VCr3O8,Li,3.112872958333338,147.79318449340286,599.2997540021095,460.06140743548383,1865.5439981689883,0.009995304275455,0.097055789687505,0.010066834687499,2,3,Cr-O-V,"V,Cr,O",mp-769577,mp-769605,"mp-769577,mp-769583,mp-769605",
BAT_00503,Li1-3V2CrO6,V2CrO6,LiV2CrO6,Li3V2CrO6,Li,2.985936183333333,198.01721210397466,790.405190820502,591.2667585440493,2360.099458765425,0.014928927860048001,0.106473251000002,0.0012800816666750001,2,3,Cr-O-V,"V,Cr,O",mp-780611,mp-757208,"mp-780611,mp-780616,mp-757208",
BAT_00504,Li1-4V3CrO8,V3CrO8,LiV3CrO8,Li4V3CrO8,Li,2.83081522,222.9865439941219,881.8589881974934,631.2337025937597,2496.3798456832646,0.009847958237087001,0.09291348923077,0.010764225625,2,3,Cr-O-V,"V,Cr,O",mp-769589,mp-769614,"mp-769589,mp-769590,mp-769596,mp-769614",
BAT_00505,Li1-2VCrO4,VCrO4,LiVCrO4,Li2VCrO4,Li,2.6650029466666583,148.22417969841305,591.3905199302088,395.0178756635191,1576.0574782447336,0.002394559701686,0.06257721928571401,0.020155168958333,1,3,Cr-O-V,"V,Cr,O",mp-776068,mp-769617,"mp-776068,mp-769617",
BAT_00506,Li0-4Cr(WO4)3,Cr(WO4)3,Cr(WO4)3,Li4Cr(WO4)3,Li,3.700469580833332,130.21918319120618,837.3163413794795,481.8721262400217,3098.463650809422,0.0058574384876100005,0.08507317479687501,0.032932578499998005,1,3,Cr-O-W,"Cr,W,O",mp-1178444,mp-778824,"mp-1178444,mp-778824",
BAT_00507,Li0-4V3Cr3(WO8)2,V3Cr3(WO8)2,V3Cr3(WO8)2,Li4V3Cr3(WO8)2,Li,3.04436367833333,111.64408975257159,590.4059500530761,339.8852117433153,1797.4104298134675,0.043551108589647,0.097534121666667,0.006191012678570001,1,4,Cr-O-V-W,"V,Cr,W,O",mp-775969,mp-756412,"mp-775969,mp-756412",
BAT_00508,Li0-2CrWO6,CrWO6,CrWO6,Li2CrWO6,Li,4.295765100833326,155.04979481834803,880.9929404442287,666.0574974720273,3784.5387276408505,0.08616443744320801,0.18985628678124802,0.07004498122222,1,3,Cr-O-W,"Cr,W,O",mp-1802603,mp-754450,"mp-1802603,mp-1386281,mp-754450",
BAT_00509,Li0-2Cr3WO8,Cr3WO8,Cr3WO8,Li2Cr3WO8,Li,3.537951798333329,111.2774553969755,599.8956726663832,393.6942734356862,2122.4019739224127,0.03943575552023,0.09714386833333301,0.01104083642857,1,3,Cr-O-W,"Cr,W,O",mp-773181,mp-775271,"mp-773181,mp-775271",
BAT_00510,Li0-3Cr2(PS4)3,Cr2(PS4)3,Cr2(PS4)3,Li3Cr2(PS4)3,Li,2.909581414166666,133.44770691650697,293.46464369382517,388.2769678074291,853.8592730065966,0.09087629082822801,0.10279629097058701,0.0,2,3,Cr-P-S,"Cr,P,S",mp-778446,mp-778433,"mp-778446,mp-778530,mp-778433",More than one working ion per transition metal
BAT_00511,Li0-1CrP2S7,CrP2S7,CrP2S7,LiCrP2S7,Li,1.94756167333333,77.60905289386628,175.23559603158117,151.14841691979314,341.2821306348297,0.038040903811904,0.006212603200003001,0.039970856992423004,1,3,Cr-P-S,"Cr,P,S",mp-768680,mp-1176770,"mp-768680,mp-1176770",
BAT_00512,Li0-0.5CrS2,CrS2,CrS2,Li(CrS2)2,Li,2.559675703333337,112.04951121254238,356.57213297708034,286.81041142112116,912.7090252671766,0.177575623477484,0.029461006666667,0.0077217049999990005,1,2,Cr-S,"Cr,S",mp-1442954,mp-1045358,"mp-1442954,mp-1407236,mp-1045358,mp-1238786,mp-1045432",
BAT_00513,Li0-1CrS2,CrS2,CrS2,LiCrS2,Li,2.403157863333331,217.77941582570722,698.3360596425133,523.3583156136875,1678.2117929791198,0.110568866212591,0.0,0.0,2,2,Cr-S,"Cr,S",mp-755263,mp-4226,"mp-755263,mp-1238817,mp-4226",
BAT_00514,Li0-1Cs2PdF6,Cs2PdF6,Cs2PdF6,Cs2LiPdF6,Li,2.934255043333327,54.346165340298896,266.4866273401093,159.4655097355989,781.9397302536047,0.17503480497786703,0.0,0.086950592625003,1,3,Cs-F-Pd,"Cs,Pd,F",mp-504729,mp-1112572,"mp-504729,mp-1112572",
BAT_00515,Li0-1CsMnP3HO10,CsMnP3HO10,CsMnP3HO10,CsLiMnP3HO10,Li,2.612493850833336,59.73037631745181,169.32903222568012,156.04524083730396,442.3710554571491,0.08013451149992101,0.0,0.048675229779401,1,5,Cs-H-Mn-O-P,"Cs,Mn,P,H,O",mp-23871,mp-752778,"mp-23871,mp-752778",
BAT_00516,Li0-1Cs2MnO4,Cs2MnO4,Cs2MnO4,Cs2LiMnO4,Li,3.164047273333342,68.42566537403268,284.2972506361538,216.5020399527278,899.5299406914884,0.026893950796789003,0.029938723214286003,0.0,1,3,Cs-Mn-O,"Cs,Mn,O",mp-755110,mp-18722,"mp-755110,mp-18722",
BAT_00517,Li0-0.5CsTm(WO4)2,CsTm(WO4)2,CsTm(WO4)2,Cs2LiTm2(WO4)4,Li,1.226253273333332,16.730318942276725,129.58201962738798,20.515608366877483,158.90037573322857,0.019849979920826002,0.007030679999999001,0.065508306000014,1,4,Cs-O-Tm-W,"Cs,Tm,W,O",mp-1213209,mp-1235075,"mp-1213209,mp-1235075,mp-1235182",
BAT_00518,Li0-1CsTa(PO4)2,CsTa(PO4)2,CsTa(PO4)2,CsLiTa(PO4)2,Li,0.056556913333343006,52.47608497514521,221.49453619165695,2.9678853900124302,12.527047287200547,0.048375925312581,0.0,0.147793952045795,1,4,Cs-O-P-Ta,"Cs,Ta,P,O",mp-559118,mp-1235123,"mp-559118,mp-1235123",
BAT_00519,Li0.5-1CuF3,CuF3,LiCu2F6,LiCuF3,Li,4.283968123333335,105.11851508323673,393.2282848130709,450.32436778872056,1684.5774373322377,0.143809494121405,0.0,0.029486996999997003,1,2,Cu-F,"Cu,F",mp-758265,mp-761262,"mp-758265,mp-761262,mp-760814",
BAT_00520,Li1-2CuF4,CuF4,LiCuF4,Li2CuF4,Li,4.725122928333339,174.69169210404684,580.8375372194517,825.4397197501798,2744.5287647523005,0.067906849308889,0.0,0.014737276428571,1,2,Cu-F,"Cu,F",mp-753257,mp-753171,"mp-753257,mp-753171",More than one working ion per transition metal
BAT_00521,Li5-6CuF8,CuF8,Li5CuF8,Li6CuF8,Li,4.133573043333333,104.21324305194537,311.71837428921214,430.7730522378661,1288.5106690735774,0.018660054146794003,0.0008724705952340001,0.036446985333333,1,2,Cu-F,"Cu,F",mp-753202,mp-753139,"mp-753202,mp-753139,mp-753268",More than one working ion per transition metal
BAT_00522,Li0-2MnCuF6,MnCuF6,MnCuF6,Li2MnCuF6,Li,3.302111703333332,217.58293400091662,670.0524318521019,718.4831528100308,2212.5879770657857,0.335829642422085,0.0,0.25515818500000004,1,3,Cu-F-Mn,"Mn,Cu,F",mp-1206085,mp-1111263,"mp-1206085,mp-1111263",
BAT_00523,Li0-1Cu6OF11,Cu6OF11,Cu6OF11,LiCu6OF11,Li,3.6114933333333332,43.70765175478907,201.8003926182824,157.8498929280757,728.800772604976,0.034954922478307004,0.01651076751736,0.06012413999999801,1,3,Cu-F-O,"Cu,O,F",mp-752933,mp-1235045,"mp-752933,mp-1235045,mp-1235453,mp-1235406,mp-1235471,mp-1235450,mp-1235671,mp-1235051,mp-1236652,mp-1235764,mp-1235178,mp-1235676,mp-1235161",
BAT_00524,Li0-2CuMoF6,CuMoF6,CuMoF6,Li2CuMoF6,Li,1.763873608333331,186.53694727287737,602.0204639412789,329.02759827369465,1061.88800802261,0.344481773013948,0.0,0.41552127199999905,1,3,Cu-F-Mo,"Cu,Mo,F",mp-19859,mp-1111143,"mp-19859,mp-556093,mp-1111143",
BAT_00525,Li0-4NbFe3Cu2(PO4)6,NbFe3Cu2(PO4)6,NbFe3Cu2(PO4)6,Li4NbFe3Cu2(PO4)6,Li,2.849131690833336,108.82463089481975,364.30843693553624,310.0557046256715,1037.9627129109942,0.062527703059662,0.056227690092589,0.1010388525625,1,5,Cu-Fe-Nb-O-P,"Nb,Fe,Cu,P,O",mp-776142,mp-777855,"mp-776142,mp-777855",
BAT_00526,Li0-1CuPO4F,CuPO4F,CuPO4F,LiCuPO4F,Li,5.134152133333335,145.29952922195065,503.69677066906576,745.9898879272072,2586.0558496836957,0.045807569207404,0.12269248207142801,0.045484819687499005,1,4,Cu-F-O-P,"Cu,P,O,F",mp-25380,mp-25405,"mp-25380,mp-25405",
BAT_00527,Li2-4Fe3CuO8,Fe3CuO8,Li2Fe3CuO8,Li4Fe3CuO8,Li,3.7747406783333273,138.5661632134607,596.9270160872393,523.0513329224252,2253.2446896206347,0.011124005542635,0.08265723575000501,0.03672146265625,2,3,Cu-Fe-O,"Fe,Cu,O",mp-755351,mp-753104,"mp-755351,mp-1178069,mp-771398,mp-756959,mp-753104",
BAT_00528,Li4-5Fe2Cu3O10,Fe2Cu3O10,Li4Fe2Cu3O10,Li5Fe2Cu3O10,Li,3.920631173333337,53.92359196857291,232.8437137161757,211.41451565009413,912.8943225103417,0.013641185887838001,0.097819084157892,0.071392157750004,1,3,Cu-Fe-O,"Fe,Cu,O",mp-849416,mp-771233,"mp-849416,mp-771233",
BAT_00529,Li2-3Fe(CuO3)2,Fe(CuO3)2,Li2Fe(CuO3)2,Li3Fe(CuO3)2,Li,4.044285213333329,89.41087211270182,406.70078630726243,361.6030679966373,1644.8139763134996,0.007832476585911,0.10295086641287901,0.049326528958332005,1,3,Cu-Fe-O,"Fe,Cu,O",mp-756110,mp-755201,"mp-756110,mp-755201",
BAT_00530,Li3-4FeCu3O8,FeCu3O8,Li3FeCu3O8,Li4FeCu3O8,Li,4.244925613333327,66.63020723674416,308.15346110612194,282.84027332096287,1308.088519886692,0.0045619389900560005,0.110269904702779,0.057054186718749005,1,3,Cu-Fe-O,"Fe,Cu,O",mp-771350,mp-756375,"mp-771350,mp-756375",
BAT_00531,Li1-1.5FeCuO4,FeCuO4,LiFeCuO4,Li3Fe2(CuO4)2,Li,2.976155723333325,69.14723249720689,288.45578312652606,205.79293174922236,858.4893298806069,0.015113506457425001,0.036439785791666006,0.070105173933333,1,3,Cu-Fe-O,"Fe,Cu,O",mp-775462,mp-781767,"mp-775462,mp-781767,mp-755106",
BAT_00532,Li0-2Fe2Cu(PO4)3,Fe2Cu(PO4)3,Fe2Cu(PO4)3,Li2Fe2Cu(PO4)3,Li,3.331431138333319,113.07876380909748,399.3118102757817,376.7141148378662,1330.2797986569858,0.004522804716095,0.075172307656258,0.11142556174999001,1,4,Cu-Fe-O-P,"Fe,Cu,P,O",mp-775240,mp-761114,"mp-775240,mp-761114",
BAT_00533,Li0-4Fe3Cu(PO4)4,Fe3Cu(PO4)4,Fe3Cu(PO4)4,Li4Fe3Cu(PO4)4,Li,3.693901858333331,167.84220153765952,593.8556927220679,619.992620166718,2193.6446469278744,0.054071583986808,0.049023099283863,0.022583143928570002,1,4,Cu-Fe-O-P,"Fe,Cu,P,O",mp-775191,mp-1177485,"mp-775191,mp-1177485",
BAT_00534,Li0-4FeCu3(PO4)4,FeCu3(PO4)4,FeCu3(PO4)4,Li4FeCu3(PO4)4,Li,3.894659230833331,163.89024105016657,607.0572081400593,638.296640149531,2364.280959326593,0.036215600619238,0.029237851197912,0.047499447857136,1,4,Cu-Fe-O-P,"Fe,Cu,P,O",mp-775297,mp-1177402,"mp-775297,mp-1177402",
BAT_00535,Li0-4TiFe3Cu2(PO4)6,TiFe3Cu2(PO4)6,TiFe3Cu2(PO4)6,Li4TiFe3Cu2(PO4)6,Li,3.188895230833314,114.03840177052999,375.3773998178894,363.6565155378965,1197.0392000418778,0.060495269984451004,0.052781282569444005,0.08774257343750501,1,5,Cu-Fe-O-P-Ti,"Ti,Fe,Cu,P,O",mp-775996,mp-778677,"mp-775996,mp-778677",
BAT_00536,Li0-2FeCu(PO4)2,FeCu(PO4)2,FeCu(PO4)2,Li2FeCu(PO4)2,Li,3.732133335833336,165.8426812512617,619.5832052044808,618.946999201816,2312.3671344661097,0.046853054727297005,0.037391828151046004,0.036195189285708,1,4,Cu-Fe-O-P,"Fe,Cu,P,O",mp-775167,mp-758722,"mp-775167,mp-758722",
BAT_00537,Li0-1.5V3Fe2CuO12,V3Fe2CuO12,V3Fe2CuO12,Li3V6Fe4(CuO12)2,Li,3.648902543333316,75.78678494415811,274.17595458971317,276.53859233379364,1000.4413380232442,0.0079377183984,0.047536193368053,0.035737167051282,2,4,Cu-Fe-O-V,"V,Fe,Cu,O",mp-773088,mp-772865,"mp-773088,mp-766078,mp-772865",
BAT_00538,Li0-1.5V3Fe2CuO12,V3Fe2CuO12,V3Fe2CuO12,Li3V6Fe4(CuO12)2,Li,4.968244016666674,75.78678494415811,274.17590573897263,376.5272408412175,1362.1728032018168,0.007937597167513001,1.9573582214236092,1.697162002692307,1,4,Cu-Fe-O-V,"V,Fe,Cu,O",mp-807992,mp-807977,"mp-807992,mp-807977",
BAT_00539,Li0-1FeCuS2,FeCuS2,FeCuS2,LiFeCuS2,Li,1.800780143333331,140.71825952349494,566.4661059520593,253.40264755433617,1020.0809154698235,0.001674129749598,0.170007523749999,0.12413109200000001,1,3,Cu-Fe-S,"Fe,Cu,S",mp-753211,mp-755288,"mp-753211,mp-755288",
BAT_00540,Li4.5-5Cu(HO2)2,Cu(HO2)2,Li9Cu2(HO2)4,Li5Cu(HO2)2,Li,2.8552934733333233,81.5802696522215,200.3353658239288,232.93561149076064,572.0162625149077,0.013303391954939,0.07370497929347601,0.039136280833333,2,3,Cu-H-O,"Cu,H,O",mp-781825,mp-769763,"mp-781825,mp-1178316,mp-769763",More than one working ion per transition metal
BAT_00541,Li1-2Cu(HO)4,Cu(HO)4,LiCu(HO)4,Li2Cu(HO)4,Li,2.896567945833337,184.25661750882796,518.0494434290666,533.7118120837447,1500.5654121934351,0.024692871795669,0.08133509049999901,0.079091274318174,1,3,Cu-H-O,"Cu,H,O",mp-759472,mp-769242,"mp-759472,mp-769242",More than one working ion per transition metal
BAT_00542,Li0-1RbCu2H3(SO5)2,RbCu2H3(SO5)2,RbCu2H3(SO5)2,RbLiCu2H3(SO5)2,Li,2.601791143333334,60.00574040811743,193.48563368777542,156.12240394299909,503.40920809109184,0.081085309344784,0.009646600277778,0.057268025230261005,1,5,Cu-H-O-Rb-S,"Rb,Cu,H,S,O",mp-1219621,mp-1235141,"mp-1219621,mp-1235141,mp-1236531",
BAT_00543,Li0-1Ho2Cu(SiO3)4,Ho2Cu(SiO3)4,Ho2Cu(SiO3)4,LiHo2Cu(SiO3)4,Li,1.777110983333334,38.03341707417017,180.72911865998356,67.58960321620538,321.17570177881026,0.041604199702703,0.017961958157892,0.07076941437499701,1,4,Cu-Ho-O-Si,"Ho,Cu,Si,O",mp-1212369,mp-1235332,"mp-1212369,mp-1235332,mp-1235972,mp-1235309",
BAT_00544,Li0-1In2CuSe4,In2CuSe4,In2CuSe4,LiIn2CuSe4,Li,2.528926413333331,43.51151147936466,212.56109191294598,110.03741066422174,537.551359785623,0.094215779561473,0.044806968412697004,0.0039216218749990005,1,3,Cu-In-Se,"In,Cu,Se",mp-1078168,mp-1079491,"mp-1078168,mp-1079491",
BAT_00545,Li0-1La8Cu3O16,La8Cu3O16,La8Cu3O16,LiLa8Cu3O16,Li,0.171586473333353,17.127591862381763,118.27864140061399,2.938863084359133,20.29501494859175,0.0058903419963040006,1.387190764027765,1.4295643034970031,1,3,Cu-La-O,"La,Cu,O",mp-1371146,mp-1344934,"mp-1371146,mp-1344934",
BAT_00546,Li0-1La20Cu9O40,La20Cu9O40,La20Cu9O40,LiLa20Cu9O40,Li,3.246507393333336,6.705499322772962,46.344695499760654,21.7694531273741,150.45839658175515,0.008473662974500001,0.064647090072488,0.052724651255936006,1,3,Cu-La-O,"La,Cu,O",mp-849992,mp-774722,"mp-849992,mp-774722",
BAT_00547,Li0-1La8Cu3O16,La8Cu3O16,La8Cu3O16,LiLa8Cu3O16,Li,3.312582793333324,17.127591862381763,118.27865223234434,56.736566094561695,391.80782820352005,0.005890305703341,0.07301288476850501,0.050142908497003,1,3,Cu-La-O,"La,Cu,O",mp-776310,mp-774793,"mp-776310,mp-774793",
BAT_00548,Li0-1La4CuO8,La4CuO8,La4CuO8,LiLa4CuO8,Li,3.922914823333333,35.54082500835148,239.35094437770135,139.42362925875807,938.9533676781168,0.020416070332174,0.058155815528845,0.014393940178563,1,3,Cu-La-O,"La,Cu,O",mp-772213,mp-21496,"mp-772213,mp-21496",
BAT_00549,Li1-1.5La7(CuO7)2,La7(CuO7)2,LiLa7(CuO7)2,Li3La14(CuO7)4,Li,3.492479408333342,10.04678745722653,68.44760092335757,35.08819831426536,239.05183677464458,0.002230371503283,0.038404956093766006,0.029445520522961004,1,3,Cu-La-O,"La,Cu,O",mp-775959,mp-774918,"mp-775959,mp-774918",
BAT_00550,Li0-1La8Cu3O16,La8Cu3O16,La8Cu3O16,LiLa8Cu3O16,Li,1.130118613333313,17.127591862381763,118.27864140061399,19.356210365253826,133.66889420661016,0.0058903419963040006,0.8924204762499861,0.9182310924255751,1,3,Cu-La-O,"La,Cu,O",mp-888651,mp-888265,"mp-888651,mp-888265",
BAT_00551,Li0-8Mg3Cu9(SiO3)16,Mg3Cu9(SiO3)16,Mg3Cu9(SiO3)16,Li8Mg3Cu9(SiO3)16,Li,3.6265140658333372,111.80699485294446,396.48526836655225,405.46963949275863,1437.8594026270075,0.029327944238248003,0.069546047697363,0.05780900428571201,1,4,Cu-Mg-O-Si,"Mg,Cu,Si,O",mp-766403,mp-774516,"mp-766403,mp-774516",
BAT_00552,Li0-2MgCu2(SiO3)4,MgCu2(SiO3)4,MgCu2(SiO3)4,Li2MgCu2(SiO3)4,Li,3.667690723333327,114.14264719377451,398.61436016989717,418.6399282493156,1461.9941909825814,0.031072182416907002,0.063229205065785,0.048172179285715,1,4,Cu-Mg-O-Si,"Mg,Cu,Si,O",mp-756830,mp-773087,"mp-756830,mp-773087",
BAT_00553,Li0-4Mn3CuNi2(PO4)6,Mn3CuNi2(PO4)6,Mn3CuNi2(PO4)6,Li4Mn3CuNi2(PO4)6,Li,3.753400058333331,113.64516088216786,386.4249986529908,426.55575348442966,1450.407612485593,0.07128949314294501,0.045274948715276,0.08339456843751501,1,5,Cu-Mn-Ni-O-P,"Mn,Cu,Ni,P,O",mp-772496,mp-775323,"mp-772496,mp-775323",
BAT_00554,Li3-4MnCu3O8,MnCu3O8,Li3MnCu3O8,Li4MnCu3O8,Li,3.329249773333335,66.7807811032492,308.31896100147134,222.32990035101545,1026.4708310285178,0.0066489699609140005,0.07293014056667001,0.07986267937500001,1,3,Cu-Mn-O,"Mn,Cu,O",mp-756390,mp-756491,"mp-756390,mp-756491",
BAT_00555,Li1-3Mn5(CuO6)2,Mn5(CuO6)2,LiMn5(CuO6)2,Li3Mn5(CuO6)2,Li,3.275343688333341,87.21629440759719,389.474957911095,285.6633394077459,1275.6643451579985,0.022984220644009002,0.07680751039583601,0.08305275909091801,2,3,Cu-Mn-O,"Mn,Cu,O",mp-756860,mp-849464,"mp-756860,mp-849474,mp-849464",
BAT_00556,Li0-4Mn5CuO12,Mn5CuO12,Mn5CuO12,Li4Mn5CuO12,Li,3.39711629333333,192.12771446642287,760.0279764169111,652.680189214779,2581.903422075049,0.085426977567312,0.062996609618057,0.10431623818181901,1,3,Cu-Mn-O,"Mn,Cu,O",mp-756191,mp-753851,"mp-756191,mp-753851,mp-1177346",
BAT_00557,Li0-4Mn3CuO8,Mn3CuO8,Mn3CuO8,Li4Mn3CuO8,Li,3.316603785833334,279.0953612930095,1199.4008853794276,925.6487318729174,3977.937517181262,0.04860557860023101,0.06300942234374901,0.092166934062513,1,3,Cu-Mn-O,"Mn,Cu,O",mp-756525,mp-773427,"mp-756525,mp-773427",
BAT_00558,Li4-5Mn2Cu3O10,Mn2Cu3O10,Li4Mn2Cu3O10,Li5Mn2Cu3O10,Li,3.981817878333335,54.12110803727722,241.31995041063155,215.50039557804038,960.8920929435666,0.0051783930078830006,0.074177774210519,0.046727353249996,1,3,Cu-Mn-O,"Mn,Cu,O",mp-849495,mp-755409,"mp-849495,mp-755409",
BAT_00559,Li0-2Mn3CuO8,Mn3CuO8,Mn3CuO8,Li2Mn3CuO8,Li,4.251077828333334,144.7800025103567,608.9745195197689,615.4710586578218,2588.7980779504346,0.036306176591273005,0.074407050677082,0.018717342107141002,1,3,Cu-Mn-O,"Mn,Cu,O",mp-756513,mp-756596,"mp-756513,mp-756596",
BAT_00560,Li0-5Mn3Cu(PO4)4,Mn3Cu(PO4)4,Mn3Cu(PO4)4,Li5Mn3Cu(PO4)4,Li,3.5235645473333292,208.42566951497645,689.5597216125043,734.4012998571842,2429.7081883428605,0.113940228533617,0.016614386822899,0.05663654396552201,2,4,Cu-Mn-O-P,"Mn,Cu,P,O",mp-756349,mp-1177150,"mp-756349,mp-757721,mp-1177150",More than one working ion per transition metal
BAT_00561,Li0-4Mn5Cu(PO4)6,Mn5Cu(PO4)6,Mn5Cu(PO4)6,Li4Mn5Cu(PO4)6,Li,3.737699760833327,114.5572467400298,373.9328473120229,428.1805937419338,1397.648713965873,0.068988142403291,0.055053920104156,0.06729780193750501,1,4,Cu-Mn-O-P,"Mn,Cu,P,O",mp-773506,mp-1177362,"mp-773506,mp-1177362",
BAT_00562,Li0-8Mn7Cu(PO4)12,Mn7Cu(PO4)12,Mn7Cu(PO4)12,Li8Mn7Cu(PO4)12,Li,4.905423368333334,130.47665373663435,395.7099371706681,640.043226261623,1941.124772878711,0.042257423752788,0.088673820790429,0.023454895164480002,1,4,Cu-Mn-O-P,"Mn,Cu,P,O",mp-1176532,mp-1176950,"mp-1176532,mp-1176950",
BAT_00563,Li0-4MnCu3(PO4)4,MnCu3(PO4)4,MnCu3(PO4)4,Li4MnCu3(PO4)4,Li,4.128801940833331,164.11779045716997,601.6518238790832,677.6098517648414,2484.1012181378724,0.046537021078915004,0.03909223520834,0.043184879375007,1,4,Cu-Mn-O-P,"Mn,Cu,P,O",mp-775168,mp-753744,"mp-775168,mp-753744",
BAT_00564,Li0-2MnCu(PO4)2,MnCu(PO4)2,MnCu(PO4)2,Li2MnCu(PO4)2,Li,3.864876450833333,166.30935130011238,590.336355899242,642.7650953931723,2281.577079985746,0.042972896709419006,0.007482158229163,0.032659129464295,1,4,Cu-Mn-O-P,"Mn,Cu,P,O",mp-775025,mp-765574,"mp-775025,mp-765574",
BAT_00565,Li0-1Sr4Mn2Cu3(SO)4,Sr4Mn2Cu3(SO)4,Sr4Mn2Cu3(SO)4,Sr4LiMn2Cu3(SO)4,Li,0.89861959833333,31.524007981489333,148.142130482785,28.328091390182657,133.12342179068412,0.06413409590923301,0.027224701691173,0.078771580937498,1,5,Cu-Mn-O-S-Sr,"Sr,Mn,Cu,S,O",mp-1218477,mp-1235184,"mp-1218477,mp-1235184,mp-1235689,mp-1236434,mp-1235142,mp-1236109,mp-1232983",
BAT_00566,Li0-4Mn3Cu3(TeO8)2,Mn3Cu3(TeO8)2,Mn3Cu3(TeO8)2,Li4Mn3Cu3(TeO8)2,Li,3.987912588333334,119.86263559831387,584.4595170560322,478.00171337332716,2330.773465438972,0.090865777229044,0.055740142864588005,0.029375233329605004,1,4,Cu-Mn-O-Te,"Mn,Cu,Te,O",mp-758477,mp-757393,"mp-758477,mp-757393",
BAT_00567,Li0-2MnV4CuO12,MnV4CuO12,MnV4CuO12,Li2MnV4CuO12,Li,3.730421058333324,101.49676311995466,341.4358781566244,378.625662495348,1273.699589946003,0.020420127427884002,0.13132517805555602,0.078117128375009,1,4,Cu-Mn-O-V,"Mn,V,Cu,O",mp-754799,mp-774824,"mp-754799,mp-774824",
BAT_00568,Li0-1Ti3Nb(CuO4)3,Ti3Nb(CuO4)3,Ti3Nb(CuO4)3,LiTi3Nb(CuO4)3,Li,3.361940703333322,42.80845299050496,211.0963774314468,143.9194805555097,709.6935036129946,0.015628452161113002,0.06824739484492001,0.080769848000006,1,4,Cu-Nb-O-Ti,"Ti,Nb,Cu,O",mp-757045,mp-849772,"mp-757045,mp-849772",
BAT_00569,Li0-1Na2CuP2O7,Na2CuP2O7,Na2CuP2O7,Na2LiCuP2O7,Li,2.045860248333331,92.288467440828,271.1758017050602,188.8093069167949,554.7877930183047,0.037058667746781,0.008205520625,0.08771208561538,1,4,Cu-Na-O-P,"Na,Cu,P,O",mp-556822,mp-776424,"mp-556822,mp-776424",
BAT_00570,Li0-1NaCu(PO3)3,NaCu(PO3)3,NaCu(PO3)3,NaLiCu(PO3)3,Li,2.31218372583334,81.12008762013873,241.899192540309,187.56454643345938,559.3153762839282,0.072244558579484,0.011525100178553,0.087759353777763,1,4,Cu-Na-O-P,"Na,Cu,P,O",mp-761042,mp-775900,"mp-761042,mp-775900",
BAT_00571,Li0-1Na2CuP2O7,Na2CuP2O7,Na2CuP2O7,Na2LiCuP2O7,Li,2.038119293333328,92.288467440828,262.3703520956726,188.09490604331623,534.7420766048488,0.06124767386111601,0.0,0.080733216961534,1,4,Cu-Na-O-P,"Na,Cu,P,O",mp-6467,mp-1176382,"mp-6467,mp-1176382",
BAT_00572,Li4-5Cu2Ni5O12,Cu2Ni5O12,Li4Cu2Ni5O12,Li5Cu2Ni5O12,Li,3.804458318333336,41.407801579471844,206.1716313677424,157.5342551629179,784.3713779613618,0.007175999631495,0.028288320742756,0.013139647083331001,1,3,Cu-Ni-O,"Cu,Ni,O",mp-849405,mp-754449,"mp-849405,mp-754449",
BAT_00573,Li3-4CuNi3O8,CuNi3O8,Li3CuNi3O8,Li4CuNi3O8,Li,3.681126523333337,67.78571273841646,313.412925747771,249.5277850644393,1153.7126337256218,0.016371056446354,0.033158405472223006,0.017839251875,1,3,Cu-Ni-O,"Cu,Ni,O",mp-861850,mp-752986,"mp-861850,mp-868007,mp-752986",
BAT_00574,Li0-2V4CuNiO12,V4CuNiO12,V4CuNiO12,Li2V4CuNiO12,Li,2.674010633333343,100.7801423905755,352.307177749766,269.4871723812474,942.0731395025347,0.019601467728186002,0.010587386944445,0.08454168075001,1,4,Cu-Ni-O-V,"V,Cu,Ni,O",mp-756167,mp-1177805,"mp-756167,mp-1177805",
BAT_00575,Li0-0.5CuO,CuO,CuO,Li(CuO)2,Li,3.106870914583333,161.4237823438877,855.042667453471,501.52285428625527,2656.5071942389386,0.003984910006609,0.179534246562499,0.004903191500002,1,2,Cu-O,"Cu,O",mp-510751,mp-553966,"mp-510751,mp-553966",
BAT_00576,Li0-1CuO,CuO,CuO,LiCuO,Li,3.592066195833334,309.8924356357057,1253.991523190112,1113.1541423914757,4504.420560312754,0.036367908961870005,0.5894081550000001,0.0,2,2,Cu-O,"Cu,O",mp-25229,mp-5127,"mp-25229,mp-753081,mp-5127",
BAT_00577,Li0-0.5CuO2,CuO2,CuO2,Li(CuO2)2,Li,4.528884603333332,135.34009968845163,622.5169978546008,612.9396936926269,2819.3076468969907,0.019497140236407,0.174862156875,0.035438005523809005,1,2,Cu-O,"Cu,O",mp-504100,mp-25385,"mp-504100,mp-25385",
BAT_00578,Li1.33-2CuO2,CuO2,Li4(CuO2)3,Li2CuO2,Li,2.569628238333329,163.28407754690133,592.9143060178028,419.57937653472686,1523.5693436551553,0.047555667992463004,0.027734560000003003,0.014433391249998002,1,2,Cu-O,"Cu,O",mp-752615,mp-4711,"mp-752615,mp-4711",More than one working ion per transition metal
BAT_00579,Li1-1.5CuO2,CuO2,LiCuO2,Li3(CuO2)2,Li,2.8554134833333342,126.47422166196768,477.469980806294,361.1361978276713,1363.3742210812,0.065742892591943,0.024710698749999004,0.010326508888889,1,2,Cu-O,"Cu,O",mp-773044,mp-1222709,"mp-773044,mp-758382,mp-25248,mp-1222709,mp-545467",More than one working ion per transition metal
BAT_00580,Li0-0.5CuO,CuO,CuO,Li(CuO)2,Li,3.000944633333334,161.4237823438877,855.6021631673433,484.42383331725796,2567.6147198254303,0.083797657418261,0.15278473625000003,0.004688839500002,1,2,Cu-O,"Cu,O",mp-510752,mp-18162,"mp-510752,mp-18162",
BAT_00581,Li0-0.33CuO,CuO,CuO,Li(CuO)3,Li,4.066457303333327,109.13668347616917,665.3142786925687,443.7996635832458,2705.4721076013407,0.092670820263636,0.33538806666666604,0.051302997500002,1,2,Cu-O,"Cu,O",mp-1120722,mp-1147702,"mp-1120722,mp-1147702",
BAT_00582,Li0-1CuO2,CuO2,CuO2,LiCuO2,Li,3.94104168333333,261.5140941024404,1241.0626536873392,1030.637945636873,4891.079649810082,0.046854138534499004,0.164496610208333,0.067987817499999,1,2,Cu-O,"Cu,O",mp-25378,mp-25372,"mp-25378,mp-25372",
BAT_00583,Li6-7CuO4,CuO4,Li6CuO4,Li7CuO4,Li,1.5891564283333361,152.1682271301176,420.77853059411086,241.81911633191365,668.6829067982869,0.047505486154691,0.055213587386364005,0.093128560208334,1,2,Cu-O,"Cu,O",mp-752512,mp-780217,"mp-752512,mp-780217",More than one working ion per transition metal
BAT_00584,Li0-1CuO2,CuO2,CuO2,LiCuO2,Li,4.576391703333331,261.5140941024404,1139.0070819140194,1196.7909305551404,5212.542559709226,0.466412504205434,0.28562952687500004,0.0,1,2,Cu-O,"Cu,O",mp-614565,mp-9158,"mp-614565,mp-9158",
BAT_00585,Li0-1Cu4(PO4)3,Cu4(PO4)3,Cu4(PO4)3,LiCu4(PO4)3,Li,3.825006468333346,49.08344811302371,188.41759893818062,187.74450652041986,720.6985346863792,0.012272989174048001,0.037561490000006005,0.050426772250013005,1,3,Cu-O-P,"Cu,P,O",mp-673151,mp-673145,"mp-673151,mp-673145",
BAT_00586,Li1-2CuPO4,CuPO4,LiCuPO4,Li2CuPO4,Li,3.176260728333337,155.46160284145304,516.9155446751881,493.7865838690616,1641.8585444168366,0.016451076618987003,0.059301068214284006,0.0549517475,1,3,Cu-O-P,"Cu,P,O",mp-504304,mp-26695,"mp-504304,mp-26695",More than one working ion per transition metal
BAT_00587,Li0-1CuPO4,CuPO4,CuPO4,LiCuPO4,Li,4.465714708333334,161.98323748281692,601.5384621496218,723.370926130467,2686.2991580497805,0.043375223246948,0.078055052083334,0.053740614999997,1,3,Cu-O-P,"Cu,P,O",mp-25886,mp-25885,"mp-25886,mp-25885",
BAT_00588,Li2-3CuP2O7,CuP2O7,Li2CuP2O7,Li3CuP2O7,Li,1.849812583333336,103.75610706581654,277.1317314930754,191.92935244802834,512.6417641568464,0.04409233835727,0.0,0.09828008211538501,1,3,Cu-O-P,"Cu,P,O",mp-6412,mp-781753,"mp-6412,mp-781753",More than one working ion per transition metal
BAT_00589,Li1-2CuPO4,CuPO4,LiCuPO4,Li2CuPO4,Li,3.2802769733333332,155.46160284145304,530.1819314648237,509.9571160383104,1739.1435814614529,0.012508777061371,0.074853432142855,0.055558035312500004,1,3,Cu-O-P,"Cu,P,O",mp-27048,mp-27047,"mp-27048,mp-27047",More than one working ion per transition metal
BAT_00590,Li0-1Cu4(PO4)3,Cu4(PO4)3,Cu4(PO4)3,LiCu4(PO4)3,Li,3.897436908333337,49.08344811302371,194.76918149114437,191.2996422639629,759.1005965494604,0.009257167448356,0.028441943684216,0.038141681250013,1,3,Cu-O-P,"Cu,P,O",mp-26742,mp-26741,"mp-26742,mp-26741",
BAT_00591,Li0-1Cu2P3O10,Cu2P3O10,Cu2P3O10,LiCu2P3O10,Li,4.5977199933333335,69.26372881094476,250.23740054987707,318.4552307668987,1150.5214995879312,3.1216572453196534e-05,0.038006843833333005,0.032131749218743004,1,3,Cu-O-P,"Cu,P,O",mp-26532,mp-26531,"mp-26532,mp-26531",
BAT_00592,Li1-2CuPO4,CuPO4,LiCuPO4,Li2CuPO4,Li,3.020763838333335,155.46160284145304,526.052291129947,469.61278811280016,1589.0797381177435,0.010003585890098001,0.047987742142855006,0.0644896984375,1,3,Cu-O-P,"Cu,P,O",mp-27064,mp-27063,"mp-27064,mp-27063",More than one working ion per transition metal
BAT_00593,Li0-2Cu(PO3)3,Cu(PO3)3,Cu(PO3)3,Li2Cu(PO3)3,Li,3.624041698333333,170.52331754506523,519.4997991436761,617.9836133214525,1882.6889343724736,0.068398316122284,0.012643613750013001,0.08808545275,2,3,Cu-O-P,"Cu,P,O",mp-540496,mp-849327,"mp-540496,mp-12185,mp-849327",More than one working ion per transition metal
BAT_00594,Li1-2Cu(PO3)4,Cu(PO3)4,LiCu(PO3)4,Li2Cu(PO3)4,Li,5.297668323333346,68.14238806203377,197.7739823920549,360.99577071252463,1047.7409616978762,0.018308256155167003,0.039166875740738,0.018163737850876,1,3,Cu-O-P,"Cu,P,O",mp-672966,mp-672959,"mp-672966,mp-672959",More than one working ion per transition metal
BAT_00595,Li0-2CuPO4,CuPO4,CuPO4,Li2CuPO4,Li,3.894207785833331,310.9232056829061,1029.4321754502682,1210.7995683666313,4008.8227926257787,0.049803722691038006,0.12337586416666702,0.06577194312500101,2,3,Cu-O-P,"Cu,P,O",mp-673017,mp-26875,"mp-673017,mp-26467,mp-26875",More than one working ion per transition metal
BAT_00596,Li1-3Cu2P5O16,Cu2P5O16,LiCu2P5O16,Li3Cu2P5O16,Li,4.369800118333335,95.92955675375171,283.6989398184427,419.1929884542086,1239.7076607896724,0.014361312465254001,0.017511251875004002,0.038412641346114,1,3,Cu-O-P,"Cu,P,O",mp-585339,mp-25871,"mp-585339,mp-25871",More than one working ion per transition metal
BAT_00597,Li0-1Cu4(PO4)3,Cu4(PO4)3,Cu4(PO4)3,LiCu4(PO4)3,Li,4.369306513333346,49.08344811302371,200.28882400634626,214.46062953709384,875.123263278805,0.0016584185690830002,0.054611804736848006,0.039409569000012,1,3,Cu-O-P,"Cu,P,O",mp-1101571,mp-504260,"mp-1101571,mp-504260",
BAT_00598,Li0-1Cu(PO3)3,Cu(PO3)3,Cu(PO3)3,LiCu(PO3)3,Li,5.622362423333332,87.18682343588632,252.5890898219471,490.1959198957252,1420.1474071588832,0.016768347265163002,0.053529774326936,0.0020258596428690003,1,3,Cu-O-P,"Cu,P,O",mp-779530,mp-558431,"mp-779530,mp-558431",
BAT_00599,Li0-1CuPO4,CuPO4,CuPO4,LiCuPO4,Li,4.134247705833329,161.98323748281692,615.8243173266106,669.6788279467911,2545.970271103916,0.009643651731105,0.005488272083333001,0.038892946785712,1,3,Cu-O-P,"Cu,P,O",mp-504265,mp-504264,"mp-504265,mp-504264",
BAT_00600,Li0-2Cu3(P2O7)2,Cu3(P2O7)2,Cu3(P2O7)2,Li2Cu3(P2O7)2,Li,4.20340947583333,97.03533164345224,345.21630622934197,407.87923252071687,1451.0854928165966,0.022905410050239,0.00793140047619,0.036660482826075,1,3,Cu-O-P,"Cu,P,O",mp-673105,mp-26823,"mp-673105,mp-26823",
BAT_00601,Li0-1CuP4O11,CuP4O11,CuP4O11,LiCuP4O11,Li,1.981381168333333,72.3630070246014,200.20147923740927,143.37869940251792,396.6754408334795,0.067101764460615,0.0,0.08392691414216301,1,3,Cu-O-P,"Cu,P,O",mp-505436,mp-780764,"mp-505436,mp-780764",
BAT_00602,Li1-2CuP2O7,CuP2O7,LiCuP2O7,Li2CuP2O7,Li,4.623748413333335,106.62107641746714,330.48467872525026,492.989032913156,1528.078008886853,0.0036874676117590005,0.042432310606063006,0.038798963749999006,1,3,Cu-O-P,"Cu,P,O",mp-684120,mp-25943,"mp-684120,mp-25943",More than one working ion per transition metal
BAT_00603,Li0-1CuPO4,CuPO4,CuPO4,LiCuPO4,Li,4.011077263333331,161.98323748281692,615.5371986944193,649.7272809084504,2468.9672624190766,0.121064515667212,0.0,0.051784491071426006,1,3,Cu-O-P,"Cu,P,O",mp-753519,mp-25449,"mp-753519,mp-25449",
BAT_00604,Li3-4Cu(PO4)2,Cu(PO4)2,Li3Cu(PO4)2,Li4Cu(PO4)2,Li,4.488490435833332,95.29323223679744,264.55268615089915,427.7227614945098,1187.442201562328,0.004386997353422,0.056356562600447004,0.025518256500002,1,3,Cu-O-P,"Cu,P,O",mp-26224,mp-26223,"mp-26224,mp-26223",More than one working ion per transition metal
BAT_00605,Li0-1CuPO4,CuPO4,CuPO4,LiCuPO4,Li,4.594594686666672,161.98323748281692,524.8638315239015,744.2473222676163,2411.536571543229,0.046184656323480004,0.09157038152777801,0.046913757619045,1,3,Cu-O-P,"Cu,P,O",mp-673047,mp-26513,"mp-673047,mp-26513",
BAT_00606,Li0-6Cu9(PO4)8,Cu9(PO4)8,Cu9(PO4)8,Li6Cu9(PO4)8,Li,4.207897683333333,117.09405747774233,436.64654519832203,492.7198131926921,1837.3639859755228,0.004906021508702001,0.013042322500012,0.025080087454551002,1,3,Cu-O-P,"Cu,P,O",mp-26304,mp-26303,"mp-26304,mp-26303",
BAT_00607,Li1-2Cu(PO3)4,Cu(PO3)4,LiCu(PO3)4,Li2Cu(PO3)4,Li,4.701168628333339,68.14238806203377,188.04024157250618,320.3488570169494,884.0088845448886,0.004780462490868,0.002784669907404,0.015091105745613,1,3,Cu-O-P,"Cu,P,O",mp-26262,mp-26261,"mp-26262,mp-26261",More than one working ion per transition metal
BAT_00608,Li3-5Cu(PO4)2,Cu(PO4)2,Li3Cu(PO4)2,Li5Cu(PO4)2,Li,3.766329345833331,185.99628592442136,538.6536558145799,700.5232698931552,2028.7470711348592,0.037065402444628005,0.05460864688616,0.032181375156250004,2,3,Cu-O-P,"Cu,P,O",mp-504348,mp-26247,"mp-504348,mp-26248,mp-26247",More than one working ion per transition metal
BAT_00609,Li1-2Cu(PO3)4,Cu(PO3)4,LiCu(PO3)4,Li2Cu(PO3)4,Li,5.397232808333347,68.14238806203377,197.43503427110525,367.78033248659125,1065.602844482428,0.022779766042502002,0.04816635796296,0.021449327061403,1,3,Cu-O-P,"Cu,P,O",mp-672984,mp-26267,"mp-672984,mp-26267",More than one working ion per transition metal
BAT_00610,Li0-1Cu5P3O13,Cu5P3O13,Cu5P3O13,LiCu5P3O13,Li,3.7464352983333282,42.842304668923475,174.631650033691,160.5059224736057,654.2461778924126,0.023374439645891,0.022759256190464,0.035581892954543004,1,3,Cu-O-P,"Cu,P,O",mp-26796,mp-26795,"mp-26796,mp-26795",
BAT_00611,Li1-2Cu(PO3)4,Cu(PO3)4,LiCu(PO3)4,Li2Cu(PO3)4,Li,4.407747668333319,68.14238806203377,178.7997040353679,300.35445209509356,788.1039785605805,0.011638199848672,0.015997679074071,0.043051901798246,1,3,Cu-O-P,"Cu,P,O",mp-757306,mp-761911,"mp-757306,mp-761911",More than one working ion per transition metal
BAT_00612,Li0-2Cu(PO3)3,Cu(PO3)3,Cu(PO3)3,Li2Cu(PO3)3,Li,3.53300560833333,170.52331754506523,507.87319777575607,602.4598372383209,1794.318856063929,0.146365218163232,0.019600165288474,0.106252609416666,2,3,Cu-O-P,"Cu,P,O",mp-766254,mp-780731,"mp-766254,mp-759435,mp-780731",More than one working ion per transition metal
BAT_00613,Li1-2CuPO4,CuPO4,LiCuPO4,Li2CuPO4,Li,3.782470303333331,155.46160284145304,514.9396952337206,588.0288960563967,1947.7441052290642,0.010611144693793002,0.13969198892857002,0.049517606250001005,1,3,Cu-O-P,"Cu,P,O",mp-673128,mp-26851,"mp-673128,mp-26851",More than one working ion per transition metal
BAT_00614,Li0-2.5Cu3(P2O7)2,Cu3(P2O7)2,Cu3(P2O7)2,Li5Cu6(P2O7)4,Li,4.597614239333329,120.53689039832543,428.55822720243714,554.1821236603018,1970.3454077693732,0.031828264404488,0.05778765761904701,0.024552969893631003,1,3,Cu-O-P,"Cu,P,O",mp-772942,mp-772084,"mp-772942,mp-772084",
BAT_00615,Li3-5Cu(PO4)2,Cu(PO4)2,Li3Cu(PO4)2,Li5Cu(PO4)2,Li,3.754330863333334,185.99628592442136,527.8048926890489,698.2915967114265,1981.5541984408346,0.015920191258472,0.056011990100447,0.03490911078125,2,3,Cu-O-P,"Cu,P,O",mp-26794,mp-26311,"mp-26794,mp-26312,mp-26311",More than one working ion per transition metal
BAT_00616,Li0-1CuP4(RuO7)2,CuP4(RuO7)2,CuP4(RuO7)2,LiCuP4(RuO7)2,Li,2.595427523333346,43.192412015027735,166.54367225421885,112.10277494295691,432.2520308056078,0.008279765554602001,0.010727887142848001,0.056475970909093,1,4,Cu-O-P-Ru,"Cu,P,Ru,O",mp-1213434,mp-1235071,"mp-1213434,mp-1235071,mp-1232997",
BAT_00617,Li0-4TiCu3(PO4)4,TiCu3(PO4)4,TiCu3(PO4)4,Li4TiCu3(PO4)4,Li,3.450589888333337,165.91377636304,588.758957101665,572.5003990535046,2031.5657040406866,0.000296318507337,0.038160195416674,0.08093020017857,1,4,Cu-O-P-Ti,"Ti,Cu,P,O",mp-1101275,mp-1177279,"mp-1101275,mp-1177279,mp-760136",
BAT_00618,Li0-4Cu3Sb(PO4)4,Cu3Sb(PO4)4,Cu3Sb(PO4)4,Li4Cu3Sb(PO4)4,Li,3.637513603333336,148.88730580079155,572.6684486968508,541.5796002140296,2083.0892723345937,0.07891199194595101,0.06756313614584901,0.07202612781249601,1,4,Cu-O-P-Sb,"Cu,Sb,P,O",mp-780043,mp-762224,"mp-780043,mp-762224",More than one working ion per transition metal
BAT_00619,Li0-2VCu(PO4)2,VCu(PO4)2,VCu(PO4)2,Li2VCu(PO4)2,Li,3.244210575833333,168.3974357539212,597.7353024804917,546.3167420160854,1939.1791898561473,0.058973083847203005,0.038577007500019,0.06674843454081901,1,4,Cu-O-P-V,"V,Cu,P,O",mp-755025,mp-757133,"mp-755025,mp-757133",
BAT_00620,Li0-2CuSb(PO4)2,CuSb(PO4)2,CuSb(PO4)2,Li2CuSb(PO4)2,Li,3.081315103333328,137.75052696874118,531.2358499858726,424.4527792409072,1636.9050479935877,0.072732598116076,0.070690530624992,0.110340063767855,1,4,Cu-O-P-Sb,"Cu,Sb,P,O",mp-755148,mp-772561,"mp-755148,mp-772561",More than one working ion per transition metal
BAT_00621,Li0-4V3Cu(PO4)4,V3Cu(PO4)4,V3Cu(PO4)4,Li4V3Cu(PO4)4,Li,2.804097548333328,171.79887425883308,590.2360106779045,481.74080211561966,1655.0793504799562,0.039753016621219,0.029975667708344002,0.07105970544642301,1,4,Cu-O-P-V,"V,Cu,P,O",mp-775334,mp-1177267,"mp-775334,mp-1177267",
BAT_00622,Li0-2V2Cu(PO4)3,V2Cu(PO4)3,V2Cu(PO4)3,Li2V2Cu(PO4)3,Li,2.782789813333342,115.46761238734044,374.28677191202036,321.3220955214138,1041.5614161421904,0.051384829564105006,0.01383206416667,0.08216863367857401,1,4,Cu-O-P-V,"V,Cu,P,O",mp-757397,mp-759398,"mp-757397,mp-759398",
BAT_00623,Li0-0.5Cu(RhO2)2,Cu(RhO2)2,Cu(RhO2)2,LiCu2(RhO2)4,Li,1.432580653333336,39.785457119086274,271.1636405625458,56.99587615282607,388.463785357338,0.023527008853419,0.02176785928571,0.09590699366666601,1,3,Cu-O-Rh,"Cu,Rh,O",mp-4409,mp-1235381,"mp-4409,mp-1104542,mp-1235381,mp-1235296",
BAT_00624,Li0-6V3Cu(PO4)6,V3Cu(PO4)6,V3Cu(PO4)6,Li6V3Cu(PO4)6,Li,3.685651848333335,194.2500716755031,577.804094046429,715.938135709701,2129.5847271967896,0.022782976981863,0.023658816176473002,0.06565719031250601,1,4,Cu-O-P-V,"V,Cu,P,O",mp-774423,mp-1176990,"mp-774423,mp-1176990",More than one working ion per transition metal
BAT_00625,Li0-2Cu2(SO4)3,Cu2(SO4)3,Cu2(SO4)3,Li2Cu2(SO4)3,Li,4.8235295252083334,124.90152266750626,393.13226541392373,602.4661823301943,1896.2850895361,0.056370608835239006,0.056867756249999006,0.039297701842104,1,3,Cu-O-S,"Cu,S,O",mp-851127,mp-851105,"mp-851127,mp-851105",
BAT_00626,Li0-3Cu2(SO4)3,Cu2(SO4)3,Cu2(SO4)3,Li3Cu2(SO4)3,Li,4.1813858125,184.37039027516374,561.0873246738531,770.9237341416577,2346.1225789648306,0.135592408828659,0.016967978676471002,0.036669109812496006,2,3,Cu-O-S,"Cu,S,O",mp-768512,mp-777767,"mp-768512,mp-768757,mp-777767",More than one working ion per transition metal
BAT_00627,Li2-3Cu2(SO4)3,Cu2(SO4)3,Li2Cu2(SO4)3,Li3Cu2(SO4)3,Li,3.310289265833337,61.45679675838791,185.10591330568423,203.43977462179257,612.7541178580829,0.019837389274458002,0.033081378421052,0.044018869562497,1,3,Cu-O-S,"Cu,S,O",mp-769636,mp-768553,"mp-769636,mp-768553",More than one working ion per transition metal
BAT_00628,Li0-3Cu2(SO4)3,Cu2(SO4)3,Cu2(SO4)3,Li3Cu2(SO4)3,Li,4.024735674999997,184.37039027516374,543.573733800552,742.042087154124,2187.740598420033,0.136425759610174,0.0,0.045743848562496005,2,3,Cu-O-S,"Cu,S,O",mp-768451,mp-778458,"mp-768451,mp-778169,mp-778458",More than one working ion per transition metal
BAT_00629,Li2-3CuSbO5,CuSbO5,Li2CuSbO5,Li3CuSbO5,Li,3.575054178333329,93.67020524301842,446.44128070859347,334.8760586393935,1596.0517659777397,0.011903085106582001,0.06473100638889301,0.020955898499997003,1,3,Cu-O-Sb,"Cu,Sb,O",mp-753557,mp-767395,"mp-753557,mp-767395",More than one working ion per transition metal
BAT_00630,Li0-2Cu5(Si2O7)2,Cu5(Si2O7)2,Cu5(Si2O7)2,Li2Cu5(Si2O7)2,Li,3.956962868333339,80.25049089435993,314.6504701575817,317.548212634505,1245.0602269171784,0.015555783274516002,0.115228573315218,0.075278950600004,1,3,Cu-O-Si,"Cu,Si,O",mp-25205,mp-554014,"mp-25205,mp-554014",
BAT_00631,Li0-3Cu(TeO3)4,Cu(TeO3)4,Cu(TeO3)4,Li3Cu(TeO3)4,Li,3.471248049999999,102.19667939659968,564.4427526337598,354.75002407192176,1959.3208044165708,0.10820816547742701,0.09377514264705301,0.101684195468746,1,3,Cu-O-Te,"Cu,Te,O",mp-756573,mp-761021,"mp-756573,mp-761021",More than one working ion per transition metal
BAT_00632,Li3-4Cu3TeO8,Cu3TeO8,Li3Cu3TeO8,Li4Cu3TeO8,Li,2.7089608733333432,56.54354317992572,284.4469697763244,153.1742461140532,770.555711662295,0.000141782855871,0.073575470500004,0.11697317249999901,1,3,Cu-O-Te,"Cu,Te,O",mp-772822,mp-756554,"mp-772822,mp-756554",More than one working ion per transition metal
BAT_00633,Li0-1Ta2CuO6,Ta2CuO6,Ta2CuO6,LiTa2CuO6,Li,3.217477353333326,50.72395577706716,399.5718796915709,163.20317898419475,1285.6134739364581,0.006858596461805,0.083682162777787,0.060690203250002,1,3,Cu-O-Ta,"Ta,Cu,O",mp-2220557,mp-1222423,"mp-2220557,mp-754223,mp-1222423,mp-755367",
BAT_00634,Li0-4Ti3Cu3(TeO8)2,Ti3Cu3(TeO8)2,Ti3Cu3(TeO8)2,Li4Ti3Cu3(TeO8)2,Li,3.652500228333335,122.77454751886073,567.526781466401,448.4340628461607,2072.8916988913124,0.087394042206606,0.08980795921875401,0.073270658482134,1,4,Cu-O-Te-Ti,"Ti,Cu,Te,O",mp-760579,mp-758259,"mp-760579,mp-758259",
BAT_00635,Li0.92-1VCuO4,VCuO4,Li11V12(CuO4)12,LiVCuO4,Li,3.996038413333283,12.04499669741023,49.516977406289556,48.13226949132381,197.87174382768936,0.0045357899318440005,0.044187651061739004,0.042138043214285006,1,3,Cu-O-V,"V,Cu,O",mp-774644,mp-505131,"mp-774644,mp-505131,mp-1103775",
BAT_00636,Li0-2V5CuO12,V5CuO12,V5CuO12,Li2V5CuO12,Li,2.59489247833334,102.27068885753313,346.749468633992,265.381441270382,899.7775880244283,0.012093216642106,0.025566345277779002,0.09194531491666601,1,3,Cu-O-V,"V,Cu,O",mp-777235,mp-755507,"mp-777235,mp-755507",
BAT_00637,Li1-3V4CuO12,V4CuO12,LiV4CuO12,Li3V4CuO12,Li,3.739597373333343,111.64311312681286,348.4558948961691,417.50029259978675,1303.0847492762337,0.032681818492332,0.040833215173613005,0.039686955250019,1,3,Cu-O-V,"V,Cu,O",mp-756257,mp-756355,"mp-756257,mp-756355",
BAT_00638,Li0-1VCuO4,VCuO4,VCuO4,LiVCuO4,Li,3.7300482533333272,144.53996036892266,571.7412425171092,539.1410267109683,2132.622423009569,0.09804575842129401,0.037682916770838,0.060458893928571004,1,3,Cu-O-V,"V,Cu,O",mp-25196,mp-1104607,"mp-25196,mp-1104607",
BAT_00639,Li0-2V3CuO8,V3CuO8,V3CuO8,Li2V3CuO8,Li,3.48175238833333,149.6254192022106,596.6820962521938,520.9586606626725,2077.499313701814,0.05352731759637901,0.078647177083333,0.039197027738094005,1,3,Cu-O-V,"V,Cu,O",mp-775644,mp-773650,"mp-775644,mp-773650",
BAT_00640,Li0-1CuS2,CuS2,CuS2,LiCuS2,Li,1.788751978333333,199.09432794791067,664.3429921472467,356.1303729917706,1188.3448414952736,0.334009953992,0.0,0.065781901666667,1,2,Cu-S,"Cu,S",mp-849086,mp-766486,"mp-849086,mp-766486",
BAT_00641,Li0-8Ti16CuS32,Ti16CuS32,Ti16CuS32,Li8Ti16CuS32,Li,2.006932327083331,112.19724334619788,358.7951339672894,225.1722746811197,720.0775531591477,0.029493123648653002,0.029846797244901004,0.032027766491229,1,3,Cu-S-Ti,"Ti,Cu,S",mp-767157,mp-774459,"mp-767157,mp-774459",
BAT_00642,Li0-0.5DyNbO4,DyNbO4,DyNbO4,LiDy2Nb2O8,Li,-0.016806966666673,41.50448983357851,243.15086937809826,-0.697564577150242,-4.086628556610373,0.012750205315217,0.082029954999999,0.18419333330128201,1,3,Dy-Nb-O,"Dy,Nb,O",mp-768303,mp-1236234,"mp-768303,mp-1236234",
BAT_00643,Li0-0.5DyMn2O4,DyMn2O4,DyMn2O4,LiDy2Mn4O8,Li,0.9469528733333351,39.43201316074271,224.30741524038177,37.3402581638832,212.40855137185306,0.064004166558063,0.123999263333342,0.18917835933332902,1,3,Dy-Mn-O,"Dy,Mn,O",mp-1096958,mp-1235635,"mp-1096958,mp-1096945,mp-1235635,mp-1235361",
BAT_00644,Li0-1DySn2,DySn2,DySn2,LiDySn2,Li,-0.023824091666667,65.87380246660135,473.6631021870683,-1.569383508396239,-11.284593165622676,0.19143173976204403,0.0,0.120316506015623,1,2,Dy-Sn,"Dy,Sn",mp-20021,mp-1091364,"mp-20021,mp-1091364",Transition metal not found
BAT_00645,Li0-0.5ErTl(WO4)2,ErTl(WO4)2,ErTl(WO4)2,LiEr2Tl2(WO4)4,Li,0.36865653333334003,15.389211349584453,130.17725369443357,5.67333330687191,47.990695065844726,0.038308808074728,0.0,0.07327888825832901,1,4,Er-O-Tl-W,"Er,Tl,W,O",mp-1213014,mp-1235187,"mp-1213014,mp-1235187",
BAT_00646,Li0-1Rb3ErV2O8,Rb3ErV2O8,Rb3ErV2O8,Rb3LiErV2O8,Li,0.146743223333335,40.578694615207894,164.58352004852307,5.954648446494686,24.151516239466986,0.06909851876166401,0.0,0.102615152888892,1,4,Er-O-Rb-V,"Rb,Er,V,O",mp-1209331,mp-1236241,"mp-1209331,mp-1236241,mp-1236371",
BAT_00647,Li2-3FeF6,FeF6,Li2FeF6,Li3FeF6,Li,5.475817033333333,140.57328943469963,421.18352722302114,769.7536127182249,2306.3239325272325,0.08754600385663101,0.023342733333334,0.08841648883332301,1,2,F-Fe,"Fe,F",mp-777463,mp-755087,"mp-777463,mp-755087",More than one working ion per transition metal
BAT_00648,Li0-1FeF3,FeF3,FeF3,LiFeF3,Li,3.461439773333332,223.7536357736355,786.551886352868,774.5097342948019,2722.6019832121765,0.029353354154893003,0.006887157083333001,0.023975514999996003,1,2,F-Fe,"Fe,F",mp-22398,mp-761166,"mp-22398,mp-1181783,mp-761166,mp-1097043",
BAT_00649,Li0-1ErSn2,ErSn2,ErSn2,LiErSn2,Li,-0.136522691666665,65.11219363821945,479.24421519950005,-8.88929193581084,-65.42771022471435,0.190576850462834,0.0,0.150151603124998,1,2,Er-Sn,"Er,Sn",mp-30613,mp-1080658,"mp-30613,mp-1080658",Transition metal not found
BAT_00650,Li1-2FeF4,FeF4,LiFeF4,Li2FeF4,Li,3.307909273333333,183.92374716505373,570.1967773443087,608.4030688334967,1886.1592074020207,0.125512613974288,0.009250823333322,0.028641942857142003,1,2,F-Fe,"Fe,F",mp-776164,mp-849493,"mp-776164,mp-849493",More than one working ion per transition metal
BAT_00651,Li1-2FeF6,FeF6,LiFeF6,Li2FeF6,Li,6.230379483333334,145.88426760005288,441.00449404836996,908.9143477964793,2747.625351776762,0.030729833503461004,0.0,0.0,1,2,F-Fe,"Fe,F",mp-1222351,mp-755193,"mp-1222351,mp-755193",More than one working ion per transition metal
BAT_00652,Li1-2FeF4,FeF4,LiFeF4,Li2FeF4,Li,3.366988983333333,183.92374716505373,541.5871667593285,619.2692304781212,1823.5180239933718,0.014587862184091001,0.10604420166665501,0.10316773714285601,1,2,F-Fe,"Fe,F",mp-756535,mp-777588,"mp-756535,mp-777588",More than one working ion per transition metal
BAT_00653,Li0-1FeF3,FeF3,FeF3,LiFeF3,Li,3.2466444766666642,223.7536357736355,739.5625799137715,726.4485057185582,2401.096765226395,0.089806646114283,0.038028017916666004,0.091847262999996,1,2,F-Fe,"Fe,F",mp-1181398,mp-760354,"mp-1181398,mp-760354",
BAT_00654,Li1-2FeF4,FeF4,LiFeF4,Li2FeF4,Li,3.153068693333328,183.92374716505373,573.3801501980706,579.9242091466855,1807.9070009682982,0.005446910756986,0.064319857499988,0.09796405499999901,1,2,F-Fe,"Fe,F",mp-755299,mp-755356,"mp-755299,mp-755356",More than one working ion per transition metal
BAT_00655,Li1-2FeF4,FeF4,LiFeF4,Li2FeF4,Li,3.735470313333327,183.92374716505373,565.1073304219478,687.041697452083,2110.941656638234,0.023417466230790003,0.084745464166655,0.03227148642857,1,2,F-Fe,"Fe,F",mp-756100,mp-755741,"mp-756100,mp-755741",More than one working ion per transition metal
BAT_00656,Li1-2FeF4,FeF4,LiFeF4,Li2FeF4,Li,3.6041854233333313,183.92374716505373,568.3392434113487,662.8952885371317,2048.400016611477,0.073150312461561,0.055462173333322005,0.025926507142856003,1,2,F-Fe,"Fe,F",mp-777477,mp-754579,"mp-777477,mp-777525,mp-754579",More than one working ion per transition metal
BAT_00657,Li0-2Fe4OF8,Fe4OF8,Fe4OF8,Li2Fe4OF8,Li,3.590762195833332,132.27179293048732,501.62190013772596,474.9565536298885,1801.2049556166294,0.061667072957571005,0.11927537303419201,0.056960185666667,1,3,F-Fe-O,"Fe,O,F",mp-754705,mp-849951,"mp-754705,mp-849951",
BAT_00658,Li2-3FeOF3,FeOF3,Li2FeOF3,Li3FeOF3,Li,2.5714668008333392,179.07933863371503,582.8050141222404,460.4965740117894,1498.6637451745466,0.004548813612293001,0.073206602182541,0.096460904374999,1,3,F-Fe-O,"Fe,O,F",mp-755818,mp-752488,"mp-755818,mp-752488",More than one working ion per transition metal
BAT_00659,Li0-0.5Fe3(OF2)2,Fe3(OF2)2,Fe3(OF2)2,LiFe6(OF2)4,Li,2.570995223333345,48.031687542724676,199.01096599929022,123.4892392409849,511.65624297513,0.039100878206803004,0.079660504135802,0.13250175567251302,1,3,F-Fe-O,"Fe,O,F",mp-754278,mp-1235528,"mp-754278,mp-1235528,mp-1235306,mp-1235426,mp-1235135,mp-1235542,mp-1236036",
BAT_00660,Li2-3FeOF3,FeOF3,Li2FeOF3,Li3FeOF3,Li,2.668538583333334,179.07933863371503,592.2874666732928,477.88012462188436,1580.5419572424382,0.008495005413739001,0.084822926825398,0.09449121562499901,1,3,F-Fe-O,"Fe,O,F",mp-752830,mp-887364,"mp-752830,mp-887364,mp-775153",More than one working ion per transition metal
BAT_00661,Li1-4Fe3(OF3)2,Fe3(OF3)2,LiFe3(OF3)2,Li4Fe3(OF3)2,Li,3.149515881666667,235.5910310193669,835.3001532038174,741.9976937737206,2630.791098474024,0.010184229222978,0.10039284726851601,0.071481444666664,1,3,F-Fe-O,"Fe,O,F",mp-756353,mp-752847,"mp-756353,mp-752847",More than one working ion per transition metal
BAT_00662,Li0-0.5Fe4O7F,Fe4O7F,Fe4O7F,LiFe8(O7F)2,Li,3.170032603333315,37.44848101102743,167.3922597059757,118.71290575026553,530.6389208135806,0.037385800071832,0.14079316446759202,0.181845693811112,1,3,F-Fe-O,"Fe,O,F",mp-753155,mp-1235421,"mp-753155,mp-1235421,mp-1235424,mp-1235280,mp-1235197",
BAT_00663,Li0-1Fe7O7F,Fe7O7F,Fe7O7F,LiFe7O7F,Li,3.125666943333333,50.67877630223419,224.82870108984258,158.4049758164781,702.7396389090919,0.03178655774603,0.10409267283332801,0.06601291875000001,1,3,F-Fe-O,"Fe,O,F",mp-1178254,mp-1176712,"mp-1178254,mp-1176712",
BAT_00664,Li0-1Fe5(OF2)4,Fe5(OF2)4,Fe5(OF2)4,LiFe5(OF2)4,Li,4.889853933333332,53.373368675317565,196.97269904208716,260.98797675225165,963.1677271702325,0.029146267262298003,0.12169899714052301,0.084231556635803,1,3,F-Fe-O,"Fe,O,F",mp-752802,mp-754972,"mp-752802,mp-754972",
BAT_00665,Li0-5Fe7O3F13,Fe7O3F13,Fe7O3F13,Li5Fe7O3F13,Li,3.522053267333335,185.9670850749513,658.8472663619112,654.9859796046886,2320.495167163606,0.0064601937604160005,0.138528501086955,0.05279151607142701,1,3,F-Fe-O,"Fe,O,F",mp-754593,mp-780457,"mp-754593,mp-780457",
BAT_00666,Li0-1Fe3(OF3)2,Fe3(OF3)2,Fe3(OF3)2,LiFe3(OF3)2,Li,5.605890898333333,83.63304202643371,326.7974117324802,468.83770909591385,1831.9906360300015,0.016859034132854,0.123102705833335,0.007114822268516001,1,3,F-Fe-O,"Fe,O,F",mp-777811,mp-754427,"mp-777811,mp-754427",
BAT_00667,Li0-1Fe7(OF3)3,Fe7(OF3)3,Fe7(OF3)3,LiFe7(OF3)3,Li,3.197354023333337,43.449660501825065,183.4487580712496,138.92394681797794,586.5506246946139,0.001271341499456,0.09571146381579,0.06208236699999801,1,3,F-Fe-O,"Fe,O,F",mp-781010,mp-754332,"mp-781010,mp-754332",
BAT_00668,Li7-8FeO5F,FeO5F,Li7FeO5F,Li8FeO5F,Li,2.987245803333327,127.40259819286346,328.2578523090802,380.5828767853936,980.586891721511,0.036634234658859004,0.06304720035714201,0.051991217999999007,1,3,F-Fe-O,"Fe,O,F",mp-754420,mp-755400,"mp-754420,mp-755400",More than one working ion per transition metal
BAT_00669,Li0-1Fe5(OF2)4,Fe5(OF2)4,Fe5(OF2)4,LiFe5(OF2)4,Li,4.668649563333337,53.373368675317565,218.995116108279,249.18155435965053,1022.4114531910501,0.041917928647269,0.075080378905228,0.05249199330247,1,3,F-Fe-O,"Fe,O,F",mp-754310,mp-1176720,"mp-754310,mp-1176720",
BAT_00670,Li3-4FeOF4,FeOF4,Li3FeOF4,Li4FeOF4,Li,2.750019168333328,152.6262752801652,480.471417564398,419.72518261177356,1321.3056081383813,0.014602450571506002,0.06600566919753001,0.06747396749999901,1,3,F-Fe-O,"Fe,O,F",mp-754295,mp-754592,"mp-754295,mp-754592",More than one working ion per transition metal
BAT_00671,Li0-3Fe5OF11,Fe5OF11,Fe5OF11,Li3Fe5OF11,Li,1.9156629000000052,153.14261789611092,569.7594852368698,293.3696315124566,1091.4671077913722,0.041245880319530005,0.9563923589869201,1.027539872500001,1,3,F-Fe-O,"Fe,O,F",mp-1332209,mp-1376805,"mp-1332209,mp-1376805",
BAT_00672,Li0-3Fe5OF11,Fe5OF11,Fe5OF11,Li3Fe5OF11,Li,3.662172166666668,153.14261789611092,566.9472136486439,560.8346327896062,2076.2583057932848,0.020976122833660002,0.69668255133986,0.544810146000001,1,3,F-Fe-O,"Fe,O,F",mp-1346391,mp-1342745,"mp-1346391,mp-1342745",
BAT_00673,Li2-3FeOF3,FeOF3,Li2FeOF3,Li3FeOF3,Li,2.668171378333331,179.07933863371503,586.6874665236961,477.81436579334076,1565.3827062054202,0.011568896142865001,0.091604998253969,0.10047142874999901,1,3,F-Fe-O,"Fe,O,F",mp-764977,mp-777299,"mp-764977,mp-777299",More than one working ion per transition metal
BAT_00674,Li0-1Fe3OF5,Fe3OF5,Fe3OF5,LiFe3OF5,Li,2.315727533333334,93.88630590807566,376.4221083216382,217.41510359428693,871.6910403958005,0.062268436087508004,0.043772395123456,0.100980262999998,1,3,F-Fe-O,"Fe,O,F",mp-779913,mp-753410,"mp-779913,mp-753410",
BAT_00675,Li4-5FeOF5,FeOF5,Li4FeOF5,Li5FeOF5,Li,2.8262655033333433,132.982498968668,401.01725986538867,375.8438493822083,1133.3812477988108,0.002572419694931,0.10836888510101,0.099708337777776,1,3,F-Fe-O,"Fe,O,F",mp-775155,mp-1177101,"mp-775155,mp-1177101",More than one working ion per transition metal
BAT_00676,Li0-1Fe4OF7,Fe4OF7,Fe4OF7,LiFe4OF7,Li,2.796471663333339,70.65865938028901,277.03367786953703,197.5949387261007,774.7168299511768,0.08156491672621301,0.05981557384259,0.065607217692307,1,3,F-Fe-O,"Fe,O,F",mp-881173,mp-776991,"mp-881173,mp-776991",
BAT_00677,Li0-0.12FeOF,FeOF,FeOF,LiFe8(OF)8,Li,3.6366483033333212,36.530034903604204,155.10346045092186,132.8468894528992,564.0567362899719,0.036348780083507004,0.13072241203703602,0.12750301448888302,1,3,F-Fe-O,"Fe,O,F",mp-759192,mp-1235661,"mp-759192,mp-1235661,mp-1236701",
BAT_00678,Li0-1Fe2OF3,Fe2OF3,Fe2OF3,LiFe2OF3,Li,3.2404616558333332,139.86377500016516,525.1570908802125,453.22319992813595,1701.7514162863097,0.07711422308874001,0.091389423101847,0.034207641428571,1,3,F-Fe-O,"Fe,O,F",mp-777541,mp-776904,"mp-777541,mp-776904",
BAT_00679,Li0-1Fe2O2F3,Fe2O2F3,Fe2O2F3,LiFe2O2F3,Li,4.665271138333336,129.08599593564517,488.0799103106747,602.2211712015796,2277.0251187727135,0.06087467650754701,0.13636785797619402,0.078305358611111,1,3,F-Fe-O,"Fe,O,F",mp-755377,mp-756358,"mp-755377,mp-756358,mp-1176729",
BAT_00680,Li6-8FeO5F,FeO5F,Li6FeO5F,Li8FeO5F,Li,3.291826878333336,254.80519638572693,592.23309072076,838.7745942015403,1949.528806273023,0.049603340984933006,0.09236244884615101,0.028506134333332003,2,3,F-Fe-O,"Fe,O,F",mp-764903,mp-776549,"mp-764903,mp-759661,mp-776549",More than one working ion per transition metal
BAT_00681,Li0-1Fe7(OF3)3,Fe7(OF3)3,Fe7(OF3)3,LiFe7(OF3)3,Li,-1.042651346666668,43.449660501825065,183.448787283098,-45.30284703443747,-191.27312510508938,0.0012716107226170001,1.516613447500002,1.623939519999999,1,3,F-Fe-O,"Fe,O,F",mp-807827,mp-807122,"mp-807827,mp-807122",
BAT_00682,Li0-3Fe5OF11,Fe5OF11,Fe5OF11,Li3Fe5OF11,Li,3.129595030000004,153.14261789611092,569.75945734599,479.2743758488585,1783.1163660055097,0.041245614689279,0.08526961545750801,0.10499572100000001,1,3,F-Fe-O,"Fe,O,F",mp-1178251,mp-778257,"mp-1178251,mp-778257",
BAT_00683,Li0-3Fe5OF11,Fe5OF11,Fe5OF11,Li3Fe5OF11,Li,3.516374020000005,153.14261789611092,566.9472613888714,538.5067229246723,1993.5986206579794,0.020976251506498,0.095700820751625,0.055845397000000005,1,3,F-Fe-O,"Fe,O,F",mp-1178250,mp-779353,"mp-1178250,mp-779353",
BAT_00684,Li4-5FeOF5,FeOF5,Li4FeOF5,Li5FeOF5,Li,2.754838700833329,132.98249896866804,397.07873473596334,366.345334692415,1093.8878657285634,0.013618405762568002,0.09979302025252501,0.097799361874999,1,3,F-Fe-O,"Fe,O,F",mp-779064,mp-777279,"mp-779064,mp-777279",More than one working ion per transition metal
BAT_00685,Li0-4Fe7(OF7)2,Fe7(OF7)2,Fe7(OF7)2,Li4Fe7(OF7)2,Li,3.467460820833328,149.59200458090982,525.418049768754,518.7044149942245,1821.8665021318104,0.11009644842452,0.080013798429948,0.034858101296295005,1,3,F-Fe-O,"Fe,O,F",mp-777455,mp-757088,"mp-777455,mp-757088",
BAT_00686,Li0-0.12FeOF,FeOF,FeOF,LiFe8(OF)8,Li,2.077915153333326,36.530034903604204,151.63105067305486,75.90631307799448,315.07645790939415,0.05232110076364101,0.08239830995370401,0.143461202488883,1,3,F-Fe-O,"Fe,O,F",mp-763022,mp-1235795,"mp-763022,mp-1235795",
BAT_00687,Li0-0.5Fe4O7F,Fe4O7F,Fe4O7F,LiFe8(O7F)2,Li,3.579382033333336,37.44848101102743,166.58578970012505,134.0424201064962,596.2741826612731,0.038886691101799,0.14171924321759302,0.16636075221111202,1,3,F-Fe-O,"Fe,O,F",mp-780891,mp-1235069,"mp-780891,mp-1235069,mp-1235835,mp-1235046,mp-1235289,mp-1236508",
BAT_00688,Li0-0.25Fe2O3F,Fe2O3F,Fe2O3F,LiFe8(O3F)4,Li,16.123655613333373,37.13724345195327,159.68259646095345,598.7881238478143,2574.6671927793,0.049227717749346006,0.644218091018519,0.14698870289999702,1,3,F-Fe-O,"Fe,O,F",mp-756779,mp-1236324,"mp-756779,mp-1236324,mp-1235254,mp-1235812,mp-1235242",
BAT_00689,Li0-3Fe3OF7,Fe3OF7,Fe3OF7,Li3Fe3OF7,Li,3.57038111333333,238.3439863771591,806.1607589866924,850.9788674375854,2878.3011481965495,0.06536373042163701,0.11800184025252002,0.044713782142857005,1,3,F-Fe-O,"Fe,O,F",mp-1178324,mp-764593,"mp-1178324,mp-764593",
BAT_00690,Li1-2Fe2Si2O7,Fe2Si2O7,LiFe2Si2O7,Li2Fe2Si2O7,Li,2.6866881683333372,91.24256361557919,287.2931389479058,245.1403161143785,771.8670772546841,0.056219471304897004,0.056878521041662,0.050569456730776,1,3,Fe-O-Si,"Fe,Si,O",mp-780866,mp-759016,"mp-780866,mp-759016",
BAT_00691,Li1-2FeSiO4,FeSiO4,LiFeSiO4,Li2FeSiO4,Li,3.146241033333337,165.63540313839425,517.9156598287985,521.1289019267253,1629.4875007592761,0.006527534567018001,0.068681311428573,0.00016572,1,3,Fe-O-Si,"Fe,Si,O",mp-759053,mp-759575,"mp-759053,mp-758569,mp-759575",More than one working ion per transition metal
BAT_00692,Li1-2FeSiO4,FeSiO4,LiFeSiO4,Li2FeSiO4,Li,2.792892350833338,165.63540313839425,498.5657432442349,462.60185045241764,1392.440450694362,0.006380567967458,0.027755231071431002,0.008523985000000001,1,3,Fe-O-Si,"Fe,Si,O",mp-758499,mp-758823,"mp-758499,mp-1177679,mp-758823",More than one working ion per transition metal
BAT_00693,Li1-2FeSiO4,FeSiO4,LiFeSiO4,Li2FeSiO4,Li,2.8739477458333322,165.63540313839425,494.51280252730527,476.02749347978335,1421.2039541090726,0.019800043141179002,0.05189738285714401,0.019516443437500003,1,3,Fe-O-Si,"Fe,Si,O",mp-766542,mp-764340,"mp-766542,mp-764340",More than one working ion per transition metal
BAT_00694,Li2.25-3FeSiO5,FeSiO5,Li9Fe4(SiO5)4,Li3FeSiO5,Li,4.67958152333334,108.80138813709799,312.0979793564965,509.144965639383,1460.4879376663314,0.065349810827572,0.106752890594592,0.009521189250000001,1,3,Fe-O-Si,"Fe,Si,O",mp-759075,mp-764341,"mp-759075,mp-764341",More than one working ion per transition metal
BAT_00695,Li0-2Fe3(SiO4)2,Fe3(SiO4)2,Fe3(SiO4)2,Li2Fe3(SiO4)2,Li,2.962059718333347,146.623155250919,469.80972373038605,434.30654194368384,1391.6044579430952,0.043050543148792,0.10371187365385301,0.04981550850000101,2,3,Fe-O-Si,"Fe,Si,O",mp-850744,mp-759106,"mp-850744,mp-780681,mp-759106",
BAT_00696,Li1.5-4Fe2Si3O10,Fe2Si3O10,Li3Fe4(Si3O10)2,Li4Fe2Si3O10,Li,3.285240055333331,174.62318753991605,521.4790732788304,573.6790902961166,1713.183939553719,0.026695272638349,0.08348475343434601,0.020029902631578,2,3,Fe-O-Si,"Fe,Si,O",mp-779820,mp-757438,"mp-779820,mp-766530,mp-1177108,mp-757438",More than one working ion per transition metal
BAT_00697,Li1-2FeSiO4,FeSiO4,LiFeSiO4,Li2FeSiO4,Li,2.457523452083334,165.63540313839425,476.26728102187747,407.0528877078813,1170.4380125712275,0.049340543840538,0.032605648750002006,0.054689212812500006,1,3,Fe-O-Si,"Fe,Si,O",mp-759087,mp-758421,"mp-759087,mp-758572,mp-758421",More than one working ion per transition metal
BAT_00698,Li1-2FeSiO4,FeSiO4,LiFeSiO4,Li2FeSiO4,Li,2.867956095833333,165.63540313839425,507.7496444737663,475.0350641165694,1456.2036880257458,0.020383396814277,0.034980864285715,0.0054634459375,1,3,Fe-O-Si,"Fe,Si,O",mp-758574,mp-764346,"mp-758574,mp-760971,mp-764102,mp-764346",More than one working ion per transition metal
BAT_00699,Li1-1.5FeSiO4,FeSiO4,LiFeSiO4,Li3Fe2(SiO4)2,Li,2.030992473333332,84.63290656716289,231.98127258048248,171.88879623423097,471.152218565248,0.07162363884640201,0.021350287142859,0.062313944000007004,1,3,Fe-O-Si,"Fe,Si,O",mp-758506,mp-760096,"mp-758506,mp-758939,mp-760096",More than one working ion per transition metal
BAT_00700,Li0.5-1FeSiO4,FeSiO4,LiFe2(SiO4)2,LiFeSiO4,Li,4.710699348333326,86.52946632144143,218.25054074375714,407.6143006120446,1028.1126800550128,0.0022577542880930002,0.11735656000000401,0.041434656547621004,1,3,Fe-O-Si,"Fe,Si,O",mp-850962,mp-758825,"mp-850962,mp-780871,mp-758825,mp-757540,mp-759281",
BAT_00701,Li0.5-1.17FeSiO4,FeSiO4,LiFe2(SiO4)2,Li7Fe6(SiO4)6,Li,4.238209680833337,114.51720694877604,331.50817823993015,485.34793511229725,1405.0011702918953,0.048810669920391,0.11845752064103,0.037889534302315,2,3,Fe-O-Si,"Fe,Si,O",mp-758113,mp-1176885,"mp-758113,mp-758562,mp-1176885",More than one working ion per transition metal
BAT_00702,Li1-1.33FeSiO4,FeSiO4,LiFeSiO4,Li4Fe3(SiO4)3,Li,1.9058497633333271,56.83719174761925,148.1928917395501,108.32314844073109,282.43338764950295,0.11195946770922101,0.059753280000001005,0.091625760454539,1,3,Fe-O-Si,"Fe,Si,O",mp-758436,mp-1177429,"mp-758436,mp-1177429",More than one working ion per transition metal
BAT_00703,Li0-1Fe(SiO3)2,Fe(SiO3)2,Fe(SiO3)2,LiFe(SiO3)2,Li,5.099306877083326,124.68507660434258,340.039097613652,635.8074685981854,1733.9637089385042,0.010471641787058,0.177059603194441,0.026428334500002003,1,3,Fe-O-Si,"Fe,Si,O",mp-1253019,mp-1266318,"mp-1253019,mp-1266318,mp-757570",
BAT_00704,Li2.83-3FeSi2O7,FeSi2O7,Li17Fe6(Si2O7)6,Li3FeSi2O7,Li,5.932806643333333,18.244602173495398,53.00714280355796,108.24169697988728,314.48112896906736,0.008270721159735001,0.065352794134198,0.036118786730767,1,3,Fe-O-Si,"Fe,Si,O",mp-760086,mp-759383,"mp-760086,mp-759383",More than one working ion per transition metal
BAT_00705,Li0-2FeSiO4,FeSiO4,FeSiO4,Li2FeSiO4,Li,3.9825005970833343,331.2708062767885,1014.8922311780381,1319.286183793588,4041.8089166417744,0.086894026615611,0.261619403333335,0.005195829062500001,2,3,Fe-O-Si,"Fe,Si,O",mp-1191756,mp-758209,"mp-1191756,mp-758614,mp-766458,mp-849257,mp-758973,mp-758209,mp-1177998",More than one working ion per transition metal
BAT_00706,Li1-2FeSiO4,FeSiO4,LiFeSiO4,Li2FeSiO4,Li,2.993815778333332,165.63540313839425,508.46649409444507,495.8818833663271,1522.2550127737818,0.024067041788506,0.06226841607143001,0.013607593437500001,1,3,Fe-O-Si,"Fe,Si,O",mp-766529,mp-757833,"mp-766529,mp-774106,mp-757833",More than one working ion per transition metal
BAT_00707,Li1-2FeSiO4,FeSiO4,LiFeSiO4,Li2FeSiO4,Li,2.821536255833334,165.63540313839425,504.3712199209308,467.3462952045498,1423.1016834057941,0.010668626559101,0.030461309642859,0.007311315625,1,3,Fe-O-Si,"Fe,Si,O",mp-764348,mp-759942,"mp-764348,mp-758173,mp-759942",More than one working ion per transition metal
BAT_00708,Li1-3Fe(Si2O5)3,Fe(Si2O5)3,LiFe(Si2O5)3,Li3Fe(Si2O5)3,Li,4.541901675833334,110.48239034966522,286.3890711984821,501.8001538792171,1300.751002416738,0.011167210789921,0.10623750572463501,0.035598311999998,2,3,Fe-O-Si,"Fe,Si,O",mp-775750,mp-765285,"mp-775750,mp-775303,mp-765285",More than one working ion per transition metal
BAT_00709,Li1.5-2FeSiO4,FeSiO4,Li3Fe2(SiO4)2,Li2FeSiO4,Li,3.404060043333335,82.81770156919713,253.9019449167772,281.9164287924084,864.2974656158228,0.037690805482461,0.073390524333341,0.0227247146875,1,3,Fe-O-Si,"Fe,Si,O",mp-778622,mp-758465,"mp-778622,mp-758465",More than one working ion per transition metal
BAT_00710,Li3-5Fe3(SnO5)2,Fe3(SnO5)2,Li3Fe3(SnO5)2,Li5Fe3(SnO5)2,Li,2.661506513333333,89.38981861327996,436.51421306250637,237.9115844649298,1161.7854212284349,0.02243000938148,0.071822574375,0.019263503624999,1,3,Fe-O-Sn,"Fe,Sn,O",mp-753126,mp-756675,"mp-753126,mp-756675",More than one working ion per transition metal
BAT_00711,Li1-2FeSnO4,FeSnO4,LiFeSnO4,Li2FeSnO4,Li,2.056088348333337,106.17197937748584,524.9205324637231,218.298969717536,1079.2829905995925,0.011347172133027002,0.001434741964286,0.020262825624999002,1,3,Fe-O-Sn,"Fe,Sn,O",mp-756311,mp-1177968,"mp-756311,mp-1177968",More than one working ion per transition metal
BAT_00712,Li0-2Fe3TeO8,Fe3TeO8,Fe3TeO8,Li2Fe3TeO8,Li,3.885621998333331,122.65781662554907,572.0803131921706,476.6019105477693,2222.88784975292,0.09688020641965,0.140697981458332,0.042160594642854,1,3,Fe-O-Te,"Fe,Te,O",mp-1178313,mp-775742,"mp-1178313,mp-775742",
BAT_00713,Li0-4V3Fe3(TeO8)2,V3Fe3(TeO8)2,V3Fe3(TeO8)2,Li4V3Fe3(TeO8)2,Li,3.307799478333334,124.75758227750717,554.9545599611906,412.6730655756662,1835.6784039383313,0.018374234828695,0.12643434270831502,0.056023304145750005,1,4,Fe-O-Te-V,"V,Fe,Te,O",mp-774673,mp-767773,"mp-774673,mp-767773",
BAT_00714,Li0-1TiFe5O8,TiFe5O8,TiFe5O8,LiTiFe5O8,Li,0.9400129433333331,58.00832318322537,268.431594618301,54.52857461329494,252.3291733408094,0.042526241131347,0.045347602499999,0.132884300000004,1,3,Fe-O-Ti,"Ti,Fe,O",mp-1216930,mp-1235025,"mp-1216930,mp-1235025,mp-1235710,mp-1235299,mp-1236188,mp-1236132",
BAT_00715,Li3-4Fe3TeO8,Fe3TeO8,Li3Fe3TeO8,Li4Fe3TeO8,Li,2.221538383333329,59.4407316513805,273.1847223671277,132.0498668969581,606.8903464788332,0.004615129289289001,0.06279756600000201,0.065152409559652,1,3,Fe-O-Te,"Fe,Te,O",mp-772334,mp-771362,"mp-772334,mp-756782,mp-771362,mp-771580",More than one working ion per transition metal
BAT_00716,Li1-2TiFe2O5,TiFe2O5,LiTiFe2O5,Li2TiFe2O5,Li,2.644786933333326,105.75246273364436,461.48225370084174,279.6927316057621,1220.522234553201,0.0005756152604540001,0.080180713333332,0.037525049500004,1,3,Fe-O-Ti,"Ti,Fe,O",mp-753225,mp-756002,"mp-753225,mp-756002",
BAT_00717,Li0-7Ti12Fe5O32,Ti12Fe5O32,Ti12Fe5O32,Li7Ti12Fe5O32,Li,3.136112813333329,132.66213586224154,502.89343903318377,416.0434241217427,1577.130557893231,0.029556908369431003,0.10819230392857,0.036819993303572,1,3,Fe-O-Ti,"Ti,Fe,O",mp-773026,mp-772995,"mp-773026,mp-772995",
BAT_00718,Li0-2TiFeO4,TiFeO4,TiFeO4,Li2TiFeO4,Li,3.207187718333334,295.18415108808875,1151.9147510692576,946.7109840163696,3694.406842196323,0.10116025560831701,0.104313697916669,0.036703675000000005,2,3,Fe-O-Ti,"Ti,Fe,O",mp-754900,mp-1285010,"mp-754900,mp-1279759,mp-1278941,mp-1290888,mp-1274918,mp-1284893,mp-1235595,mp-1236165,mp-1235723,mp-1285010,mp-1277038,mp-1301347,mp-1177839",
BAT_00719,Li3-4TiFe3O8,TiFe3O8,Li3TiFe3O8,Li4TiFe3O8,Li,2.551506103333328,72.2098138096436,292.7990142570891,184.24378065586893,747.078471926945,0.002853453105017,0.054814027499998,0.029877081875000003,1,3,Fe-O-Ti,"Ti,Fe,O",mp-755163,mp-769962,"mp-755163,mp-769962",
BAT_00720,Li1-2TiFeO4,TiFeO4,LiTiFeO4,Li2TiFeO4,Li,2.159298630833331,147.59207554404438,575.24595234435,318.6953666441046,1242.1277972895707,0.016630808084626,0.023513504795921,0.046587075312500004,1,3,Fe-O-Ti,"Ti,Fe,O",mp-755965,mp-1304342,"mp-755965,mp-752855,mp-753140,mp-762702,mp-849144,mp-1304342,mp-765697",
BAT_00721,Li2-3TiFe3O8,TiFe3O8,Li2TiFe3O8,Li3TiFe3O8,Li,3.442740968333344,73.58592726423161,305.1206223655814,253.33728648536777,1050.4512669013543,0.0024144319088610002,0.055061106778918005,0.055246513499997006,1,3,Fe-O-Ti,"Ti,Fe,O",mp-771820,mp-760345,"mp-771820,mp-760345",
BAT_00722,Li2-4Ti2Fe3O10,Ti2Fe3O10,Li2Ti2Fe3O10,Li4Ti2Fe3O10,Li,3.307200895833336,118.84645994747049,465.91964318722233,393.0491188048952,1540.8898613351303,0.012494477601847001,0.08236591717927001,0.042835493421048004,2,3,Fe-O-Ti,"Ti,Fe,O",mp-762700,mp-759041,"mp-762700,mp-762694,mp-759041",
BAT_00723,Li4-6TiFe5O12,TiFe5O12,Li4TiFe5O12,Li6TiFe5O12,Li,2.806414293333337,95.59482427347986,396.7039220540303,268.2786812097825,1113.3155570738247,0.051987147282599004,0.11376355370454501,0.10780043020833201,1,3,Fe-O-Ti,"Ti,Fe,O",mp-755645,mp-867832,"mp-755645,mp-867832",
BAT_00724,Li3-4TiFe3O8,TiFe3O8,Li3TiFe3O8,Li4TiFe3O8,Li,2.922943623333329,72.2098138096436,236.11434260959834,211.06521481698474,690.1489121082664,0.010676950309126,0.092450560833331,0.041946486875,1,3,Fe-O-Ti,"Ti,Fe,O",mp-758622,mp-1177243,"mp-758622,mp-1177243",
BAT_00725,Li2-3Ti(FeO3)2,Ti(FeO3)2,Li2Ti(FeO3)2,Li3Ti(FeO3)2,Li,2.305804499999998,96.97456492437087,389.4145630683282,223.60438818815632,897.9138518884843,0.006849672915888,0.07910157833333001,0.064303488541663,1,3,Fe-O-Ti,"Ti,Fe,O",mp-758964,mp-774498,"mp-758964,mp-774498",
BAT_00726,Li3-5V2Fe3O10,V2Fe3O10,Li3V2Fe3O10,Li5V2Fe3O10,Li,2.564797153333335,115.49450309022895,473.85998155311626,296.21997275146725,1215.354731766019,0.015262621977994,0.07568005447917,0.049037584375001005,1,3,Fe-O-V,"V,Fe,O",mp-753077,mp-754679,"mp-753077,mp-754679",
BAT_00727,Li0-1VFeO4,VFeO4,VFeO4,LiVFeO4,Li,3.073568223333336,150.80301626142784,548.4690873530776,463.503358763945,1685.7571583690553,0.082161936701518,0.017155340416666002,0.010323042261887001,1,3,Fe-O-V,"V,Fe,O",mp-18949,mp-756201,"mp-18949,mp-756201",
BAT_00728,Li0-3V4FeO12,V4FeO12,V4FeO12,Li3V4FeO12,Li,3.7652530300000002,170.19450089641757,515.3801170818967,640.8253601895741,1940.5365474443668,0.002510357114278,0.095268681323526,0.050711408875031005,1,3,Fe-O-V,"V,Fe,O",mp-763248,mp-1568159,"mp-763248,mp-1568159,mp-774648",
BAT_00729,Li1-2VFeO4,VFeO4,LiVFeO4,Li2VFeO4,Li,2.336102378333334,145.1348197929338,588.8364745752241,339.0497976972525,1375.5822887045967,0.0028519698381800004,0.042419002261888,0.047178911562499,1,3,Fe-O-V,"V,Fe,O",mp-775175,mp-881807,"mp-775175,mp-752652,mp-763659,mp-881807,mp-765706",
BAT_00730,Li2-3VFe3O8,VFe3O8,Li2VFe3O8,Li3VFe3O8,Li,2.694591148333335,72.96996429669116,307.8715498849729,196.6242198880635,829.5879531437128,0.014195219578935001,0.09591957767856801,0.08485303633332801,1,3,Fe-O-V,"V,Fe,O",mp-1177782,mp-1177549,"mp-1177782,mp-755063,mp-1177549,mp-760316",
BAT_00731,Li0-1VFeO4,VFeO4,VFeO4,LiVFeO4,Li,3.397234863333328,150.80301626142784,589.1545289251013,512.3132643391456,2001.4963055550782,0.054665476594340005,0.077621114583331,0.015912757261888,1,3,Fe-O-V,"V,Fe,O",mp-850978,mp-772649,"mp-850978,mp-772649",
BAT_00732,Li3-5V3(FeO5)2,V3(FeO5)2,Li3V3(FeO5)2,Li5V3(FeO5)2,Li,2.264412493333329,116.72775798343861,468.7371040596869,264.31979349648765,1061.4141545216398,0.011291563057598,0.100276759513893,0.09721436700000101,2,3,Fe-O-V,"V,Fe,O",mp-753182,mp-755172,"mp-753182,mp-752916,mp-755172",
BAT_00733,Li2-3V(FeO3)2,V(FeO3)2,Li2V(FeO3)2,Li3V(FeO3)2,Li,2.73139486333334,95.90765728564085,390.7368596668154,261.96168246433376,1067.2566514089397,0.068046948336972,0.14073408153409,0.10033846666666901,1,3,Fe-O-V,"V,Fe,O",mp-759143,mp-756960,"mp-759143,mp-756960",
BAT_00734,Li4-5V5(FeO6)2,V5(FeO6)2,Li4V5(FeO6)2,Li5V5(FeO6)2,Li,2.509468978333335,45.189164617159996,192.73604940781712,113.40080676356139,483.66513699543805,0.010860461348314001,0.062765638858699,0.049509653541666004,1,3,Fe-O-V,"V,Fe,O",mp-850103,mp-772522,"mp-850103,mp-772522",
BAT_00735,Li3-4V3(FeO6)2,V3(FeO6)2,Li3V3(FeO6)2,Li4V3(FeO6)2,Li,2.652260705833332,55.34393870824864,170.79136115424515,146.78655394193623,452.9832160851938,0.020584391518455,0.012780040500000001,0.036597863452384,1,3,Fe-O-V,"V,Fe,O",mp-775234,mp-760208,"mp-775234,mp-760208",
BAT_00736,Li0-2V3FeO8,V3FeO8,V3FeO8,Li2V3FeO8,Li,2.360165378333332,152.91247155008958,593.886652384115,360.89872126790203,1401.670715611271,0.033405882610889004,0.04330284604164401,0.113993009776781,1,3,Fe-O-V,"V,Fe,O",mp-771199,mp-756697,"mp-771199,mp-756697",
BAT_00737,Li2-3V2FeO6,V2FeO6,Li2V2FeO6,Li3V2FeO6,Li,3.417397566666669,97.62059719146454,392.53566782341267,333.60839129865803,1341.4504360496064,0.037472522803892,0.11637245280302301,0.014175551874998001,1,3,Fe-O-V,"V,Fe,O",mp-758699,mp-757121,"mp-758699,mp-757121",
BAT_00738,Li3-4VFe3O8,VFe3O8,Li3VFe3O8,Li4VFe3O8,Li,2.732292303333342,71.61658052762975,293.5569875084751,195.6774317666953,802.0834975591288,0.005089529462997001,0.07549395133332801,0.037965372968749,1,3,Fe-O-V,"V,Fe,O",mp-757069,mp-760357,"mp-757069,mp-762710,mp-849145,mp-760357,mp-1372845,mp-801578",
BAT_00739,Li1-2VFeO4,VFeO4,LiVFeO4,Li2VFeO4,Li,2.778103846666664,145.1348197929338,584.8107958510657,403.1996011520225,1624.665121526039,0.004434126589106,0.10163779702379201,0.04374517343750001,1,3,Fe-O-V,"V,Fe,O",mp-1176543,mp-756969,"mp-1176543,mp-756969",
BAT_00740,Li3-4V3FeO8,V3FeO8,Li3V3FeO8,Li4V3FeO8,Li,2.879556903333328,73.54382666722981,292.6470018912612,211.7736337771713,842.6936945357827,0.0025163024253130003,0.08266400141666101,0.038405880468749,1,3,Fe-O-V,"V,Fe,O",mp-755957,mp-765701,"mp-755957,mp-771072,mp-765701,mp-801566",
BAT_00741,Li3-4Fe3WO8,Fe3WO8,Li3Fe3WO8,Li4Fe3WO8,Li,2.658499533333331,52.848893143794854,274.47217056062055,140.4987577599617,729.6841373483962,0.009969904291175,0.074035164666667,0.047959242500000006,1,3,Fe-O-W,"Fe,W,O",mp-1177706,mp-756528,"mp-1177706,mp-756528",
BAT_00742,Li0-1Fe(WO4)2,Fe(WO4)2,Fe(WO4)2,LiFe(WO4)2,Li,3.439212333333334,47.991661990777324,325.58846744656023,165.053515815846,1119.767872833309,0.040578276254725,0.13533479590909,0.158420429322918,1,3,Fe-O-W,"Fe,W,O",mp-25197,mp-16933,"mp-25197,mp-16933",
BAT_00743,Li0-0.5Y(FeO2)2,Y(FeO2)2,Y(FeO2)2,LiY2(FeO2)4,Li,1.9226859533333331,49.99083454780826,232.3574613884016,96.11667538048165,446.75042716367204,0.065802249587461,0.20050174205357302,0.20611116241667002,1,3,Fe-O-Y,"Y,Fe,O",mp-1408959,mp-1235662,"mp-1408959,mp-1235662,mp-1235896,mp-1235592",
BAT_00744,Li0-0.5Zn(FeO2)2,Zn(FeO2)2,Zn(FeO2)2,LiZn2(FeO2)4,Li,0.517882533333339,54.793717440661254,268.7609404095344,28.376709198920846,139.18659668034041,0.06899454846762501,0.052228267857143004,0.154847721833329,1,3,Fe-O-Zn,"Zn,Fe,O",mp-34296,mp-1235023,"mp-34296,mp-1235023,mp-1235225,mp-1235171,mp-1236067,mp-1236231",
BAT_00745,Li0-2Fe(PS3)2,Fe(PS3)2,Fe(PS3)2,Li2Fe(PS3)2,Li,2.3785368483333342,165.40830088123988,424.3735286976487,393.4297386662361,1009.3880754646009,0.000227532334123,0.121296052430562,0.068835944077134,1,3,Fe-P-S,"Fe,P,S",mp-753614,mp-867714,"mp-753614,mp-867714,mp-1222773",More than one working ion per transition metal
BAT_00746,Li0-1FeS2,FeS2,FeS2,LiFeS2,Li,1.846232270833334,211.17495938545093,770.2812048996354,389.87802480933817,1422.1180181020907,0.14159933107925401,0.250639878333333,0.161773218125,2,2,Fe-S,"Fe,S",mp-1393120,mp-1176715,"mp-1393120,mp-1404610,mp-1040470,mp-1176715",
BAT_00747,Li5-6FeS4,FeS4,Li5FeS4,Li6FeS4,Li,1.436271618333333,118.72142823448797,240.17581890588644,170.51621786119279,344.95771210449124,0.014965832798709002,0.06359727400000001,0.085555148181818,1,2,Fe-S,"Fe,S",mp-756173,mp-754210,"mp-756173,mp-754210",More than one working ion per transition metal
BAT_00748,Li1-2FeS2,FeS2,LiFeS2,Li2FeS2,Li,1.003145033333333,200.22472597894688,583.1485288122559,200.85443941630825,584.9825503736549,0.319819944431089,0.11034488,0.23592799900000203,1,2,Fe-S,"Fe,S",mp-756094,mp-754407,"mp-756094,mp-754407",More than one working ion per transition metal
BAT_00749,Li0-1Fe3(SnS4)2,Fe3(SnS4)2,Fe3(SnS4)2,LiFe3(SnS4)2,Li,2.032004003333331,40.09700717122853,170.97486994354378,81.47727909362169,347.4216201946767,0.006412467451534,0.16857121230769,0.136522251339285,1,3,Fe-S-Sn,"Fe,Sn,S",mp-754767,mp-774883,"mp-754767,mp-774883",
BAT_00750,Li0-0.5Sr2MnGaO5,Sr2MnGaO5,Sr2MnGaO5,Sr4LiMn2(GaO5)2,Li,1.8523796433333122,34.95524280084571,167.54951626722615,64.75038019205991,310.36531318375336,0.058841596942754,0.019822823333333,0.010382129342109001,1,4,Ga-Mn-O-Sr,"Sr,Mn,Ga,O",mp-1282857,mp-1233002,"mp-1282857,mp-1218775,mp-1233002,mp-1235111,mp-1235882,mp-1235398,mp-1236344,mp-1236297,mp-1235032",
BAT_00751,Li0-1Sr4Mn2Ga2O11,Sr4Mn2Ga2O11,Sr4Mn2Ga2O11,Sr4LiMn2Ga2O11,Li,1.533470033333349,34.24074575258896,176.54540698118177,52.50715753058132,270.7270911282825,0.052143513446953005,0.095902411929842,0.140891713024971,1,4,Ga-Mn-O-Sr,"Sr,Mn,Ga,O",mp-1218651,mp-1235278,"mp-1218651,mp-1235278,mp-1236178,mp-1235246,mp-1236087",
BAT_00752,Li2-4VGa3O8,VGa3O8,Li2VGa3O8,Li4VGa3O8,Li,2.873106460833331,128.8936469541488,486.78552737236623,370.3251698243354,1398.5866437337058,0.037232371270258004,0.071970433071431,0.039945700156243005,1,3,Ga-O-V,"V,Ga,O",mp-755571,mp-771646,"mp-755571,mp-758949,mp-771646",More than one working ion per transition metal
BAT_00753,Li0-0.5Ga2WO6,Ga2WO6,Ga2WO6,LiGa4(WO6)2,Li,2.020685323333343,31.698754929136964,220.8839358552581,64.05320885324754,446.33692734282374,0.029781222392375004,0.045995763472223006,0.077287183907894,1,3,Ga-O-W,"Ga,W,O",mp-770737,mp-1236043,"mp-770737,mp-1236043,mp-1235129",
BAT_00754,Li0-3Ge3(MoO6)2,Ge3(MoO6)2,Ge3(MoO6)2,Li3Ge3(MoO6)2,Li,3.371984699166674,129.13974145225944,563.3163151952938,435.4572322313592,1899.4939956294825,0.002388870073527,0.133314008823526,0.079765947222207,1,3,Ge-Mo-O,"Ge,Mo,O",mp-1364316,mp-1013795,"mp-1364316,mp-1013795",More than one working ion per transition metal
BAT_00755,Li0-2NiGe3O8,NiGe3O8,NiGe3O8,Li2NiGe3O8,Li,5.022759379583332,128.08641888426592,621.4802865319476,643.3472618481863,3121.545938404477,0.06988073416937901,0.153214810347218,0.0,1,3,Ge-Ni-O,"Ni,Ge,O",mp-543103,mp-21650,"mp-543103,mp-21650",More than one working ion per transition metal
BAT_00756,Li2-4V2SiGeO10,V2SiGeO10,Li2V2SiGeO10,Li4V2SiGeO10,Li,3.355243983333328,137.31445267646632,458.65266413181917,460.72349116742265,1538.8915917680881,0.008826807412251001,0.04599124322916601,0.004343093263882001,1,4,Ge-O-Si-V,"V,Si,Ge,O",mp-756174,mp-772830,"mp-756174,mp-765775,mp-772830",More than one working ion per transition metal
BAT_00757,Li2-4V2SiGeO10,V2SiGeO10,Li2V2SiGeO10,Li4V2SiGeO10,Li,3.465082243333339,137.31445267646632,460.97699346460575,475.8058717222596,1597.3231946393944,0.000155252397364,0.059789898854166,0.004404313819436,1,4,Ge-O-Si-V,"V,Si,Ge,O",mp-766106,mp-766048,"mp-766106,mp-766048",More than one working ion per transition metal
BAT_00758,Li0-1V(GeO3)2,V(GeO3)2,V(GeO3)2,LiV(GeO3)2,Li,3.464248095833331,89.58944943761956,385.6950722463961,310.3600796210301,1336.1434196018768,0.005072336680854,0.051312337037042,0.0,1,3,Ge-O-V,"V,Ge,O",mp-775220,mp-559680,"mp-775220,mp-559680",
BAT_00759,Li0-0.25VGeO4,VGeO4,VGeO4,LiV4(GeO4)4,Li,1.378517543333321,35.392828310907085,183.31199661762957,48.789634734769656,252.6988032408608,0.023015047400430002,0.09680562777777801,0.157890183433321,1,3,Ge-O-V,"V,Ge,O",mp-756717,mp-1235198,"mp-756717,mp-1235198,mp-1232981,mp-1235479",
BAT_00760,Li1-2VGeO5,VGeO5,LiVGeO5,Li2VGeO5,Li,3.305298013333332,123.24758356282584,443.7113419584383,407.3699930983421,1466.598217068693,0.006805001053000001,0.031590851145830004,0.00489665041668,1,3,Ge-O-V,"V,Ge,O",mp-850438,mp-18809,"mp-850438,mp-763317,mp-25277,mp-18809",More than one working ion per transition metal
BAT_00761,Li0-1KNi2H3(SeO5)2,KNi2H3(SeO5)2,KNi2H3(SeO5)2,KLiNi2H3(SeO5)2,Li,0.64112883333333,55.333355848148,199.30319182283722,35.47580987934116,127.77902285298464,0.054440270532066,0.0,0.139715073635469,1,5,H-K-Ni-O-Se,"K,Ni,H,Se,O",mp-1223496,mp-1235564,"mp-1223496,mp-1235564,mp-1235148,mp-1236169",
BAT_00762,Li0-1MnPHO5,MnPHO5,MnPHO5,LiMnPHO5,Li,1.8565922833333321,154.15753170529632,487.5628986900431,286.20768378176666,905.2055153475652,0.09565762392563201,2.97592094359375,2.900119633055554,1,4,H-Mn-O-P,"Mn,P,H,O",mp-805339,mp-803039,"mp-805339,mp-803039",
BAT_00763,Li0-2MnPHO5,MnPHO5,MnPHO5,Li2MnPHO5,Li,3.519108802083328,296.4786160311596,868.6862041018629,1043.340507304737,3057.00126710322,0.22990803252615102,0.022709581718750003,0.055101091250000005,2,4,H-Mn-O-P,"Mn,P,H,O",mp-756230,mp-754995,"mp-756230,mp-755477,mp-754995,mp-776954",More than one working ion per transition metal
BAT_00764,Li2-3MnP2HO8,MnP2HO8,Li2MnP2HO8,Li3MnP2HO8,Li,3.131206683333336,100.48858089452642,282.2128230966595,314.65051609562374,883.6666778026288,0.076033636401051,0.005188219196435,0.040862552166664005,1,4,H-Mn-O-P,"Mn,P,H,O",mp-779443,mp-759656,"mp-779443,mp-759656",More than one working ion per transition metal
BAT_00765,Li0-1MnPHO5,MnPHO5,MnPHO5,LiMnPHO5,Li,-0.9794302016666611,154.15753170529632,487.5628986900431,-150.98654236655315,-477.533828189171,0.09565762392563201,2.776688631093749,3.03813785361111,1,4,H-Mn-O-P,"Mn,P,H,O",mp-1385813,mp-1324942,"mp-1385813,mp-1324942",
BAT_00766,Li0-0.5MnPH2O5,MnPH2O5,MnPH2O5,LiMn2P2(H2O5)2,Li,3.094365248333337,78.18621285253445,226.5785730321743,241.93669994967593,701.1168624077172,0.053541497146895004,0.0,0.020460008026301,1,4,H-Mn-O-P,"Mn,P,H,O",mp-23895,mp-1235619,"mp-23895,mp-1235619",
BAT_00767,Li2-4Mn2P4H3O16,Mn2P4H3O16,Li2Mn2P4H3O16,Li4Mn2P4H3O16,Li,4.351617578333337,102.97383229262917,286.06404526325355,448.1027387129541,1244.8413278967175,0.08154484642489501,0.056041920694448,0.030728530474118002,1,4,H-Mn-O-P,"Mn,P,H,O",mp-763324,mp-771909,"mp-763324,mp-771909",More than one working ion per transition metal
BAT_00768,Li0-1MnP2HO7,MnP2HO7,MnP2HO7,LiMnP2HO7,Li,3.443145730833326,113.16744574852491,324.911376717959,389.65200769834564,1118.7172196456193,0.063433947834164,0.0,0.036730870624988005,1,4,H-Mn-O-P,"Mn,P,H,O",mp-734805,mp-783907,"mp-734805,mp-783907",
BAT_00769,Li0-2MnVP2(HO5)2,MnVP2(HO5)2,MnVP2(HO5)2,Li2MnVP2(HO5)2,Li,3.985717240833321,155.94997729010214,489.4675862126664,621.5725131927251,1950.8793971968946,0.057212139416648,0.045863040937498004,0.015486337619024002,2,5,H-Mn-O-P-V,"Mn,V,P,H,O",mp-753350,mp-849445,"mp-753350,mp-753729,mp-759884,mp-849445",
BAT_00770,Li1-3MnVP2(HO5)2,MnVP2(HO5)2,LiMnVP2(HO5)2,Li3MnVP2(HO5)2,Li,3.324273198333334,152.8630869980757,448.6137939282991,508.1586631221998,1491.3148115584784,0.102068209854106,0.06423145977941701,0.045464680855261,1,5,H-Mn-O-P-V,"Mn,V,P,H,O",mp-1235750,mp-753439,"mp-1235750,mp-753439",More than one working ion per transition metal
BAT_00771,Li0-2MnH4(SO5)2,MnH4(SO5)2,MnH4(SO5)2,Li2MnH4(SO5)2,Li,4.312993505833337,180.49605856183393,459.2054158127655,778.4783284057036,1980.5499762439551,0.038100565530730005,0.018710770637256003,0.034266356052627005,2,4,H-Mn-O-S,"Mn,H,S,O",mp-772662,mp-772240,"mp-772662,mp-771252,mp-772240",More than one working ion per transition metal
BAT_00772,Li0-1MnVP2(HO5)2,MnVP2(HO5)2,MnVP2(HO5)2,LiMnVP2(HO5)2,Li,-2.235022816666666,79.58205465929686,248.96148690458082,-177.86770796074228,-556.4346037029976,0.045933633416504006,3.100192417499999,3.285864812132359,1,5,H-Mn-O-P-V,"Mn,V,P,H,O",mp-802114,mp-802127,"mp-802114,mp-802127",
BAT_00773,Li1-2MnH4(SO5)2,MnH4(SO5)2,LiMnH4(SO5)2,Li2MnH4(SO5)2,Li,3.7725933683333372,90.24802928091697,224.63481648727247,340.4691167703401,847.4558189766602,0.028128034882998,0.024607253061883,0.056833593421049,1,4,H-Mn-O-S,"Mn,H,S,O",mp-1176828,mp-772273,"mp-1176828,mp-771333,mp-772273",More than one working ion per transition metal
BAT_00774,Li0-4MnH6(S2O9)2,MnH6(S2O9)2,MnH6(S2O9)2,Li4MnH6(S2O9)2,Li,4.629674714583328,212.2894282854814,468.3860201210281,982.830998306644,2168.474914018642,0.034771936912155,0.07330311655171501,0.062775461249995,1,4,H-Mn-O-S,"Mn,H,S,O",mp-779879,mp-777769,"mp-779879,mp-777769",More than one working ion per transition metal
BAT_00775,Li0-1MnH8(SO6)2,MnH8(SO6)2,MnH8(SO6)2,LiMnH8(SO6)2,Li,4.294891955833326,82.19665141485939,171.45817516983996,353.02573695811554,736.3943372988069,0.048927141233389,0.027484716043479,0.035801763186553,1,4,H-Mn-O-S,"Mn,H,S,O",mp-778207,mp-831237,"mp-778207,mp-831237,mp-1176694",
BAT_00776,Li0-2NiH12(SO7)2,NiH12(SO7)2,NiH12(SO7)2,Li2NiH12(SO7)2,Li,4.465767995833336,143.78774767204885,304.50910197139257,642.122721746795,1359.8670020237948,0.255655494801442,0.051400144655173,0.045321333064516,1,4,H-Ni-O-S,"Ni,H,S,O",mp-1101430,mp-771658,"mp-1101430,mp-781684,mp-771658",More than one working ion per transition metal
BAT_00777,Li0-1SnPHO5,SnPHO5,SnPHO5,LiSnPHO5,Li,2.31432435333333,112.78674727860363,405.2905722482761,261.02511596012414,937.973841530587,0.14632690047799102,0.0,0.04874012106482,1,4,H-O-P-Sn,"Sn,P,H,O",mp-775543,mp-753239,"mp-775543,mp-753239",Transition metal not found
BAT_00778,Li0-1SbPHO5,SbPHO5,SbPHO5,LiSbPHO5,Li,2.806526983333332,111.35746356111034,405.6255782287437,312.52772627981443,1138.3991304291544,0.08058393139899801,0.029632431093747004,0.07638991226852,1,4,H-O-P-Sb,"Sb,P,H,O",mp-755529,mp-755185,"mp-755529,mp-755185",Transition metal not found
BAT_00779,Li0-1SnPHO5,SnPHO5,SnPHO5,LiSnPHO5,Li,5.334166028333333,112.78674727860363,405.2905994786699,601.6232357797444,2161.887347341972,0.158758156514157,3.2535887900000002,2.605281081620376,1,4,H-O-P-Sn,"Sn,P,H,O",mp-787453,mp-852069,"mp-787453,mp-852069",Transition metal not found
BAT_00780,Li0-1SnPHO5,SnPHO5,SnPHO5,LiSnPHO5,Li,3.131276643333334,112.78674727860363,405.2905994786699,353.166507431031,1269.076987910124,0.158758156514157,3.170821191250001,2.77647536995371,1,4,H-O-P-Sn,"Sn,P,H,O",mp-1410461,mp-1337078,"mp-1410461,mp-1337078",Transition metal not found
BAT_00781,Li1-4Sn2P4H3O16,Sn2P4H3O16,LiSn2P4H3O16,Li4Sn2P4H3O16,Li,2.554750473333328,124.06307456983441,378.68760478200534,316.95019848047247,967.4523375622925,0.182207627277635,0.041327079038449004,0.06561824370689101,1,4,H-O-P-Sn,"Sn,P,H,O",mp-759095,mp-777312,"mp-759095,mp-754500,mp-777312",Transition metal not found
BAT_00782,Li0.5-2VP2HO8,VP2HO8,LiV2P4(HO8)2,Li2VP2HO8,Li,4.109640574999999,157.17858711502168,454.8319308150945,645.9474991290652,1869.195757683305,0.05967594619068801,0.052371174780947,0.0009663069817040001,2,4,H-O-P-V,"V,P,H,O",mp-776478,mp-754990,"mp-776478,mp-1176644,mp-779883,mp-850888,mp-850750,mp-780471,mp-850229,mp-779485,mp-778672,mp-781014,mp-780482,mp-780110,mp-775948,mp-779447,mp-780485,mp-779449,mp-1576561,mp-775930,mp-779021,mp-775982,mp-780314,mp-779902,mp-781013,mp-1177498,mp-754990",More than one working ion per transition metal
BAT_00783,Li0.5-1.5VP2HO8,VP2HO8,LiV2P4(HO8)2,Li3V2P4(HO8)2,Li,4.149480028333333,106.2270785943239,309.3873912732597,440.7871410953424,1283.7968011065418,0.042330099015676005,0.052112730780947004,0.065847691481521,1,4,H-O-P-V,"V,P,H,O",mp-779002,mp-850257,"mp-779002,mp-780941,mp-850257",More than one working ion per transition metal
BAT_00784,Li0.5-1.5VP2HO8,VP2HO8,LiV2P4(HO8)2,Li3V2P4(HO8)2,Li,15.549063130833334,106.2270785943239,309.38734612751347,1651.7315512671366,4810.683376817691,0.043397733561408004,6.485674323580948,5.178435603148188,1,4,H-O-P-V,"V,P,H,O",mp-807825,mp-857092,"mp-807825,mp-807730,mp-857092",More than one working ion per transition metal
BAT_00785,Li0-4V2P4H3O16,V2P4H3O16,V2P4H3O16,Li4V2P4H3O16,Li,3.7081659633333333,209.15932800856038,570.7693488832069,775.597501035016,2116.5074724426363,0.097599007125725,0.078679535399997,0.026877941072338003,1,4,H-O-P-V,"V,P,H,O",mp-755425,mp-752967,"mp-755425,mp-752967",More than one working ion per transition metal
BAT_00786,Li0.5-1.5VP2HO8,VP2HO8,LiV2P4(HO8)2,Li3V2P4(HO8)2,Li,4.201950488333328,106.2270785943239,309.4787191714037,446.3609247736422,1300.4142551510529,0.046270872018535004,0.05462088331428001,0.06428335419757,1,4,H-O-P-V,"V,P,H,O",mp-779208,mp-1177507,"mp-779208,mp-1177507,mp-777491,mp-1177492",More than one working ion per transition metal
BAT_00787,Li0.5-1.5VP2HO8,VP2HO8,LiV2P4(HO8)2,Li3V2P4(HO8)2,Li,4.110077793333336,106.2270785943239,313.52437354777766,436.60155678120566,1288.6095653874665,0.036171039506987,0.054288194914280004,0.07078069419757001,1,4,H-O-P-V,"V,P,H,O",mp-780479,mp-753516,"mp-780479,mp-753516",More than one working ion per transition metal
BAT_00788,Li0-2VPHO5,VPHO5,VPHO5,Li2VPHO5,Li,2.479366997083336,303.18039981610514,881.8527509971066,751.6954774665819,2186.4366071093755,0.14061397065585401,0.0,0.06384671421808001,2,4,H-O-P-V,"V,P,H,O",mp-1101197,mp-1275571,"mp-1101197,mp-753560,mp-1275571,mp-777547",More than one working ion per transition metal
BAT_00789,Li1-3VSi4(HO6)2,VSi4(HO6)2,LiVSi4(HO6)2,Li3VSi4(HO6)2,Li,3.561756173333326,141.76358190836925,349.21116623496084,504.9273130159788,1243.8050271343022,0.032946980714688004,0.09784290150000101,0.018298937329546003,1,4,H-O-Si-V,"V,Si,H,O",mp-761158,mp-1266205,"mp-761158,mp-1266205,mp-770607",More than one working ion per transition metal
BAT_00790,Li1-1.5VP2HO8,VP2HO8,LiVP2HO8,Li3V2P4(HO8)2,Li,3.921301188333335,53.11353929716195,154.61502545793712,208.27418476255045,606.2920830623978,0.025995672211029,0.048152974990839,0.063618181111151,1,4,H-O-P-V,"V,P,H,O",mp-780630,mp-781078,"mp-780630,mp-781078",More than one working ion per transition metal
BAT_00791,Li0-1HoSn2,HoSn2,HoSn2,LiHoSn2,Li,-0.095044291666664,65.4826521739183,473.88041498343136,-6.223752292324633,-45.03962837680526,0.19396465394547802,0.0,0.13780751999999802,1,2,Ho-Sn,"Ho,Sn",mp-1072865,mp-1080784,"mp-1072865,mp-1080784",Transition metal not found
BAT_00792,Li0-0.5Nd2NbInO7,Nd2NbInO7,Nd2NbInO7,LiNd4Nb2In2O14,Li,-0.136044116666648,21.9082806773724,141.38013006198798,-2.980492692438134,-19.233934908499048,0.016768080359836002,0.028420964431807003,0.10739309012681,1,4,In-Nb-Nd-O,"Nd,Nb,In,O",mp-1220555,mp-1235949,"mp-1220555,mp-1235949",
BAT_00793,Li0-2InSb,InSb,InSb,Li2InSb,Li,-2.016105271666666,214.01805593998156,87.79188353604978,-431.4829308124484,-176.99767920657598,12.895363612685856,0.0,1.391603484166666,1,2,In-Sb,"In,Sb",mp-20012,mp-1097086,"mp-20012,mp-1097086",Transition metal not found
BAT_00794,Li0.5-1KMnO2,KMnO2,K2LiMn2O4,KLiMnO2,Li,2.019857713333327,100.775523103651,311.56745319541517,203.55221765611043,629.3219235603798,0.036749181222864004,0.091190587407434,0.0270146955,1,3,K-Mn-O,"K,Mn,O",mp-1290836,mp-770699,"mp-1290836,mp-1305547,mp-762634,mp-770699",
BAT_00795,Li0-1K11Mn4O16,K11Mn4O16,K11Mn4O16,K11LiMn4O16,Li,3.477184883333341,29.36296272197051,78.85431261977921,102.10045010671627,274.19102382713777,0.004020882976253,0.0,0.0,1,3,K-Mn-O,"K,Mn,O",mp-775539,mp-560465,"mp-775539,mp-560465",
BAT_00796,Li0-1KMnO2,KMnO2,KMnO2,KLiMnO2,Li,2.435533045833332,201.551046207302,627.4004123293942,490.8842334601649,1528.0544371976978,0.019611449569086,0.24156091604166702,0.0,1,3,K-Mn-O,"K,Mn,O",mp-25544,mp-549671,"mp-25544,mp-549671",
BAT_00797,Li1.5-3.5K2MnO4,K2MnO4,K4Li3Mn2O8,K4Li7Mn2O8,Li,1.7086677133333381,242.08098426281813,642.7933330870956,413.6359618218334,1098.3202145918428,0.076297139425286,0.07405099966752,0.07305795797618901,3,3,K-Mn-O,"K,Mn,O",mp-758550,mp-766140,"mp-758550,mp-757769,mp-760896,mp-773015,mp-766140,mp-760897",More than one working ion per transition metal
BAT_00798,Li0-2KMn2O4,KMn2O4,KMn2O4,KLi2Mn2O4,Li,1.7126599058333352,236.28838219124017,783.1697729604138,404.6816383931605,1341.3034696098966,0.14537195772744801,0.0007013392857150001,0.08543871861110601,1,3,K-Mn-O,"K,Mn,O",mp-763541,mp-780874,"mp-763541,mp-780874",
BAT_00799,Li0-0.5KNd2NbO6,KNd2NbO6,KNd2NbO6,K2LiNd4Nb2O12,Li,-0.44425008666666504,25.772856544172377,140.5186914276162,-11.449593753396126,-62.42544084500498,0.018802541557371003,0.0,0.060918170535712,1,4,K-Nb-Nd-O,"K,Nd,Nb,O",mp-558128,mp-1235034,"mp-558128,mp-1235034,mp-1235519,mp-1235743,mp-1235576,mp-1236260,mp-1232987,mp-1235739",
BAT_00800,Li0-0.33KNb2O5,KNb2O5,KNb2O5,K3LiNb6O15,Li,1.399390608333353,29.07941162034991,129.44611240134512,40.69345551737744,181.14567397970595,0.00404427696199,0.068065792940716,0.085717168615369,1,3,K-Nb-O,"K,Nb,O",mp-773070,mp-773049,"mp-773070,mp-773049",
BAT_00801,Li0-0.67KNb2PO8,KNb2PO8,KNb2PO8,K3Li2Nb6(PO8)3,Li,1.99899552333336,45.990516914613075,159.0213977596407,91.93483742809875,317.8830622357355,0.016054002633807,0.00966244408333,0.032653482268747,1,4,K-Nb-O-P,"K,Nb,P,O",mp-773047,mp-773089,"mp-773047,mp-773089",
BAT_00802,Li1-1.25KTi2(PO5)2,KTi2(PO5)2,KLiTi2(PO5)2,K4Li5Ti8(PO5)8,Li,1.25361043333334,18.33457088406821,50.163635087398085,22.98440935095759,62.88565631948866,0.00033801979915800003,0.030502583645826004,0.042939848523086,1,4,K-O-P-Ti,"K,Ti,P,O",mp-774482,mp-766028,"mp-774482,mp-766028",
BAT_00803,Li2-3K2NiO4,K2NiO4,K2Li2NiO4,K2Li3NiO4,Li,3.421978100833333,120.88497864046144,357.67298344907294,413.6657496273643,1223.9491166224507,0.026262209883304,0.074648506296294,0.0,1,3,K-Ni-O,"K,Ni,O",mp-773004,mp-774432,"mp-773004,mp-764414,mp-774432",More than one working ion per transition metal
BAT_00804,Li0-1K2VPO6,K2VPO6,K2VPO6,K2LiVPO6,Li,1.9026129733333381,101.88768803831083,262.3949709534188,193.85283708463015,499.23607587339905,0.010159893905351,0.0,0.083934746983907,1,4,K-O-P-V,"K,V,P,O",mp-558956,mp-761139,"mp-558956,mp-761139",
BAT_00805,Li0-1K(WO3)6,K(WO3)6,K(WO3)6,KLi(WO3)6,Li,1.427904593333328,18.65010689842822,116.19673408535118,26.630573306423244,165.91785033080424,0.012673500825477002,0.0,0.041067960673068005,1,3,K-O-W,"K,W,O",mp-34278,mp-775511,"mp-34278,mp-675140,mp-775511,mp-774652",
BAT_00806,Li0-1KWO3,KWO3,KWO3,KLiWO3,Li,-0.493983396666666,96.45070631974122,598.4563929491344,-47.64504751872488,-295.6275217458947,0.14715356999950802,0.067683724833327,0.458240575810183,1,3,K-O-W,"K,W,O",mp-1040472,mp-1233003,"mp-1040472,mp-1233003",
BAT_00807,Li0-1La3MnO7,La3MnO7,La3MnO7,LiLa3MnO7,Li,4.675377400833331,45.3807619372283,290.67118603193995,212.17218879391461,1358.997494247153,0.017604227800234,0.179882661810603,0.04365089370039801,1,3,La-Mn-O,"La,Mn,O",mp-1178204,mp-1222623,"mp-1178204,mp-1178128,mp-1222623",
BAT_00808,Li0-1K(WO3)3,K(WO3)3,K(WO3)3,KLi(WO3)3,Li,1.716712118333338,36.14232376818987,223.9588491914385,62.04596519757859,384.47287041493104,0.041887850606916,0.007036018942306,0.051358713585178004,1,3,K-O-W,"K,W,O",mp-1178157,mp-771349,"mp-1178157,mp-775277,mp-1223833,mp-771349",
BAT_00809,Li0-1La4MnO8,La4MnO8,La4MnO8,LiLa4MnO8,Li,3.481994750833341,35.95120114858262,235.25230717682666,125.18189368551828,819.1472987111433,0.022061202761679003,0.16472726734935703,0.06866731096546201,1,3,La-Mn-O,"La,Mn,O",mp-756496,mp-754290,"mp-756496,mp-754290",
BAT_00810,Li0-1La4MnO8,La4MnO8,La4MnO8,LiLa4MnO8,Li,3.5251575358333342,35.95120114858262,234.62607252168317,126.73364765118606,827.0938676527899,0.024630488666663,0.16798315965704902,0.068607583465462,1,3,La-Mn-O,"La,Mn,O",mp-769598,mp-770950,"mp-769598,mp-770950",
BAT_00811,Li0-1SrLa3MnO8,SrLa3MnO8,SrLa3MnO8,SrLiLa3MnO8,Li,4.52768294833334,38.60713020223507,237.28198801293473,174.80084510074482,1074.3376110728007,0.007446245268134001,0.14904485891666702,0.019371565422620002,1,4,La-Mn-O-Sr,"Sr,La,Mn,O",mp-753578,mp-753433,"mp-753578,mp-753433",
BAT_00812,Li0-1La6Mn3O14,La6Mn3O14,La6Mn3O14,LiLa6Mn3O14,Li,3.233920903333289,21.804366202107786,138.17361071732438,70.51359564493025,446.84252798779187,0.015080647484828002,0.21354314895883203,0.11610830191925801,1,3,La-Mn-O,"La,Mn,O",mp-772266,mp-771258,"mp-772266,mp-771258",
BAT_00813,Li0-1La2MoO6,La2MoO6,La2MoO6,LiLa2MoO6,Li,2.586974783333336,56.2243270841571,339.28265554870126,145.45091637659996,877.7156743268605,0.06549988993120201,0.059204751666667006,0.002022930666669,1,3,La-Mo-O,"La,Mo,O",mp-25202,mp-19377,"mp-25202,mp-19377",
BAT_00814,Li5-6La3Nb2O12,La3Nb2O12,Li5La3Nb2O12,Li6La3Nb2O12,Li,0.413482210833341,32.0527479010753,166.0390339467216,13.253241065420356,68.65418684092266,0.0014761682292850002,0.052894051306815,0.07650829214672901,1,3,La-Nb-O,"La,Nb,O",mp-761986,mp-778808,"mp-761986,mp-774721,mp-554747,mp-779434,mp-774437,mp-778808",More than one working ion per transition metal
BAT_00815,Li0.5-1LaNb4O12,LaNb4O12,LiLa2Nb8O24,LiLaNb4O12,Li,3.7286557133333,18.8885209830948,87.70540607907182,70.42879168003235,327.0232634669483,0.0016458603511460002,0.065279609408149,0.06846287999999401,1,3,La-Nb-O,"La,Nb,O",mp-1222446,mp-1222364,"mp-1222446,mp-1222364",
BAT_00816,Li1-1.33LaNb4O12,LaNb4O12,LiLaNb4O12,Li4La3Nb12O36,Li,2.08672927333331,12.551415352317182,58.20913376398923,26.191405837445384,121.46670340069068,0.0019925377179460003,0.079027689999994,0.08133026979546101,1,3,La-Nb-O,"La,Nb,O",mp-761971,mp-762374,"mp-761971,mp-762374",
BAT_00817,Li0-1La4Ni3WO12,La4Ni3WO12,La4Ni3WO12,LiLa4Ni3WO12,Li,-1.055460346666673,24.048507129076576,167.94848603733655,-25.382245671271118,-177.26296729511012,0.058578686483548005,0.158584427374995,0.30443704110119,1,4,La-Ni-O-W,"La,Ni,W,O",mp-1223132,mp-1235780,"mp-1223132,mp-1235780,mp-1235248",
BAT_00818,Li5-8La4TiNb7O28,La4TiNb7O28,Li5La4TiNb7O28,Li8La4TiNb7O28,Li,1.924558619999994,45.75336961835484,226.03502292335745,88.05504189305066,435.0176517890439,0.006642077657857,0.050334829222219005,0.035876785026047006,1,4,La-Nb-O-Ti,"La,Ti,Nb,O",mp-781824,mp-782001,"mp-781824,mp-782001",
BAT_00819,Li3-4La5Ti6Nb2O26,La5Ti6Nb2O26,Li3La5Ti6Nb2O26,Li4La5Ti6Nb2O26,Li,1.984379983333331,16.633549927234345,85.39766290819301,33.00728352737942,169.46141289846548,0.001071905332209,0.056533617529765004,0.048943884437973005,1,4,La-Nb-O-Ti,"La,Ti,Nb,O",mp-761156,mp-766091,"mp-761156,mp-774524,mp-766091",
BAT_00820,Li0-2La3Ni2Sn7,La3Ni2Sn7,La3Ni2Sn7,Li2La3Ni2Sn7,Li,-1.270849651666668,38.87215618172818,272.10158574430733,-49.40066614308157,-345.800205461101,0.08609429202401701,0.0,0.24015494928571002,1,3,La-Ni-Sn,"La,Ni,Sn",mp-13093,mp-1211827,"mp-13093,mp-1211827",
BAT_00821,Li0-1La4NiO8,La4NiO8,La4NiO8,LiLa4NiO8,Li,4.298855493333339,35.77100861430916,241.51992617012516,153.77439688369714,1038.259261365905,0.017910840063967003,0.08730430322115201,0.011064270416664001,1,3,La-Ni-O,"La,Ni,O",mp-510747,mp-19445,"mp-510747,mp-19445",
BAT_00822,Li1-3La5Ti8O24,La5Ti8O24,LiLa5Ti8O24,Li3La5Ti8O24,Li,0.916514308333323,36.162704347692596,185.38871645988678,33.14363596268796,169.91141123903583,0.007385773572033001,0.046482202993420006,0.073373796531287,1,3,La-O-Ti,"La,Ti,O",mp-768320,mp-1177671,"mp-768320,mp-1177671",
BAT_00823,Li5-6La3(SbO6)2,La3(SbO6)2,Li5La3(SbO6)2,Li6La3(SbO6)2,Li,0.8552971958333491,29.98347067412675,159.68238045558167,25.644778388932064,136.575892227653,0.017155212561964003,0.056708977840909,0.087700529467389,1,3,La-O-Sb,"La,Sb,O",mp-775628,mp-1212139,"mp-775628,mp-1212139",More than one working ion per transition metal
BAT_00824,Li2.25-7La3(SnO6)2,La3(SnO6)2,Li9La12(SnO6)8,Li7La3(SnO6)2,Li,3.842117716491224,142.28761479629222,761.3446727273313,546.6857656461133,2925.1758554418925,0.019256985999599,0.193066094652133,0.009129578255208,1,3,La-O-Sn,"La,Sn,O",mp-1223174,mp-1200057,"mp-1223174,mp-1200057",More than one working ion per transition metal
BAT_00825,Li0-1LaTi2O6,LaTi2O6,LaTi2O6,LiLaTi2O6,Li,3.681587303333334,79.393713038941,378.0272130924442,292.2948858886554,1391.7401880356274,0.0037957784414760004,0.13001244041666302,0.11819307887499601,1,3,La-O-Ti,"La,Ti,O",mp-1222737,mp-1222315,"mp-1222737,mp-1222315",
BAT_00826,Li0-1La3Ti4O12,La3Ti4O12,La3Ti4O12,LiLa3Ti4O12,Li,1.122824583333345,33.20638887005646,183.20736374478022,37.28494974702617,205.70973186033342,0.005734977993569,0.026710795460525003,0.028725357562516003,1,3,La-O-Ti,"La,Ti,O",mp-754804,mp-752433,"mp-754804,mp-752433",
BAT_00827,Li0-1La4Ti3O12,La4Ti3O12,La4Ti3O12,LiLa4Ti3O12,Li,2.293484823333334,29.840540901353524,178.8548102508546,68.43882767731192,410.2007928904983,0.019876330803973,0.09356332894737,0.030648867000008004,1,3,La-O-Ti,"La,Ti,O",mp-770474,mp-756861,"mp-770474,mp-756861",
BAT_00828,Li0-1LuSn2,LuSn2,LuSn2,LiLuSn2,Li,-0.268575361666665,63.91531484986429,482.360786854053,-17.1660788018411,-129.55022278314465,0.20402666647341602,0.0,0.18845087214285602,1,2,Lu-Sn,"Lu,Sn",mp-1072259,mp-1078650,"mp-1072259,mp-1078650",Transition metal not found
BAT_00829,Li0-1Mg2Mn3O8,Mg2Mn3O8,Mg2Mn3O8,LiMg2Mn3O8,Li,3.689018643333331,76.93608729984683,298.03867414028934,283.8186603942557,1099.470225337875,0.020909499377989003,0.041733999230769,0.024940516160720003,1,3,Mg-Mn-O,"Mg,Mn,O",mp-756696,mp-756823,"mp-756696,mp-756823",
BAT_00830,Li0-1Mg2Ni,Mg2Ni,Mg2Ni,LiMg2Ni,Li,0.6131556933333321,234.59776711474603,699.8310046666961,143.8449565496937,429.1053648825705,0.10129587747493901,0.21769566111111002,0.010779779016203,1,2,Mg-Ni,"Mg,Ni",mp-1077177,mp-1185377,"mp-1077177,mp-1185377",
BAT_00831,Li0-3Mg(NiO2)4,Mg(NiO2)4,Mg(NiO2)4,Li3Mg(NiO2)4,Li,3.645868066666669,197.11957396108937,933.8584698231269,718.6719600196745,3404.724773914338,0.026254223717851,0.036787709786324,0.011569811250000001,1,3,Mg-Ni-O,"Mg,Ni,O",mp-756552,mp-756610,"mp-756552,mp-756610",
BAT_00832,Li2-4MgNi3O8,MgNi3O8,Li2MgNi3O8,Li4MgNi3O8,Li,3.8209149283333352,150.5090696097644,642.3767595583081,575.0823509215098,2454.4669502107326,0.021034631002684,0.064578111823595,0.012679001527779002,1,3,Mg-Ni-O,"Mg,Ni,O",mp-756920,mp-1280637,"mp-756920,mp-1280637,mp-756312",More than one working ion per transition metal
BAT_00833,Li6-13Mg(Ni6O13)2,Mg(Ni6O13)2,Li6Mg(Ni6O13)2,Li13Mg(Ni6O13)2,Li,3.784667343333334,151.93051880396413,705.9151445812623,575.0064729730541,2671.6539948611326,0.014432458975099002,0.059587534023143006,0.009155799316236,2,3,Mg-Ni-O,"Mg,Ni,O",mp-759215,mp-769522,"mp-759215,mp-759044,mp-769522",More than one working ion per transition metal
BAT_00834,Li2-3Mg3Ti6O16,Mg3Ti6O16,Li2Mg3Ti6O16,Li3Mg3Ti6O16,Li,1.540960283333338,42.079136347337,146.23544550802075,64.8422778682146,225.34301354341662,0.001296031175014,0.014628327685196,0.014435979464282002,1,3,Mg-O-Ti,"Mg,Ti,O",mp-758770,mp-773055,"mp-758770,mp-772783,mp-773055",
BAT_00835,Li2-5Mg11(WO4)12,Mg11(WO4)12,Li2Mg11(WO4)12,Li5Mg11(WO4)12,Li,2.823112279999998,24.542647830785377,133.04207636294367,69.28665047480553,375.5927195369238,0.005832984148399001,0.10554573595890201,0.071436139490132,1,3,Mg-O-W,"Mg,W,O",mp-850908,mp-1177113,"mp-850908,mp-1177113",
BAT_00836,Li0-2MgSn,MgSn,MgSn,Li2MgSn,Li,0.7578930733333331,341.6442780341739,1201.8826901103832,258.9298318660678,910.8985657938923,0.37585870763601703,0.23535926875000002,0.017519930000000003,1,2,Mg-Sn,"Mg,Sn",mp-1094232,mp-865935,"mp-1094232,mp-865935",Transition metal not found
BAT_00837,Li0-1MgSbPd,MgSbPd,MgSbPd,LiMgSbPd,Li,0.42241541333333205,103.31069802318925,630.2529373881619,43.640031207220545,266.2285550513671,0.10142912773611501,0.0,0.08782076500000001,1,3,Mg-Pd-Sb,"Mg,Sb,Pd",mp-10183,mp-10179,"mp-10183,mp-10179",
BAT_00838,Li1-2MgSb,MgSb,LiMgSb,Li2MgSb,Li,-0.40290990666666704,167.5647629862635,531.1970681099781,-67.51350301541761,-214.02456113379844,0.129320295770393,0.0,0.208893178043478,1,2,Mg-Sb,"Mg,Sb",mp-1207082,mp-1222660,"mp-1207082,mp-1100424,mp-1222660",Transition metal not found
BAT_00839,Li0-1MgSbPt,MgSbPt,MgSbPt,LiMgSbPt,Li,0.279580573333334,76.9958377010655,636.7908818246503,21.5265404487443,178.03435983397569,0.088745447512417,0.0,0.097675155416666,1,3,Mg-Pt-Sb,"Mg,Sb,Pt",mp-10184,mp-571584,"mp-10184,mp-571584",
BAT_00840,Li6-7Mn2N3,Mn2N3,Li6Mn2N3,Li7Mn2N3,Li,0.13298543333332902,133.684430826165,318.59699472792124,17.778081963337016,42.368759402588985,0.040776684470554006,0.16138097114420002,0.13685043743774,1,2,Mn-N,"Mn,N",mp-1222464,mp-1222475,"mp-1222464,mp-1222475",More than one working ion per transition metal
BAT_00841,Li4-6Na3Mn5O9,Na3Mn5O9,Na3Li4Mn5O9,Na3Li6Mn5O9,Li,1.137442738333324,101.2713939879762,326.31706369203744,115.19041169251662,371.16697449076094,0.023283616487289,0.09232131067460801,0.08969898526236701,2,3,Mn-Na-O,"Na,Mn,O",mp-753127,mp-765723,"mp-753127,mp-774261,mp-765723",More than one working ion per transition metal
BAT_00842,Li0-1Na5Mn2O8,Na5Mn2O8,Na5Mn2O8,Na5LiMn2O8,Li,4.07378834083335,74.49798889773545,208.67015497935824,303.4890385871271,850.0780444347979,0.011525139473477001,0.054653266095237005,0.015544731822916002,1,3,Mn-Na-O,"Na,Mn,O",mp-780612,mp-554028,"mp-780612,mp-554028",
BAT_00843,Li0-1NaMnP2O7,NaMnP2O7,NaMnP2O7,NaLiMnP2O7,Li,3.35283063333333,103.55573476375473,310.9015248290533,347.2048397732582,1042.400156396893,0.08890957289593,0.004112530227276001,0.040037251979161005,1,4,Mn-Na-O-P,"Na,Mn,P,O",mp-1192230,mp-775876,"mp-1192230,mp-775876",
BAT_00844,Li0-1Na2Mn(PO3)5,Na2Mn(PO3)5,Na2Mn(PO3)5,Na2LiMn(PO3)5,Li,2.908053188333331,53.31311025954157,138.0021134279604,155.03736027022626,401.31748595091824,0.020143272492367,0.0,0.04157274489584,1,4,Mn-Na-O-P,"Na,Mn,P,O",mp-553997,mp-760056,"mp-553997,mp-760056",
BAT_00845,Li0-4Mn2NbNi3(PO4)6,Mn2NbNi3(PO4)6,Mn2NbNi3(PO4)6,Li4Mn2NbNi3(PO4)6,Li,3.453628375833337,109.79097032472451,374.8441188917031,379.1772105237444,1294.572285518631,0.024690917743684003,0.08355904784722201,0.099707292687502,1,5,Mn-Nb-Ni-O-P,"Mn,Nb,Ni,P,O",mp-1176556,mp-776611,"mp-1176556,mp-776611",
BAT_00846,Li1-2MnNbO4,MnNbO4,LiMnNbO4,Li2MnNbO4,Li,1.296598040833321,118.73561596008173,533.6158787587888,153.95236703097962,691.8853029561966,0.048195935435574,0.080271455,0.10582338359375001,1,3,Mn-Nb-O,"Mn,Nb,O",mp-769557,mp-754724,"mp-769557,mp-754724",
BAT_00847,Li0-2Mn3NbO8,Mn3NbO8,Mn3NbO8,Li2Mn3NbO8,Li,3.679167843333336,134.14231432911916,577.4393527960987,493.5320893100078,2124.4962982826196,0.07924878971103701,0.06760233603051201,0.015383305357151001,1,3,Mn-Nb-O,"Mn,Nb,O",mp-1176463,mp-756486,"mp-1176463,mp-756172,mp-756486",
BAT_00848,Li0-3MnNb4O12,MnNb4O12,MnNb4O12,Li3MnNb4O12,Li,3.000005838333327,125.75389172293929,584.7295252888786,377.2624093619549,1754.1919897125106,0.017248307408302,0.05552999783613301,0.032361907562496,1,3,Mn-Nb-O,"Mn,Nb,O",mp-775807,mp-780417,"mp-775807,mp-780417",
BAT_00849,Li0-4Mn3Nb(PO4)4,Mn3Nb(PO4)4,Mn3Nb(PO4)4,Li4Mn3Nb(PO4)4,Li,2.250773760833337,161.1222786464371,559.1602785333127,362.64979706307815,1258.5432830230407,0.010234826514328001,0.059478223645829005,0.11385610325149101,1,4,Mn-Nb-O-P,"Mn,Nb,P,O",mp-775197,mp-861478,"mp-775197,mp-861478",
BAT_00850,Li0-6Mn3Nb(PO4)6,Mn3Nb(PO4)6,Mn3Nb(PO4)6,Li6Mn3Nb(PO4)6,Li,3.885424353333334,185.0090541018037,539.0841121894179,718.8386843943126,2094.5705379958436,0.085054280487388,0.030531528014696004,0.06471604931250101,1,4,Mn-Nb-O-P,"Mn,Nb,P,O",mp-775181,mp-849778,"mp-775181,mp-849778",More than one working ion per transition metal
BAT_00851,Li0-8Mn7Nb(PO4)12,Mn7Nb(PO4)12,Mn7Nb(PO4)12,Li8Mn7Nb(PO4)12,Li,4.6994655033333474,128.18637901473065,385.8589106132377,602.4074661769404,1813.3306395806962,0.075482349635603,0.055854260845578006,0.01247349511506,1,4,Mn-Nb-O-P,"Mn,Nb,P,O",mp-776750,mp-780717,"mp-776750,mp-780717",
BAT_00852,Li2-4MnNi3O8,MnNi3O8,Li2MnNi3O8,Li4MnNi3O8,Li,3.810892753333338,138.58864570225336,629.5828654044443,528.1464656009988,2399.272779392635,0.021566777474717,0.050990482410716007,0.008294953854167,2,3,Mn-Ni-O,"Mn,Ni,O",mp-752530,mp-1177345,"mp-752530,mp-758714,mp-753219,mp-771310,mp-1177345",
BAT_00853,Li1-2MnNiO4,MnNiO4,LiMnNiO4,Li2MnNiO4,Li,3.324719718333331,139.9474434770271,620.2105645374892,465.2860248584113,2062.0262934364373,0.026347491048887003,0.0,0.030842478124999004,1,3,Mn-Ni-O,"Mn,Ni,O",mp-756366,mp-753347,"mp-756366,mp-763752,mp-753347",
BAT_00854,Li4-5Mn2Ni3O10,Mn2Ni3O10,Li4Mn2Ni3O10,Li5Mn2Ni3O10,Li,4.354066903333352,55.76029579402712,250.48220087433833,242.78405843685138,1090.6162607010529,0.012853628052426002,0.05957456628289601,0.014908443166668001,1,3,Mn-Ni-O,"Mn,Ni,O",mp-758690,mp-754927,"mp-758690,mp-754927",
BAT_00855,Li0-4Mn3NiO8,Mn3NiO8,Mn3NiO8,Li4Mn3NiO8,Li,3.603389043333334,282.66629969922235,1208.1350504901764,1018.5566472557543,4353.380603803266,0.09404992132107401,0.080616325000002,0.026144067187495002,3,3,Mn-Ni-O,"Mn,Ni,O",mp-1176568,mp-760206,"mp-1176568,mp-757424,mp-753229,mp-757987,mp-863332,mp-760206",
BAT_00856,Li0-4Mn5NiO12,Mn5NiO12,Mn5NiO12,Li4Mn5NiO12,Li,3.462582658333336,193.81321584199085,762.4382444961625,671.0942801302933,2640.005443442524,0.098208516988773,0.055795656388888004,0.09117503318181701,1,3,Mn-Ni-O,"Mn,Ni,O",mp-755683,mp-753964,"mp-755683,mp-753964",
BAT_00857,Li2-3Mn3NiO8,Mn3NiO8,Li2Mn3NiO8,Li3Mn3NiO8,Li,1.404447148333323,71.98396088673239,331.9775510221715,101.09766859310876,466.24492484376896,0.040300037949505006,0.047156302142856,0.134273872166667,1,3,Mn-Ni-O,"Mn,Ni,O",mp-771971,mp-760989,"mp-771971,mp-760989,mp-764043",
BAT_00858,Li0-2Mn2NiO6,Mn2NiO6,Mn2NiO6,Li2Mn2NiO6,Li,3.978176190833328,192.50626137166194,782.9252368462078,765.8238255750831,3114.6145364241283,0.046197744723939005,0.091131463611112,0.06936146681819,2,3,Mn-Ni-O,"Mn,Ni,O",mp-25285,mp-554979,"mp-25285,mp-25284,mp-554979",
BAT_00859,Li0-8Mn15NiO32,Mn15NiO32,Mn15NiO32,Li8Mn15NiO32,Li,4.020916359583336,147.8424183882713,606.2121276325679,594.4619987377644,2437.5282613756135,0.051457084806271,0.046897841458334005,0.005574276339299001,1,3,Mn-Ni-O,"Mn,Ni,O",mp-851082,mp-772976,"mp-851082,mp-772976",
BAT_00860,Li0-2Mn3NiO8,Mn3NiO8,Mn3NiO8,Li2Mn3NiO8,Li,4.714856519583333,146.70279613823433,626.3280042085374,691.6826348134588,2953.04667404024,0.05319201135600501,0.08765896895833501,0.0,1,3,Mn-Ni-O,"Mn,Ni,O",mp-775810,mp-771112,"mp-775810,mp-771112",
BAT_00861,Li4-6Mn5Ni3O16,Mn5Ni3O16,Li4Mn5Ni3O16,Li6Mn5Ni3O16,Li,3.201150853333335,71.62275984151772,322.7022687155671,229.275258784763,1033.0186428714408,0.015379638069027,0.05960028303571201,0.08031417683333,1,3,Mn-Ni-O,"Mn,Ni,O",mp-756534,mp-760956,"mp-756534,mp-760956",
BAT_00862,Li4-5Mn5(NiO6)2,Mn5(NiO6)2,Li4Mn5(NiO6)2,Li5Mn5(NiO6)2,Li,2.97703724833335,43.31378728176909,197.71023941903798,128.94675810421393,588.5907471273807,0.0069046110514530004,0.041865209347822,0.027876850208331003,1,3,Mn-Ni-O,"Mn,Ni,O",mp-758838,mp-774245,"mp-758838,mp-774245",
BAT_00863,Li3-5Mn2Ni5O12,Mn2Ni5O12,Li3Mn2Ni5O12,Li5Mn2Ni5O12,Li,3.8871196833333292,85.07854512542477,423.08244697644705,330.71048738640144,1644.5721073149766,0.0051564448161370005,0.05923634042613601,0.025864111388892,1,3,Mn-Ni-O,"Mn,Ni,O",mp-758846,mp-771232,"mp-758846,mp-771232",
BAT_00864,Li2-3Mn(NiO3)2,Mn(NiO3)2,Li2Mn(NiO3)2,Li3Mn(NiO3)2,Li,3.670270228333327,92.69242465940795,415.53404094215625,340.20624661945493,1525.1222193290378,0.008461981582735001,0.040882076761364,0.024979301944443002,1,3,Mn-Ni-O,"Mn,Ni,O",mp-762624,mp-756364,"mp-762624,mp-756364",
BAT_00865,Li1-3Mn2NiO6,Mn2NiO6,LiMn2NiO6,Li3Mn2NiO6,Li,3.379426958333331,187.82427827070558,803.9621347318632,634.7384294175237,2716.9313115920722,0.043119466793725005,0.080957506999995,0.042024479999991,2,3,Mn-Ni-O,"Mn,Ni,O",mp-762633,mp-756831,"mp-762633,mp-758510,mp-756831",
BAT_00866,Li0-3Mn4NiO8,Mn4NiO8,Mn4NiO8,Li3Mn4NiO8,Li,3.228568393333333,188.18455296185337,866.0985479595864,607.5666998062025,2796.258397454215,0.033450700851406,0.092861897644226,0.016555642395833,1,3,Mn-Ni-O,"Mn,Ni,O",mp-757060,mp-756351,"mp-757060,mp-756351",
BAT_00867,Li0-2Mn3NiO8,Mn3NiO8,Mn3NiO8,Li2Mn3NiO8,Li,4.6047918833333314,146.70279613823433,622.6299070243946,675.5358449196459,2867.081142186519,0.061286354189055,0.08969966250000101,0.017472685357143,1,3,Mn-Ni-O,"Mn,Ni,O",mp-757044,mp-769631,"mp-757044,mp-769631",
BAT_00868,Li0-1.33MnNi(PO4)2,MnNi(PO4)2,MnNi(PO4)2,Li4Mn3Ni3(PO4)6,Li,4.107401003333345,114.23278201852246,384.44834923449287,469.1998434764384,1579.083535375604,0.030278244286999004,0.08696352986111,0.08540764137499701,1,4,Mn-Ni-O-P,"Mn,Ni,P,O",mp-773507,mp-771186,"mp-773507,mp-771186",
BAT_00869,Li0-1.33MnNi(PO4)2,MnNi(PO4)2,MnNi(PO4)2,Li4Mn3Ni3(PO4)6,Li,3.759833933333344,114.23278201852246,390.8122910588254,429.4962901323118,1469.3893134867194,0.061385580913817,0.032857748749999,0.071469145374996,1,4,Mn-Ni-O-P,"Mn,Ni,P,O",mp-771700,mp-775926,"mp-771700,mp-775926",
BAT_00870,Li6-7MnNi3(PO4)6,MnNi3(PO4)6,Li6MnNi3(PO4)6,Li7MnNi3(PO4)6,Li,4.575442473333344,31.552185973587488,93.80178911400328,144.36521183006477,429.1846899868679,0.042918277258987,0.08858456443750201,0.078348827520321,1,4,Mn-Ni-O-P,"Mn,Ni,P,O",mp-766375,mp-780131,"mp-766375,mp-780131",More than one working ion per transition metal
BAT_00871,Li0-2MnNi(PO4)2,MnNi(PO4)2,MnNi(PO4)2,Li2MnNi(PO4)2,Li,4.259741828333337,168.85153770858926,595.1385246734702,719.2639579556815,2535.1364672041727,0.103004116173754,0.040789700833332006,0.0044946675000000005,1,4,Mn-Ni-O-P,"Mn,Ni,P,O",mp-775200,mp-778744,"mp-775200,mp-778744",
BAT_00872,Li0-4Mn3Ni(PO4)4,Mn3Ni(PO4)4,Mn3Ni(PO4)4,Li4Mn3Ni(PO4)4,Li,4.036426480833332,169.8561965866035,586.509927647985,685.6120498357985,2367.4042032299685,0.07946392080853401,0.026774568125000002,0.005478267321428001,1,4,Mn-Ni-O-P,"Mn,Ni,P,O",mp-756391,mp-757417,"mp-756391,mp-757417",
BAT_00873,Li0-8Mn7Ni(PO4)12,Mn7Ni(PO4)12,Mn7Ni(PO4)12,Li8Mn7Ni(PO4)12,Li,4.963822425833332,130.86308805304847,395.6514673602525,649.581131191524,1963.9436264966862,0.05261669961818401,0.093997776691181,0.019724119989041,1,4,Mn-Ni-O-P,"Mn,Ni,P,O",mp-776812,mp-776162,"mp-776812,mp-776162",
BAT_00874,Li0-4MnNi3(PO4)4,MnNi3(PO4)4,MnNi3(PO4)4,Li4MnNi3(PO4)4,Li,4.603012318333332,167.85869358426365,617.6345585926914,772.6556343077058,2842.9794814305287,0.044136436229484,0.077606556458333,0.0059189526785580005,1,4,Mn-Ni-O-P,"Mn,Ni,P,O",mp-775024,mp-757099,"mp-775024,mp-757099",
BAT_00875,Li0-4Mn5Ni(PO4)6,Mn5Ni(PO4)6,Mn5Ni(PO4)6,Li4Mn5Ni(PO4)6,Li,3.675396595833324,115.1543626879653,375.6637462932699,423.2379526187036,1380.7132543042778,0.06309782056584301,0.045617191249999,0.064928506874996,1,4,Mn-Ni-O-P,"Mn,Ni,P,O",mp-772291,mp-867956,"mp-772291,mp-867956",
BAT_00876,Li0-2Mn2Ni(PO4)3,Mn2Ni(PO4)3,Mn2Ni(PO4)3,Li2Mn2Ni(PO4)3,Li,3.675562125833342,114.69172109228639,384.24506836140233,421.5565461934489,1412.3166203074138,0.068415252210677,0.037629614444446,0.07095707000000201,1,4,Mn-Ni-O-P,"Mn,Ni,P,O",mp-759483,mp-774573,"mp-759483,mp-774573",
BAT_00877,Li0-4Mn2VNi3(PO4)6,Mn2VNi3(PO4)6,Mn2VNi3(PO4)6,Li4Mn2VNi3(PO4)6,Li,3.9747953808333323,114.72132279731814,385.49248531100693,455.9937839378698,1532.2537499601515,0.026190030696330004,0.08297298576388801,0.07366760312500001,1,5,Mn-Ni-O-P-V,"Mn,V,Ni,P,O",mp-759208,mp-770417,"mp-759208,mp-770417",
BAT_00878,Li0-4TiMn2Ni3(PO4)6,TiMn2Ni3(PO4)6,TiMn2Ni3(PO4)6,Li4TiMn2Ni3(PO4)6,Li,4.100766288333337,115.1000052664528,384.0583474274534,471.99822138365914,1574.933523883513,0.026797443406176003,0.08594054277778501,0.071923276968754,1,5,Mn-Ni-O-P-Ti,"Ti,Mn,Ni,P,O",mp-776680,mp-776756,"mp-776680,mp-776756",
BAT_00879,Li4-1Ti2Mn3Ni3O16,Ti2Mn3Ni3O16,Li4Ti2Mn3Ni3O16,Li10Ti2Mn3Ni3O16,Li,2.457406735000001,211.02732677421062,874.4356113231346,518.5799740839913,2148.843960589314,0.09419832442663001,0.045293311723283006,0.09679557919117501,1,4,Mn-Ni-O-Ti,"Ti,Mn,Ni,O",mp-767719,mp-777402,"mp-767719,mp-777402",More than one working ion per transition metal
BAT_00880,Li0-4Mn3Ni3(TeO8)2,Mn3Ni3(TeO8)2,Mn3Ni3(TeO8)2,Li4Mn3Ni3(TeO8)2,Li,4.182798375833333,121.84585863097884,597.5014114002387,509.65665958367623,2499.2279331630425,0.09134582010020001,0.07744313499999901,0.0013124479960450002,1,4,Mn-Ni-O-Te,"Mn,Ni,Te,O",mp-756438,mp-770951,"mp-756438,mp-770951",
BAT_00881,Li0-2MnV4NiO12,MnV4NiO12,MnV4NiO12,Li2MnV4NiO12,Li,2.578682458333337,102.4380001097283,345.02314069763827,264.1550739497049,889.7051206360749,0.015882601569449,0.004775887777777,0.06362772674997601,1,4,Mn-Ni-O-V,"Mn,V,Ni,O",mp-850419,mp-862462,"mp-850419,mp-862462",
BAT_00882,Li0-2MnO2,MnO2,MnO2,Li2MnO2,Li,2.376154228333332,531.6760203980493,1851.4666558343183,1263.3442239722638,4399.370322878889,0.375377211173876,0.019746214166666002,0.009601621666668001,2,2,Mn-O,"Mn,O",mp-25223,mp-19279,"mp-25223,mp-25542,mp-25222,mp-19279",More than one working ion per transition metal
BAT_00883,Li6-13Mn17O40,Mn17O40,Li6Mn17O40,Li13Mn17O40,Li,4.73399644047618,112.73606231057778,441.56583098127567,533.6921176915761,2090.371072101266,0.005470781257368,0.096944616408735,0.013613862214261,1,2,Mn-O,"Mn,O",mp-758827,mp-759819,"mp-758827,mp-759819",
BAT_00884,Li0.75-1MnO2,MnO2,Li3Mn4O8,LiMnO2,Li,2.747755983333339,71.37328606489606,299.14408334948644,196.11637383498018,821.9749449023184,0.012232567531829,0.056897864000006,0.051785727499999004,1,2,Mn-O,"Mn,O",mp-1177617,mp-756516,"mp-1177617,mp-760821,mp-765459,mp-1177674,mp-756516",
BAT_00885,Li5-7Mn5O12,Mn5O12,Li5Mn5O12,Li7Mn5O12,Li,3.519498403333334,104.02887746231265,411.5867464841507,366.1294681291684,1448.57889708413,0.041012704670551,0.08471351265148701,0.021580592291654002,2,2,Mn-O,"Mn,O",mp-758752,mp-756600,"mp-758752,mp-764759,mp-756600",More than one working ion per transition metal
BAT_00886,Li0-1MnO2,MnO2,MnO2,LiMnO2,Li,3.263265778333331,285.49314425958426,1153.082326352794,931.6400076110823,3762.8140951880596,0.24995787172536302,0.013758580833332002,0.0,2,2,Mn-O,"Mn,O",mp-25424,mp-754656,"mp-25424,mp-796077,mp-758753,mp-769702,mp-754130,mp-758278,mp-1045561,mp-754656,mp-25373",
BAT_00887,Li5-6MnO4,MnO4,Li5MnO4,Li6MnO4,Li,1.963783213333333,166.90251955859517,418.9457355853065,327.7603661722076,822.7186028400104,0.052049502926556,0.041395213999997,0.0,1,2,Mn-O,"Mn,O",mp-774621,mp-770533,"mp-774621,mp-754285,mp-1185524,mp-770533",More than one working ion per transition metal
BAT_00888,Li0.2-1MnO2,MnO2,LiMn5O10,LiMnO2,Li,3.215432392083333,228.39451540766734,935.9565943770937,734.3871230159895,3009.5051511441084,0.06964281259614401,0.08962969648437101,0.049811869249999,4,2,Mn-O,"Mn,O",mp-759136,mp-756475,"mp-759136,mp-753112,mp-753105,mp-753084,mp-752668,mp-780186,mp-756475",
BAT_00889,Li0-1.25MnO2,MnO2,MnO2,Li5Mn4O8,Li,2.7667234423333342,350.38978114561473,1350.7511034452941,969.4316214496187,3737.154742659713,0.278857144483599,0.029468967083333002,0.054532848431371,2,2,Mn-O,"Mn,O",mp-755489,mp-754396,"mp-755489,mp-1004762,mp-771290,mp-754396",More than one working ion per transition metal
BAT_00890,Li0-6Mn15O32,Mn15O32,Mn15O32,Li6Mn15O32,Li,4.515828204999996,116.7229306798166,460.45793197744933,527.1007025341751,2079.348916439735,0.039841949824003006,0.12170371186170201,0.042872005495283,1,2,Mn-O,"Mn,O",mp-776603,mp-761797,"mp-776603,mp-761797,mp-757508",
BAT_00891,Li0-1MnO2,MnO2,MnO2,LiMnO2,Li,3.15127609333333,285.49314425958426,1171.1760268000392,899.6677203157916,3690.6990143400794,0.299661296814479,0.029745060833333004,0.039987281250000006,1,2,Mn-O,"Mn,O",mp-510408,mp-2861076,"mp-510408,mp-33009,mp-2861076,mp-1002572",
BAT_00892,Li2.5-5Mn3O8,Mn3O8,Li5Mn6O16,Li5Mn3O8,Li,3.621451063333334,204.5825043456792,779.7612297353637,740.8855279020564,2823.867134571241,0.028049025621309998,0.08377046155555401,0.038401015937487,3,2,Mn-O,"Mn,O",mp-758809,mp-1174554,"mp-758809,mp-33461,mp-771777,mp-1174554,mp-1174492",More than one working ion per transition metal
BAT_00893,Li0.67-1MnO2,MnO2,Li2Mn3O6,LiMnO2,Li,3.324037740833329,95.16438141986141,395.5349586049128,316.3299954226774,1314.7731302216787,0.032710266757776,0.08604782022726501,0.032085480833333,1,2,Mn-O,"Mn,O",mp-758273,mp-756747,"mp-758273,mp-756747",
BAT_00894,Li0-1Mn7O12,Mn7O12,Mn7O12,LiMn7O12,Li,3.342295863333338,45.93226369006609,218.03119846438284,153.51921492484396,728.7247727051168,0.018821763004799,0.047872553750000005,0.06266705137499601,1,2,Mn-O,"Mn,O",mp-754430,mp-1312332,"mp-754430,mp-1312332,mp-755432",
BAT_00895,Li4-9Mn7O16,Mn7O16,Li4Mn7O16,Li9Mn7O16,Li,3.219012367333333,190.61522625359365,745.3759938994599,613.5927707123595,2399.374542675737,0.051662451675757004,0.060751937962968,0.029274998906238,1,2,Mn-O,"Mn,O",mp-757932,mp-1100519,"mp-757932,mp-1100519,mp-1100486",More than one working ion per transition metal
BAT_00896,Li0-3Mn5O8,Mn5O8,Mn5O8,Li3Mn5O8,Li,2.824517153333332,189.85323240285405,834.9183727003909,536.2437115376408,2358.241265325406,0.0014419095269620002,0.079740919711538,0.0526022890625,1,2,Mn-O,"Mn,O",mp-752536,mp-754811,"mp-752536,mp-754811",
BAT_00897,Li3-3.5Mn7O16,Mn7O16,Li3Mn7O16,Li7Mn14O32,Li,4.5267607633333045,20.156029539197704,79.40793750223601,91.24152366262723,359.46073578234524,0.005688648935216,0.034743918197119,0.024360640341988003,1,2,Mn-O,"Mn,O",mp-770710,mp-757896,"mp-770710,mp-757896",
BAT_00898,Li3-5.5Mn3O8,Mn3O8,Li3Mn3O8,Li11Mn6O16,Li,2.866596321333331,202.43738013981738,755.069765046427,580.3062492091577,2164.4802108321105,0.040156150513289,0.031071843380949003,0.050055609545449006,2,2,Mn-O,"Mn,O",mp-770608,mp-779771,"mp-770608,mp-758802,mp-779008,mp-779771",More than one working ion per transition metal
BAT_00899,Li0.17-0.89MnO2,MnO2,LiMn6O12,Li8Mn9O18,Li,3.204278048717946,207.89740508418097,835.6425468445461,666.1610914966639,2677.6310694287376,0.051157297854674,0.035433940942977006,0.027648597999999,2,2,Mn-O,"Mn,O",mp-1176651,mp-759775,"mp-1176651,mp-1176672,mp-763655,mp-758757,mp-759775",
BAT_00900,Li0-1MnO2,MnO2,MnO2,LiMnO2,Li,3.665036873333335,285.49314425958426,1147.8495890185245,1046.3429007952495,4206.911068793407,0.126617653203243,0.168055925833334,0.015280234999999,1,2,Mn-O,"Mn,O",mp-510732,mp-18767,"mp-510732,mp-18767",
BAT_00901,Li0-0.25MnO2,MnO2,MnO2,LiMn4O8,Li,3.331042120833335,75.56345980481201,303.4416210065501,251.7050674057255,1010.7768207867639,0.019039557832448,0.0,0.027308942211537002,1,2,Mn-O,"Mn,O",mp-19395,mp-1003315,"mp-19395,mp-1003549,mp-1016165,mp-1003315,mp-770104",
BAT_00902,Li0-0.5MnO2,MnO2,MnO2,LiMn2O4,Li,4.577147888333333,148.22623728948068,607.8692971115072,678.453409005142,2782.3076696566027,0.004425766496548,0.209875000000001,0.046266695714286,1,2,Mn-O,"Mn,O",mp-1407587,mp-756371,"mp-1407587,mp-756371",
BAT_00903,Li0.1-0.45MnO2,MnO2,LiMn10O20,Li9Mn20O40,Li,3.9120125833333472,104.15820202318193,419.02310258545026,407.4681969720646,1639.2236500216613,0.046688308737625,0.036959117782258,0.010286750815216001,1,2,Mn-O,"Mn,O",mp-766948,mp-690161,"mp-766948,mp-705636,mp-690161,mp-673697",
BAT_00904,Li0-9Mn21O40,Mn21O40,Mn21O40,Li9Mn21O40,Li,3.228756005555553,129.95400004296272,581.4715605345001,419.5897580846825,1877.4297931355266,0.041572561299696005,0.053272781905739,0.09425535057142201,1,2,Mn-O,"Mn,O",mp-766493,mp-530725,"mp-766493,mp-530725",
BAT_00905,Li2-4Mn5O12,Mn5O12,Li2Mn5O12,Li4Mn5O12,Li,4.81353371083333,108.40991972947512,422.3211039985964,521.8348032065638,2032.8568708935927,0.002108138079071,0.08445713217105201,0.0,1,2,Mn-O,"Mn,O",mp-758668,mp-691115,"mp-758668,mp-675534,mp-691115",
BAT_00906,Li12-14Mn2O9,Mn2O9,Li12Mn2O9,Li14Mn2O9,Li,1.817730463333338,152.69555078792897,361.006009983315,277.55935428268145,656.2116217930909,0.049502147988589006,0.06953926391304001,0.042544171599995004,2,2,Mn-O,"Mn,O",mp-753075,mp-770530,"mp-753075,mp-764770,mp-770530",More than one working ion per transition metal
BAT_00907,Li0.8-1.6MnO2,MnO2,Li4Mn5O10,Li8Mn5O10,Li,1.925695590833336,218.6928826213087,766.562812860107,421.13591981048654,1476.166628821508,0.127077458301791,0.070067696315777,0.037780407173912005,1,2,Mn-O,"Mn,O",mp-763609,mp-764701,"mp-763609,mp-764701",More than one working ion per transition metal
BAT_00908,Li0.06-0.3MnO2,MnO2,LiMn16O32,Li3Mn10O20,Li,1.238128904912279,71.50542472660149,297.5569489131725,88.53293321203455,368.4138593069054,0.009124418541303001,0.10966799625000201,0.277951965568179,1,2,Mn-O,"Mn,O",mp-685250,mp-685233,"mp-685250,mp-685233",
BAT_00909,Li0-0.5MnO2,MnO2,MnO2,LiMn2O4,Li,3.327431433333328,148.22623728948068,640.3629271912564,493.2126412017427,2130.763732677528,0.127241188282644,0.016567264166667,0.059105272857143,2,2,Mn-O,"Mn,O",mp-644514,mp-1016095,"mp-644514,mp-1003637,mp-1016095",
BAT_00910,Li0-9Mn21O40,Mn21O40,Mn21O40,Li9Mn21O40,Li,3.8565676177777832,129.95400004296272,530.1911548542923,501.17638836638264,2044.7180390432698,0.049009075331603,0.043667860430330004,0.005166711714279001,1,2,Mn-O,"Mn,O",mp-849596,mp-776365,"mp-849596,mp-776365,mp-1177178",
BAT_00911,Li0-1MnO2,MnO2,MnO2,LiMnO2,Li,3.150337450833334,285.49314425958426,1125.5019773955767,899.3997443171321,3545.7110303762583,0.009808180218552,0.015143706666666002,0.029270926249999003,1,2,Mn-O,"Mn,O",mp-1271850,mp-2506805,"mp-1271850,mp-2506805,mp-755562",
BAT_00912,Li1.62-2MnO3,MnO3,Li13Mn8O24,Li2MnO3,Li,4.666702540000003,86.03583652118262,320.59574457238915,401.50365682442794,1496.1249755091605,0.007939111916712,0.06424167093333201,0.0,1,2,Mn-O,"Mn,O",mp-758698,mp-18988,"mp-758698,mp-758586,mp-764763,mp-18988",More than one working ion per transition metal
BAT_00913,Li0-9Mn15O32,Mn15O32,Mn15O32,Li9Mn15O32,Li,4.32901753111111,172.47751078386963,681.4170670633398,746.6581679057772,2949.866429315513,0.049655743719771,0.101399447180851,0.005941570803557001,1,2,Mn-O,"Mn,O",mp-867971,mp-769450,"mp-867971,mp-769450,mp-767704",
BAT_00914,Li1-5Mn7O12,Mn7O12,LiMn7O12,Li5Mn7O12,Li,2.8579076608333382,175.38396570434298,762.9884881250317,501.23117917377317,2180.5506453401745,0.024938260217216002,0.070046377874996,0.041907281041666,1,2,Mn-O,"Mn,O",mp-753234,mp-754393,"mp-753234,mp-754393",
BAT_00915,Li0-1.5MnO2,MnO2,MnO2,Li3Mn2O4,Li,2.167213594999999,412.9728319268892,1570.2993431001657,895.0003357176042,3403.1740845862482,0.21555849331787402,0.03293045,0.184334430370369,4,2,Mn-O,"Mn,O",mp-25275,mp-691164,"mp-25275,mp-775739,mp-694894,mp-1222484,mp-36240,mp-1232984,mp-752921,mp-1281247,mp-1195443,mp-35530,mp-758426,mp-1222562,mp-531650,mp-1272804,mp-757975,mp-22584,mp-754894,mp-1289284,mp-753028,mp-556415,mp-35929,mp-1274955,mp-756461,mp-691164,mp-33314,mp-673675",More than one working ion per transition metal
BAT_00916,Li0.11-0.67MnO2,MnO2,Li3Mn28O56,Li2Mn3O6,Li,3.413455173971626,163.77656747753872,656.7823333400288,559.0439716315177,2241.8970539126785,0.058324292130721,0.037977337571838,0.031172986818175003,3,2,Mn-O,"Mn,O",mp-1177832,mp-762412,"mp-1177832,mp-1176738,mp-753228,mp-762412",
BAT_00917,Li0-1MnPO4,MnPO4,MnPO4,LiMnPO4,Li,3.7464543333333222,170.8728823723351,576.3703073719633,640.1674506129899,2159.3450356583508,0.06739393304492401,0.05252174750000001,0.050066248928565,1,3,Mn-O-P,"Mn,P,O",mp-25972,mp-25971,"mp-25972,mp-2234661,mp-25971",
BAT_00918,Li0-2Mn(PO3)5,Mn(PO3)5,Mn(PO3)5,Li2Mn(PO3)5,Li,5.409895708333342,115.60338822726682,297.47355642319854,625.402273839484,1609.300916236518,0.023100911003768,0.067134472301587,0.030802282898549003,1,3,Mn-O-P,"Mn,P,O",mp-849736,mp-705355,"mp-849736,mp-705355",More than one working ion per transition metal
BAT_00919,Li0-1Mn4(PO4)3,Mn4(PO4)3,Mn4(PO4)3,LiMn4(PO4)3,Li,3.376437088333323,52.386826627602844,194.8573286466585,176.88082436552597,657.9235113761331,0.016472899016948,0.028809813947336,0.047636848374992005,1,3,Mn-O-P,"Mn,P,O",mp-25932,mp-585189,"mp-25932,mp-585189,mp-729170",
BAT_00920,Li0-1Mn6P7O24,Mn6P7O24,Mn6P7O24,LiMn6P7O24,Li,3.967335698333333,28.592174616624867,94.82146168251433,113.43475504951603,376.1885699011854,0.026426335313874002,0.003451735405356,0.0,1,3,Mn-O-P,"Mn,P,O",mp-504168,mp-26005,"mp-504168,mp-26005",
BAT_00921,Li0-14Mn9(P2O7)8,Mn9(P2O7)8,Mn9(P2O7)8,Li14Mn9(P2O7)8,Li,4.188218449761909,189.20317523204295,541.1178905628586,792.4242292603777,2266.31993275161,0.021789115097113003,0.062496966862169004,0.035777262947365,2,3,Mn-O-P,"Mn,P,O",mp-504117,mp-705402,"mp-504117,mp-540023,mp-705402",More than one working ion per transition metal
BAT_00922,Li0-1MnPO4,MnPO4,MnPO4,LiMnPO4,Li,-0.7737872972916571,170.8728823723351,478.17507786935766,-132.21926583132446,-370.005801136758,0.031878490311127,0.10115170322916801,0.7374978724999931,1,3,Mn-O-P,"Mn,P,O",mp-704492,mp-504178,"mp-704492,mp-504178",
BAT_00923,Li0-1Mn(PO3)3,Mn(PO3)3,Mn(PO3)3,LiMn(PO3)3,Li,4.327931088333334,89.69858041321287,266.25108809209524,388.2092747497114,1152.3163614563562,0.045617351359590004,0.010715820064102,0.000503006785713,1,3,Mn-O-P,"Mn,P,O",mp-25237,mp-19492,"mp-25237,mp-19492",
BAT_00924,Li0-1MnPO4,MnPO4,MnPO4,LiMnPO4,Li,3.707587988333334,170.8728823723351,588.1442995741866,633.5262462155645,2180.5967405079764,0.108165025892167,0.011608090000001,0.020549734642851,1,3,Mn-O-P,"Mn,P,O",mp-26220,mp-26219,"mp-26220,mp-26219,mp-1663944",
BAT_00925,Li0-1MnPO4,MnPO4,MnPO4,LiMnPO4,Li,3.797607483333341,170.8728823723351,567.533481490145,648.9081367959177,2155.2693963491993,0.06567156792956101,0.0026366487500020003,0.0,1,3,Mn-O-P,"Mn,P,O",mp-26980,mp-18997,"mp-26980,mp-753779,mp-1978995,mp-18997",
BAT_00926,Li0-1Mn(PO3)3,Mn(PO3)3,Mn(PO3)3,LiMn(PO3)3,Li,4.965640293333328,89.69858041321287,241.14040916635165,445.41088515464946,1197.416532107321,0.054812021443186004,0.059228674679487,0.0,1,3,Mn-O-P,"Mn,P,O",mp-704236,mp-26019,"mp-704236,mp-26019",
BAT_00927,Li0-1MnPO4,MnPO4,MnPO4,LiMnPO4,Li,4.546071956666669,170.8728823723351,551.951625347792,776.800418707675,2509.2118054301845,0.057215736139496,0.155618313055557,0.024203644642851,2,3,Mn-O-P,"Mn,P,O",mp-26284,mp-31940,"mp-26284,mp-1176666,mp-31940",
BAT_00928,Li0-1Mn(PO3)4,Mn(PO3)4,Mn(PO3)4,LiMn(PO3)4,Li,5.438288473333335,70.94714132443546,181.6714380990518,385.8310208806285,987.981687747964,0.010081398919854,0.042207412254903,0.023214436249987,1,3,Mn-O-P,"Mn,P,O",mp-26274,mp-31950,"mp-26274,mp-31950",
BAT_00929,Li3-9Mn3P8O29,Mn3P8O29,Li3Mn3P8O29,Li9Mn3P8O29,Li,4.897374787499998,171.2452886863373,458.86357359382436,838.6523592906268,2247.2268962205453,0.018969462466735,0.079383918275197,0.0,2,3,Mn-O-P,"Mn,P,O",mp-1177655,mp-26035,"mp-1177655,mp-776277,mp-704284,mp-26035",More than one working ion per transition metal
BAT_00930,Li0-1Mn4(PO4)3,Mn4(PO4)3,Mn4(PO4)3,LiMn4(PO4)3,Li,3.363426568333328,52.386826627602844,190.23343637474116,176.19924450995126,639.8361940881522,0.004387586397114,0.024567154999969,0.044256848374992004,1,3,Mn-O-P,"Mn,P,O",mp-25970,mp-25969,"mp-25970,mp-25969",
BAT_00931,Li1-2MnP2O7,MnP2O7,LiMnP2O7,Li2MnP2O7,Li,4.052284408333326,110.40166914706101,276.9059348960709,447.3789625386097,1122.101602554311,0.018109006390311003,0.04577544159092101,0.023967148749973,1,3,Mn-O-P,"Mn,P,O",mp-540193,mp-26257,"mp-540193,mp-26257",More than one working ion per transition metal
BAT_00932,Li0-1Mn3P3O13,Mn3P3O13,Mn3P3O13,LiMn3P3O13,Li,4.711667403333341,56.70247601514442,182.5949219277296,267.1632079288466,860.3265416610798,0.020742906179189002,0.039883818421055005,0.018888072500012003,1,3,Mn-O-P,"Mn,P,O",mp-1047928,mp-1013917,"mp-1047928,mp-1013917",
BAT_00933,Li1-5Mn2(PO4)3,Mn2(PO4)3,LiMn2(PO4)3,Li5Mn2(PO4)3,Li,3.86162499770833,249.60914713848976,728.6522488113702,963.8969222466487,2813.781738646377,0.194957344620235,0.015853570694454002,0.039176768068180004,2,3,Mn-O-P,"Mn,P,O",mp-26118,mp-849398,"mp-26118,mp-759018,mp-26040,mp-776243,mp-766527,mp-766502,mp-759126,mp-1177925,mp-26039,mp-31969,mp-773057,mp-758937,mp-1244614,mp-779625,mp-760127,mp-849398,mp-778881,mp-780484",More than one working ion per transition metal
BAT_00934,Li0-1MnP2O7,MnP2O7,MnP2O7,LiMnP2O7,Li,4.536827918333333,113.65114030113017,354.3799116181087,515.6156662685861,1607.760676725535,0.051294483460389007,0.030568915249999003,0.013826801590922,1,3,Mn-O-P,"Mn,P,O",mp-26340,mp-26339,"mp-26340,mp-26339",
BAT_00935,Li0-1MnPO4,MnPO4,MnPO4,LiMnPO4,Li,3.900206260833333,170.8728823723351,548.4568642244999,666.4394856352192,2139.094895645412,0.094731169356238,0.06988509888889101,0.042984560476185006,1,3,Mn-O-P,"Mn,P,O",mp-27066,mp-1172916,"mp-27066,mp-1176684,mp-1172916,mp-690868",
BAT_00936,Li0-6Mn3(PO4)4,Mn3(PO4)4,Mn3(PO4)4,Li6Mn3(PO4)4,Li,4.150598373888897,274.256158031267,773.2300776623343,1138.3271635535932,3209.3675029872707,0.22489931932199403,0.13335079047102,0.08108702508620401,2,3,Mn-O-P,"Mn,P,O",mp-26060,mp-780723,"mp-26060,mp-585338,mp-780723",More than one working ion per transition metal
BAT_00937,Li0-1MnPO4,MnPO4,MnPO4,LiMnPO4,Li,4.234417403333329,170.8728823723351,489.7176014599198,723.5471068751447,2073.6687343405397,0.09892517822484101,0.089081475833335,0.011694148928566002,1,3,Mn-O-P,"Mn,P,O",mp-540118,mp-26057,"mp-540118,mp-26057",
BAT_00938,Li0-2MnP2O7,MnP2O7,MnP2O7,Li2MnP2O7,Li,4.000639058333339,220.80333829412203,638.1054781365391,883.354459389854,2552.829699169509,0.112571277801983,0.026244321249999,0.040063251249971,2,3,Mn-O-P,"Mn,P,O",mp-697742,mp-540421,"mp-697742,mp-26379,mp-540421",More than one working ion per transition metal
BAT_00939,Li1-1.5Mn2(PO4)3,Mn2(PO4)3,LiMn2(PO4)3,Li3Mn4(PO4)6,Li,5.161204413333398,33.07177972452894,106.36772482933226,170.69021547102875,548.9855708253822,0.017260773400521002,0.082815384583344,0.058156371216211006,1,3,Mn-O-P,"Mn,P,O",mp-26368,mp-767568,"mp-26368,mp-767568,mp-766381",
BAT_00940,Li0-1MnP2O7,MnP2O7,MnP2O7,LiMnP2O7,Li,5.407387925833338,113.65114030113017,356.6456193249843,614.555803821522,1928.521215739273,0.07184628438110201,0.12127267649999901,0.017142947500013002,1,3,Mn-O-P,"Mn,P,O",mp-697788,mp-26397,"mp-697788,mp-26397",
BAT_00941,Li0-1Mn4(PO4)3,Mn4(PO4)3,Mn4(PO4)3,LiMn4(PO4)3,Li,4.447853668333356,52.386826627602844,186.67739328400407,233.00893898792685,830.3137285131661,0.008445654001766001,0.062347607368391005,0.025926923124991,1,3,Mn-O-P,"Mn,P,O",mp-26394,mp-26393,"mp-26394,mp-26393",
BAT_00942,Li0-5Mn2(PO4)3,Mn2(PO4)3,Mn2(PO4)3,Li5Mn2(PO4)3,Li,4.017643297333335,312.0114339231122,866.5029147793747,1253.5506461925545,3481.299627683153,0.20132556599692703,0.046424452794105,0.050329882272724,5,3,Mn-O-P,"Mn,P,O",mp-26062,mp-768651,"mp-26062,mp-26061,mp-26846,mp-697792,mp-759308,mp-774345,mp-780607,mp-32024,mp-26601,mp-760033,mp-772945,mp-764125,mp-768651,mp-768628",More than one working ion per transition metal
BAT_00943,Li0-2MnP2O7,MnP2O7,MnP2O7,Li2MnP2O7,Li,4.026647520833333,220.80333829412203,624.6711396691062,889.0972147337503,2515.3304958847393,0.12151968783545301,0.009338634249999,0.021640434999972,2,3,Mn-O-P,"Mn,P,O",mp-540416,mp-540223,"mp-540416,mp-540415,mp-540033,mp-540223",More than one working ion per transition metal
BAT_00944,Li0-0.5MnPO4,MnPO4,MnPO4,LiMn2(PO4)2,Li,4.06187906833333,87.36959641448958,250.11358564139144,354.884734884746,1015.9311382225637,0.036602961974525006,0.08208414041666601,0.054224477499993005,1,3,Mn-O-P,"Mn,P,O",mp-540146,mp-1176680,"mp-540146,mp-1176680",
BAT_00945,Li1-2MnP2O7,MnP2O7,LiMnP2O7,Li2MnP2O7,Li,4.051171003333342,110.40166914706101,311.411611049208,447.2560407681748,1261.5816887838723,0.008020185627112,0.046860550909104,0.025054616041638,1,3,Mn-O-P,"Mn,P,O",mp-697744,mp-26413,"mp-697744,mp-26413",More than one working ion per transition metal
BAT_00946,Li0-1Mn5(P2O7)4,Mn5(P2O7)4,Mn5(P2O7)4,LiMn5(P2O7)4,Li,4.485987513333332,27.421073434306212,79.43624856688184,123.01059302849401,356.3500191770747,0.009686516068057,0.035021700873927,0.034267544702388006,1,3,Mn-O-P,"Mn,P,O",mp-540042,mp-540517,"mp-540042,mp-540517",
BAT_00947,Li0-1Mn4P7O24,Mn4P7O24,Mn4P7O24,LiMn4P7O24,Li,4.367286768333376,32.38868809243977,95.60166509256806,141.450688949789,417.5198869894113,0.029020118602351003,0.016214091166667,0.019153918819443002,1,3,Mn-O-P,"Mn,P,O",mp-540414,mp-1101573,"mp-540414,mp-1101573,mp-697807",
BAT_00948,Li0-1MnP2O7,MnP2O7,MnP2O7,LiMnP2O7,Li,4.879427273333339,113.65114030113017,366.6681558750384,554.5524736307683,1789.1306000395023,0.108728839162103,0.052996513249999,0.003070131136376,1,3,Mn-O-P,"Mn,P,O",mp-27032,mp-27031,"mp-27032,mp-27031",
BAT_00949,Li1-3Mn2(PO4)3,Mn2(PO4)3,LiMn2(PO4)3,Li3Mn2(PO4)3,Li,4.497210830833329,128.9732024538312,424.642781270383,580.0196829626293,1909.708115164355,0.056964856163744006,0.061434238472232006,0.028542203250025003,1,3,Mn-O-P,"Mn,P,O",mp-32023,mp-26453,"mp-32023,mp-26453",More than one working ion per transition metal
BAT_00950,Li0-1Mn6PO12,Mn6PO12,Mn6PO12,LiMn6PO12,Li,4.869061945833356,47.89949027851337,210.6769978417695,233.2255853399242,1025.7993530537758,0.020352977774902,0.068424176151319,0.010434817937502,1,3,Mn-O-P,"Mn,P,O",mp-26066,mp-26065,"mp-26066,mp-26065",
BAT_00951,Li0-1MnPO4,MnPO4,MnPO4,LiMnPO4,Li,4.206166843333325,170.8728823723351,493.8097310073079,718.7198522593114,2077.0461174782868,0.027676897105091,0.084943009722223,0.012182686547613002,1,3,Mn-O-P,"Mn,P,O",mp-694547,mp-26071,"mp-694547,mp-26071",
BAT_00952,Li0-2MnP2O7,MnP2O7,MnP2O7,Li2MnP2O7,Li,4.247790099583331,220.80333829412203,622.5868606337289,937.9262343607205,2644.6183027306206,0.038870831107834,0.072622637499999,0.037520007916639,2,3,Mn-O-P,"Mn,P,O",mp-585266,mp-31953,"mp-585266,mp-935620,mp-26555,mp-31953",More than one working ion per transition metal
BAT_00953,Li3-4Mn(PO4)2,Mn(PO4)2,Li3Mn(PO4)2,Li4Mn(PO4)2,Li,4.041787503333329,98.30183518160179,256.1619574303642,397.3151289917307,1035.3521983714504,0.023543212088019003,0.029951626607193003,0.010621523999999001,1,3,Mn-O-P,"Mn,P,O",mp-881278,mp-26081,"mp-881278,mp-760997,mp-26081",More than one working ion per transition metal
BAT_00954,Li0-1Mn4(PO4)3,Mn4(PO4)3,Mn4(PO4)3,LiMn4(PO4)3,Li,4.095810958333321,52.386826627602844,162.92156439319598,214.56653857364356,667.2959287904599,0.025939804647934002,0.060471764473653,0.041747007874993004,1,3,Mn-O-P,"Mn,P,O",mp-705354,mp-31931,"mp-705354,mp-585388,mp-31931",
BAT_00955,Li1-2Mn(PO3)4,Mn(PO3)4,LiMn(PO3)4,Li2Mn(PO3)4,Li,4.764521593333318,69.66709452297067,190.84118259870576,331.93037619948706,909.2669353888002,0.024296112657451,0.09154601541665201,0.048428925087752005,1,3,Mn-O-P,"Mn,P,O",mp-689967,mp-540477,"mp-689967,mp-540477",More than one working ion per transition metal
BAT_00956,Li1-2Mn(PO4)2,Mn(PO4)2,LiMn(PO4)2,Li2Mn(PO4)2,Li,5.18018951833334,103.57549213489786,293.42896048903117,536.5406787134152,1520.017625500727,0.002805136997757,0.079415136458342,0.004694524423081,1,3,Mn-O-P,"Mn,P,O",mp-753867,mp-753291,"mp-753867,mp-753291",More than one working ion per transition metal
BAT_00957,Li1-3Mn(PO4)2,Mn(PO4)2,LiMn(PO4)2,Li3Mn(PO4)2,Li,4.493124225833331,201.73956317017007,621.459961221103,906.4409185889249,2792.2968071479804,0.05994361923369101,0.07682181062500801,0.02821876500005,2,3,Mn-O-P,"Mn,P,O",mp-867825,mp-31972,"mp-867825,mp-1101557,mp-31972",More than one working ion per transition metal
BAT_00958,Li1-2MnP2O7,MnP2O7,LiMnP2O7,Li2MnP2O7,Li,3.943506073333329,110.40166914706101,305.83610823952915,435.3696527875719,1206.0665502872125,0.057256430655618,0.017101070681831,0.006747169999972001,1,3,Mn-O-P,"Mn,P,O",mp-31960,mp-1101535,"mp-31960,mp-1101535",More than one working ion per transition metal
BAT_00959,Li0.5-1MnPO4,MnPO4,LiMn2(PO4)2,LiMnPO4,Li,4.163795528333343,85.43644118616756,244.8010372571217,355.7398717676791,1019.3014642625674,0.0035755394288580003,0.08264630288461,0.049456714285708005,1,3,Mn-O-P,"Mn,P,O",mp-753423,mp-857355,"mp-753423,mp-857355",
BAT_00960,Li0-2Mn3(P2O7)2,Mn3(P2O7)2,Mn3(P2O7)2,Li2Mn3(P2O7)2,Li,3.994505840833317,101.7939895135686,322.04817815736374,406.6166856736752,1286.423328679318,0.041348009772475006,0.018519525714294,0.008266204782615,1,3,Mn-O-P,"Mn,P,O",mp-694554,mp-26083,"mp-694554,mp-26083",
BAT_00961,Li0-1Mn2P2O9,Mn2P2O9,Mn2P2O9,LiMn2P2O9,Li,4.71563363333333,83.0386244073698,269.8939369522879,391.579730121127,1272.7209265249542,0.0005480487142170001,0.052275500192309005,0.021113155178580003,1,3,Mn-O-P,"Mn,P,O",mp-1040954,mp-1097049,"mp-1040954,mp-1097049",
BAT_00962,Li0.5-1.75MnP2O7,MnP2O7,LiMn2(P2O7)2,Li7Mn4(P2O7)4,Li,4.7548467473333345,138.9956141661001,410.80977570280385,660.9028439112802,1953.3375257732137,0.045968971930546006,0.097221177380959,0.012438380585105002,3,3,Mn-O-P,"Mn,P,O",mp-849633,mp-1176940,"mp-849633,mp-1177888,mp-849626,mp-849621,mp-849756,mp-1177764,mp-849717,mp-1177785,mp-777776,mp-1176663,mp-849674,mp-1176822,mp-1176713,mp-1176685,mp-849692,mp-776469,mp-849721,mp-849723,mp-849605,mp-1176710,mp-1177392,mp-1177157,mp-1177149,mp-849726,mp-849659,mp-849607,mp-1177128,mp-1177416,mp-1177173,mp-1177698,mp-849996,mp-753725,mp-849745,mp-849644,mp-849655,mp-1177664,mp-849650,mp-1176940,mp-1177074,mp-1176910,mp-849679,mp-1176911,mp-1177127,mp-849806,mp-1176957,mp-1176907,mp-1177028,mp-1177043,mp-554804",More than one working ion per transition metal
BAT_00963,Li1-3Mn(PO4)2,Mn(PO4)2,LiMn(PO4)2,Li3Mn(PO4)2,Li,4.595243854583328,201.73956317017007,613.151814181152,927.042487884049,2817.582106042557,0.029425151172906002,0.082473657708342,0.018474686964336,2,3,Mn-O-P,"Mn,P,O",mp-754179,mp-753513,"mp-754179,mp-766444,mp-753513",More than one working ion per transition metal
BAT_00964,Li0-1MnPO4,MnPO4,MnPO4,LiMnPO4,Li,4.307593643333338,170.8728823723351,566.7424618380106,736.050941925116,2441.2962260205018,0.06991716255080101,0.130776221666668,0.036978753928564,2,3,Mn-O-P,"Mn,P,O",mp-697761,mp-26607,"mp-697761,mp-755395,mp-26607,mp-859086,mp-857359",
BAT_00965,Li0-1MnP2O7,MnP2O7,MnP2O7,LiMnP2O7,Li,4.439181300833344,113.65114030113017,328.8767078164694,504.518016843164,1459.9433316185023,0.08883224182070701,0.011721759749999,0.005569989090922001,1,3,Mn-O-P,"Mn,P,O",mp-26632,mp-1101530,"mp-26632,mp-1101530,mp-782650,mp-705357",
BAT_00966,Li0-1Mn(PO3)4,Mn(PO3)4,Mn(PO3)4,LiMn(PO3)4,Li,5.404884023333329,70.94714132443546,170.52365932023494,383.46107064561306,921.6606018602733,0.00303940476999,0.051616149313725004,0.033956268472208,1,3,Mn-O-P,"Mn,P,O",mp-32018,mp-540331,"mp-32018,mp-540331",
BAT_00967,Li1-2Mn(PO3)4,Mn(PO3)4,LiMn(PO3)4,Li2Mn(PO3)4,Li,4.9129216308333294,69.66709452297067,191.4136044911759,342.2689756392127,940.4000379404737,0.04212165630412,0.055229903472208006,0.006213659166699001,1,3,Mn-O-P,"Mn,P,O",mp-694557,mp-26095,"mp-694557,mp-26095",More than one working ion per transition metal
BAT_00968,Li0-1Mn(PO3)3,Mn(PO3)3,Mn(PO3)3,LiMn(PO3)3,Li,4.989347755833326,89.69858041321287,228.91989175738559,447.53741088609877,1142.1609482053198,0.11505173864286901,0.117870976794871,0.052760176071428,1,3,Mn-O-P,"Mn,P,O",mp-557190,mp-775915,"mp-557190,mp-775915",
BAT_00969,Li0-2Mn3(P2O7)2,Mn3(P2O7)2,Mn3(P2O7)2,Li2Mn3(P2O7)2,Li,4.239662735833325,101.7939895135686,328.83370982961156,431.5721840724851,1394.1440258504326,0.025904084417243,0.058440609285723005,0.023397898913048002,1,3,Mn-O-P,"Mn,P,O",mp-706469,mp-32027,"mp-706469,mp-32027",
BAT_00970,Li0-1Mn2P3O11,Mn2P3O11,Mn2P3O11,LiMn2P3O11,Li,4.240917493333318,69.48217080607819,220.01609540962968,294.6681536462705,933.0701078375909,0.0031051812141360004,0.034591266093749004,0.040928020441187006,1,3,Mn-O-P,"Mn,P,O",mp-25830,mp-25829,"mp-25830,mp-25829",
BAT_00971,Li0-1Mn(PO3)4,Mn(PO3)4,Mn(PO3)4,LiMn(PO3)4,Li,5.113220223333319,70.94714132443546,171.37624551083218,362.76835780779044,876.284484344923,0.062606719380007,0.034900171666667,0.034372500694431006,1,3,Mn-O-P,"Mn,P,O",mp-32028,mp-26783,"mp-32028,mp-26783",
BAT_00972,Li0-2MnP2O7,MnP2O7,MnP2O7,Li2MnP2O7,Li,4.027959809583334,220.80333829412203,637.0904521253351,889.3869724705562,2566.174736230125,0.117710345454079,0.008051348249999,0.020348981874972003,1,3,Mn-O-P,"Mn,P,O",mp-26734,mp-695780,"mp-26734,mp-695780",More than one working ion per transition metal
BAT_00973,Li1-3Mn(PO4)2,Mn(PO4)2,LiMn(PO4)2,Li3Mn(PO4)2,Li,5.499462983333335,201.73956317017007,619.6158508818542,1109.4592599281873,3407.5544358113443,0.076211100464685,0.23233729062500902,0.017755068214336003,1,3,Mn-O-P,"Mn,P,O",mp-753895,mp-863426,"mp-753895,mp-863426",More than one working ion per transition metal
BAT_00974,Li0-1MnP2O7,MnP2O7,MnP2O7,LiMnP2O7,Li,4.689458235833332,113.65114030113017,357.3231152206759,532.9622758969845,1675.6518255252215,0.06040188654892101,0.030622465249998003,0.0,1,3,Mn-O-P,"Mn,P,O",mp-26138,mp-31924,"mp-26138,mp-31924",
BAT_00975,Li0.5-1MnPO4,MnPO4,LiMn2(PO4)2,LiMnPO4,Li,3.9772598383333433,85.43644118616756,254.03486331458583,339.80292625987295,1010.3626593976026,0.021160381994088002,0.070129749423071,0.051158178214278004,1,3,Mn-O-P,"Mn,P,O",mp-753476,mp-25831,"mp-753476,mp-25831",
BAT_00976,Li0-1MnPO4,MnPO4,MnPO4,LiMnPO4,Li,3.197402790833341,170.8728823723351,478.16005570485595,546.3494309750415,1528.8702965757325,0.034677408347819,0.119482589583334,0.18589719107142202,1,3,Mn-O-P,"Mn,P,O",mp-705467,mp-585279,"mp-705467,mp-585279",
BAT_00977,Li1-2Mn(PO3)4,Mn(PO3)4,LiMn(PO3)4,Li2Mn(PO3)4,Li,5.41454916583334,69.66709452297067,213.9237372247568,377.2159085353833,1158.3005929422575,0.027693545526825004,0.11933298527776401,0.040541445350910005,1,3,Mn-O-P,"Mn,P,O",mp-704184,mp-25887,"mp-704184,mp-25887",More than one working ion per transition metal
BAT_00978,Li0-1MnPO4,MnPO4,MnPO4,LiMnPO4,Li,4.318775325833333,170.8728823723351,478.48127459661765,737.9615882436624,2066.453122601156,0.036658776006949,0.10325816666666801,0.011794466428566,1,3,Mn-O-P,"Mn,P,O",mp-26820,mp-861056,"mp-26820,mp-753872,mp-861056,mp-26819",
BAT_00979,Li0-3Mn3(PO4)4,Mn3(PO4)4,Mn3(PO4)4,Li3Mn3(PO4)4,Li,5.3289678600000014,142.17724606073187,423.25355448877315,757.6579746809518,2255.504588501431,0.10567314459601301,0.14011021532609202,0.0030120919230870002,1,3,Mn-O-P,"Mn,P,O",mp-26144,mp-26143,"mp-26144,mp-26143,mp-1244727",
BAT_00980,Li0-4Mn5(P3O11)2,Mn5(P3O11)2,Mn5(P3O11)2,Li4Mn5(P3O11)2,Li,3.74341100958333,127.58302668789993,388.6377802429278,477.5957067394485,1454.830945301403,0.02852144536883,0.027682989848484003,0.034964707027042005,1,3,Mn-O-P,"Mn,P,O",mp-31954,mp-25857,"mp-31954,mp-25857",
BAT_00981,Li2-3Mn(PO4)2,Mn(PO4)2,Li2Mn(PO4)2,Li3Mn(PO4)2,Li,4.475758013333338,100.86978158508504,306.89886468457513,451.4687332326279,1373.6050528948908,0.048648504276882006,0.041632795192312,0.016905790000049003,1,3,Mn-O-P,"Mn,P,O",mp-758816,mp-1663233,"mp-758816,mp-1663233,mp-1663957,mp-759826,mp-754753",More than one working ion per transition metal
BAT_00982,Li0-3Mn3(PO4)4,Mn3(PO4)4,Mn3(PO4)4,Li3Mn3(PO4)4,Li,4.816141371666669,142.17724606073187,400.02487242065627,684.7457168627227,1926.5763377608037,0.021200261014386,0.094573069673917,0.021901519423087,1,3,Mn-O-P,"Mn,P,O",mp-697730,mp-1101551,"mp-697730,mp-1101551,mp-705468",
BAT_00983,Li0-1Mn(PO3)3,Mn(PO3)3,Mn(PO3)3,LiMn(PO3)3,Li,3.676581288333342,89.69858041321287,248.42116032287367,329.7841223372821,913.3405896691347,0.049307479525249005,0.008724037564102,0.045178480178570006,1,3,Mn-O-P,"Mn,P,O",mp-504351,mp-26937,"mp-504351,mp-26937",
BAT_00984,Li0-1Mn2P3O10,Mn2P3O10,Mn2P3O10,LiMn2P3O10,Li,4.432370943333329,72.48886731348593,189.7073276892744,321.2975491954402,840.8532469873542,0.0419208124055,0.080089244333334,0.0439713596875,1,3,Mn-O-P,"Mn,P,O",mp-697794,mp-26927,"mp-697794,mp-26927",
BAT_00985,Li0.5-1MnPO4,MnPO4,LiMn2(PO4)2,LiMnPO4,Li,4.124118988333355,85.43644118616756,268.9325666646782,352.3500493914995,1109.109904763025,0.011551068996411002,0.062162258653842006,0.033269854642850004,1,3,Mn-O-P,"Mn,P,O",mp-753420,mp-1663809,"mp-753420,mp-1663809,mp-690866",
BAT_00986,Li0-1Mn4(PO4)3,Mn4(PO4)3,Mn4(PO4)3,LiMn4(PO4)3,Li,3.600855243333318,52.386826627602844,163.70464082930138,188.63737934359722,589.4767142881875,0.037735929285795,0.035037654999968006,0.042332389624993,1,3,Mn-O-P,"Mn,P,O",mp-504398,mp-27085,"mp-504398,mp-27085",
BAT_00987,Li0-3Mn2P5O16,Mn2P5O16,Mn2P5O16,Li3Mn2P5O16,Li,4.053939513333332,148.46867536900768,405.2349744915185,601.8830295706795,1642.798075275792,0.035444919106478005,0.003498224384085,0.014541953782051002,2,3,Mn-O-P,"Mn,P,O",mp-27026,mp-26187,"mp-27026,mp-26188,mp-26187",More than one working ion per transition metal
BAT_00988,Li0-6Mn9(PO4)8,Mn9(PO4)8,Mn9(PO4)8,Li6Mn9(PO4)8,Li,3.700166015000002,124.0944034187114,405.7874532108817,459.16989418161603,1501.4809436843082,0.016970911064002,0.043230361020395,0.047418493545456006,1,3,Mn-O-P,"Mn,P,O",mp-704227,mp-25923,"mp-704227,mp-25923",
BAT_00989,Li1-5Mn3(PO4)4,Mn3(PO4)4,LiMn3(PO4)4,Li5Mn3(PO4)4,Li,4.291784965833334,185.0277469784107,587.806384351331,794.0993027439572,2522.7386031798924,0.08226379282368,0.061709961145838,0.012032993571429,3,3,Mn-O-P,"Mn,P,O",mp-758525,mp-755112,"mp-758525,mp-758818,mp-758480,mp-758852,mp-755112",More than one working ion per transition metal
BAT_00990,Li0-1MnPO4,MnPO4,MnPO4,LiMnPO4,Li,4.020357123333345,170.8728823723351,563.3127435724381,686.9700098301182,2264.7184012859016,0.026339893909823,0.09288726500000101,0.045536293928564,1,3,Mn-O-P,"Mn,P,O",mp-689981,mp-26941,"mp-689981,mp-26941",
BAT_00991,Li0-2MnP2O7,MnP2O7,MnP2O7,Li2MnP2O7,Li,4.109094549583337,220.80333829412203,598.0610500173659,907.3017939141826,2457.4894009444456,0.20381202701914602,0.007739515249999,0.006566664374972,2,3,Mn-O-P,"Mn,P,O",mp-26982,mp-770967,"mp-26982,mp-26981,mp-781754,mp-770967",More than one working ion per transition metal
BAT_00992,Li0-2Mn(PO3)4,Mn(PO3)4,Mn(PO3)4,Li2Mn(PO3)4,Li,4.704670653333328,139.33418904594134,335.36851295963925,655.5214702104383,1577.7984009732527,0.19205195534056502,0.061004457549019,0.042273667456173,2,3,Mn-O-P,"Mn,P,O",mp-759549,mp-31979,"mp-759549,mp-31980,mp-31979",More than one working ion per transition metal
BAT_00993,Li0-2Mn(PO3)4,Mn(PO3)4,Mn(PO3)4,Li2Mn(PO3)4,Li,4.569194618333346,139.33418904594134,345.96651492576586,636.6450267385562,1580.7883381223526,0.068716055460513,0.018915685637256003,0.018875927850909,2,3,Mn-O-P,"Mn,P,O",mp-26984,mp-780694,"mp-26984,mp-26983,mp-780694",More than one working ion per transition metal
BAT_00994,Li0-1Mn2P3O10,Mn2P3O10,Mn2P3O10,LiMn2P3O10,Li,4.38721299333334,72.48886731348593,235.93750722908004,318.0241005497419,1035.1080973300989,0.017699153640052,0.030175930666668002,0.0,1,3,Mn-O-P,"Mn,P,O",mp-26978,mp-26977,"mp-26978,mp-26977",
BAT_00995,Li3-5Mn2(PO4)3,Mn2(PO4)3,Li3Mn2(PO4)3,Li5Mn2(PO4)3,Li,3.479499762083326,124.80457356924488,339.59492009550286,434.2574840410985,1181.6204436770083,0.038316446366887004,0.061974031625025,0.083820740454543,1,3,Mn-O-P,"Mn,P,O",mp-860928,mp-1177120,"mp-860928,mp-1177120",More than one working ion per transition metal
BAT_00996,Li0.5-1MnPO5,MnPO5,LiMn2(PO5)2,LiMnPO5,Li,4.633391458333325,77.52823567041614,266.3879600739262,359.2186649349592,1234.2796988093685,0.004456464782363,0.055605461333341,0.030557947500003003,1,3,Mn-O-P,"Mn,P,O",mp-766128,mp-1180529,"mp-766128,mp-1180529,mp-757759,mp-757764",
BAT_00997,Li0-1MnPO4,MnPO4,MnPO4,LiMnPO4,Li,3.840762836666667,170.8728823723351,406.4209335750918,656.2822164097796,1560.9664177185848,0.21528727809807002,0.087783571666667,0.06681802630951801,1,3,Mn-O-P,"Mn,P,O",mp-756329,mp-860939,"mp-756329,mp-860939",
BAT_00998,Li0-2MnP2O7,MnP2O7,MnP2O7,Li2MnP2O7,Li,3.8615735220833303,220.80333829412203,612.9698996280746,852.64832474419,2367.02833423785,0.20002509065638102,0.001116591999998,0.04230106624997201,2,3,Mn-O-P,"Mn,P,O",mp-770531,mp-776396,"mp-770531,mp-776395,mp-776396",More than one working ion per transition metal
BAT_00999,Li0-1Mn(PO3)3,Mn(PO3)3,Mn(PO3)3,LiMn(PO3)3,Li,4.50240873333333,89.69858041321287,263.5186491173987,403.8596718200516,1186.4686671823772,0.043758128590280006,0.045580562179488006,0.020414721249999,1,3,Mn-O-P,"Mn,P,O",mp-763790,mp-1663238,"mp-763790,mp-1663238",
BAT_01000,Li0-2MnP2O7,MnP2O7,MnP2O7,Li2MnP2O7,Li,3.965911017083333,220.80333829412203,615.4845506863709,875.6863919494368,2440.9569604116637,0.16557066258650402,0.006473888999999001,0.029375897916639002,2,3,Mn-O-P,"Mn,P,O",mp-771388,mp-775905,"mp-771388,mp-776412,mp-775905",More than one working ion per transition metal
BAT_01001,Li0-1Mn(PO3)3,Mn(PO3)3,Mn(PO3)3,LiMn(PO3)3,Li,3.492629453333326,89.69858041321287,244.06391450627808,313.2839038733751,852.4248163004537,0.10553341313872301,0.0,0.050217004940476005,1,3,Mn-O-P,"Mn,P,O",mp-771905,mp-1176762,"mp-771905,mp-1176762,mp-780845",
BAT_01002,Li0-2MnP2O7,MnP2O7,MnP2O7,Li2MnP2O7,Li,4.001296423333334,220.80333829412203,602.0344273337458,883.4996077763305,2408.918200814049,0.19442994956894302,0.0,0.018083422708306002,2,3,Mn-O-P,"Mn,P,O",mp-771660,mp-775903,"mp-771660,mp-780706,mp-775903",More than one working ion per transition metal
BAT_01003,Li3-4MnP2O9,MnP2O9,Li3MnP2O9,Li4MnP2O9,Li,4.732444263333325,92.853014277811,263.12179905589943,439.421714752234,1245.209248500035,0.028189362718268003,0.04993073216666501,0.01904708859375,1,3,Mn-O-P,"Mn,P,O",mp-867845,mp-757635,"mp-867845,mp-757635",More than one working ion per transition metal
BAT_01004,Li0-2MnP2O7,MnP2O7,MnP2O7,Li2MnP2O7,Li,5.059318233333333,220.80333829412203,625.6697877890851,1117.1143554123198,3165.462565407116,0.06026030522649101,0.22971092924999903,0.033172228749972,2,3,Mn-O-P,"Mn,P,O",mp-757059,mp-1177902,"mp-757059,mp-1236742,mp-1235163,mp-1177902",More than one working ion per transition metal
BAT_01005,Li1.5-3Mn2(PO4)3,Mn2(PO4)3,Li3Mn4(PO4)6,Li3Mn2(PO4)3,Li,3.4066562333333312,96.72990184037342,321.7865776547214,329.5255230542294,1096.2162505704566,0.10458241443951101,0.023598087432429003,0.08101057750002501,2,3,Mn-O-P,"Mn,P,O",mp-766211,mp-863434,"mp-766211,mp-767614,mp-778246,mp-863434",More than one working ion per transition metal
BAT_01006,Li0-1Mn4(P2O7)3,Mn4(P2O7)3,Mn4(P2O7)3,LiMn4(P2O7)3,Li,9.739165803333384,35.80581452123727,108.8718397778604,348.71876434573187,1060.3208989105292,0.033980298592887,0.223247705349454,0.044643835624999004,1,3,Mn-O-P,"Mn,P,O",mp-779338,mp-776632,"mp-779338,mp-776632",
BAT_01007,Li0-1MnPO4,MnPO4,MnPO4,LiMnPO4,Li,3.517563238333328,170.8728823723351,583.2220917907008,601.056169460981,2051.520589866835,0.106409370142946,0.0,0.037746336071422006,1,3,Mn-O-P,"Mn,P,O",mp-777460,mp-776296,"mp-777460,mp-776296",
BAT_01008,Li0-2MnP2O7,MnP2O7,MnP2O7,Li2MnP2O7,Li,3.660773034583333,220.80333829412203,564.9944697687914,808.3109067731033,2068.3165196183,0.221623497696321,0.0058030367499980005,0.07967318479163901,1,3,Mn-O-P,"Mn,P,O",mp-755561,mp-1177905,"mp-755561,mp-1177905",More than one working ion per transition metal
BAT_01009,Li0-1MnPO4,MnPO4,MnPO4,LiMnPO4,Li,3.8882881633333333,170.8728823723351,556.9857234281109,664.4030059629996,2165.720995551177,0.085186918442008,0.069808133888889,0.044621175833327004,2,3,Mn-O-P,"Mn,P,O",mp-849889,mp-859101,"mp-849889,mp-766388,mp-859101",
BAT_01010,Li0.5-1MnPO4,MnPO4,LiMn2(PO4)2,LiMnPO4,Li,4.608270325833335,85.43644118616756,241.58057581582472,393.714216663021,1113.2685988297953,0.011741268102966001,0.07549791288461001,0.011070723749994,1,3,Mn-O-P,"Mn,P,O",mp-766455,mp-857356,"mp-766455,mp-857356",
BAT_01011,Li0.5-1MnPO5,MnPO5,LiMn2(PO5)2,LiMnPO5,Li,5.078652138333345,77.52823567041614,262.18959815934346,393.7389398687704,1331.56976334071,0.001173806079038,0.075867675333341,0.021724980625003002,1,3,Mn-O-P,"Mn,P,O",mp-766439,mp-757358,"mp-766439,mp-757358",
BAT_01012,Li0-2Mn7(P2O7)4,Mn7(P2O7)4,Mn7(P2O7)4,Li2Mn7(P2O7)4,Li,3.460639153333322,48.98729996909903,164.652993331291,169.52736828914834,569.804595435796,0.044321013655879,0.0,0.014602463444456001,1,3,Mn-O-P,"Mn,P,O",mp-778008,mp-780778,"mp-778008,mp-780778",
BAT_01013,Li0-0.67MnPO4,MnPO4,MnPO4,Li2Mn3(PO4)3,Li,3.613919270833325,115.62075179254467,393.45817539066326,417.84406301131395,1421.9260823112365,0.036515700375798,0.024829921666668003,0.039133761499996006,2,3,Mn-O-P,"Mn,P,O",mp-768444,mp-778864,"mp-768444,mp-768446,mp-768447,mp-768470,mp-768460,mp-778864",
BAT_01014,Li0.33-0.5MnPO4,MnPO4,LiMn3(PO4)3,LiMn2(PO4)2,Li,3.799085253333391,29.123198804829865,98.87543180613699,110.6415151093258,375.6361948916664,0.011400847337698,0.026086132631569003,0.024973727628199,1,3,Mn-O-P,"Mn,P,O",mp-1176727,mp-768389,"mp-1176727,mp-768389",
BAT_01015,Li0-2MnP2O7,MnP2O7,MnP2O7,Li2MnP2O7,Li,3.8804224720833362,220.80333829412203,637.1192098986406,856.8102358275302,2472.291699486665,0.152894159567176,0.006082279999999001,0.043297647916638,2,3,Mn-O-P,"Mn,P,O",mp-770558,mp-776393,"mp-770558,mp-775933,mp-776393",More than one working ion per transition metal
BAT_01016,Li0-0.67MnPO4,MnPO4,MnPO4,Li2Mn3(PO4)3,Li,3.588491035833333,115.62075179254467,370.70000782922307,414.9040313638573,1330.2536550785135,0.066269520951882,0.049600942222223006,0.063970503499995,1,3,Mn-O-P,"Mn,P,O",mp-772269,mp-772041,"mp-772269,mp-772041",
BAT_01017,Li0.33-0.5MnPO4,MnPO4,LiMn3(PO4)3,LiMn2(PO4)2,Li,3.4329829233333022,29.123198804829865,99.4402741628646,99.97944416982176,341.37676309269597,0.0054818692988490006,0.019309322763147,0.027757921346149003,1,3,Mn-O-P,"Mn,P,O",mp-768571,mp-768515,"mp-768571,mp-768515",
BAT_01018,Li0.33-0.5MnPO4,MnPO4,LiMn3(PO4)3,LiMn2(PO4)2,Li,3.519470478333321,29.123198804829865,99.42563490179225,102.49823842823098,349.925586826405,0.0042895631211020005,0.018608966710514003,0.024857893525636002,1,3,Mn-O-P,"Mn,P,O",mp-1176664,mp-768497,"mp-1176664,mp-768493,mp-768497,mp-768477,mp-768495,mp-777568",
BAT_01019,Li0.33-0.5MnPO4,MnPO4,LiMn3(PO4)3,LiMn2(PO4)2,Li,3.5844677483333562,29.123198804829865,99.17098879345099,104.3911668442132,355.47521090045376,0.008550908235022001,0.019112309868409002,0.023681733782046,1,3,Mn-O-P,"Mn,P,O",mp-768541,mp-1176722,"mp-768541,mp-1176722",
BAT_01020,Li0-4Mn7(PO4)6,Mn7(PO4)6,Mn7(PO4)6,Li4Mn7(PO4)6,Li,3.324190938333321,109.15338613925306,367.87836623243527,362.84669709250295,1222.8979314387282,0.10565149156976401,0.009978063783783,0.053648170000001,1,3,Mn-O-P,"Mn,P,O",mp-770696,mp-849324,"mp-770696,mp-849324",
BAT_01021,Li0-1Mn2PO5,Mn2PO5,Mn2PO5,LiMn2PO5,Li,2.386426878333329,117.65983528113647,407.3637140971773,280.7865934151762,972.1437165791975,0.085699258671302,0.004441167499999001,0.08145493666664501,1,3,Mn-O-P,"Mn,P,O",mp-770538,mp-776397,"mp-770538,mp-776397",
BAT_01022,Li0-6Mn3Sb(PO4)6,Mn3Sb(PO4)6,Mn3Sb(PO4)6,Li6Mn3Sb(PO4)6,Li,3.908013398333333,179.06485165522767,549.5783068775675,699.7878394392004,2147.7593867108817,0.08026096022107901,0.06814966264705001,0.09522644442309701,1,4,Mn-O-P-Sb,"Mn,Sb,P,O",mp-775275,mp-1177012,"mp-775275,mp-1177012",More than one working ion per transition metal
BAT_01023,Li0-4Mn3Sb(PO4)4,Mn3Sb(PO4)4,Mn3Sb(PO4)4,Li4Mn3Sb(PO4)4,Li,3.106594598333328,154.42564500355724,537.8855904810664,479.737874612191,1670.9924699098135,0.060112490597981,0.07110628052086501,0.08853284455357101,1,4,Mn-O-P-Sb,"Mn,Sb,P,O",mp-756463,mp-753896,"mp-756463,mp-753896",More than one working ion per transition metal
BAT_01024,Li0-8Mn7Sb(PO4)12,Mn7Sb(PO4)12,Mn7Sb(PO4)12,Li8Mn7Sb(PO4)12,Li,4.706164064583338,126.01263943237579,386.6536924696164,593.0361553799443,1819.6557129389657,0.08201719821797,0.057873607867635006,0.013575167582166,1,4,Mn-O-P-Sb,"Mn,Sb,P,O",mp-776832,mp-1176842,"mp-776832,mp-1176842",More than one working ion per transition metal
BAT_01025,Li0-4Mn5Sb(PO4)6,Mn5Sb(PO4)6,Mn5Sb(PO4)6,Li4Mn5Sb(PO4)6,Li,3.076132053333329,107.84844278775321,357.3713301415647,331.7560517614934,1099.3214035908345,0.07262191898580901,0.040978394791678,0.098587396750014,1,4,Mn-O-P-Sb,"Mn,Sb,P,O",mp-772211,mp-1177350,"mp-772211,mp-1177350",
BAT_01026,Li0-4Mn3Sn(PO4)4,Mn3Sn(PO4)4,Mn3Sn(PO4)4,Li4Mn3Sn(PO4)4,Li,3.2091327395833362,155.1070920797266,538.4901700671452,497.75924733461784,1728.0864347062743,0.083760112087571,0.018703745833344002,0.032501567380952,1,4,Mn-O-P-Sn,"Mn,Sn,P,O",mp-756099,mp-757170,"mp-756099,mp-757170",More than one working ion per transition metal
BAT_01027,Li0-2MnSn(PO4)2,MnSn(PO4)2,MnSn(PO4)2,Li2MnSn(PO4)2,Li,2.61318692583333,142.00484562828896,507.0312049428442,371.08520600082505,1324.9673157461602,0.11187861706312201,0.024661303333332003,0.057405110833333,1,4,Mn-O-P-Sn,"Mn,Sn,P,O",mp-775753,mp-860889,"mp-775753,mp-860889",More than one working ion per transition metal
BAT_01028,Li0-8Mn7Sn(PO4)12,Mn7Sn(PO4)12,Mn7Sn(PO4)12,Li8Mn7Sn(PO4)12,Li,4.81758314708333,126.23892583367225,388.0903383260595,608.1665216022019,1869.657473465492,0.06012980819097301,0.07055971591910701,0.012303670493419001,1,4,Mn-O-P-Sn,"Mn,Sn,P,O",mp-778765,mp-1176895,"mp-778765,mp-1176895",More than one working ion per transition metal
BAT_01029,Li0-6Mn3Sn(PO4)6,Mn3Sn(PO4)6,Mn3Sn(PO4)6,Li6Mn3Sn(PO4)6,Li,4.116925795,179.67507381238357,560.9736603889744,739.708946096731,2309.4869327709384,0.06029542147718701,0.064467456397046,0.065581753125,1,4,Mn-O-P-Sn,"Mn,Sn,P,O",mp-778517,mp-776373,"mp-778517,mp-776373",More than one working ion per transition metal
BAT_01030,Li0-4Mn5Sn(PO4)6,Mn5Sn(PO4)6,Mn5Sn(PO4)6,Li4Mn5Sn(PO4)6,Li,3.3446483333333292,108.18037041050636,359.7630843834562,361.8252955928823,1203.2810005779847,0.069640747108817,0.038227230277785004,0.08072129378124,1,4,Mn-O-P-Sn,"Mn,Sn,P,O",mp-774344,mp-850367,"mp-774344,mp-850367",
BAT_01031,Li8-9TiMn3(PO4)6,TiMn3(PO4)6,Li8TiMn3(PO4)6,Li9TiMn3(PO4)6,Li,0.8312120333333199,31.71854345056445,88.0261307549869,26.364834995914944,73.16837913131737,0.014067952432312,0.044121179107147,0.07582889041528,1,4,Mn-O-P-Ti,"Ti,Mn,P,O",mp-768492,mp-768514,"mp-768492,mp-768514",More than one working ion per transition metal
BAT_01032,Li0-8TiMn7(PO4)12,TiMn7(PO4)12,TiMn7(PO4)12,Li8TiMn7(PO4)12,Li,4.78983663708333,131.73354809546896,392.8061128056939,630.9821750006562,1881.477110387,0.062581690972753,0.06597313536763401,0.011601511874997,1,4,Mn-O-P-Ti,"Ti,Mn,P,O",mp-778073,mp-776113,"mp-778073,mp-776113",
BAT_01033,Li0-4MnV3(PO4)4,MnV3(PO4)4,MnV3(PO4)4,Li4MnV3(PO4)4,Li,2.769210095833334,174.20187744286542,574.4968839543353,482.4015977279041,1590.902571071137,0.053549474249880005,0.032717555863095,0.005918405178572001,1,4,Mn-O-P-V,"Mn,V,P,O",mp-775134,mp-757477,"mp-775134,mp-757477",
BAT_01034,Li0-8TiMn3(PO4)6,TiMn3(PO4)6,TiMn3(PO4)6,Li8TiMn3(PO4)6,Li,3.876779854583338,255.85000497228592,695.8936306044029,991.874145071605,2697.8264080600084,0.122211731010814,0.051778984705884004,0.083325121250005,2,4,Mn-O-P-Ti,"Ti,Mn,P,O",mp-774461,mp-780178,"mp-774461,mp-757139,mp-780178",More than one working ion per transition metal
BAT_01035,Li0-1Ti4Mn(PO4)6,Ti4Mn(PO4)6,Ti4Mn(PO4)6,LiTi4Mn(PO4)6,Li,2.277860873333343,32.55865894874711,97.3052965388526,74.16409530755556,221.6479277539507,0.0069317651044550005,0.0,0.0032851953571570005,1,4,Mn-O-P-Ti,"Ti,Mn,P,O",mp-19383,mp-704600,"mp-19383,mp-704600",
BAT_01036,Li0-4TiMn3(PO4)4,TiMn3(PO4)4,TiMn3(PO4)4,Li4TiMn3(PO4)4,Li,2.607301638333336,172.82063389974044,570.9697850084051,450.595521904599,1488.6904558912474,0.044444792867708006,0.021924702291682002,0.080683153354589,1,4,Mn-O-P-Ti,"Ti,Mn,P,O",mp-771949,mp-756813,"mp-771949,mp-756813",
BAT_01037,Li0-3MnV(P2O7)2,MnV(P2O7)2,MnV(P2O7)2,Li3MnV(P2O7)2,Li,4.033616751666665,169.41903570925112,470.9736895784279,683.3714604880482,1899.7273638778029,0.07199738577496101,0.009545055541681,0.0,3,4,Mn-O-P-V,"Mn,V,P,O",mp-774043,mp-850951,"mp-774043,mp-759232,mp-764462,mp-764481,mp-761236,mp-764488,mp-1176615,mp-764484,mp-1176650,mp-764622,mp-850939,mp-850951",More than one working ion per transition metal
BAT_01038,Li3-4MnV(PO4)3,MnV(PO4)3,Li3MnV(PO4)3,Li4MnV(PO4)3,Li,3.4087186483333523,64.03295307585466,180.92350278416873,218.27032125752032,616.7173178621872,0.036978260075598006,0.033642366687497004,0.028258668333331002,1,4,Mn-O-P-V,"Mn,V,P,O",mp-774297,mp-768106,"mp-774297,mp-768106",More than one working ion per transition metal
BAT_01039,Li0-6MnV3(PO4)6,MnV3(PO4)6,MnV3(PO4)6,Li6MnV3(PO4)6,Li,3.7684229483333382,196.2911128557039,562.5847959652904,739.7079342393237,2120.057455499029,0.053053912574449004,0.020968346642144,0.024978624140631,1,4,Mn-O-P-V,"Mn,V,P,O",mp-774413,mp-777761,"mp-774413,mp-777761,mp-759256,mp-1176973,mp-778215,mp-777372,mp-1176964",More than one working ion per transition metal
BAT_01040,Li1-4MnV(PO4)3,MnV(PO4)3,LiMnV(PO4)3,Li4MnV(PO4)3,Li,3.706104261666671,192.098859227564,543.3891536350696,711.9384008445808,2013.856858030377,0.07702560844108701,0.036279066666677004,0.025754849285712002,3,4,Mn-O-P-V,"Mn,V,P,O",mp-768544,mp-768584,"mp-768544,mp-768529,mp-1176624,mp-768527,mp-779088,mp-1177959,mp-768550,mp-768567,mp-1177895,mp-768580,mp-768596,mp-768531,mp-768561,mp-768560,mp-768587,mp-768565,mp-768551,mp-768577,mp-768834,mp-768564,mp-768584",More than one working ion per transition metal
BAT_01041,Li0-12Mn7V(PO4)12,Mn7V(PO4)12,Mn7V(PO4)12,Li12Mn7V(PO4)12,Li,4.475340059999993,193.92600280630433,575.678685225379,867.8848090347248,2576.3578816772647,0.09896481884536101,0.059187617095592004,0.011519824450001001,2,4,Mn-O-P-V,"Mn,V,P,O",mp-772136,mp-1178090,"mp-772136,mp-780716,mp-1178090",More than one working ion per transition metal
BAT_01042,Li0-4Mn3V(PO4)4,Mn3V(PO4)4,Mn3V(PO4)4,Li4Mn3V(PO4)4,Li,3.465227093333329,171.96831964466924,570.4268684223896,595.9092804277141,1976.6586392225506,0.06385373298121201,0.029131538437507,0.003168419107115,1,4,Mn-O-P-V,"Mn,V,P,O",mp-756523,mp-757332,"mp-756523,mp-757332",
BAT_01043,Li0-2MnV(PO4)2,MnV(PO4)2,MnV(PO4)2,Li2MnV(PO4)2,Li,3.118112198333333,173.07789286794682,573.5258367834209,539.6762890133748,1788.317907733717,0.05242063956920601,0.034241123392858,0.0033557271428570003,1,4,Mn-O-P-V,"Mn,V,P,O",mp-1176429,mp-757718,"mp-1176429,mp-757718",
BAT_01044,Li0-4Mn5V(PO4)6,Mn5V(PO4)6,Mn5V(PO4)6,Li4Mn5V(PO4)6,Li,3.325250495833335,116.12126259926691,367.91597109291496,386.1322860350052,1223.4127653017185,0.066603824141733,0.038183029791666004,0.08127637424999701,1,4,Mn-O-P-V,"Mn,V,P,O",mp-772144,mp-775798,"mp-772144,mp-775798",
BAT_01045,Li3-4MnV(PO4)3,MnV(PO4)3,Li3MnV(PO4)3,Li4MnV(PO4)3,Li,3.479948228333318,64.03295307585466,182.25974577536564,222.83136161127092,634.2544794074646,0.034656158995896004,0.04545855918749701,0.036120300238095,1,4,Mn-O-P-V,"Mn,V,P,O",mp-777816,mp-768721,"mp-777816,mp-768721",More than one working ion per transition metal
BAT_01046,Li0-4Mn5P6WO24,Mn5P6WO24,Mn5P6WO24,Li4Mn5P6WO24,Li,3.070848658333337,101.50899638714465,356.9649347632796,311.71876536422667,1096.1852909898644,0.048052964202944005,0.044504257034729,0.08088146959375,1,4,Mn-O-P-W,"Mn,P,W,O",mp-771764,mp-771110,"mp-771764,mp-771110",
BAT_01047,Li0-2MnV2(PO4)3,MnV2(PO4)3,MnV2(PO4)3,Li2MnV2(PO4)3,Li,2.409143143333328,117.64913705742066,371.13141206852896,283.43361186096797,894.1086966605127,0.052310393678821,0.007640530317452001,0.060495244080136006,1,4,Mn-O-P-V,"Mn,V,P,O",mp-775212,mp-757262,"mp-775212,mp-757262",
BAT_01048,Li0-6Mn3V(PO4)6,Mn3V(PO4)6,Mn3V(PO4)6,Li6Mn3V(PO4)6,Li,3.965019638333335,194.39445425131223,573.1640813008676,770.777828689544,2272.606838345224,0.049077514041062004,0.039944859044124,0.062036025875000005,1,4,Mn-O-P-V,"Mn,V,P,O",mp-774638,mp-752805,"mp-774638,mp-752805",More than one working ion per transition metal
BAT_01049,Li2-4MnV(PO4)3,MnV(PO4)3,Li2MnV(PO4)3,Li4MnV(PO4)3,Li,3.37340196833333,128.06590615170933,363.0971590126475,432.0177798885678,1224.8726709095054,0.066719778124931,0.01126919009868,0.028141952142856003,2,4,Mn-O-P-V,"Mn,V,P,O",mp-768547,mp-768583,"mp-768547,mp-768549,mp-768545,mp-768548,mp-1177909,mp-1177980,mp-778000,mp-768583",More than one working ion per transition metal
BAT_01050,Li0-6Mn3P6WO24,Mn3P6WO24,Mn3P6WO24,Li6Mn3P6WO24,Li,3.673914541666661,167.4868720146831,540.7908322394471,615.3324546330073,1986.819302564521,0.091228041672888,0.016140543198513,0.07910182440624601,1,4,Mn-O-P-W,"Mn,P,W,O",mp-1176455,mp-769612,"mp-1176455,mp-769612",More than one working ion per transition metal
BAT_01051,Li0-0.5MnSO5,MnSO5,MnSO5,LiMn2(SO5)2,Li,4.66860307333332,78.61029934926262,247.28588512376638,367.00028513761976,1154.479643280766,0.038318648248429,0.08197064178571101,0.069675650416664,1,3,Mn-O-S,"Mn,S,O",mp-2224849,mp-1235338,"mp-2224849,mp-1104701,mp-1235338",
BAT_01052,Li1-2Mn(SO4)2,Mn(SO4)2,LiMn(SO4)2,Li2Mn(SO4)2,Li,4.422175728333333,102.70921451496037,283.6797492891446,454.19819550423944,1254.4817019261404,0.084590563045043,0.0128496734375,0.013533118653851001,1,3,Mn-O-S,"Mn,S,O",mp-780520,mp-758969,"mp-780520,mp-758969",More than one working ion per transition metal
BAT_01053,Li0-1Mn2(SO4)3,Mn2(SO4)3,Mn2(SO4)3,LiMn2(SO4)3,Li,4.2542656233333584,66.17569764494422,184.96721335202142,281.5289955909884,786.8996572072715,0.038530152483263004,0.007748040882353001,0.015752703472218,1,3,Mn-O-S,"Mn,S,O",mp-778822,mp-768608,"mp-778822,mp-768608",
BAT_01054,Li0-1Mn(SO4)2,Mn(SO4)2,Mn(SO4)2,LiMn(SO4)2,Li,5.108003853333348,105.51587886007138,287.61313492202197,538.9755158050993,1469.1290014509723,0.069086330533403,0.033983541515156,0.016735247256945,1,3,Mn-O-S,"Mn,S,O",mp-771239,mp-773112,"mp-771239,mp-773112",
BAT_01055,Li0-2Mn2(SO4)3,Mn2(SO4)3,Mn2(SO4)3,Li2Mn2(SO4)3,Li,4.586267418333333,130.12136688808278,372.9333006454421,596.7713853878118,1710.3718459617003,0.09110809389662701,0.035496636176471,0.012794903157895,1,3,Mn-O-S,"Mn,S,O",mp-768543,mp-768742,"mp-768543,mp-768742",
BAT_01056,Li0-1Mn2(SO4)3,Mn2(SO4)3,Mn2(SO4)3,LiMn2(SO4)3,Li,4.341158590833349,66.17569764494422,190.98276188842638,287.27919833573986,829.0864574730222,0.076492418283266,0.0,0.0036077222222170003,1,3,Mn-O-S,"Mn,S,O",mp-768472,mp-768898,"mp-768472,mp-768898",
BAT_01057,Li0-4Mn3SbO8,Mn3SbO8,Mn3SbO8,Li4Mn3SbO8,Li,3.094801727083333,242.36456106446408,1073.5067139076752,750.0702621660975,3322.2904322370273,0.067797599118042,0.1001162203125,0.039910924999999,3,3,Mn-O-Sb,"Mn,Sb,O",mp-754156,mp-1309272,"mp-754156,mp-2214642,mp-752791,mp-756729,mp-1309272,mp-773086,mp-1299412",More than one working ion per transition metal
BAT_01058,Li0-1Mn(SO4)2,Mn(SO4)2,Mn(SO4)2,LiMn(SO4)2,Li,5.296113933333335,105.51587886007138,286.1663161628236,558.8241162187363,1515.5694142806024,0.054029557015248,0.046224714848489,0.012280482812501001,1,3,Mn-O-S,"Mn,S,O",mp-773014,mp-774465,"mp-773014,mp-774465",
BAT_01059,Li0-2Mn3SbO8,Mn3SbO8,Mn3SbO8,Li2Mn3SbO8,Li,3.9036405158333283,125.10863641194578,576.7628873481144,488.37914197833237,2251.4749750811134,0.096963423894957,0.057167004062500006,0.0,1,3,Mn-O-Sb,"Mn,Sb,O",mp-774654,mp-763186,"mp-774654,mp-763186",
BAT_01060,Li4-6Mn5SbO12,Mn5SbO12,Li4Mn5SbO12,Li6Mn5SbO12,Li,2.690329913333333,85.07204563788075,340.22997122637946,228.8718691680491,915.3308690028681,0.003520205517296,0.06870557409090501,0.034415536874993005,1,3,Mn-O-Sb,"Mn,Sb,O",mp-1177353,mp-1639020,"mp-1177353,mp-1639020,mp-760026",More than one working ion per transition metal
BAT_01061,Li0-3Mn(SbO3)4,Mn(SbO3)4,Mn(SbO3)4,Li3Mn(SbO3)4,Li,3.617242846666674,106.52503855021722,585.5121872975942,385.326933686665,2117.939771138381,0.08434858679021301,0.038389943235298006,0.06368955228124601,1,3,Mn-O-Sb,"Mn,Sb,O",mp-757065,mp-757166,"mp-757065,mp-757166",More than one working ion per transition metal
BAT_01062,Li0-4Mn5Sb3O16,Mn5Sb3O16,Mn5Sb3O16,Li4Mn5Sb3O16,Li,3.647356953333333,116.05831616912405,543.8680911658215,423.3061064716131,1983.6810640097863,0.11546345102906301,0.09870332421875001,0.038143940178557004,1,3,Mn-O-Sb,"Mn,Sb,O",mp-771391,mp-756961,"mp-771391,mp-756961",
BAT_01063,Li0-2Mn3SbO8,Mn3SbO8,Mn3SbO8,Li2Mn3SbO8,Li,3.900845125833339,125.10863641194578,550.8889879568412,488.02941454719416,2148.9326235467056,0.048805154589053004,0.09665161822916701,0.034243296428570005,1,3,Mn-O-Sb,"Mn,Sb,O",mp-774390,mp-776741,"mp-774390,mp-776741",
BAT_01064,Li0-5Mn5(SeO3)8,Mn5(SeO3)8,Mn5(SeO3)8,Li5Mn5(SeO3)8,Li,4.140255915333329,101.13302212131994,374.3942967475439,418.7165930733313,1550.0882017760803,0.041452447048593,0.080342192252257,9.546416665973116e-05,1,3,Mn-O-Se,"Mn,Se,O",mp-776755,mp-774707,"mp-776755,mp-774707",
BAT_01065,Li0-4Ti3Mn3(SbO8)2,Ti3Mn3(SbO8)2,Ti3Mn3(SbO8)2,Li4Ti3Mn3(SbO8)2,Li,3.155272040833329,128.28439281754981,562.495948969727,404.77215793249485,1774.8277408661904,0.08768248770603701,0.08444725583333201,0.070397982321431,1,4,Mn-O-Sb-Ti,"Ti,Mn,Sb,O",mp-763292,mp-758701,"mp-763292,mp-758701",
BAT_01066,Li3-4MnSi2O7,MnSi2O7,Li3MnSi2O7,Li4MnSi2O7,Li,3.8219092658333462,106.83463363242211,299.5947740963762,408.31227619166486,1145.0240431141883,0.006385459081565001,0.09789346273157101,0.023302023571424003,1,3,Mn-O-Si,"Mn,Si,O",mp-753370,mp-752722,"mp-753370,mp-752722",More than one working ion per transition metal
BAT_01067,Li0-2Mn3(SeO3)4,Mn3(SeO3)4,Mn3(SeO3)4,Li2Mn3(SeO3)4,Li,3.8308002083333332,78.07822738123598,291.07834517152867,299.1020897183362,1115.062985324414,0.026766008198522002,0.043571368596485006,0.0,1,3,Mn-O-Se,"Mn,Se,O",mp-773071,mp-773051,"mp-773071,mp-773051",
BAT_01068,Li0-2Mn(SiO3)2,Mn(SiO3)2,Mn(SiO3)2,Li2Mn(SiO3)2,Li,3.1748533633333382,242.56112056831003,708.1787114549801,770.0959894502024,2248.363563903913,0.23652052229226603,0.10941779416666701,0.08516914037878501,2,3,Mn-O-Si,"Mn,Si,O",mp-1142713,mp-757169,"mp-1142713,mp-753447,mp-757169",More than one working ion per transition metal
BAT_01069,Li0-2Mn2Si2O7,Mn2Si2O7,Mn2Si2O7,Li2Mn2Si2O7,Li,3.196446490833335,183.61902025801152,605.3365780068576,586.9283729539761,1934.9259805430797,0.05273737411359301,0.08850515926136901,0.030063364871796002,1,3,Mn-O-Si,"Mn,Si,O",mp-756726,mp-859108,"mp-756726,mp-754573,mp-859108",
BAT_01070,Li1.5-2MnSiO4,MnSiO4,Li3Mn2(SiO4)2,Li2MnSiO4,Li,4.104373148333342,83.28451611484627,249.36946481834804,341.83073161371055,1023.5053354146837,0.0022579091435770003,0.090139473361104,0.005338674999999,1,3,Mn-O-Si,"Mn,Si,O",mp-754026,mp-831245,"mp-754026,mp-831245",More than one working ion per transition metal
BAT_01071,Li1.5-2MnSiO4,MnSiO4,Li3Mn2(SiO4)2,Li2MnSiO4,Li,3.961298523333316,83.28451611484627,246.9195662303846,329.9148307022703,978.1221130905255,0.004919555016954001,0.084394710361103,0.008895123749999,1,3,Mn-O-Si,"Mn,Si,O",mp-769543,mp-783909,"mp-769543,mp-783909",More than one working ion per transition metal
BAT_01072,Li1.5-2MnSiO4,MnSiO4,Li3Mn2(SiO4)2,Li2MnSiO4,Li,4.175312823333319,83.28451611484627,254.0335402451265,347.73890811942806,1060.6694981422374,0.004415864907834,0.089174198361104,0.0,1,3,Mn-O-Si,"Mn,Si,O",mp-753965,mp-559240,"mp-753965,mp-559240",More than one working ion per transition metal
BAT_01073,Li0-1Mn(Si2O5)2,Mn(Si2O5)2,Mn(Si2O5)2,LiMn(Si2O5)2,Li,5.04008284083334,80.19232391337705,223.04715452957643,404.17595572236075,1124.1761362412205,0.086047123297462,0.17805920549999601,0.066113771591204,1,3,Mn-O-Si,"Mn,Si,O",mp-1043728,mp-849757,"mp-1043728,mp-849757",
BAT_01074,Li0-2Mn4Si4O13,Mn4Si4O13,Mn4Si4O13,Li2Mn4Si4O13,Li,3.41580771833333,96.76177237900795,335.2681212685043,330.51960893182826,1145.211436340072,0.042007004483316006,0.07255631928573601,0.014719437173914001,1,3,Mn-O-Si,"Mn,Si,O",mp-766688,mp-860880,"mp-766688,mp-860880",
BAT_01075,Li1.5-2MnSiO4,MnSiO4,Li3Mn2(SiO4)2,Li2MnSiO4,Li,3.9611435533333332,83.28451611484627,240.56375230641203,329.9019241008094,952.9075566142208,0.020855547158458002,0.089625137694437,0.013808334999998001,1,3,Mn-O-Si,"Mn,Si,O",mp-1312705,mp-755842,"mp-1312705,mp-1177640,mp-755842",More than one working ion per transition metal
BAT_01076,Li1.5-2MnSiO4,MnSiO4,Li3Mn2(SiO4)2,Li2MnSiO4,Li,4.022318893333339,83.28451611484627,249.39556329085127,334.9968826908711,1003.1484861383017,0.006839579917761,0.091163601361104,0.011427185937499001,1,3,Mn-O-Si,"Mn,Si,O",mp-774356,mp-774639,"mp-774356,mp-774639",More than one working ion per transition metal
BAT_01077,Li2-4Mn2Si3O10,Mn2Si3O10,Li2Mn2Si3O10,Li4Mn2Si3O10,Li,3.3456473458333322,140.3620924273829,412.4261095685099,469.6020619852864,1379.8323188302522,0.005445510251302001,0.07126903240697201,0.014194188771927001,1,3,Mn-O-Si,"Mn,Si,O",mp-766544,mp-757670,"mp-766544,mp-778120,mp-757670",More than one working ion per transition metal
BAT_01078,Li1.5-2MnSiO4,MnSiO4,Li3Mn2(SiO4)2,Li2MnSiO4,Li,4.239418978333338,83.28451611484627,251.58248483157135,353.077958218588,1066.5635608112227,0.015297182135592,0.09364591069443601,0.000185595624998,1,3,Mn-O-Si,"Mn,Si,O",mp-769538,mp-759726,"mp-769538,mp-759726",More than one working ion per transition metal
BAT_01079,Li1.5-2MnSiO4,MnSiO4,Li3Mn2(SiO4)2,Li2MnSiO4,Li,3.998338128333334,83.28451611484627,246.87859372425132,332.9996562817819,987.1040943569888,0.0027787311279110004,0.08759872502777101,0.009583912187499,1,3,Mn-O-Si,"Mn,Si,O",mp-774171,mp-780709,"mp-774171,mp-780709",More than one working ion per transition metal
BAT_01080,Li1.5-2MnSiO4,MnSiO4,Li3Mn2(SiO4)2,Li2MnSiO4,Li,3.830646998333326,83.28451611484627,252.9260523408587,319.0335816629794,968.870423199808,0.020803052025519003,0.08713445236110301,0.019629352187498002,1,3,Mn-O-Si,"Mn,Si,O",mp-778489,mp-768020,"mp-778489,mp-768020",More than one working ion per transition metal
BAT_01081,Li0-2Mn3Si3O10,Mn3Si3O10,Mn3Si3O10,Li2Mn3Si3O10,Li,3.25969762583333,126.73693997051845,424.51833861467173,413.12410232728024,1383.801420504955,0.055798448357562,0.072076440312516,0.015567829120371001,1,3,Mn-O-Si,"Mn,Si,O",mp-861258,mp-767709,"mp-861258,mp-767709",
BAT_01082,Li1.5-2MnSiO4,MnSiO4,Li3Mn2(SiO4)2,Li2MnSiO4,Li,3.999739583333341,83.28451611484627,250.71591093283087,333.1163757833142,1002.7983531295201,0.016422322037834003,0.08896260636110401,0.010774959999999001,1,3,Mn-O-Si,"Mn,Si,O",mp-780287,mp-780666,"mp-780287,mp-780666",More than one working ion per transition metal
BAT_01083,Li0-0.5Sm2TiMnO6,Sm2TiMnO6,Sm2TiMnO6,LiSm4Ti2Mn2O12,Li,-0.9848118866666721,26.642058000912805,171.28725715288928,-26.23741540456184,-168.6857268786963,0.040730589129731,0.018380775249998,0.127667673114734,1,4,Mn-O-Sm-Ti,"Sm,Ti,Mn,O",mp-18794,mp-1232994,"mp-18794,mp-1232994,mp-1235566",
BAT_01084,Li0-2Mn3SnO8,Mn3SnO8,Mn3SnO8,Li2Mn3SnO8,Li,3.690944910833335,126.00562781667759,586.1106846952554,465.07983072632544,2163.302248860994,0.09548562187147001,0.044122436458334004,0.0036437167857260003,1,3,Mn-O-Sn,"Mn,Sn,O",mp-753706,mp-772578,"mp-753706,mp-772578",
BAT_01085,Li4-5Mn3(SnO5)2,Mn3(SnO5)2,Li4Mn3(SnO5)2,Li5Mn3(SnO5)2,Li,3.010889218333351,44.89863198055489,211.94817956473804,135.18480694816972,638.1524886968508,0.0024830551129400003,0.06039283868419901,0.016999735250003003,1,3,Mn-O-Sn,"Mn,Sn,O",mp-758340,mp-755397,"mp-758340,mp-755397",More than one working ion per transition metal
BAT_01086,Li0-2Mn3SnO8,Mn3SnO8,Mn3SnO8,Li2Mn3SnO8,Li,3.824538182083334,126.00562781667759,560.1135086042468,481.9133347422653,2142.175499957604,0.054652194070572,0.08873949374999901,0.022802155714297,1,3,Mn-O-Sn,"Mn,Sn,O",mp-770865,mp-774798,"mp-770865,mp-774798,mp-1177993",
BAT_01087,Li0-2Mn3SnO8,Mn3SnO8,Mn3SnO8,Li2Mn3SnO8,Li,3.905928695833336,126.00562781667759,560.3482844648704,492.1689975256562,2188.6804439523185,0.051951299455375,0.09553448645833301,0.016999218928583002,1,3,Mn-O-Sn,"Mn,Sn,O",mp-849767,mp-1282790,"mp-849767,mp-1282790,mp-756918",
BAT_01088,Li0-4Mn5SnO12,Mn5SnO12,Mn5SnO12,Li4Mn5SnO12,Li,3.180586703333337,174.8425284395226,715.6875310599019,556.1018211319264,2276.3062450305883,0.020185445985650002,0.06985202180555801,0.08917081454544401,1,3,Mn-O-Sn,"Mn,Sn,O",mp-757467,mp-756595,"mp-757467,mp-756595",
BAT_01089,Li1-2MnSnO4,MnSnO4,LiMnSnO4,Li2MnSnO4,Li,2.035936613333338,106.55481287301001,512.533694180955,216.93884485504358,1043.4861135499984,0.030298618399366,0.0017614235714090002,0.040123829687499,1,3,Mn-O-Sn,"Mn,Sn,O",mp-755934,mp-773184,"mp-755934,mp-773184",More than one working ion per transition metal
BAT_01090,Li0-4Mn3Sn3(TeO8)2,Mn3Sn3(TeO8)2,Mn3Sn3(TeO8)2,Li4Mn3Sn3(TeO8)2,Li,3.292506694583328,101.1473466952717,504.28798610947507,333.02831613352294,1660.371570263391,0.10019071237743901,0.10143679052083501,0.054243640714283003,1,4,Mn-O-Sn-Te,"Mn,Sn,Te,O",mp-772482,mp-774292,"mp-772482,mp-774292",More than one working ion per transition metal
BAT_01091,Li0-4Ti3Mn3(SnO8)2,Ti3Mn3(SnO8)2,Ti3Mn3(SnO8)2,Li4Ti3Mn3(SnO8)2,Li,3.602476883333335,129.22767231080798,568.945827878127,465.5397021866611,2049.6141927998997,0.09016556342871701,0.098574313229166,0.031066647890634003,1,4,Mn-O-Sn-Ti,"Ti,Mn,Sn,O",mp-776644,mp-1177280,"mp-776644,mp-1177280",
BAT_01092,Li0-2Mn3TeO8,Mn3TeO8,Mn3TeO8,Li2Mn3TeO8,Li,3.646107943333338,123.42627625929441,564.7175830498617,450.0255262850684,2059.021265298105,0.08902175846801501,0.066054693541667,0.0033693545982050005,1,3,Mn-O-Te,"Mn,Te,O",mp-770922,mp-753235,"mp-770922,mp-753235",
BAT_01093,Li0-4Mn5Te3O16,Mn5Te3O16,Mn5Te3O16,Li4Mn5Te3O16,Li,3.40329837083333,113.89804704749902,521.0723792391465,387.62903795785144,1773.3647793508346,0.103963353755537,0.134718303255202,0.083384723035718,1,3,Mn-O-Te,"Mn,Te,O",mp-771044,mp-773469,"mp-771044,mp-773469",
BAT_01094,Li0-2Mn3TeO8,Mn3TeO8,Mn3TeO8,Li2Mn3TeO8,Li,3.9857193408333322,123.42627625929441,532.2931271271099,491.94249645370763,2121.5710117831773,0.062524774451923,0.127949698958333,0.007906302455348001,1,3,Mn-O-Te,"Mn,Te,O",mp-756833,mp-1303020,"mp-756833,mp-1303020,mp-755971",
BAT_01095,Li0-3Mn3TeO8,Mn3TeO8,Mn3TeO8,Li3Mn3TeO8,Li,3.1960992950000002,182.22699711273805,789.1152492642944,582.4155770019893,2522.090691847361,0.079791144262307,0.07475315895833401,0.050630754749998,1,3,Mn-O-Te,"Mn,Te,O",mp-772541,mp-1290858,"mp-772541,mp-1290858,mp-756611",
BAT_01096,Li0-5TiMn3O8,TiMn3O8,TiMn3O8,Li5TiMn3O8,Li,2.764535799833332,356.990061124961,1361.5349271585117,986.9118041646443,3764.012048853174,0.153519540875997,0.08989485333333301,0.08369783176470401,3,3,Mn-O-Ti,"Ti,Mn,O",mp-774302,mp-761048,"mp-774302,mp-775166,mp-760216,mp-761048",More than one working ion per transition metal
BAT_01097,Li1-4Ti2Mn3O10,Ti2Mn3O10,LiTi2Mn3O10,Li4Ti2Mn3O10,Li,3.171232440000005,179.35164647276503,675.0066496598233,568.765759461845,2140.6029846169504,0.057548706620121,0.069789244609383,0.041625892631572,3,3,Mn-O-Ti,"Ti,Mn,O",mp-753655,mp-752796,"mp-753655,mp-1302395,mp-752542,mp-753035,mp-752796,mp-759056",
BAT_01098,Li0-4Ti3Mn3(TeO8)2,Ti3Mn3(TeO8)2,Ti3Mn3(TeO8)2,Li4Ti3Mn3(TeO8)2,Li,3.244866485833331,126.5161421946277,542.9718118733462,410.52798972427166,1761.8710351000213,0.08768946951361101,0.088857067673604,0.055962903437509,1,4,Mn-O-Te-Ti,"Ti,Mn,Te,O",mp-756447,mp-758152,"mp-756447,mp-758152",
BAT_01099,Li0-4TiMn5O12,TiMn5O12,TiMn5O12,Li4TiMn5O12,Li,3.1113901558333312,197.6823752279974,743.8909986697382,615.0669962661419,2314.535130274049,0.10185248258994001,0.054719622361110005,0.09408561431819001,1,3,Mn-O-Ti,"Ti,Mn,O",mp-757064,mp-754620,"mp-757064,mp-754620",
BAT_01100,Li0-4Mn3V3(TeO8)2,Mn3V3(TeO8)2,Mn3V3(TeO8)2,Li4Mn3V3(TeO8)2,Li,3.340922408333338,125.15385976895733,548.0206285788461,418.1293345915179,1830.8943982479884,0.000284163717182,0.11849138772134801,0.081600403494359,1,4,Mn-O-Te-V,"Mn,V,Te,O",mp-772284,mp-1177458,"mp-772284,mp-1177458,mp-753718",
BAT_01101,Li0-2TiMnO4,TiMnO4,TiMnO4,Li2TiMnO4,Li,2.886352849583336,296.665841697438,1124.278414698807,856.2822975574392,3245.064205990938,0.15995638631730402,0.053147532083333004,0.059238042187503004,1,3,Mn-O-Ti,"Ti,Mn,O",mp-775296,mp-754547,"mp-775296,mp-754547",
BAT_01102,Li0-2TiMn2O6,TiMn2O6,TiMn2O6,Li2TiMn2O6,Li,3.331597120833334,200.29393861729034,732.8862323821169,667.298709217733,2441.68166170265,0.11133047764132001,0.09210524111111301,0.07156225107953801,1,3,Mn-O-Ti,"Ti,Mn,O",mp-1101349,mp-776053,"mp-1101349,mp-776053",
BAT_01103,Li0-3TiMn2O6,TiMn2O6,TiMn2O6,Li3TiMn2O6,Li,3.085393151666665,292.84569584174324,1116.7296090449033,903.5441044451737,3445.549888010537,0.115328615886989,0.08497881500000101,0.054862063333330005,1,3,Mn-O-Ti,"Ti,Mn,O",mp-775831,mp-1292456,"mp-775831,mp-1292456,mp-762163,mp-1304913",
BAT_01104,Li4-5Ti2Mn5O12,Ti2Mn5O12,Li4Ti2Mn5O12,Li5Ti2Mn5O12,Li,2.714783668333329,44.88442901660492,184.69924970338187,121.85151485674565,501.4185066481607,0.009212028875501,0.066403622826085,0.042329985208336,1,3,Mn-O-Ti,"Ti,Mn,O",mp-759589,mp-771262,"mp-759589,mp-771262",
BAT_01105,Li0-2TiMn3O8,TiMn3O8,TiMn3O8,Li2TiMn3O8,Li,3.6671511283333342,151.18234998121756,592.3773552939954,554.408525317707,2172.337286865492,0.06277093769143301,0.09397982562500001,0.054284636428577004,1,3,Mn-O-Ti,"Ti,Mn,O",mp-756589,mp-756866,"mp-756589,mp-756866",
BAT_01106,Li0-3TiMn3O8,TiMn3O8,TiMn3O8,Li3TiMn3O8,Li,3.284870983333334,222.41933982006267,861.311848889564,730.6188355070802,2829.298300018514,0.05144924391083901,0.07498498812500101,0.062262205666665,1,3,Mn-O-Ti,"Ti,Mn,O",mp-756808,mp-755233,"mp-756808,mp-755233",
BAT_01107,Li0-4Ti5Mn3O16,Ti5Mn3O16,Ti5Mn3O16,Li4Ti5Mn3O16,Li,3.531012653333332,155.84441586196465,590.5905422605581,550.2886043599391,2085.382677661025,0.11760351965985501,0.09452410197916601,0.040235199285719,1,3,Mn-O-Ti,"Ti,Mn,O",mp-776100,mp-777417,"mp-776100,mp-777417",
BAT_01108,Li0-5TiMn9O20,TiMn9O20,TiMn9O20,Li5TiMn9O20,Li,3.827004702333333,149.39470059371743,595.407844420555,571.734221675837,2278.628620403618,0.07028278698970801,0.05924994125000001,0.015265664571424002,1,3,Mn-O-Ti,"Ti,Mn,O",mp-771265,mp-778500,"mp-771265,mp-778500,mp-775413",
BAT_01109,Li1-2TiMnO4,TiMnO4,LiTiMnO4,Li2TiMnO4,Li,2.201534298333333,148.332920848719,562.9275779402818,326.56001282041836,1239.304370313241,0.029498028070548004,0.019573659285709002,0.067305207500004,1,3,Mn-O-Ti,"Ti,Mn,O",mp-1301329,mp-755668,"mp-1301329,mp-850215,mp-755668",
BAT_01110,Li0-2Ti3MnO8,Ti3MnO8,Ti3MnO8,Li2Ti3MnO8,Li,3.496692439583332,157.46299736878825,580.7638096266688,550.599672413572,2030.7524223051864,0.126470826917486,0.094078804374999,0.033434965535716,1,3,Mn-O-Ti,"Ti,Mn,O",mp-782664,mp-777480,"mp-782664,mp-777480",
BAT_01111,Li1-4TiMn3O8,TiMn3O8,LiTiMn3O8,Li4TiMn3O8,Li,3.022588838888888,218.22921053443207,854.7446529782944,659.6171760809077,2583.5416481921484,0.030778877233265,0.088664221826926,0.04815718208333301,2,3,Mn-O-Ti,"Ti,Mn,O",mp-759309,mp-760999,"mp-759309,mp-759205,mp-760999",
BAT_01112,Li0-2.5TiMn4O10,TiMn4O10,TiMn4O10,Li5Ti2Mn8O20,Li,3.875351341333332,150.58173219878378,590.3883621489639,583.5571178568534,2287.9623311615765,0.06759172426012401,0.081586304833331,0.018447306142861,1,3,Mn-O-Ti,"Ti,Mn,O",mp-777945,mp-771355,"mp-777945,mp-771355",
BAT_01113,Li0-3TiMn3O8,TiMn3O8,TiMn3O8,Li3TiMn3O8,Li,3.133525914999997,222.41933982006267,909.4152809576575,696.9567653233572,2849.6763503778234,0.12059129124659701,0.041953722291667,0.066106206666666,2,3,Mn-O-Ti,"Ti,Mn,O",mp-755307,mp-765565,"mp-755307,mp-771575,mp-771146,mp-765565",
BAT_01114,Li0-1Ti3Mn5O16,Ti3Mn5O16,Ti3Mn5O16,Li10Ti3Mn5O16,Li,2.610091980333333,360.38433464090565,1338.7513589792582,940.636261683992,3494.2641857321128,0.256585617577388,0.075439097604167,0.103734444411764,2,3,Mn-O-Ti,"Ti,Mn,O",mp-1101292,mp-761137,"mp-1101292,mp-772971,mp-761137",More than one working ion per transition metal
BAT_01115,Li0-3MnV4O12,MnV4O12,MnV4O12,Li3MnV4O12,Li,3.663346419999996,170.52186517428908,502.3953068994745,624.680664317954,1840.4480489549894,0.07566190192574601,0.056187780735294006,0.049550091249963006,1,3,Mn-O-V,"Mn,V,O",mp-752792,mp-1282819,"mp-752792,mp-1282819,mp-754783",
BAT_01116,Li0-1MnVO4,MnVO4,MnVO4,LiMnVO4,Li,3.546131023333334,151.57653161310955,534.6744139691325,537.5102411625137,1896.025526758511,0.094101328142424,0.025497356458334,0.0,1,3,Mn-O-V,"Mn,V,O",mp-25321,mp-19107,"mp-25321,mp-19107",
BAT_01117,Li1-2MnVO4,MnVO4,LiMnVO4,Li2MnVO4,Li,2.506070413333337,145.8511419682753,582.787544408132,365.51323163757496,1460.5066223004083,0.021416850462561,0.08769726857142501,0.05771457343749901,1,3,Mn-O-V,"Mn,V,O",mp-753949,mp-753760,"mp-753949,mp-753760",
BAT_01118,Li0-0.5MnV2O4,MnV2O4,MnV2O4,LiMn2V4O8,Li,1.227560993333317,59.74761093624012,262.82868071177114,73.34383663018352,322.6382363710272,0.028000416860176004,0.052564652321427006,0.080118504516669,1,3,Mn-O-V,"Mn,V,O",mp-35475,mp-1235517,"mp-35475,mp-1235517,mp-1235752",
BAT_01119,Li3-5Mn2V5O12,Mn2V5O12,Li3Mn2V5O12,Li5Mn2V5O12,Li,2.465762598333332,90.65558834978349,377.32457690377436,223.53515908279905,930.3928291612758,0.010696874182452,0.088332621772728,0.061515500625001,1,3,Mn-O-V,"Mn,V,O",mp-757617,mp-774681,"mp-757617,mp-774681",
BAT_01120,Li2-3MnV3O8,MnV3O8,Li2MnV3O8,Li3MnV3O8,Li,1.813716853333337,75.1624464337352,296.4272804303154,136.3233958346297,537.6351543042304,0.013944180868727,0.031304372053563005,0.07146135329999101,1,3,Mn-O-V,"Mn,V,O",mp-1284814,mp-1275845,"mp-1284814,mp-1293023,mp-755560,mp-1296412,mp-1275845,mp-759964,mp-1308103",
BAT_01121,Li0-3MnV3O8,MnV3O8,MnV3O8,Li3MnV3O8,Li,2.5117263233333342,225.48733930120562,829.3838924415383,566.3624857012333,2083.1853547940746,0.105262124953769,0.057519239166667006,0.09245558196665801,2,3,Mn-O-V,"Mn,V,O",mp-756087,mp-867644,"mp-756087,mp-1177893,mp-867644",
BAT_01122,Li0-2Mn3VO8,Mn3VO8,Mn3VO8,Li2Mn3VO8,Li,3.545538465833329,149.88266469080722,614.8314084424175,531.414753022856,2179.908408635074,0.11295635065956201,0.064374684895833,0.05951949475807101,1,3,Mn-O-V,"Mn,V,O",mp-771315,mp-781772,"mp-771315,mp-781772",
BAT_01123,Li0-4Mn2V3O12,Mn2V3O12,Mn2V3O12,Li4Mn2V3O12,Li,3.9242272520833312,222.20806811862818,675.1752092845585,871.9949565439099,2649.540956205531,0.09170934369475801,0.075072934411766,0.033113832782709005,2,3,Mn-O-V,"Mn,V,O",mp-849562,mp-760844,"mp-849562,mp-774814,mp-760844",
BAT_01124,Li2-5MnV3O8,MnV3O8,Li2MnV3O8,Li5MnV3O8,Li,1.762360661666666,217.03786553784695,824.3013601744186,382.498996316001,1452.7162905297218,0.065749577240525,0.030932276517848002,0.058963648872548007,1,3,Mn-O-V,"Mn,V,O",mp-775492,mp-764142,"mp-775492,mp-1178076,mp-764142",More than one working ion per transition metal
BAT_01125,Li0-4MnV3O8,MnV3O8,MnV3O8,Li4MnV3O8,Li,2.363222448333332,294.9092483627233,926.6891368587478,696.9361559518978,2189.972570851233,0.28033913484029505,0.059734876666668005,0.10800002015625002,1,3,Mn-O-V,"Mn,V,O",mp-774945,mp-756896,"mp-774945,mp-756896",
BAT_01126,Li0-4Mn3VO8,Mn3VO8,Mn3VO8,Li4Mn3VO8,Li,2.9265328108333333,288.5643169039416,1158.0670022069335,844.492941455093,3389.1210791019894,0.072697021168241,0.113040219895832,0.136482870312499,1,3,Mn-O-V,"Mn,V,O",mp-756398,mp-773098,"mp-756398,mp-773098,mp-804062",
BAT_01127,Li0-2MnV5O12,MnV5O12,MnV5O12,Li2MnV5O12,Li,2.467122138333342,103.97836440524533,344.58934686094415,256.5273247318723,850.1440062744622,0.008937841548974,0.061509615000002,0.098953404666657,1,3,Mn-O-V,"Mn,V,O",mp-756126,mp-776140,"mp-756126,mp-776140",
BAT_01128,Li4-1Mn3V5O16,Mn3V5O16,Li4Mn3V5O16,Li10Mn3V5O16,Li,1.7794596466666661,215.87344623546187,840.9238081913018,384.13808636287047,1496.389982597681,0.090475125506612,0.06304822352679,0.083222447034314,1,3,Mn-O-V,"Mn,V,O",mp-773187,mp-764265,"mp-773187,mp-764265",More than one working ion per transition metal
BAT_01129,Li0-3MnV4O12,MnV4O12,MnV4O12,Li3MnV4O12,Li,3.586949089999994,170.52186517428908,667.0530451861255,611.653249112018,2392.685313412098,0.027271428934595002,0.06881137661764501,0.071739747249962,1,3,Mn-O-V,"Mn,V,O",mp-758590,mp-756140,"mp-758590,mp-756140",
BAT_01130,Li3-4MnV3O8,MnV3O8,Li3MnV3O8,Li4MnV3O8,Li,2.547217723333337,73.72731209068083,291.9943924026573,187.79951605111043,743.7732914419978,0.008082336633948,0.062078767299991004,0.038515847031249,1,3,Mn-O-V,"Mn,V,O",mp-757175,mp-759213,"mp-757175,mp-759213,mp-1177391,mp-1408159",
BAT_01131,Li0-1MnVO4,MnVO4,MnVO4,LiMnVO4,Li,3.699111768333336,151.57653161310955,573.0230300044982,560.6985318932035,2119.6762338156655,0.057176871497692,0.07868121312500101,0.023731770714283004,1,3,Mn-O-V,"Mn,V,O",mp-756542,mp-861234,"mp-756542,mp-861234",
BAT_01132,Li0-5Mn3V2O10,Mn3V2O10,Mn3V2O10,Li5Mn3V2O10,Li,3.115283914333334,290.4389429417727,1148.0745615614942,904.7997670424817,3576.578214087818,0.005481098505827,0.10107246799998001,0.049905247374996006,1,3,Mn-O-V,"Mn,V,O",mp-772119,mp-756863,"mp-772119,mp-756863",
BAT_01133,Li3-4Mn3WO8,Mn3WO8,Li3Mn3WO8,Li4Mn3WO8,Li,2.126393193333332,53.133966304368,265.3166576760211,112.98370428441078,564.1675349602413,0.0032685967475780003,0.08607234266667001,0.0928985121875,1,3,Mn-O-W,"Mn,W,O",mp-756701,mp-773363,"mp-756701,mp-773363",
BAT_01134,Li0-0.5MnS2,MnS2,MnS2,Li(MnS2)2,Li,1.912960288333335,109.35939032638217,370.84515694391416,209.2001708507138,709.412058354451,0.091171430142557,0.011561333333332001,0.0,1,2,Mn-S,"Mn,S",mp-1386044,mp-1045401,"mp-1386044,mp-1045401,mp-1045435",
BAT_01135,Li0-1Nd2Tl(MoO4)4,Nd2Tl(MoO4)4,Nd2Tl(MoO4)4,LiNd2Tl(MoO4)4,Li,4.874743938333329,23.51917557679468,125.7140727686763,114.64995857757714,612.8239141922999,0.032812614738324,0.06450082146738301,0.007120004791676001,1,4,Mo-Nd-O-Tl,"Nd,Tl,Mo,O",mp-543110,mp-630880,"mp-543110,mp-630880",
BAT_01136,Li0-4Mo3O8,Mo3O8,Mo3O8,Li4Mo3O8,Li,2.9926173520833332,241.68384040878283,1116.5259592288633,723.2672545254626,3341.3349596397843,0.023754221230093003,0.253951274285714,0.080327327666667,1,2,Mo-O,"Mo,O",mp-1173004,mp-554485,"mp-1173004,mp-554485",More than one working ion per transition metal
BAT_01137,Li0-0.5MoO2,MoO2,MoO2,Li(MoO2)2,Li,3.175817193333334,101.97710947917648,493.0717231372312,323.8606576104044,1565.9056558857126,0.015641656788468,0.228986432499999,0.013859966964286001,1,2,Mo-O,"Mo,O",mp-714969,mp-25576,"mp-714969,mp-635966,mp-25427,mp-715482,mp-25576,mp-636380,mp-25387",
BAT_01138,Li0-1MoO2,MoO2,MoO2,LiMoO2,Li,2.412900513333331,198.7064122675441,1009.0763334251747,479.45880416298166,2434.8008029141192,0.06014734384117801,0.20994759833333201,0.0289651621875,1,2,Mo-O,"Mo,O",mp-714883,mp-19338,"mp-714883,mp-25571,mp-25349,mp-1223041,mp-19338",
BAT_01139,Li0-1MoO2,MoO2,MoO2,LiMoO2,Li,1.680403058333334,198.7064122675441,1045.5731042380999,333.90686288482544,1756.984242072781,0.162550776323304,0.0,0.05462882718749901,1,2,Mo-O,"Mo,O",mp-510536,mp-35899,"mp-510536,mp-715550,mp-35899,mp-690493",
BAT_01140,Li0-4Mo3O8,Mo3O8,Mo3O8,Li4Mo3O8,Li,3.201325305833334,241.68384040878283,1037.9395191103715,773.7085943116214,3322.7820484525137,0.06822875960449701,0.28322315564935,0.046137919666667006,2,2,Mo-O,"Mo,O",mp-715479,mp-566257,"mp-715479,mp-25274,mp-25273,mp-566257,mp-690551",More than one working ion per transition metal
BAT_01141,Li0-0.5Mo4O5,Mo4O5,Mo4O5,Li(Mo4O5)2,Li,4.430885403333325,28.681403754449267,172.48506565982888,127.08401324269889,764.261559725126,0.061611542749984004,0.6811400525,0.5120291530921001,1,2,Mo-O,"Mo,O",mp-543061,mp-29324,"mp-543061,mp-29324",
BAT_01142,Li0-1Rb3TbV2O8,Rb3TbV2O8,Rb3TbV2O8,Rb3LiTbV2O8,Li,0.18339998333333501,41.09724050403577,161.77469800746945,7.537233223486241,29.669476918325284,0.08411619034214901,0.0,0.101089640488095,1,4,O-Rb-Tb-V,"Rb,Tb,V,O",mp-1209304,mp-1235041,"mp-1209304,mp-1235041,mp-1235340,mp-1236786,mp-1236680",
BAT_01143,Li0-0.25ReO3,ReO3,ReO3,Li(ReO3)4,Li,2.043466723333357,28.398565342826856,210.85440295162238,58.031523268474636,430.87395589996316,0.0198779179977,0.005713556875001,0.031778230686274,1,2,O-Re,"Re,O",mp-1237229,mp-756519,"mp-1237229,mp-756519",
BAT_01144,Li0-2ReO3,ReO3,ReO3,Li2ReO3,Li,1.550919148333332,216.06500573478914,1646.627957467425,335.0993546788359,2553.786829417234,0.046081133000650004,0.005611710000000001,0.20777628952381402,2,2,O-Re,"Re,O",mp-755021,mp-556288,"mp-755021,mp-8189,mp-556288",More than one working ion per transition metal
BAT_01145,Li0-2Sn(SO4)2,Sn(SO4)2,Sn(SO4)2,Li2Sn(SO4)2,Li,3.286601863958329,165.07583303480007,482.2574149189916,542.5385405466478,1584.988118780483,0.254431605227042,0.0,0.051549445384615006,2,3,O-S-Sn,"Sn,S,O",mp-759223,mp-780576,"mp-759223,mp-1176625,mp-780576",Transition metal not found
BAT_01146,Li0-1Sb(SO4)2,Sb(SO4)2,Sb(SO4)2,LiSb(SO4)2,Li,4.415403159583339,83.53894147474206,256.46590916631914,368.85810613582373,1132.400385658379,0.096760897643742,0.007922254280298,0.025203409062512002,1,3,O-S-Sb,"Sb,S,O",mp-760060,mp-779809,"mp-760060,mp-779809",Transition metal not found
BAT_01147,Li0-1Sn2(SO4)3,Sn2(SO4)3,Sn2(SO4)3,LiSn2(SO4)3,Li,3.265358058333338,50.326807881951645,157.28318039674605,164.33504766752455,513.5859005488109,0.030980401935839,0.08286472676470401,0.089847385624997,1,3,O-S-Sn,"Sn,S,O",mp-768883,mp-768785,"mp-768883,mp-768785",Transition metal not found
BAT_01148,Li0-2Sn2(SO4)3,Sn2(SO4)3,Sn2(SO4)3,Li2Sn2(SO4)3,Li,3.8906334245833323,99.35862047943777,296.88926709683454,386.5679698577906,1155.087305966993,0.141161919214561,0.088309327794116,0.035148053289471,1,3,O-S-Sn,"Sn,S,O",mp-768943,mp-768755,"mp-768943,mp-768755",Transition metal not found
BAT_01149,Li0-1Ti(SO4)2,Ti(SO4)2,Ti(SO4)2,LiTi(SO4)2,Li,2.787166603333337,108.53737425896514,301.087760384025,302.5117447480791,839.1817504147846,0.042924588954776,0.003248894356061,0.088063802612847,1,3,O-S-Ti,"Ti,S,O",mp-780570,mp-1176809,"mp-780570,mp-1176809",
BAT_01150,Li0-1Sn2(SO4)3,Sn2(SO4)3,Sn2(SO4)3,LiSn2(SO4)3,Li,2.54129316333334,50.326807881951645,163.71130885268582,127.89517280279418,416.0384299476834,0.06239992598967101,0.011755777941174,0.06291476145833101,1,3,O-S-Sn,"Sn,S,O",mp-768939,mp-768678,"mp-768939,mp-768678",Transition metal not found
BAT_01151,Li0-2V2(SO4)3,V2(SO4)3,V2(SO4)3,Li2V2(SO4)3,Li,3.139078588333324,132.69610283856872,380.0578100059772,416.54349517582784,1193.0313337186176,0.099277950152375,0.061211390735294004,0.050706453549384,1,3,O-S-V,"V,S,O",mp-25278,mp-558327,"mp-25278,mp-558327",
BAT_01152,Li0.29-1.57Y2Ti2S2O5,Y2Ti2S2O5,Li2Y14Ti14(S2O5)7,Li11Y14Ti14(S2O5)7,Li,0.63421575111112,80.40283805942508,329.6177539103386,50.99274633132404,209.04877137580579,0.032420045863210005,0.010051659417731,0.09214635329545601,2,4,O-S-Ti-Y,"Y,Ti,S,O",mp-774554,mp-774552,"mp-774554,mp-774474,mp-774552",
BAT_01153,Li0-1.5Y2Ti2S2O5,Y2Ti2S2O5,Y2Ti2S2O5,Li3Y4Ti4(S2O5)2,Li,0.7343992300000031,93.91194937361817,385.3280003256748,68.96886330778447,282.98458673661656,0.041379225532461004,0.0,0.08820435353334001,3,4,O-S-Ti-Y,"Y,Ti,S,O",mp-25305,mp-1222559,"mp-25305,mp-756557,mp-644527,mp-1222559",
BAT_01154,Li0-2V2(SO4)3,V2(SO4)3,V2(SO4)3,Li2V2(SO4)3,Li,2.678340250833334,132.69610283856872,361.9247588356586,355.40531336125804,969.3576493626919,0.11378723754332301,0.0,0.044437139470436,1,3,O-S-V,"V,S,O",mp-770389,mp-770191,"mp-770389,mp-1176597,mp-770191",
BAT_01155,Li0-1V(SO4)2,V(SO4)2,V(SO4)2,LiV(SO4)2,Li,4.68184435000001,107.20262274067515,286.32657675812834,501.9059935836126,1340.5364656498873,0.028265060125028003,0.012826368863586,0.014586994652780001,1,3,O-S-V,"V,S,O",mp-771320,mp-771941,"mp-771320,mp-771941",
BAT_01156,Li0-2V(SO4)2,V(SO4)2,V(SO4)2,Li2V(SO4)2,Li,3.681827723333332,208.61347923039807,577.6556688221791,768.0788912915019,2126.828656010157,0.138429294655322,0.0,0.034818142882246,2,3,O-S-V,"V,S,O",mp-849323,mp-759347,"mp-849323,mp-1176627,mp-759347",More than one working ion per transition metal
BAT_01157,Li0-1SbO3,SbO3,SbO3,LiSbO3,Li,5.363154020833332,151.6785652983369,785.9927410072448,813.4755073540067,4215.400129278817,0.027763968772135002,0.22257571249999902,0.0,1,2,O-Sb,"Sb,O",mp-1105545,mp-4995,"mp-1105545,mp-4995",Transition metal not found
BAT_01158,Li1-3V(SO4)3,V(SO4)3,LiV(SO4)3,Li3V(SO4)3,Li,4.042805750833335,148.9168489567306,396.6291717925439,602.0418933582497,1603.4946966711595,0.06477254591745,0.02428851480392,0.07879372552632001,1,3,O-S-V,"V,S,O",mp-772428,mp-772425,"mp-772428,mp-761173,mp-772425",More than one working ion per transition metal
BAT_01159,Li1-4SbTe2WO12,SbTe2WO12,LiSbTe2WO12,Li4SbTe2WO12,Li,3.169327583333327,103.00908714918847,578.3680097122572,326.4695412359096,1833.0376864986545,0.130010000852253,0.040831310318629,0.084805476406256,1,4,O-Sb-Te-W,"Sb,Te,W,O",mp-754339,mp-753933,"mp-754339,mp-753933",More than one working ion per transition metal
BAT_01160,Li1-4Sb(TeO4)3,Sb(TeO4)3,LiSb(TeO4)3,Li4Sb(TeO4)3,Li,3.217259726666668,111.00728774493659,582.7307033887487,357.13927622828294,1874.796023504761,0.131418543362662,0.029706476421571003,0.09710654528125001,1,3,O-Sb-Te,"Sb,Te,O",mp-774910,mp-753363,"mp-774910,mp-759207,mp-753363",Transition metal not found
BAT_01161,Li1-4Sb(TeO4)3,Sb(TeO4)3,LiSb(TeO4)3,Li4Sb(TeO4)3,Li,3.22961835,111.00728774493659,546.4974086371121,358.5111734847773,1764.9780591618658,0.10437355036008,0.0014468440686300002,0.07123206428125001,1,3,O-Sb-Te,"Sb,Te,O",mp-761825,mp-776021,"mp-761825,mp-849732,mp-776021",Transition metal not found
BAT_01162,Li0-1SbWO7,SbWO7,SbWO7,LiSbWO7,Li,5.468979158333337,63.131114064467184,314.26550322551026,345.2627470609356,1718.7114873234536,0.0041718608568690006,0.364055339583333,0.228037006874998,1,3,O-Sb-W,"Sb,W,O",mp-1219467,mp-1222410,"mp-1219467,mp-1222410",
BAT_01163,Li0-1TiSiO4,TiSiO4,TiSiO4,LiTiSiO4,Li,2.027175640833332,182.4581689793588,622.9436366471728,369.87475562600804,1262.8161658232787,0.05313506553534401,0.15567137249999802,0.06589476983332701,1,3,O-Si-Ti,"Ti,Si,O",mp-1095481,mp-1176604,"mp-1095481,mp-1176604,mp-753349",
BAT_01164,Li0-0.5SrVSi2O7,SrVSi2O7,SrVSi2O7,Sr2LiV2(Si2O7)2,Li,0.8407320233333491,43.20049133872196,153.0689520685517,36.32003649219856,128.68996978210902,0.023542805438618003,0.0024682599545520004,0.081462361304351,1,4,O-Si-Sr-V,"Sr,V,Si,O",mp-19296,mp-1235062,"mp-19296,mp-1179076,mp-1235062,mp-1235454,mp-1235467,mp-1235848,mp-1235092",
BAT_01165,Li0-1Ti(SiO3)2,Ti(SiO3)2,Ti(SiO3)2,LiTi(SiO3)2,Li,1.587675213333331,129.4911431279461,410.46587883968266,205.58987829043878,651.6865017528467,0.001370756700821,0.03947997,0.032205531133328004,1,3,O-Si-Ti,"Ti,Si,O",mp-25301,mp-11206,"mp-25301,mp-11206",
BAT_01166,Li0-1Ti(SiO3)2,Ti(SiO3)2,Ti(SiO3)2,LiTi(SiO3)2,Li,1.6094728358333341,129.4911431279461,418.94362606934624,208.4124773454356,674.2783859041308,0.014261915388505,0.046661668750001,0.036489297758329,1,3,O-Si-Ti,"Ti,Si,O",mp-766596,mp-757419,"mp-766596,mp-757419",
BAT_01167,Li1-2VSiO5,VSiO5,LiVSiO5,Li2VSiO5,Li,3.389559458333342,155.0060792879593,474.90053941293877,525.4023221496705,1609.703615134733,0.0008848357690150001,0.054174595312497006,0.0,1,3,O-Si-V,"V,Si,O",mp-754539,mp-18860,"mp-754539,mp-763247,mp-25243,mp-18860",More than one working ion per transition metal
BAT_01168,Li0.5-1VSiO4,VSiO4,LiV2(SiO4)2,LiVSiO4,Li,3.441094628333336,89.3587634276257,312.5387492684376,307.49196082531216,1075.47541125364,0.025734007568929,0.07179887615380601,0.004977611517885,1,3,O-Si-V,"V,Si,O",mp-762820,mp-753702,"mp-762820,mp-752915,mp-753702,mp-766121",
BAT_01169,Li0.5-1VSiO4,VSiO4,LiV2(SiO4)2,LiVSiO4,Li,3.453059493333332,89.3587634276257,306.945162696665,308.5611263662903,1059.8999079824632,0.0070948567226860005,0.07786795538457601,0.009758551875028,1,3,O-Si-V,"V,Si,O",mp-754643,mp-766923,"mp-754643,mp-766923",
BAT_01170,Li0-1V(SiO3)2,V(SiO3)2,V(SiO3)2,LiV(SiO3)2,Li,3.24831098333333,127.5957815041278,399.1660444759995,414.47077848685814,1296.61544644511,0.045627051202625,0.093366923888893,0.029251357375006,1,3,O-Si-V,"V,Si,O",mp-753907,mp-757307,"mp-753907,mp-757307",
BAT_01171,Li0.5-1VSiO4,VSiO4,LiV2(SiO4)2,LiVSiO4,Li,3.372263413333333,89.3587634276257,313.83305262602255,301.34128856769087,1058.3277212654505,0.012620380996877002,0.07606761769226901,0.013857958303599002,1,3,O-Si-V,"V,Si,O",mp-778032,mp-753374,"mp-778032,mp-777484,mp-753374",
BAT_01172,Li2-3VSi2O7,VSi2O7,Li2VSi2O7,Li3VSi2O7,Li,3.316359190000004,111.70481360857833,316.94400981800237,370.4532851780463,1051.1001796753837,0.017870791082745002,0.094419944583362,0.025137408189110002,1,3,O-Si-V,"V,Si,O",mp-1177775,mp-1253145,"mp-1177775,mp-1253145,mp-766120",More than one working ion per transition metal
BAT_01173,Li1-2VSiO5,VSiO5,LiVSiO5,Li2VSiO5,Li,3.39869590583334,155.0060792879593,468.34211192364836,526.8185270552653,1591.7524183242435,0.009318104281826,0.088735903437497,0.029706001944443002,2,3,O-Si-V,"V,Si,O",mp-780114,mp-766036,"mp-780114,mp-779630,mp-766036",More than one working ion per transition metal
BAT_01174,Li0-2V2Si4O11,V2Si4O11,V2Si4O11,Li2V2Si4O11,Li,2.43101675583333,132.6476348222565,405.4566568315103,322.46862287456634,985.6719265215662,0.068614157439638,0.09272082095588201,0.013355919078939,1,3,O-Si-V,"V,Si,O",mp-867855,mp-756730,"mp-867855,mp-756730",
BAT_01175,Li0-1V(SiO3)2,V(SiO3)2,V(SiO3)2,LiV(SiO3)2,Li,3.232427735833345,127.5957815041278,407.6736477623321,412.444143109274,1317.7756061953157,0.026588807289217004,0.067616735277782,0.007664512375006,1,3,O-Si-V,"V,Si,O",mp-1265975,mp-19043,"mp-1265975,mp-25239,mp-19043",
BAT_01176,Li0-2V3Si3O10,V3Si3O10,V3Si3O10,Li2V3Si3O10,Li,2.284670235833336,130.43447925385814,435.8219774013194,297.99977247771045,995.7094998908233,0.044586651022703004,0.099466384375007,0.029973267847214,1,3,O-Si-V,"V,Si,O",mp-1101243,mp-767778,"mp-1101243,mp-767778",
BAT_01177,Li0-2V4Si4O13,V4Si4O13,V4Si4O13,Li2V4Si4O13,Li,2.23085413583333,99.63705544668166,343.3821536062984,222.27573722548462,766.0354975439667,0.046111930674157,0.065547243273833,0.019753298043506,1,3,O-Si-V,"V,Si,O",mp-766894,mp-767720,"mp-766894,mp-767720",
BAT_01178,Li0.5-1VSiO4,VSiO4,LiV2(SiO4)2,LiVSiO4,Li,3.9020048283333373,89.3587634276257,330.50388178753497,348.6783263484919,1289.6277425178719,0.009264114113513001,0.15457002576919002,0.04891437901788501,1,3,O-Si-V,"V,Si,O",mp-756291,mp-766083,"mp-756291,mp-766083,mp-802523",
BAT_01179,Li0-2V2Si4O11,V2Si4O11,V2Si4O11,Li2V2Si4O11,Li,0.622644533333333,132.6476348222565,409.7146431975787,82.59232468167433,255.10658281358963,0.05888731332421,0.9960509297794121,1.011953618815781,1,3,O-Si-V,"V,Si,O",mp-861633,mp-781020,"mp-861633,mp-781020",
BAT_01180,Li1-3V(Si2O5)3,V(Si2O5)3,LiV(Si2O5)3,Li3V(Si2O5)3,Li,2.915834747083328,111.61040603480716,291.43066964775807,325.43750005236944,849.7636729246955,0.015192161266284001,0.049884074782605,0.034445965750029,2,3,O-Si-V,"V,Si,O",mp-775301,mp-757761,"mp-775301,mp-775292,mp-757761",More than one working ion per transition metal
BAT_01181,Li0-1V(SiO3)2,V(SiO3)2,V(SiO3)2,LiV(SiO3)2,Li,3.374197618333331,127.5957815041278,413.47866298780286,430.5333820606081,1395.1587198850943,0.018444969582438003,0.074852819583338,0.0,1,3,O-Si-V,"V,Si,O",mp-766689,mp-765346,"mp-766689,mp-765346",
BAT_01182,Li0-0.5VZnSiO5,VZnSiO5,VZnSiO5,LiV2Zn2(SiO5)2,Li,2.214200378333335,58.80006481989941,236.3000598742271,130.1951257702459,523.2156819737033,0.031359334288498006,0.04955900906249901,0.08062523859067801,1,4,O-Si-V-Zn,"V,Zn,Si,O",mp-1046716,mp-1235640,"mp-1046716,mp-1235640,mp-1236180,mp-1236082,mp-1235244",
BAT_01183,Li0-0.25SmVO3,SmVO3,SmVO3,LiSm4V4O12,Li,-0.727102896666674,26.690985802339366,177.1446555802874,-19.407093091770033,-128.80239220144733,0.038479399982029004,0.0,0.090977518690479,1,3,O-Sm-V,"Sm,V,O",mp-1188225,mp-1236252,"mp-1188225,mp-1236252",
BAT_01184,Li1.75-2SnO3,SnO3,Li7(SnO3)4,Li2SnO3,Li,4.657263323333329,37.102623987021296,178.6710134825539,172.7966898941817,832.117958035093,0.004751987513914,0.050716445710146,0.0,1,2,O-Sn,"Sn,O",mp-1222532,mp-3540,"mp-1222532,mp-3540",Transition metal not found
BAT_01185,Li0-0.25ZnSnO2,ZnSnO2,ZnSnO2,LiZn4(SnO2)4,Li,0.564751973333334,30.7563758521672,172.20869220345696,17.36972395509314,97.25519874705512,0.002169341933444,0.10042666,0.166295750220588,1,3,O-Sn-Zn,"Zn,Sn,O",mp-1369243,mp-1236347,"mp-1369243,mp-1236347,mp-1236032",
BAT_01186,Li1-4V(TeO4)3,V(TeO4)3,LiV(TeO4)3,Li4V(TeO4)3,Li,3.636997131666665,123.03695883538134,577.0151143425882,447.4850663732715,2098.602315792306,0.07367447706270801,0.026324398750003003,0.030954176531247,1,3,O-Te-V,"V,Te,O",mp-764607,mp-1566890,"mp-764607,mp-756502,mp-1566890,mp-755674",More than one working ion per transition metal
BAT_01187,Li2-4Ti(TeO4)3,Ti(TeO4)3,Li2Ti(TeO4)3,Li4Ti(TeO4)3,Li,3.487985610833331,82.41236297123166,383.11030990284365,287.4531361984297,1336.283248303017,0.056860893858752,0.009614493888892,0.029828124187499003,1,3,O-Te-Ti,"Ti,Te,O",mp-758894,mp-850190,"mp-758894,mp-756432,mp-850190",More than one working ion per transition metal
BAT_01188,Li1-4V(TeO4)3,V(TeO4)3,LiV(TeO4)3,Li4V(TeO4)3,Li,3.349824710000002,123.03695883538134,589.1690003425388,412.1522449500135,1973.6128757134359,0.156060469841783,0.048803521102944,0.09313729378124701,1,3,O-Te-V,"V,Te,O",mp-761280,mp-771275,"mp-761280,mp-771275",More than one working ion per transition metal
BAT_01189,Li1-4VTe(WO6)2,VTe(WO6)2,LiVTe(WO6)2,Li4VTe(WO6)2,Li,3.202911608333328,104.96961002170907,600.9587233491553,336.2083824607544,1924.8176711441865,0.080553149303328,0.05030554477941,0.057561617000001,1,4,O-Te-V-W,"V,Te,W,O",mp-753012,mp-775927,"mp-753012,mp-775927",More than one working ion per transition metal
BAT_01190,Li0-0.5TiO2,TiO2,TiO2,LiTi2O4,Li,2.098045070833334,160.8031622796062,604.9779366102864,337.37228199514044,1269.2709778681324,0.059411943477676005,0.111541038749999,0.040692225714284005,1,2,O-Ti,"Ti,O",mp-756587,mp-776170,"mp-756587,mp-776170",
BAT_01191,Li0-0.33TiO2,TiO2,TiO2,LiTi3O6,Li,1.982179073333328,108.71118310723153,422.0291501440827,215.485032192462,836.53734975225,0.035801605823067004,0.06464358777777801,0.031325763499999,2,2,O-Ti,"Ti,O",mp-766454,mp-754937,"mp-766454,mp-757527,mp-754937",
BAT_01192,Li0-0.75TiO2,TiO2,TiO2,Li3Ti4O8,Li,1.026649449999998,236.28476099263406,934.5498350292401,242.5816199164688,959.4550741303584,0.11106615280384001,0.037221306666666,0.127025267,1,2,O-Ti,"Ti,O",mp-2657,mp-558256,"mp-2657,mp-1041565,mp-675334,mp-558256",
BAT_01193,Li0-1TiO2,TiO2,TiO2,LiTiO2,Li,1.782461443333333,308.7486365741381,1205.5376936012194,550.3325403751371,2148.8244573291677,0.026268883505719,0.152601063333333,0.021963843750000003,2,2,O-Ti,"Ti,O",mp-25433,mp-25417,"mp-25433,mp-760539,mp-25417",
BAT_01194,Li0-0.5TiO2,TiO2,TiO2,LiTi2O4,Li,1.359812448333327,160.8031622796062,584.3529109532856,218.6621417991726,794.6103625340938,0.038278747758847,0.0,0.050547424285714,1,2,O-Ti,"Ti,O",mp-554278,mp-1104112,"mp-554278,mp-1235362,mp-1235089,mp-1222384,mp-1104112",
BAT_01195,Li0-1Ti8O13,Ti8O13,Ti8O13,LiTi8O13,Li,0.53742122333333,44.82833560478428,181.13062222085148,24.09169896072024,97.34344057705724,0.0048705627354620005,0.008284844761904001,0.059788260681807,1,2,O-Ti,"Ti,O",mp-752989,mp-755797,"mp-752989,mp-755797",
BAT_01196,Li0-1TiO2,TiO2,TiO2,LiTiO2,Li,1.431707528333331,308.7486365741381,1255.594450369742,442.0377473458453,1797.644027127911,0.018046151721657,0.006397966666666001,0.0,2,2,O-Ti,"Ti,O",mp-390,mp-38280,"mp-390,mp-34688,mp-1193296,mp-675692,mp-1192813,mp-758044,mp-38280",
BAT_01197,Li0-1TiO2,TiO2,TiO2,LiTiO2,Li,1.524724563333334,308.7486365741381,1155.315480426982,470.756630080265,1761.5378914062712,0.40757198579094506,0.15180207,0.085798818749999,1,2,O-Ti,"Ti,O",mp-1426806,mp-1235941,"mp-1426806,mp-1235941",
BAT_01198,Li0.33-0.67TiO2,TiO2,LiTi3O6,Li2Ti3O6,Li,1.413359963333318,105.73435610690214,421.4029199829986,149.4407056703232,595.594015535724,0.025769240347554002,0.038608766499999,0.035021939090908005,1,2,O-Ti,"Ti,O",mp-752891,mp-758089,"mp-752891,mp-758089",
BAT_01199,Li0-0.5Ti2O3,Ti2O3,Ti2O3,LiTi4O6,Li,1.20776282333333,91.0359699426841,390.82564817183595,109.94986008286436,472.0246882670954,0.021761471793217,0.09642217899999901,0.097941862272724,1,2,O-Ti,"Ti,O",mp-1101295,mp-1236151,"mp-1101295,mp-1236151",
BAT_01200,Li0.75-1TiO2,TiO2,Li3Ti4O8,LiTiO2,Li,1.699734523333338,77.18715914353453,308.2983447942265,131.19767915429017,524.0253401332717,0.011017810582760001,0.046683688333333,0.006993977499999001,1,2,O-Ti,"Ti,O",mp-761891,mp-772030,"mp-761891,mp-753131,mp-772030",
BAT_01201,Li4-7Ti11O24,Ti11O24,Li4Ti11O24,Li7Ti11O24,Li,1.825967073333349,83.83238311460097,304.0549477339334,153.07517124632807,555.1943230462549,0.009706673343337,0.039740416923072,0.031106062142871004,1,2,O-Ti,"Ti,O",mp-766548,mp-766543,"mp-766548,mp-766543",
BAT_01202,Li0-2Ti13O22,Ti13O22,Ti13O22,Li2Ti13O22,Li,0.763753848333327,54.24633466917109,216.74504437919512,41.430846861557036,165.53986175178818,0.010776712400559002,0.010390942428573,0.05976133310811801,1,2,O-Ti,"Ti,O",mp-656852,mp-772150,"mp-656852,mp-772150",
BAT_01203,Li4-7Ti11O24,Ti11O24,Li4Ti11O24,Li7Ti11O24,Li,2.524116049999998,83.83238311460097,296.80148466382747,211.60266372931315,749.1613911037953,0.0050027508343580005,0.059945348205122005,0.0,1,2,O-Ti,"Ti,O",mp-759812,mp-766823,"mp-759812,mp-767194,mp-766823",
BAT_01204,Li4-6Ti9O20,Ti9O20,Li4Ti9O20,Li6Ti9O20,Li,2.759122998333315,67.64318462001116,235.4959476849109,186.63586636557918,649.7622852717369,0.00018918214147500002,0.06478981515151,0.0031277414285790003,1,2,O-Ti,"Ti,O",mp-767633,mp-768114,"mp-767633,mp-768114",
BAT_01205,Li0-0.75TiO2,TiO2,TiO2,Li3Ti4O8,Li,1.443941676666663,236.28476099263406,890.993322233112,341.1814139584858,1286.5423916040802,0.058205990130358,0.059260387500000004,0.06119808633333201,5,2,O-Ti,"Ti,O",mp-9173,mp-755615,"mp-9173,mp-760093,mp-756035,mp-765985,mp-766834,mp-760378,mp-755615",
BAT_01206,Li0-1Ti3O4,Ti3O4,Ti3O4,LiTi3O4,Li,1.088049963333337,124.92556686674111,591.6581393852447,135.92525844875408,643.7536168639862,0.028374961485584,0.057754788571427004,0.066546966874998,1,2,O-Ti,"Ti,O",mp-755875,mp-1235293,"mp-755875,mp-1235293,mp-1235399,mp-867744",
BAT_01207,Li4-5Ti3O8,Ti3O8,Li4Ti3O8,Li5Ti3O8,Li,1.927368303333343,87.50041183437705,302.19630809178904,168.64552029819205,582.4435856004717,0.0041485613394760005,0.058267760666665,0.022447608437497,1,2,O-Ti,"Ti,O",mp-755266,mp-756645,"mp-755266,mp-758836,mp-756645",More than one working ion per transition metal
BAT_01208,Li4-8Ti15O32,Ti15O32,Li4Ti15O32,Li8Ti15O32,Li,2.684563500833338,83.39538990670934,294.68351584552227,223.8802198813169,791.0966109361318,0.007439050949797001,0.08616287941176401,0.010985033363651002,1,2,O-Ti,"Ti,O",mp-759678,mp-759713,"mp-759678,mp-766828,mp-759713",
BAT_01209,Li0.5-1TiO2,TiO2,LiTi2O4,LiTiO2,Li,1.3812677044444441,154.37431828706906,595.8116152911674,213.23226024555592,822.9753421345673,0.072799573981115,0.100815830873015,0.054478243749999,1,2,O-Ti,"Ti,O",mp-760832,mp-755000,"mp-760832,mp-755000",
BAT_01210,Li0-1TiO2,TiO2,TiO2,LiTiO2,Li,1.8364684058333312,308.7486365741381,1205.993896353914,567.0071164125219,2214.7696882817995,0.027856752673017002,0.178814235833332,0.028121982500000003,4,2,O-Ti,"Ti,O",mp-25262,mp-6944,"mp-25262,mp-752546,mp-531914,mp-1222545,mp-685809,mp-530141,mp-774528,mp-5670,mp-760594,mp-752879,mp-6944",
BAT_01211,Li0-0.75TiO2,TiO2,TiO2,Li3Ti4O8,Li,1.266085764999999,236.28476099263403,949.6903901867497,299.15677237920113,1202.3894841727392,0.061690256416365004,0.020207282499999,0.065526784666666,2,2,O-Ti,"Ti,O",mp-1840,mp-1222595,"mp-1840,mp-1235333,mp-1232993,mp-1222595",
BAT_01212,Li0-3Ti4VO8,Ti4VO8,Ti4VO8,Li3Ti4VO8,Li,1.641090300000001,205.5182785781571,898.9400336869066,337.27405344731176,1475.2417695652573,0.02919250245816,0.128168672307671,0.078791408437499,2,3,O-Ti-V,"Ti,V,O",mp-768727,mp-752543,"mp-768727,mp-753565,mp-753566,mp-752543",
BAT_01213,Li4-5Ti2V5O12,Ti2V5O12,Li4Ti2V5O12,Li5Ti2V5O12,Li,1.821959553333333,46.438496122797204,193.1315997112734,84.60906165336334,351.8779631445039,0.010909541331719001,0.057751034891309005,0.039652317083336004,1,3,O-Ti-V,"Ti,V,O",mp-759236,mp-754301,"mp-759236,mp-754301",
BAT_01214,Li1-4TiV3O10,TiV3O10,LiTiV3O10,Li4TiV3O10,Li,3.093052181666668,206.98815016132517,643.3772192666111,640.2251494356348,1989.9993116872258,0.013325724089418001,0.069599992166667,0.047962228819440005,1,3,O-Ti-V,"Ti,V,O",mp-756940,mp-754484,"mp-756940,mp-754484",
BAT_01215,Li1.33-2TiVO4,TiVO4,Li4Ti3V3O12,Li2TiVO4,Li,1.930250697083331,101.12539609011169,392.58178879509643,195.19736629576607,757.7812714839561,0.008726115983600001,0.06125209534094501,0.018808280156251002,1,3,O-Ti-V,"Ti,V,O",mp-753117,mp-759813,"mp-753117,mp-759813,mp-763993,mp-1288887",
BAT_01216,Li0-5TiV3O8,TiV3O8,TiV3O8,Li5TiV3O8,Li,1.857053013333332,368.7684824029263,1322.1070625157327,684.822621468714,2455.2229043941215,0.156845711367278,0.024643885416667,0.08875339607842701,3,3,O-Ti-V,"Ti,V,O",mp-1317675,mp-753058,"mp-1317675,mp-755715,mp-756105,mp-754081,mp-753058",More than one working ion per transition metal
BAT_01217,Li1-2TiVO4,TiVO4,LiTiVO4,Li2TiVO4,Li,1.439524123333332,151.68809413516752,588.2216879315541,218.35867073003106,846.7593096453237,0.010450971928153,0.0,0.018920358593751,1,3,O-Ti-V,"Ti,V,O",mp-772042,mp-756796,"mp-772042,mp-752789,mp-763577,mp-756796,mp-1314918",
BAT_01218,Li1-5Ti2V3O10,Ti2V3O10,LiTi2V3O10,Li5Ti2V3O10,Li,2.282388664583327,241.8592456562056,945.366021835533,552.0168007103979,2157.6926921196546,0.029739939718401002,0.072528359895823,0.011119066625002,3,3,O-Ti-V,"Ti,V,O",mp-754024,mp-760954,"mp-754024,mp-759328,mp-1293112,mp-752510,mp-760954,mp-1305527",
BAT_01219,Li1-4TiV3O8,TiV3O8,LiTiV3O8,Li4TiV3O8,Li,2.508448786666666,225.56960453743443,878.105060527225,565.8298008108071,2202.681573645377,0.024346508071475002,0.10262288641026,0.020228368984375,3,3,O-Ti-V,"Ti,V,O",mp-782720,mp-764005,"mp-782720,mp-754709,mp-1280539,mp-769560,mp-1306174,mp-756307,mp-764005,mp-760975,mp-800301",
BAT_01220,Li1-4Ti3VO8,Ti3VO8,LiTi3VO8,Li4Ti3VO8,Li,1.7856782074999982,229.52912713838296,885.8225142666433,409.8651603175069,1581.7939594388013,0.041203047234071005,0.096397002115384,0.046735552468761,3,3,O-Ti-V,"Ti,V,O",mp-753531,mp-760347,"mp-753531,mp-757246,mp-752665,mp-1304492,mp-1177610,mp-1315810,mp-760347",
BAT_01221,Li1-3TiV2O6,TiV2O6,LiTiV2O6,Li3TiV2O6,Li,2.249222745833333,201.08445414487855,784.0536202664312,452.28372809614075,1763.511236656228,0.028118406312728002,0.072047291374985,0.018697208645831003,2,3,O-Ti-V,"Ti,V,O",mp-849731,mp-1273419,"mp-849731,mp-1176571,mp-752814,mp-1276468,mp-1273419,mp-1275879,mp-759411",
BAT_01222,Li2-5TiV3O8,TiV3O8,Li2TiV3O8,Li5TiV3O8,Li,1.152329806666666,221.26108944175576,835.8354571853234,254.9657484192744,963.1581107835086,0.05522116681473901,0.005391733303586,0.10148203063725,1,3,O-Ti-V,"Ti,V,O",mp-775564,mp-759911,"mp-775564,mp-1177856,mp-774631,mp-759911",More than one working ion per transition metal
BAT_01223,Li1-3Ti2V3O12,Ti2V3O12,LiTi2V3O12,Li3Ti2V3O12,Li,2.353501049583333,116.1810753020439,346.0174470969267,273.4322826650806,814.3524249167625,0.012409555174401002,0.006644914027777,0.087978297500006,1,3,O-Ti-V,"Ti,V,O",mp-764774,mp-760212,"mp-764774,mp-757803,mp-760212",
BAT_01224,Li1-2TiVO5,TiVO5,LiTiVO5,Li2TiVO5,Li,3.289108493333334,139.0929932941363,428.35545988478555,457.4919456069003,1408.9075812727547,0.017185463165207002,0.08297436500000101,0.030157901388897002,1,3,O-Ti-V,"Ti,V,O",mp-756178,mp-755429,"mp-756178,mp-755429",
BAT_01225,Li1-3Ti2VO6,Ti2VO6,LiTi2VO6,Li3Ti2VO6,Li,1.625750133333338,203.43073923149095,794.3394115585818,330.727551429696,1291.39740425329,0.027754496439716003,0.06171979650001601,0.05276368187500301,2,3,O-Ti-V,"Ti,V,O",mp-752618,mp-867959,"mp-752618,mp-758843,mp-867959",
BAT_01226,Li0-2Ti3VO8,Ti3VO8,Ti3VO8,Li2Ti3VO8,Li,2.7304851033333333,159.33360112599763,592.1484333547414,435.0580243349917,1616.8524762372926,0.088214705719453,0.11438891958334801,0.036527025535722006,1,3,O-Ti-V,"Ti,V,O",mp-756455,mp-771076,"mp-756455,mp-771076",
BAT_01227,Li0-4Ti3V5O16,Ti3V5O16,Ti3V5O16,Li4Ti3V5O16,Li,2.780888373333331,157.1789413871588,603.3652686496046,437.097090636391,1677.8914604608271,0.075462631724227,0.107978601458334,0.07498423531250001,2,3,O-Ti-V,"Ti,V,O",mp-776195,mp-777694,"mp-776195,mp-2215221,mp-1235238,mp-777694",
BAT_01228,Li0-2TiVO4,TiVO4,TiVO4,Li2TiVO4,Li,2.070466623333332,303.37618827033504,1215.321813877964,628.1302721278179,2516.283252243248,0.046428722229221,0.022670830416682,0.025746037656252004,1,3,O-Ti-V,"Ti,V,O",mp-1276433,mp-1283290,"mp-1276433,mp-1274758,mp-755748,mp-1275288,mp-1279004,mp-2224111,mp-1272170,mp-1283290,mp-1281672,mp-755702,mp-1278326",
BAT_01229,Li2-3TiV3O8,TiV3O8,Li2TiV3O8,Li3TiV3O8,Li,1.8860462283333321,76.68308245912456,303.8036509840065,144.6278384490058,572.9877300922815,0.0050505503400140005,0.022408829553587,0.049881632750025,1,3,O-Ti-V,"Ti,V,O",mp-778325,mp-757012,"mp-778325,mp-1662321,mp-757012",
BAT_01230,Li1-2TiVO4,TiVO4,LiTiVO4,Li2TiVO4,Li,1.837429213333334,151.68809413516752,582.4944631462282,278.71613547881367,1070.292343189797,0.012119051892872,0.05547923595238301,0.017726553802085,1,3,O-Ti-V,"Ti,V,O",mp-769573,mp-757075,"mp-769573,mp-757075",
BAT_01231,Li0-1Ti3Zn2O8,Ti3Zn2O8,Ti3Zn2O8,LiTi3Zn2O8,Li,1.658714718333333,65.47243358668435,291.1745350532825,108.60008923533499,482.97548689674477,0.0016645569267550002,0.0,0.026685882321422,1,3,O-Ti-Zn,"Ti,Zn,O",mp-29104,mp-1211002,"mp-29104,mp-1211002",
BAT_01232,Li2-3Ti6Zn3O16,Ti6Zn3O16,Li2Ti6Zn3O16,Li3Ti6Zn3O16,Li,1.650572793333315,35.25386264349883,146.3744770019112,58.18906653926887,241.6017293777477,0.0020181722592120003,0.0,0.013107922946419001,1,3,O-Ti-Zn,"Ti,Zn,O",mp-759849,mp-773081,"mp-759849,mp-773039,mp-773081",
BAT_01233,Li2-2.75U(WO5)2,U(WO5)2,Li2U(WO5)2,Li11U4(WO5)8,Li,2.354271090000002,25.61334109025064,171.34521868624242,60.30074844708621,403.3930947627486,0.002246999823434,0.017595971416666002,0.026617337625662003,1,3,O-U-W,"U,W,O",mp-759350,mp-772943,"mp-759350,mp-772974,mp-774512,mp-772943",More than one working ion per transition metal
BAT_01234,Li1-4.75V3O8,V3O8,LiV3O8,Li19V12O32,Li,2.755531666666669,320.29615493801526,1145.526428563482,882.586197643275,3156.5343489102493,0.016575833174458002,0.0030307643750010003,0.060488143551587006,3,2,O-V,"V,O",mp-27503,mp-1223171,"mp-27503,mp-756858,mp-755827,mp-766385,mp-756397,mp-28699,mp-1223171",More than one working ion per transition metal
BAT_01235,Li0-3V12O29,V12O29,V12O29,Li3V12O29,Li,3.60359976333333,73.35478456241881,251.93335845866838,264.3412842884999,907.8669909174284,0.005894882763512001,0.033319398170734,0.031536703181824,1,2,O-V,"V,O",mp-773019,mp-772492,"mp-773019,mp-773021,mp-772492",
BAT_01236,Li0.38-0.69VO2,VO2,Li3V8O16,Li11V16O32,Li,2.649366319333334,95.48796264519207,362.39108498281206,252.98259213393146,960.1067349801265,0.010592177569765,0.051280869074071006,0.037512302182202,1,2,O-V,"V,O",mp-1177934,mp-758440,"mp-1177934,mp-758440",
BAT_01237,Li0-0.12VO2,VO2,VO2,LiV8O16,Li,2.783306743333331,39.97456258665856,137.27750062940967,111.26146960924706,382.0853932097816,0.022063351947752,0.13710737791666702,0.130873531933328,1,2,O-V,"V,O",mp-1446045,mp-1235320,"mp-1446045,mp-2214803,mp-1393040,mp-1235320",
BAT_01238,Li0-7V5O12,V5O12,V5O12,Li7V5O12,Li,3.013763847619048,378.7909926572865,1427.9572520104152,1141.5865994742626,4303.525942054433,0.060447731935809004,0.087905607941179,0.03472393791666,3,2,O-V,"V,O",mp-2214725,mp-776654,"mp-2214725,mp-772530,mp-752821,mp-764771,mp-1177023,mp-776654",More than one working ion per transition metal
BAT_01239,Li0.5-2VO2,VO2,LiV2O4,Li2VO2,Li,1.119152501666668,415.21655360434363,1422.6242238160614,464.6906446997136,1592.1334590153479,0.14238545862899102,0.06621072267858301,0.10280860199999901,1,2,O-V,"V,O",mp-752548,mp-774411,"mp-752548,mp-774411",More than one working ion per transition metal
BAT_01240,Li0-2.5V9O22,V9O22,V9O22,Li5V18O44,Li,3.548118865333326,80.940646077724,277.05431054691013,287.1870333206404,983.0216259734099,0.005911503363545001,0.035077552419355,0.037135503955223005,2,2,O-V,"V,O",mp-849581,mp-773027,"mp-849581,mp-774591,mp-773031,mp-767268,mp-773027",
BAT_01241,Li1-2VO3,VO3,LiVO3,Li2VO3,Li,3.272292910833333,237.5560831414869,823.505312106515,777.3530867892216,2694.7505948397406,0.012904759146779,0.110586672500007,0.023868585833340002,1,2,O-V,"V,O",mp-754098,mp-861577,"mp-754098,mp-861577",More than one working ion per transition metal
BAT_01242,Li0-1V2O5,V2O5,V2O5,LiV2O5,Li,3.112703815833332,141.94120963962638,440.46248016224376,441.820944869264,1371.0292427324296,0.0038245726005430004,0.008959156071428,0.07009790562500101,1,2,O-V,"V,O",mp-25280,mp-627993,"mp-25280,mp-627993",
BAT_01243,Li0.36-0.73VO2,VO2,Li4V11O22,Li8V11O22,Li,2.8047321133333383,110.76464875180778,426.48259531311606,310.6651673762828,1196.1694308524432,0.012653198658869,0.08663217049548701,0.04983377722560801,1,2,O-V,"V,O",mp-758647,mp-768084,"mp-758647,mp-768084",
BAT_01244,Li1-2VO3,VO3,LiVO3,Li2VO3,Li,3.150589805833331,237.5560831414869,822.110683547462,748.4417738592639,2590.1335388513057,0.0031624216562680003,0.08454501550000601,0.022451055833339003,1,2,O-V,"V,O",mp-763200,mp-774192,"mp-763200,mp-762268,mp-752603,mp-774192",More than one working ion per transition metal
BAT_01245,Li0-1VO2,VO2,VO2,LiVO2,Li,2.948688788333332,298.1875111437406,1176.4889388450251,879.2621709305685,3469.099743570505,0.027620072541691004,0.138130571666666,0.0,2,2,O-V,"V,O",mp-714944,mp-19340,"mp-714944,mp-25199,mp-1222527,mp-754922,mp-1272159,mp-1276849,mp-19340,mp-1276026",
BAT_01246,Li0-0.67V2O5,V2O5,V2O5,Li2V6O15,Li,3.531303618333344,95.80134881332242,315.5448162285222,338.30364970570025,1114.2845512941105,0.015606292177324002,0.02981807357143,0.034135575869564005,2,2,O-V,"V,O",mp-25207,mp-27751,"mp-25207,mp-1235348,mp-1235427,mp-1235037,mp-776037,mp-27751,mp-755630",
BAT_01247,Li0-1V2O5,V2O5,V2O5,LiV2O5,Li,3.6379150808333423,141.94120963962638,451.970935231576,516.3700671397238,1644.2318813773002,0.016409184455228,0.0038774446428560005,0.0,1,2,O-V,"V,O",mp-776152,mp-777667,"mp-776152,mp-777667",
BAT_01248,Li0-1V2O5,V2O5,V2O5,LiV2O5,Li,3.203716033333326,141.94120963962638,437.441977309452,454.7393291131979,1401.4398763593244,0.014693703264145002,0.0,0.05088211687500101,1,2,O-V,"V,O",mp-25279,mp-555869,"mp-25279,mp-555869,mp-18934",
BAT_01249,Li0-1V2O5,V2O5,V2O5,LiV2O5,Li,3.4979915308333362,141.94120963962638,444.4430657282213,496.5091491956522,1554.6580798549219,0.052290661947186005,0.012942245000001,0.025422144062501,1,2,O-V,"V,O",mp-25288,mp-19408,"mp-25288,mp-19408",
BAT_01250,Li0-4V5O12,V5O12,V5O12,Li4V5O12,Li,2.880517924583328,225.9515090628643,669.9369279511114,650.8573719422328,1929.765329303466,0.028544629558401,0.002569260882353,0.075443405873008,3,2,O-V,"V,O",mp-778252,mp-851075,"mp-778252,mp-776130,mp-776224,mp-851075",
BAT_01251,Li0-0.25VO2,VO2,VO2,LiV4O8,Li,2.190126183333338,79.12992931656154,286.3863316134602,173.30453008151775,627.2222034154232,0.023879826359689,0.038333638333334,0.079572726794868,1,2,O-V,"V,O",mp-777469,mp-1236354,"mp-777469,mp-1236354,mp-1232998,mp-1235567",
BAT_01252,Li0-3V5O12,V5O12,V5O12,Li3V5O12,Li,3.110199269999995,171.97954291495566,524.2198466268942,534.890648829028,1630.4281842984758,0.001651460529605,0.032232852058823,0.07577492450000001,1,2,O-V,"V,O",mp-754451,mp-777675,"mp-754451,mp-777675",
BAT_01253,Li0.2-1VO2,VO2,LiV5O10,LiVO2,Li,2.55168825833334,238.55000891499253,936.6093595196585,608.7052567737001,2389.9351053314226,0.014284078489071001,0.07886611145833901,0.048101107249999005,4,2,O-V,"V,O",mp-762390,mp-758901,"mp-762390,mp-762287,mp-1275592,mp-762265,mp-762292,mp-758901",
BAT_01254,Li0-1.29V2O5,V2O5,V2O5,Li9V14O35,Li,3.274884940555558,180.5990513146054,560.7260917251731,591.4411134288216,1836.3134335673437,0.052716985551243004,0.025970106530612002,0.055640780862075,1,2,O-V,"V,O",mp-831269,mp-779050,"mp-831269,mp-779050",
BAT_01255,Li0-3V5O12,V5O12,V5O12,Li3V5O12,Li,3.373610086666659,171.97954291495566,670.7367981686837,580.191920678216,2262.8044278003704,0.010566504633955,0.070659521470588,0.068925971,1,2,O-V,"V,O",mp-777580,mp-1177476,"mp-777580,mp-1177476",
BAT_01256,Li3-5V7O12,V7O12,Li3V7O12,Li5V7O12,Li,1.813055793333338,91.89788701526807,391.8969543614806,166.61599644812432,710.5310434947733,0.009915310527876,0.081754313977265,0.05107279315971901,1,2,O-V,"V,O",mp-752640,mp-764746,"mp-752640,mp-764746",
BAT_01257,Li0-1V2O5,V2O5,V2O5,LiV2O5,Li,3.205333038333333,141.94120963962638,423.5230665085956,454.96884875889225,1357.5324775762472,0.073078872187342,0.011343075000000001,0.060605181875001,1,2,O-V,"V,O",mp-25233,mp-19013,"mp-25233,mp-19013",
BAT_01258,Li0-2V3O7,V3O7,V3O7,Li2V3O7,Li,3.257947202500003,192.33053437566818,577.5248149960311,626.6027264245388,1881.5453553906514,0.09183459232815601,0.08215866000000101,0.069753757361107,1,2,O-V,"V,O",mp-764115,mp-772164,"mp-764115,mp-760992,mp-772164",
BAT_01259,Li0-0.25VO2,VO2,VO2,LiV4O8,Li,2.231662093333331,79.12992931656154,298.6687393991809,176.59126370391627,666.5277041808032,0.033582129783420005,0.020010723333333,0.059464196794868,1,2,O-V,"V,O",mp-541404,mp-1210897,"mp-541404,mp-1210897",
BAT_01260,Li0-3V6O13,V6O13,V6O13,Li3V6O13,Li,2.587638883333335,150.43934361944483,544.6753129811439,389.28269513282015,1409.4230186617622,0.06827861343896001,0.016361282368421,0.083812208181816,2,2,O-V,"V,O",mp-870306,mp-542665,"mp-870306,mp-19457,mp-18896,mp-555660,mp-542665,mp-774495,mp-31372",
BAT_01261,Li0-0.2VO2,VO2,VO2,LiV5O10,Li,2.490982693333312,63.56446787352769,251.25636593604136,158.33798938389882,625.8752591365006,0.005192609905242,0.051628716999999005,0.065501002083339,1,2,O-V,"V,O",mp-849511,mp-1222710,"mp-849511,mp-1222710",
BAT_01262,Li0-1.25VO2,VO2,VO2,Li5V4O8,Li,2.391421021333333,365.6746672048321,1414.310988093278,874.4820861227064,3382.213027628983,0.06834331521063701,0.161385609999999,0.053815585000002004,3,2,O-V,"V,O",mp-714960,mp-771611,"mp-714960,mp-634430,mp-25283,mp-1780502,mp-1288227,mp-19394,mp-1302334,mp-1284801,mp-35796,mp-1176523,mp-756894,mp-761629,mp-771611,mp-756794",More than one working ion per transition metal
BAT_01263,Li0-1V3Zn2O8,V3Zn2O8,V3Zn2O8,LiV3Zn2O8,Li,3.594559968333333,64.02973000146422,295.0545377092644,230.15870424645507,1060.5912297248196,0.013979280650615001,0.046206723846148004,0.0,1,3,O-V-Zn,"V,Zn,O",mp-755946,mp-1280709,"mp-755946,mp-1280709,mp-1290989,mp-754080,mp-1302478",
BAT_01264,Li0-1WO2,WO2,WO2,LiWO2,Li,1.694168393333332,120.30480835948273,985.7381250992213,203.81660388865936,1670.0063756467594,0.05738933462973601,0.26923212500000004,0.309206087500001,1,2,O-W,"W,O",mp-25375,mp-25467,"mp-25375,mp-25467",
BAT_01265,Li0-0.5WO3,WO3,WO3,Li(WO3)2,Li,2.276754113333329,56.949617981323875,408.08584026015205,129.66027699174091,929.1111154053896,0.015241696899711001,0.010663485937499,0.037045230972225,2,2,O-W,"W,O",mp-756478,mp-756203,"mp-756478,mp-1222771,mp-1222776,mp-675212,mp-756203",
BAT_01266,Li0-0.5WO2,WO2,WO2,Li(WO2)2,Li,3.356560958333337,61.10429686603325,487.368218969293,205.10029724693732,1635.8811361247822,0.033989757797912,0.48771044416666604,0.24185686785714203,1,2,O-W,"W,O",mp-504110,mp-504103,"mp-504110,mp-504103",
BAT_01267,Li0-3Sb17S27,Sb17S27,Sb17S27,Li3Sb17S27,Li,2.8612903199999993,27.19583894056133,115.05627396527125,77.81519070490717,329.20940295209857,0.020862533545446,0.051519801967329006,0.013034253882979002,1,2,S-Sb,"Sb,S",mp-767208,mp-767137,"mp-767208,mp-767137",Transition metal not found
BAT_01268,Li0-3Sb11S18,Sb11S18,Sb11S18,Li3Sb11S18,Li,2.842033053333338,41.50221639323947,172.75246922776995,117.95067077617931,490.96822759027265,0.020110354262584,0.059953474105603005,0.0044425373437500006,1,2,S-Sb,"Sb,S",mp-753921,mp-767088,"mp-753921,mp-767088",Transition metal not found
BAT_01269,Li0-0.33TiS2,TiS2,TiS2,Li(TiS2)3,Li,1.979588493333328,78.15392306744161,203.44617393581774,154.71260681316562,402.73970493603576,0.069690016607668,0.0023216455555550002,0.014605898000001002,1,2,S-Ti,"Ti,S",mp-1101258,mp-19755,"mp-1101258,mp-19755",
BAT_01270,Li0-1TiS2,TiS2,TiS2,LiTiS2,Li,1.807198780833333,225.33993463286666,699.8223371204998,407.23405514157963,1264.7180744441011,0.11042383636842501,0.020230631666667002,0.034865019375,2,2,S-Ti,"Ti,S",mp-9027,mp-755414,"mp-9027,mp-1045384,mp-755414",
BAT_01271,Li0-1TiS2,TiS2,TiS2,LiTiS2,Li,1.885966963333332,225.33993463286666,696.6820124711256,424.98367223727905,1313.9192594691233,0.025602959151616003,0.0,0.0,2,2,S-Ti,"Ti,S",mp-2156,mp-9615,"mp-2156,mp-1223278,mp-9615",
BAT_01272,Li0-1SnS2,SnS2,SnS2,LiSnS2,Li,1.5603050533333331,141.22320540709495,554.7894441059212,220.35128104462152,865.6407731744596,0.031250205215589,0.0,0.09976272390625,1,2,S-Sn,"Sn,S",mp-1170,mp-27683,"mp-1170,mp-27683",Transition metal not found
BAT_01273,Li0-1VS2,VS2,VS2,LiVS2,Li,1.790183303333333,219.66176535489308,701.0761292884473,393.23482471905413,1255.05478101774,0.09915304694288701,0.016713893333333,0.025102706428572003,1,2,S-V,"V,S",mp-9561,mp-7543,"mp-9561,mp-7543",
BAT_01274,Li0-1VS2,VS2,VS2,LiVS2,Li,1.721756393333334,219.66176535489308,699.4824479854224,378.20404887067383,1204.3383768433523,0.12024586024562801,0.018495836666667,0.043545891428571,1,2,S-V,"V,S",mp-1013526,mp-754542,"mp-1013526,mp-754542",
BAT_01275,Li0-0.5VS2,VS2,VS2,Li(VS2)2,Li,1.860350628333333,113.04635127365782,377.4432759343913,210.30585062274005,702.1768355447366,0.14419198713998002,0.08818589750000001,0.075092081666665,1,2,S-V,"V,S",mp-1405126,mp-1045443,"mp-1405126,mp-1045443,mp-1045389",
BAT_01276,Li0-3Sb,Sb,Sb,Li3Sb,Li,1.015952616666667,563.9132535862739,1890.2937788027953,572.9091455539888,1920.4489108434223,1.5692369833246391,0.328350750000001,0.0,1,1,Sb,Sb,mp-10630,mp-2074,"mp-10630,mp-2074",Transition metal not found
BAT_01277,Li0-3Sb,Sb,Sb,Li3Sb,Li,0.9993324100000001,563.9132535862739,1679.324094094161,563.5367907373123,1678.2029941221851,1.900682190961946,0.290331829999999,0.0029604249999990004,1,1,Sb,Sb,mp-80,mp-7955,"mp-80,mp-7955",Transition metal not found
BAT_01278,Li0-3YSb2,YSb2,YSb2,Li3YSb2,Li,1.4419300333333331,227.61416898056896,1035.4272359193853,328.20370626529075,1493.0136288034805,0.49513382056529603,0.49559157666666603,0.0,2,2,Sb-Y,"Y,Sb",mp-1018112,mp-1206280,"mp-1018112,mp-1222493,mp-530670,mp-1206280",More than one working ion per transition metal
BAT_01279,Li0-2TlSb,TlSb,TlSb,Li2TlSb,Li,-1.594360416666667,157.64404087204034,80.21975141136123,-251.34141868976332,-127.89919628511433,13.165226930395367,0.071025235,1.291354159583333,1,2,Sb-Tl,"Tl,Sb",mp-1002219,mp-1097580,"mp-1002219,mp-1097580",Transition metal not found
BAT_01280,Li1-2ZnSb,ZnSb,LiZnSb,Li2ZnSb,Li,-0.040223916666667005,133.30687808249593,582.5370403507426,-5.36212475508396,-23.43192136631557,0.161603078950519,0.006121566666666,0.193468926249999,1,2,Sb-Zn,"Zn,Sb",mp-1100430,mp-1222606,"mp-1100430,mp-1222606",More than one working ion per transition metal
BAT_01281,Li0-1ScSn,ScSn,ScSn,LiScSn,Li,1.039233483333333,157.09493144899014,578.5416261687191,163.25831282374517,601.2398294166488,0.028635769640029004,1.036799461964285,0.47984648566666505,1,2,Sc-Sn,"Sc,Sn",mp-1009747,mp-1100438,"mp-1009747,mp-1100438",
BAT_01282,Li4.25-4.4Sn,Sn,Li17Sn4,Li22Sn5,Li,-0.362515799999993,26.936089764614323,69.58474721964797,-9.764758129890804,-25.22557030612802,0.009449968929355,0.0,0.010069883333333,1,1,Sn,Sn,mp-573471,mp-1198729,"mp-573471,mp-1198729",Transition metal not found
BAT_01283,Li0-1TiSe2,TiSe2,TiSe2,LiTiSe2,Li,1.563008453333332,125.98943789893147,590.0628365787555,196.92255646674485,922.2732015704398,0.035748302606284005,0.0,0.0,1,2,Se-Ti,"Ti,Se",mp-2194,mp-1206595,"mp-2194,mp-1206595",
BAT_01284,Li0-1VSe2,VSe2,VSe2,LiVSe2,Li,1.451843393333331,124.19448868925936,636.960823433402,180.31094789191238,924.7673633139434,0.024623147592934002,0.0,0.041279570312499,1,2,Se-V,"V,Se",mp-694,mp-1206637,"mp-694,mp-1206637",
BAT_01285,Li0-3Sn,Sn,Sn,Li3Sn,Li,0.531624186666666,576.2396238602458,1878.6607683433772,306.3429213598089,998.7415029931221,1.549196527369397,0.054256834999999004,0.0,1,1,Sn,Sn,mp-1022725,mp-1185265,"mp-1022725,mp-623511,mp-1185265",Transition metal not found
BAT_01286,Li0-1Tb5Sn3,Tb5Sn3,Tb5Sn3,LiTb5Sn3,Li,-0.556807981666667,23.150672224562836,181.08570370986408,-12.890479075585418,-100.82996519137762,0.056501643248038004,0.0,0.061867553518518005,1,2,Sn-Tb,"Tb,Sn",mp-1106357,mp-1180557,"mp-1106357,mp-1180557",Transition metal not found
BAT_01287,Li0-1TmSn2,TmSn2,TmSn2,LiTmSn2,Li,-0.19816765166666703,64.84827430098667,479.2853767967835,-12.85083023286245,-94.9788575979926,0.198767375032002,0.0,0.167563159107142,1,2,Sn-Tm,"Tm,Sn",mp-1077102,mp-1080066,"mp-1077102,mp-1080066",Transition metal not found
BAT_01288,Li0-1TiTe2,TiTe2,TiTe2,LiTiTe2,Li,1.209791013333331,86.45415971640698,468.2775294841013,104.59146549019366,566.5179469157998,0.12700316631180902,0.0,0.015745060625,2,2,Te-Ti,"Ti,Te",mp-1907,mp-10189,"mp-1907,mp-1222726,mp-10189",
BAT_01289,Li0-1TbSn2,TbSn2,TbSn2,LiTbSn2,Li,0.018506648333333,66.45769475055104,472.5114199943007,1.2299091857924631,8.744602683318512,0.182200737021693,0.0,0.09948100729166601,1,2,Sn-Tb,"Tb,Sn",mp-1072922,mp-1078515,"mp-1072922,mp-1078515",Transition metal not found
BAT_01290,Li1-2PWCO7,PWCO7,LiPWCO7,Li2PWCO7,Li,2.387301633333327,75.98896869383812,303.3446897072007,181.4085890781148,724.1752732009915,0.023496455913374,0.077148881647724,0.10110685880952501,1,4,C-O-P-W,"P,W,C,O",mp-25414,mp-25398,"mp-25414,mp-25398",More than one working ion per transition metal
BAT_01291,Li4-6V2C4SO16,V2C4SO16,Li4V2C4SO16,Li6V2C4SO16,Li,2.543221765833327,111.75963809126709,296.38985490894765,284.22954413536587,753.7851301766176,0.027283457766941,0.066429719722227,0.07169582502022201,1,4,C-O-S-V,"V,C,S,O",mp-776347,mp-776436,"mp-776347,mp-769578,mp-776436",More than one working ion per transition metal
BAT_01292,Li0.5-2V(CO3)2,V(CO3)2,LiV2(CO3)4,Li2V(CO3)2,Li,2.72730550333333,217.49588278185578,509.61745093910963,593.1777180632962,1389.8824785409372,0.040936354424970005,0.078646820789474,0.08291730144886701,2,3,C-O-V,"V,C,O",mp-752765,mp-1571048,"mp-752765,mp-753641,mp-1571048,mp-1571229,mp-766441",More than one working ion per transition metal
BAT_01293,Li1-3VSiCO7,VSiCO7,LiVSiCO7,Li3VSiCO7,Li,3.360515679583334,239.45233795189233,648.1921670759625,804.6833362002216,2178.2599408418723,0.078905405749129,0.09206857659091,0.034039488125002,2,4,C-O-Si-V,"V,Si,C,O",mp-770650,mp-768601,"mp-770650,mp-770349,mp-770348,mp-772542,mp-768601",More than one working ion per transition metal
BAT_01294,Li0-1.5V(CO3)2,V(CO3)2,V(CO3)2,Li3V2(CO3)4,Li,2.954002850000008,221.6576302141571,568.5566800729766,654.7772713768682,1679.518053322116,0.165959330915251,0.061617770000005005,0.07329555647321301,2,3,C-O-V,"V,C,O",mp-763508,mp-752905,"mp-763508,mp-1314097,mp-763558,mp-753909,mp-752905",More than one working ion per transition metal
BAT_01295,Li0-2V(CO3)2,V(CO3)2,V(CO3)2,Li2V(CO3)2,Li,2.8716647508333373,289.9945103758077,635.105204560084,832.7670133813793,1823.809229005989,0.20374960071506001,0.062563613333338,0.068579756903412,2,3,C-O-V,"V,C,O",mp-758621,mp-759519,"mp-758621,mp-758570,mp-757720,mp-759519,mp-759889",More than one working ion per transition metal
BAT_01296,Li0-2V(CO3)2,V(CO3)2,V(CO3)2,Li2V(CO3)2,Li,3.042650575833332,289.9945103758077,793.1825773406698,882.3519639834565,2413.3774256865554,0.044336898836361,0.078162138333338,0.050253854630685005,1,3,C-O-V,"V,C,O",mp-757524,mp-752552,"mp-757524,mp-752552,mp-758928",More than one working ion per transition metal
BAT_01297,Li0-2V(CO3)2,V(CO3)2,V(CO3)2,Li2V(CO3)2,Li,2.909366055833335,289.9945103758077,683.2218225416876,843.700184865383,1987.742379107373,0.16719049770167002,0.048008773888893005,0.049816469176139,1,3,C-O-V,"V,C,O",mp-762249,mp-1567493,"mp-762249,mp-1567493,mp-753598",More than one working ion per transition metal
BAT_01298,Li0-1V(CO3)2,V(CO3)2,V(CO3)2,LiV(CO3)2,Li,4.034132813333334,150.65450224290737,458.3070108810422,607.7602709745129,1848.8713511759295,0.180048486453278,0.075185749444449,0.0,1,3,C-O-V,"V,C,O",mp-752541,mp-762019,"mp-752541,mp-762019",
BAT_01299,Li1.5-2VCO5,VCO5,Li3V2(CO5)2,Li2VCO5,Li,3.969401265833345,85.44690452334704,268.8589105243956,339.17305097651473,1067.2088997661099,0.006145360939291001,0.07152120544116801,0.037473726111115005,1,3,C-O-V,"V,C,O",mp-758380,mp-1177806,"mp-758380,mp-1177806,mp-758001",More than one working ion per transition metal
BAT_01300,Li4-5V(CO3)4,V(CO3)4,Li4V(CO3)4,Li5V(CO3)4,Li,3.530774573333336,82.29338101591672,197.86485705624767,290.55937724463104,698.6162062504345,0.021170727550810002,0.06289632726191301,0.052159516704549005,1,3,C-O-V,"V,C,O",mp-759521,mp-765146,"mp-759521,mp-765146",More than one working ion per transition metal
BAT_01301,Li0.67-1.33V(CO3)2,V(CO3)2,Li2V3(CO3)6,Li4V3(CO3)6,Li,2.861822603333334,99.14688870901013,284.436706721968,283.74080715761977,814.0073965146227,0.024006006631726,0.051498968103457006,0.0549825540625,1,3,C-O-V,"V,C,O",mp-758280,mp-758087,"mp-758280,mp-758087",More than one working ion per transition metal
BAT_01302,Li0.5-2V(CO3)2,V(CO3)2,LiV2(CO3)4,Li2V(CO3)2,Li,2.503060608333331,217.49588278185578,556.3754143730242,544.4053766659472,1392.6413831622522,0.164000924700643,0.051400911052631004,0.08996559235795801,1,3,C-O-V,"V,C,O",mp-758175,mp-760222,"mp-758175,mp-760222",More than one working ion per transition metal
BAT_01303,Li2-3V(CO3)3,V(CO3)3,Li2V(CO3)3,Li3V(CO3)3,Li,3.533908578333329,106.44327977055548,249.99272944558348,376.1608194871005,883.4514511087104,0.05153435795283701,0.062919614666662,0.047959169375004,1,3,C-O-V,"V,C,O",mp-758564,mp-758041,"mp-758564,mp-758041",More than one working ion per transition metal
BAT_01304,Li0.5-1V(CO3)2,V(CO3)2,LiV2(CO3)4,LiV(CO3)2,Li,3.016375198333326,75.32725112145368,187.49528585351953,227.2152520413791,565.5561300529736,0.014909254025669002,0.086010660789474,0.09876442125000601,1,3,C-O-V,"V,C,O",mp-758669,mp-758080,"mp-758669,mp-758080",
BAT_01305,Li0-3Ca,Ca,Ca,Li3Ca,Li,-0.064930653333333,1320.2483282062967,1271.7411415074762,-85.72458651267598,-82.57498318895959,1.5139558955712251,0.0,0.057445444166666006,1,1,Ca,Ca,mp-45,mp-975929,"mp-45,mp-975929",Transition metal not found
BAT_01306,Li0-1Ca9Co(PO4)7,Ca9Co(PO4)7,Ca9Co(PO4)7,LiCa9Co(PO4)7,Li,3.038166738333307,24.557519865245137,75.83399715197457,74.6098400305472,230.39632778199186,0.004020905804923001,0.004759217181229,0.02483177288043,1,4,Ca-Co-O-P,"Ca,Co,P,O",mp-780573,mp-699599,"mp-780573,mp-699599",
BAT_01307,Li0-1Ca3Fe5Sn3O16,Ca3Fe5Sn3O16,Ca3Fe5Sn3O16,LiCa3Fe5Sn3O16,Li,2.575724103333333,26.314132878795448,136.20788233924935,67.77794631422958,350.8339256051952,0.006545514504788,0.065919629259271,0.050408388839289005,1,4,Ca-Fe-O-Sn,"Ca,Fe,Sn,O",mp-757114,mp-757592,"mp-757114,mp-757592",
BAT_01308,Li0-1Ca9Mn(PO4)7,Ca9Mn(PO4)7,Ca9Mn(PO4)7,LiCa9Mn(PO4)7,Li,4.469982438333322,24.647746762234465,75.2461229054611,110.17499517167506,336.3488479400819,0.0017456193198470001,0.019003265567122,0.0,1,4,Ca-Mn-O-P,"Ca,Mn,P,O",mp-780609,mp-554324,"mp-780609,mp-554324",
BAT_01309,Li0-1Ca2Ge,Ca2Ge,Ca2Ge,LiCa2Ge,Li,-0.21653116666666603,167.78505384077508,452.7579389450216,-36.33069345737251,-98.03620473736098,0.044967602287496,0.015851089999999003,0.06602110916666601,1,2,Ca-Ge,"Ca,Ge",mp-1009755,mp-1206798,"mp-1009755,mp-1206798",Transition metal not found
BAT_01310,Li1-1.75Ca2Nb3O10,Ca2Nb3O10,LiCa2Nb3O10,Li7Ca8Nb12O40,Li,1.978938180000004,37.85406658739142,159.76139208483315,74.91085763805137,316.1579184866269,0.007130553464115,0.028739489687497004,0.013228921138065002,1,3,Ca-Nb-O,"Ca,Nb,O",mp-766983,mp-773078,"mp-766983,mp-773024,mp-773078",
BAT_01311,Li0-1Na2CaVP2O9,Na2CaVP2O9,Na2CaVP2O9,Na2LiCaVP2O9,Li,1.317348900833342,76.60145046910702,228.66377497354873,100.91083657771784,301.2299726218071,0.07622484379795401,0.0,0.09291924739583801,1,5,Ca-Na-O-P-V,"Na,Ca,V,P,O",mp-561006,mp-759615,"mp-561006,mp-759615",
BAT_01312,Li0-1Ca2Pb,Ca2Pb,Ca2Pb,LiCa2Pb,Li,0.038523213333333,91.06950171209319,386.20895876059313,3.508289842615389,14.878010109579112,0.034131055101368005,0.03600977,0.020861778749999,1,2,Ca-Pb,"Ca,Pb",mp-1009756,mp-1185325,"mp-1009756,mp-1185325",Transition metal not found
BAT_01313,Li0-1Ca2Rh,Ca2Rh,Ca2Rh,LiCa2Rh,Li,0.18514176333333301,141.058571047033,484.49698455691083,26.115832576927986,89.70062605054929,0.088828308240064,0.036099388611110006,0.0,1,2,Ca-Rh,"Ca,Rh",mp-1063314,mp-862764,"mp-1063314,mp-862764",
BAT_01314,Li1-2Ca2Ta3O10,Ca2Ta3O10,LiCa2Ta3O10,Li2Ca2Ta3O10,Li,1.561903153333337,33.63320422916164,211.02145239924738,52.531807742231706,329.59507192336525,0.023300959687357,0.068356418370536,0.040067197226900005,1,3,Ca-O-Ta,"Ca,Ta,O",mp-774479,mp-15902,"mp-774479,mp-15902",
BAT_01315,Li0-3Cd,Cd,Cd,Li3Cd,Li,0.24132835666666502,603.4829205464947,1791.743118519493,145.63754149188568,432.3984223611165,2.204349168650668,0.0,0.0,1,1,Cd,Cd,mp-1096861,mp-867343,"mp-1096861,mp-1183542,mp-867343",More than one working ion per transition metal
BAT_01316,Li0-1Mn9CdO10,Mn9CdO10,Mn9CdO10,LiMn9CdO10,Li,-1.497772886666662,34.63670555436133,177.94342163146842,-51.87791846277897,-266.5188322803074,0.064316541741195,0.033844044749999004,0.19649086214286002,1,3,Cd-Mn-O,"Mn,Cd,O",mp-756679,mp-1235326,"mp-756679,mp-1235326,mp-1235277,mp-1236085",
BAT_01317,Li0-2MgCd,MgCd,MgCd,Li2MgCd,Li,0.8267997883333331,355.93409136062746,1129.5929593699514,294.2862313975841,933.9472197098994,0.07317717095405901,0.560640674999999,0.0,1,2,Cd-Mg,"Mg,Cd",mp-1039025,mp-1222648,"mp-1039025,mp-1222648",More than one working ion per transition metal
BAT_01318,Li0-2MgCd,MgCd,MgCd,Li2MgCd,Li,0.498585583333333,355.93409136062746,1179.1576959675908,177.46360656925836,587.9110276859905,0.44372574095989403,0.248772124999999,0.008172827499999001,1,2,Cd-Mg,"Mg,Cd",mp-1039157,mp-866194,"mp-1039157,mp-866194",More than one working ion per transition metal
BAT_01319,Li0-0.25CdTcO3,CdTcO3,CdTcO3,LiCd4(TcO3)4,Li,0.514988933333346,25.756345316384696,180.96813464071997,13.264232801050293,93.19658662594983,0.029148767691624004,0.11591081350000002,0.18364571761904702,1,3,Cd-O-Tc,"Cd,Tc,O",mp-1189706,mp-1236280,"mp-1189706,mp-1236280,mp-1235290",
BAT_01320,Li0-3Ce,Ce,Ce,Li3Ce,Li,-0.444845514999999,499.59576880738456,1295.1682126539722,-222.24293706694186,-576.1497705696856,2.951182744876676,0.0,0.33363413625000005,1,1,Ce,Ce,mp-567332,mp-1185231,"mp-567332,mp-28,mp-1185231",Transition metal not found
BAT_01321,Li0-1Sr2CdWO6,Sr2CdWO6,Sr2CdWO6,Sr2LiCdWO6,Li,-0.111765366666669,46.65765332174365,285.75684797516453,-5.214709731311023,-31.937718891455958,0.09076829743322501,0.023869565999994003,0.20578136999999902,1,4,Cd-O-Sr-W,"Sr,Cd,W,O",mp-18757,mp-1236290,"mp-18757,mp-18903,mp-1236290",
BAT_01322,Li1-2CdSb,CdSb,LiCdSb,Li2CdSb,Li,0.9475369233333341,108.04739771485889,561.6887778338927,102.37889880491049,532.2208564195872,0.17033242238801702,0.110364109999999,0.038511977499999,1,2,Cd-Sb,"Cd,Sb",mp-1100425,mp-16271,"mp-1100425,mp-16271",More than one working ion per transition metal
BAT_01323,Li0-0.5Ce5Pb3O,Ce5Pb3O,Ce5Pb3O,LiCe10(Pb3O)2,Li,-1.268810226666668,9.988254441551366,83.66588356016017,-12.673199381989146,-106.15612868423392,0.0014529576312660001,0.0,0.07620557887218,1,3,Ce-O-Pb,"Ce,Pb,O",mp-510369,mp-1235180,"mp-510369,mp-1235180,mp-1235821",Transition metal not found
BAT_01324,Li1-2CeSn,CeSn,LiCeSn,Li2CeSn,Li,0.417976833333333,98.27904258534362,545.8351655120903,41.07836300285376,228.1464540027195,0.06531609885211201,0.168594930416666,0.047086038596591,1,2,Ce-Sn,"Ce,Sn",mp-11830,mp-1185039,"mp-11830,mp-1185039",Transition metal not found
BAT_01325,Li0-1Cs2SbCl6,Cs2SbCl6,Cs2SbCl6,Cs2LiSbCl6,Li,3.033420073333336,44.13728799856891,146.77612884744994,133.88693539735348,445.23365553201484,0.019390861931655002,0.0,0.018350904374997,1,3,Cl-Cs-Sb,"Cs,Sb,Cl",mp-1184201,mp-1111439,"mp-1184201,mp-1111439",Transition metal not found
BAT_01326,Li0-1Cs2MoCl6,Cs2MoCl6,Cs2MoCl6,Cs2LiMoCl6,Li,2.201821813333336,46.09739354316773,160.14063869810548,101.49824664115802,352.6011514866213,0.07456969965928101,0.0,0.033437410125007005,1,3,Cl-Cs-Mo,"Cs,Mo,Cl",mp-570990,mp-1110989,"mp-570990,mp-1110989",
BAT_01327,Li0-1Cs2TaCl6,Cs2TaCl6,Cs2TaCl6,Cs2LiTaCl6,Li,0.726644583333336,40.217235789444864,160.08129107160084,29.223636543039724,116.322203050186,0.09970247337511401,0.0,0.11970807783333401,1,3,Cl-Cs-Ta,"Cs,Ta,Cl",mp-569885,mp-1110988,"mp-569885,mp-1110988",
BAT_01328,Li0-0.5FeClO,FeClO,FeClO,LiFe2(ClO)2,Li,2.241965373333333,120.98036139244263,383.591987079181,271.2337810952093,859.9999525196514,0.07833042646561701,0.0,0.07372196642857301,1,3,Cl-Fe-O,"Fe,Cl,O",mp-540828,mp-755254,"mp-540828,mp-755254",
BAT_01329,Li0-1FeMoClO4,FeMoClO4,FeMoClO4,LiFeMoClO4,Li,3.429463618333334,103.81065187690864,345.74649393547406,356.01485380732527,1185.7250221180152,0.005862801682131,0.017469826083332002,0.0,1,4,Cl-Fe-Mo-O,"Fe,Mo,Cl,O",mp-23123,mp-561410,"mp-23123,mp-25247,mp-1272202,mp-561410,mp-1320145",
BAT_01330,Li0-1FeWClO4,FeWClO4,FeWClO4,LiFeWClO4,Li,3.3897662183333392,77.44378309704814,341.9608547089167,262.5163197623083,1159.1673532846812,0.009435763018097001,0.07392136232143001,0.036925224374998004,1,4,Cl-Fe-O-W,"Fe,W,Cl,O",mp-556603,mp-1210860,"mp-556603,mp-1210860,mp-1275809",
BAT_01331,Li0-1K2MoCl6,K2MoCl6,K2MoCl6,K2LiMoCl6,Li,2.3492131733333372,68.05937177907495,174.35538578554585,159.88597275219402,409.5979691290203,0.010865399987252,0.0,0.037877211999998,1,3,Cl-K-Mo,"K,Mo,Cl",mp-27826,mp-1110855,"mp-27826,mp-1110855",
BAT_01332,Li0-1K2TaCl6,K2TaCl6,K2TaCl6,K2LiTaCl6,Li,0.90360827333333,55.97595310995628,173.61859915736244,50.58033433787507,156.8832026031359,0.008698025190941,0.025633762569444003,0.15011035862500202,1,3,Cl-K-Ta,"K,Ta,Cl",mp-31363,mp-1112861,"mp-31363,mp-1112861",
BAT_01333,Li0-0.5LuWClO4,LuWClO4,LuWClO4,LiLu2W2(ClO4)2,Li,1.784234963333337,29.023012835220438,185.4321014588657,51.78387424187252,330.8544387472829,0.016040010052874,0.041176225654762005,0.10603251197221801,1,4,Cl-Lu-O-W,"Lu,W,Cl,O",mp-1103690,mp-1235179,"mp-1103690,mp-1235179,mp-1235940,mp-1235073",
BAT_01334,Li0-0.25ZrNCl,ZrNCl,ZrNCl,LiZr4(NCl)4,Li,0.548860393333332,47.046901317141945,196.230955431486,25.822180762041015,107.70339938230109,0.019135323492813,0.0,0.090318378076921,1,3,Cl-N-Zr,"Zr,N,Cl",mp-568592,mp-1222362,"mp-568592,mp-1222362",
BAT_01335,Li0-1Nb2Te4Cl10O,Nb2Te4Cl10O,Nb2Te4Cl10O,LiNb2Te4Cl10O,Li,2.519474983333329,24.962188235646625,77.69481407700529,62.89160878896921,195.750140401749,0.088717798632858,0.007754286482840001,0.028400528616899002,1,4,Cl-Nb-O-Te,"Nb,Te,Cl,O",mp-555641,mp-1236135,"mp-555641,mp-1236135,mp-1235510,mp-1235735,mp-1235095,mp-1235024,mp-1235201,mp-1235057,mp-1235324,mp-1235262,mp-1235031,mp-1236046",
BAT_01336,Li0-1TiNCl,TiNCl,TiNCl,LiTiNCl,Li,1.337883748333333,257.04490600026554,789.6246316007023,343.89620232962466,1056.4259619022753,0.03257657591752,0.0,0.287695187499999,1,3,Cl-N-Ti,"Ti,N,Cl",mp-27850,mp-1078503,"mp-27850,mp-1078503",
BAT_01337,Li0-1Rb2Pu(Cl2O)2,Rb2Pu(Cl2O)2,Rb2Pu(Cl2O)2,Rb2LiPu(Cl2O)2,Li,2.770976893333331,44.9925265254291,157.61655346685072,124.67325137465102,436.75182766348087,0.047655453852846,0.11713872083333401,0.212096740375001,1,4,Cl-O-Pu-Rb,"Rb,Pu,Cl,O",mp-1095062,mp-1235786,"mp-1095062,mp-1235786,mp-1236120,mp-1235035",Transition metal not found
BAT_01338,Li0-1Pr2Ta2Cl2O7,Pr2Ta2Cl2O7,Pr2Ta2Cl2O7,LiPr2Ta2Cl2O7,Li,0.95966188333333,32.15326859066299,219.17856672995072,30.85626629103805,210.33731613436444,0.026050607820804,0.0,0.037201468071433,1,4,Cl-O-Pr-Ta,"Pr,Ta,Cl,O",mp-559702,mp-1235470,"mp-559702,mp-1235470,mp-1235966,mp-1235616",
BAT_01339,Li0-3ClO,ClO,ClO,Li3ClO,Li,4.29934582,1112.4731711770764,2236.418804912399,4782.906878362308,9615.137840669518,1.020933993955993,1.5532711159375001,0.027567837,1,2,Cl-O,"Cl,O",mp-1059242,mp-985585,"mp-1059242,mp-985585",Transition metal not found
BAT_01340,Li0-0.5TmClO,TmClO,TmClO,LiTm2(ClO)2,Li,-2.012156466666662,59.86292136390908,345.4463342826445,-120.45356433594758,-695.0920754131168,0.299495367042728,0.06999116333333401,0.39630696265872906,1,3,Cl-O-Tm,"Tm,Cl,O",mp-772222,mp-1236076,"mp-772222,mp-1236076,mp-1235791",Transition metal not found
BAT_01341,Li0-1Sb3TeClO6,Sb3TeClO6,Sb3TeClO6,LiSb3TeClO6,Li,0.208778633333343,42.456419856473374,169.33022820053168,8.863993313861117,35.3525336257301,0.006213287724472,0.001666544687499,0.22128709619316903,1,4,Cl-O-Sb-Te,"Sb,Te,Cl,O",mp-1219504,mp-1235303,"mp-1219504,mp-1235303",Transition metal not found
BAT_01342,Li0-1Rb2VCl6,Rb2VCl6,Rb2VCl6,Rb2LiVCl6,Li,2.6201289233333362,60.70054327463573,176.433769282055,159.04324909591992,462.2792219486331,0.044258435865886,0.0,0.021466898999998003,1,3,Cl-Rb-V,"Rb,V,Cl",mp-1207222,mp-1206403,"mp-1207222,mp-1206403",
BAT_01343,Li0-1Rb2SbCl6,Rb2SbCl6,Rb2SbCl6,Rb2LiSbCl6,Li,3.049761093333328,52.310413813721766,152.64322731864027,159.53426482525492,465.52537583722403,0.011970959214187001,0.0,0.0,1,3,Cl-Rb-Sb,"Rb,Sb,Cl",mp-1207160,mp-1110680,"mp-1207160,mp-1110680",Transition metal not found
BAT_01344,Li0-1WCl6,WCl6,WCl6,LiWCl6,Li,2.6363173558333313,66.42267055274955,205.92374381952513,175.1112391990132,542.8803398095909,0.058300824711564,0.0,0.013353634375000001,1,2,Cl-W,"W,Cl",mp-571518,mp-570512,"mp-571518,mp-570512",
BAT_01345,Li4-1Cr2Fe3Co3O16,Cr2Fe3Co3O16,Li4Cr2Fe3Co3O16,Li10Cr2Fe3Co3O16,Li,2.669002409999999,207.83667678961464,881.55777340148,554.7165912378724,2352.879821762783,0.12340604830081,0.11052381144221901,0.10074134063725101,1,4,Co-Cr-Fe-O,"Cr,Fe,Co,O",mp-774878,mp-774310,"mp-774878,mp-774310,mp-1178098",More than one working ion per transition metal
BAT_01346,Li0-4Mn3Cr2Co3O16,Mn3Cr2Co3O16,Mn3Cr2Co3O16,Li4Mn3Cr2Co3O16,Li,4.491751610833323,146.98623114218162,647.6212512939758,660.2256405032135,2908.9537987096082,0.11275903562188301,0.12901727406249902,0.09693955639881101,1,4,Co-Cr-Mn-O,"Mn,Cr,Co,O",mp-772635,mp-769581,"mp-772635,mp-769581",
BAT_01347,Li0-4Mn2Cr3Co3O16,Mn2Cr3Co3O16,Mn2Cr3Co3O16,Li4Mn2Cr3Co3O16,Li,4.009209343333336,147.58151537873138,668.4609676892035,591.6851903597023,2679.999957313198,0.037630712614701,0.08158312354166601,0.12115260672620301,1,4,Co-Cr-Mn-O,"Mn,Cr,Co,O",mp-1176520,mp-758129,"mp-1176520,mp-757903,mp-758129,mp-1177438",
BAT_01348,Li0-1Mn3Cr3(CoO8)2,Mn3Cr3(CoO8)2,Mn3Cr3(CoO8)2,Li10Mn3Cr3(CoO8)2,Li,3.147956751333332,350.77294397459724,1442.4628998985925,1104.218057169902,4540.810824283631,0.210981117653948,0.107785710104181,0.11832559727941501,2,4,Co-Cr-Mn-O,"Mn,Cr,Co,O",mp-780886,mp-780494,"mp-780886,mp-776269,mp-780494",More than one working ion per transition metal
BAT_01349,Li1-3Cr(CoO3)2,Cr(CoO3)2,LiCr(CoO3)2,Li3Cr(CoO3)2,Li,3.497531378333332,186.97714840211145,811.9366089102753,653.9584435676728,2839.7737668812465,0.034702649731735,0.07865080887499,0.05856329833333,1,3,Co-Cr-O,"Cr,Co,O",mp-1305214,mp-1283691,"mp-1305214,mp-1283691",
BAT_01350,Li0-4CrCo3O8,CrCo3O8,CrCo3O8,Li4CrCo3O8,Li,3.405803155833333,278.7792556099127,1233.29022536038,949.4672685371082,4200.343741590785,0.044693031399207,0.06934500583333801,0.122775016874999,4,3,Co-Cr-O,"Cr,Co,O",mp-753507,mp-756706,"mp-753507,mp-758629,mp-752954,mp-759149,mp-1275494,mp-1314550,mp-849768,mp-756706",
BAT_01351,Li0.67-1.33CrCoO4,CrCoO4,Li2Cr3(CoO4)3,Li4Cr3(CoO4)3,Li,3.7742428583333463,97.01109022653577,413.0832860003513,366.14341446663445,1559.0766420836967,0.0016427568656960001,0.06205838302778,0.045809981212112,1,3,Co-Cr-O,"Cr,Co,O",mp-753037,mp-753039,"mp-753037,mp-753039",
BAT_01352,Li0-4Mn3CrCo2(PO4)6,Mn3CrCo2(PO4)6,Mn3CrCo2(PO4)6,Li4Mn3CrCo2(PO4)6,Li,3.775932283333337,114.99465060553298,379.0798607024182,434.2120136320695,1431.3798839877654,0.06918760884799101,0.06221905388888001,0.08704151777777401,1,5,Co-Cr-Mn-O-P,"Mn,Cr,Co,P,O",mp-757284,mp-758445,"mp-757284,mp-758445",
BAT_01353,Li0-3Cr(CoO3)2,Cr(CoO3)2,Cr(CoO3)2,Li3Cr(CoO3)2,Li,3.6889149900000002,280.4657226031672,1222.012282297946,1034.6142082920053,4507.899426133004,0.079583764473466,0.086266191111122,0.058315205833330004,2,3,Co-Cr-O,"Cr,Co,O",mp-752462,mp-1277232,"mp-752462,mp-756072,mp-1316235,mp-1277232,mp-1279412,mp-761831",
BAT_01354,Li0-4CrCo5O12,CrCo5O12,CrCo5O12,Li4CrCo5O12,Li,4.019933678333328,189.26968947045694,851.6513404923642,760.8515989899807,3423.5819058429793,0.016810319064848003,0.10670936944445401,0.06606882366161901,1,3,Co-Cr-O,"Cr,Co,O",mp-756950,mp-771079,"mp-756950,mp-771079",
BAT_01355,Li1-3Cr2CoO6,Cr2CoO6,LiCr2CoO6,Li3Cr2CoO6,Li,3.685072813333332,191.6137967490254,808.532513526119,706.1107930594123,2979.501184291166,0.025188150070457,0.092602951180555,0.025084511666667003,2,3,Co-Cr-O,"Cr,Co,O",mp-763359,mp-753687,"mp-763359,mp-758963,mp-1272899,mp-759210,mp-753687",
BAT_01356,Li0-2Cr3(CoO6)2,Cr3(CoO6)2,Cr3(CoO6)2,Li2Cr3(CoO6)2,Li,4.74963052083334,111.73580821710124,335.4207521764252,530.7038049779247,1593.124641858025,0.043422943810060004,0.071986044499999,0.002351124802634,1,3,Co-Cr-O,"Cr,Co,O",mp-772720,mp-772115,"mp-772720,mp-772115",
BAT_01357,Li0-2CrCo3O8,CrCo3O8,CrCo3O8,Li2CrCo3O8,Li,4.524467178333329,144.60988235146408,662.0720115415594,654.2826663618433,2995.5230859129106,0.011239206292987,0.10345884000000401,0.019597835753970002,1,3,Co-Cr-O,"Cr,Co,O",mp-754623,mp-761748,"mp-754623,mp-761748",
BAT_01358,Li0-2Cr(CoO3)2,Cr(CoO3)2,Cr(CoO3)2,Li2Cr(CoO3)2,Li,3.8430181608333283,191.61647155239902,843.2899045588058,736.3855800906723,3240.778418066895,0.015933454249012,0.08974724000001101,0.078006830164148,1,3,Co-Cr-O,"Cr,Co,O",mp-755124,mp-757009,"mp-755124,mp-757009,mp-1638651,mp-1643671",
BAT_01359,Li1-2CrCoO4,CrCoO4,LiCrCoO4,Li2CrCoO4,Li,3.051329638333333,141.95030983770064,607.5978053876768,433.13718757837563,1853.9811917657064,0.051883929178187,0.026803994543652003,0.048755468749999004,1,3,Co-Cr-O,"Cr,Co,O",mp-762011,mp-1275616,"mp-762011,mp-1312869,mp-1308550,mp-1306460,mp-1308819,mp-763114,mp-1275616,mp-757085,mp-801858",
BAT_01360,Li2-4Cr3CoO8,Cr3CoO8,Li2Cr3CoO8,Li4Cr3CoO8,Li,3.655575148333331,144.60683551574698,621.9941686700024,528.6211541904904,2273.746425398311,0.018648897934732,0.08328301904761501,0.012257426875000001,1,3,Co-Cr-O,"Cr,Co,O",mp-756128,mp-768691,"mp-756128,mp-756512,mp-768691",
BAT_01361,Li2-4Cr3CoO8,Cr3CoO8,Li2Cr3CoO8,Li4Cr3CoO8,Li,3.56566410333333,144.60683551574698,604.1595693201857,515.6194024951263,2154.230089010311,0.012105198899943001,0.080710029761902,0.021244941875000003,2,3,Co-Cr-O,"Cr,Co,O",mp-763336,mp-1177445,"mp-763336,mp-759061,mp-763184,mp-1177445",
BAT_01362,Li0-3Cr3(CoO6)2,Cr3(CoO6)2,Cr3(CoO6)2,Li3Cr3(CoO6)2,Li,3.681102613333341,165.21331185725208,528.1003604693396,608.1671540351869,1943.9916170259658,0.029870189813099003,0.019391741999999,0.08063550952083101,1,3,Co-Cr-O,"Cr,Co,O",mp-861261,mp-765542,"mp-861261,mp-765542",
BAT_01363,Li0-4Cr3Co5O16,Cr3Co5O16,Cr3Co5O16,Li4Cr3Co5O16,Li,3.870839365833337,145.9758418314647,647.420642321133,565.0490350218944,2506.061308549746,0.11874305862847001,0.091417700833338,0.09766270407737901,1,3,Co-Cr-O,"Cr,Co,O",mp-756555,mp-770878,"mp-756555,mp-770878",
BAT_01364,Li0-2CrCo3O8,CrCo3O8,CrCo3O8,Li2CrCo3O8,Li,4.157515350833333,144.60988235146408,680.5086000758079,601.2178057584142,2829.224951189273,0.0785840071179,0.065202855833338,0.039228681825398,1,3,Co-Cr-O,"Cr,Co,O",mp-861562,mp-765293,"mp-861562,mp-765293",
BAT_01365,Li0-7Cr3Co(PO4)6,Cr3Co(PO4)6,Cr3Co(PO4)6,Li7Cr3Co(PO4)6,Li,4.286054431904757,225.13154100484005,664.8392139940621,964.9260390853423,2849.5370596433254,0.044161743604336,0.08637905220587501,0.074386135304875,2,4,Co-Cr-O-P,"Cr,Co,P,O",mp-757861,mp-780115,"mp-757861,mp-770502,mp-780115",More than one working ion per transition metal
BAT_01366,Li0-4Cr3Co(PO4)4,Cr3Co(PO4)4,Cr3Co(PO4)4,Li4Cr3Co(PO4)4,Li,3.051595750833333,172.19872817202062,580.6969906527496,525.4809071886423,1772.0524691976345,0.12255423410164501,0.044367887083332,0.036807637142852005,1,4,Co-Cr-O-P,"Cr,Co,P,O",mp-774666,mp-757602,"mp-774666,mp-757602",
BAT_01367,Li0-4CrCo3(PO4)4,CrCo3(PO4)4,CrCo3(PO4)4,Li4CrCo3(PO4)4,Li,3.939129250833336,168.4448808275443,598.1757145559529,663.5261572209153,2356.2914543454867,0.07923206089637301,0.054973710000001,0.038992536696429006,1,4,Co-Cr-O-P,"Cr,Co,P,O",mp-775991,mp-757257,"mp-775991,mp-757257",
BAT_01368,Li0-2CrCo(PO4)2,CrCo(PO4)2,CrCo(PO4)2,Li2CrCo(PO4)2,Li,3.569762055833334,170.30112105011048,589.2504812583072,607.9344799905639,2103.4840093774365,0.09528544483370001,0.066543252083334,0.044028058392854,1,4,Co-Cr-O-P,"Cr,Co,P,O",mp-1178412,mp-757895,"mp-1178412,mp-757895",
BAT_01369,Li0-4Cr3Co3(TeO8)2,Cr3Co3(TeO8)2,Cr3Co3(TeO8)2,Li4Cr3Co3(TeO8)2,Li,3.9375135408333333,122.97891983231669,600.5739167951112,484.23116207680397,2364.7679296520623,0.107651885756241,0.092062377552081,0.034778451339286004,1,4,Co-Cr-O-Te,"Cr,Co,Te,O",mp-757983,mp-775136,"mp-757983,mp-775136",
BAT_01370,Li0-4Mn3Co3(CuO8)2,Mn3Co3(CuO8)2,Mn3Co3(CuO8)2,Li4Mn3Co3(CuO8)2,Li,2.9221717658333373,142.47389560187665,653.40816679584,416.3331950960905,1909.3708965757237,0.100713511970609,0.079289232864584,0.234147022544645,1,4,Co-Cu-Mn-O,"Mn,Co,Cu,O",mp-770859,mp-771073,"mp-770859,mp-771073",
BAT_01371,Li0-4Mn3CoCu2(PO4)6,Mn3CoCu2(PO4)6,Mn3CoCu2(PO4)6,Li4Mn3CoCu2(PO4)6,Li,3.983277855833326,113.03496810827733,376.77875127942565,450.2496854005273,1500.8144565198686,0.095162451639152,0.072345104930552,0.08424212343751501,1,5,Co-Cu-Mn-O-P,"Mn,Co,Cu,P,O",mp-758293,mp-1177395,"mp-758293,mp-1177395",
BAT_01372,Li1-2CoCuO4,CoCuO4,LiCoCuO4,Li2CoCuO4,Li,3.679298878333331,133.76743030104512,651.7113053194149,492.1703562641674,2397.840674658875,0.00802556181961,0.06326813231547601,0.041144628749999,1,3,Co-Cu-O,"Co,Cu,O",mp-754020,mp-753366,"mp-754020,mp-753366",
BAT_01373,Li0-4Cr3Co3(SbO8)2,Cr3Co3(SbO8)2,Cr3Co3(SbO8)2,Li4Cr3Co3(SbO8)2,Li,4.367181173333333,124.64902420579408,626.593130735067,544.3648717859148,2736.4457238861764,0.065358437868967,0.10003428979166701,0.025532389285721,1,4,Co-Cr-O-Sb,"Cr,Co,Sb,O",mp-757879,mp-758153,"mp-757879,mp-758153",
BAT_01374,Li3-5Co2Cu3O10,Co2Cu3O10,Li3Co2Cu3O10,Li5Co2Cu3O10,Li,3.581572773333332,106.52345225799806,501.098457265632,381.5214963287189,1794.7205913019238,0.009511791361766001,0.07056192791203701,0.06190635600000201,1,3,Co-Cu-O,"Co,Cu,O",mp-752567,mp-752862,"mp-752567,mp-752862",
BAT_01375,Li1-4Co3CuO8,Co3CuO8,LiCo3CuO8,Li4Co3CuO8,Li,3.7677620799999962,202.98781151076395,926.3022730112903,764.8097789124432,3490.086578869744,0.042755240027114005,0.111754276490377,0.06589331250000001,2,3,Co-Cu-O,"Co,Cu,O",mp-761730,mp-753919,"mp-761730,mp-769624,mp-753919",
BAT_01376,Li1-3Co2CuO6,Co2CuO6,LiCo2CuO6,Li3Co2CuO6,Li,3.348008803333325,179.7359104162832,819.5855069264863,601.7574103488461,2743.9794922742826,0.058153450441813005,0.062871880437502,0.08934447833332901,1,3,Co-Cu-O,"Co,Cu,O",mp-766810,mp-754066,"mp-766810,mp-758532,mp-754066",
BAT_01377,Li0-6CoCu3(PO4)4,CoCu3(PO4)4,CoCu3(PO4)4,Li6CoCu3(PO4)4,Li,3.724562991666667,239.61891455728232,803.7750264213131,892.4757412633911,2993.710717034721,0.149476940509633,0.03346286802084,0.076256840166669,2,4,Co-Cu-O-P,"Co,Cu,P,O",mp-775137,mp-775260,"mp-775137,mp-757489,mp-775260",More than one working ion per transition metal
BAT_01378,Li0-2.5CoCu(PO4)2,CoCu(PO4)2,CoCu(PO4)2,Li5Co2Cu2(PO4)4,Li,3.999562447333328,203.18041364939745,721.6828425214032,812.632752465782,2886.4155958333763,0.060604225779984006,0.058483246875005,0.066800448793103,2,4,Co-Cu-O-P,"Co,Cu,P,O",mp-761614,mp-764926,"mp-761614,mp-756337,mp-764926",More than one working ion per transition metal
BAT_01379,Li0-1CoF3,CoF3,CoF3,LiCoF3,Li,4.648034383333333,218.12982029672742,778.0103241283649,1013.8749047695102,3616.2187371369514,0.12284432034643,0.084303296874999,0.08800685599999701,1,2,Co-F,"Co,F",mp-1178425,mp-759500,"mp-1178425,mp-860537,mp-759500,mp-764370",
BAT_01380,Li0-1Eu2CoO4,Eu2CoO4,Eu2CoO4,LiEu2CoO4,Li,-0.49540043666666606,61.783065493066665,444.5623610887553,-30.607357623870467,-220.23638780893356,0.151864721493421,0.052330138035708004,0.350565489124999,1,3,Co-Eu-O,"Eu,Co,O",mp-754928,mp-1235194,"mp-754928,mp-1235194",
BAT_01381,Li0-4Co3Cu3(TeO8)2,Co3Cu3(TeO8)2,Co3Cu3(TeO8)2,Li4Co3Cu3(TeO8)2,Li,4.144303423333331,118.2776617132769,625.8517647616611,490.1785183421951,2593.7196112009588,0.058673257678375,0.056000539453124006,0.025415687971940003,1,4,Co-Cu-O-Te,"Co,Cu,Te,O",mp-757881,mp-765052,"mp-757881,mp-765052",
BAT_01382,Li0-1SrEu(CoO3)2,SrEu(CoO3)2,SrEu(CoO3)2,SrLiEu(CoO3)2,Li,-0.04217763666666,58.215012925003705,344.3477229427169,-2.455371663695733,-14.523773145269685,0.173037237987091,0.075970879929436,0.371280786306848,1,4,Co-Eu-O-Sr,"Sr,Eu,Co,O",mp-1218310,mp-1236462,"mp-1218310,mp-1236462,mp-1235444",
BAT_01383,Li0-1K2CoF6,K2CoF6,K2CoF6,K2LiCoF6,Li,5.18577194333334,103.85706828687738,341.0772113602943,538.5790708389435,1768.7486331825899,0.12121336176885801,0.0,0.0,1,3,Co-F-K,"K,Co,F",mp-1206883,mp-1111150,"mp-1206883,mp-1111150",
BAT_01384,Li0-0.5Co3OF5,Co3OF5,Co3OF5,LiCo6(OF5)2,Li,2.261387903333333,46.00930959523534,204.53157666549427,104.04489615938346,462.52523332104306,0.033163126549303,0.06701352222222101,0.16109102526315902,1,3,Co-F-O,"Co,O,F",mp-777377,mp-1235110,"mp-777377,mp-1235110,mp-1235351,mp-1236161,mp-1235140,mp-1236283,mp-1236009",
BAT_01385,Li1-2CoPO4F,CoPO4F,LiCoPO4F,Li2CoPO4F,Li,4.51474495083333,143.48843245551572,477.45054457678117,647.8136759315289,2155.5674354006464,0.009501574648329,0.06911564109375,0.035994524583333,1,4,Co-F-O-P,"Co,P,O,F",mp-776411,mp-770853,"mp-776411,mp-770853",More than one working ion per transition metal
BAT_01386,Li1-2CoPO4F,CoPO4F,LiCoPO4F,Li2CoPO4F,Li,4.519475752083328,143.48843245551572,470.6146483517161,648.4924911871498,2126.931491800803,0.016413500578070003,0.0853621765625,0.049910244861111,2,4,Co-F-O-P,"Co,P,O,F",mp-758908,mp-770624,"mp-758908,mp-759682,mp-770624",More than one working ion per transition metal
BAT_01387,Li0-1Rb2CoF6,Rb2CoF6,Rb2CoF6,Rb2LiCoF6,Li,4.849443663333337,76.40098284000389,318.4086631760562,370.50226210589585,1544.1048739895646,0.18867859655044603,0.0,0.0,1,3,Co-F-Rb,"Rb,Co,F",mp-560878,mp-1113736,"mp-560878,mp-1113736",
BAT_01388,Li0-2CoPO4F,CoPO4F,CoPO4F,Li2CoPO4F,Li,4.558548453333331,286.97686491103144,940.698673741835,1308.1979436826307,4288.220484238558,0.068919557482607,0.09929610387755101,0.053209096666667004,2,4,Co-F-O-P,"Co,P,O,F",mp-25444,mp-25390,"mp-25444,mp-25465,mp-25390",More than one working ion per transition metal
BAT_01389,Li0-4Mn3Fe3(CoO8)2,Mn3Fe3(CoO8)2,Mn3Fe3(CoO8)2,Li4Mn3Fe3(CoO8)2,Li,3.8712825158333333,146.06310276467465,635.9048895593686,565.4515359412524,2461.7674806841105,0.07646598570571701,0.132033021041666,0.13622267254999101,1,4,Co-Fe-Mn-O,"Mn,Fe,Co,O",mp-768595,mp-754076,"mp-768595,mp-754076",
BAT_01390,Li0-4Mn3Fe2Co3O16,Mn3Fe2Co3O16,Mn3Fe2Co3O16,Li4Mn3Fe2Co3O16,Li,4.155083928333338,145.4511139249854,655.6904427257834,604.3615858278882,2724.4488205316734,0.060707091883875006,0.094587885104165,0.071129844107144,1,4,Co-Fe-Mn-O,"Mn,Fe,Co,O",mp-1176503,mp-774451,"mp-1176503,mp-774451",
BAT_01391,Li0-1Mn2Fe3Co3O16,Mn2Fe3Co3O16,Mn2Fe3Co3O16,Li10Mn2Fe3Co3O16,Li,3.197116280333333,343.7801489077601,1454.0130685218558,1099.1051109284176,4648.6488531886525,0.20187232583529402,0.11885949468749901,0.08595002595588601,2,4,Co-Fe-Mn-O,"Mn,Fe,Co,O",mp-772328,mp-777350,"mp-772328,mp-761441,mp-777350",More than one working ion per transition metal
BAT_01392,Li0-3MnFeCo(PO4)3,MnFeCo(PO4)3,MnFeCo(PO4)3,Li3MnFeCo(PO4)3,Li,3.858969595833338,169.11111783050535,585.9455721741464,652.5946620253092,2261.1461478331994,0.05122858094976301,0.023872250277777,0.013090080952379,1,5,Co-Fe-Mn-O-P,"Mn,Fe,Co,P,O",mp-1176492,mp-1177594,"mp-1176492,mp-1177594",
BAT_01393,Li0-3MnFeCo(PO4)3,MnFeCo(PO4)3,MnFeCo(PO4)3,Li3MnFeCo(PO4)3,Li,2.044967240833334,169.11111783050535,588.0843903058753,345.8266960240894,1202.6133130209596,0.049844611833061006,0.025377458333333002,0.273523452857142,1,5,Co-Fe-Mn-O-P,"Mn,Fe,Co,P,O",mp-1176526,mp-1177607,"mp-1176526,mp-1177607",
BAT_01394,Li0-3MnFeCo(PO4)3,MnFeCo(PO4)3,MnFeCo(PO4)3,Li3MnFeCo(PO4)3,Li,3.775161862500003,169.11111783050535,586.3289376248296,638.4218425584681,2213.4866442014,0.057728435766151005,0.027758463194444003,0.028393653928571003,1,5,Co-Fe-Mn-O-P,"Mn,Fe,Co,P,O",mp-764410,mp-759846,"mp-764410,mp-759846",
BAT_01395,Li0-3MnFeCo(PO4)3,MnFeCo(PO4)3,MnFeCo(PO4)3,Li3MnFeCo(PO4)3,Li,3.8804091325,169.11111783050535,587.0251055913734,656.2203260367767,2277.8975807435427,0.06478939982406601,0.027736104305556,0.013339164880952001,1,5,Co-Fe-Mn-O-P,"Mn,Fe,Co,P,O",mp-759677,mp-764931,"mp-759677,mp-764931",
BAT_01396,Li0-3MnFeCo(PO4)3,MnFeCo(PO4)3,MnFeCo(PO4)3,Li3MnFeCo(PO4)3,Li,-0.078596372499992,169.11111783050535,586.203477610929,-13.291520410896487,-46.07346688709947,0.060642337221619005,0.024678851666667,0.5762908776190471,1,5,Co-Fe-Mn-O-P,"Mn,Fe,Co,P,O",mp-759992,mp-1177596,"mp-759992,mp-1177596",
BAT_01397,Li0-3MnFeCo(PO4)3,MnFeCo(PO4)3,MnFeCo(PO4)3,Li3MnFeCo(PO4)3,Li,3.8634253666666662,169.11111783050535,586.4646817279852,653.3481824117299,2265.7625280419907,0.052808536024548006,0.024634626249999,0.013107007380951,1,5,Co-Fe-Mn-O-P,"Mn,Fe,Co,P,O",mp-759618,mp-1177593,"mp-759618,mp-1177593",
BAT_01398,Li0-3MnFeCo(PO4)3,MnFeCo(PO4)3,MnFeCo(PO4)3,Li3MnFeCo(PO4)3,Li,3.9154661600000082,169.11111783050535,586.3112315883344,662.1488591451177,2295.681786512051,0.056793693980442005,0.034332731250001004,0.013985269761904002,1,5,Co-Fe-Mn-O-P,"Mn,Fe,Co,P,O",mp-760077,mp-1177597,"mp-760077,mp-1177597",
BAT_01399,Li0-3MnFeCo(PO4)3,MnFeCo(PO4)3,MnFeCo(PO4)3,Li3MnFeCo(PO4)3,Li,3.891001174166675,169.11111783050535,586.6525242594015,658.0115580431353,2282.6656607211753,0.059597335868593004,0.031003078194444002,0.01462627940476,1,5,Co-Fe-Mn-O-P,"Mn,Fe,Co,P,O",mp-1176456,mp-1177623,"mp-1176456,mp-1177623",
BAT_01400,Li0-3MnFeCo(PO4)3,MnFeCo(PO4)3,MnFeCo(PO4)3,Li3MnFeCo(PO4)3,Li,3.882162339166668,169.11111783050535,588.3398506908293,656.5168127759648,2284.0308109828784,0.054070075314438006,0.027931892361111002,0.013256525119047001,1,5,Co-Fe-Mn-O-P,"Mn,Fe,Co,P,O",mp-1176487,mp-761258,"mp-1176487,mp-761258",
BAT_01401,Li0-3MnFeCo(PO4)3,MnFeCo(PO4)3,MnFeCo(PO4)3,Li3MnFeCo(PO4)3,Li,3.88765814666667,169.11111783050535,585.8723320743396,657.4462149256714,2277.6713446954072,0.060449070761345,0.028817796944444002,0.013230756547617002,1,5,Co-Fe-Mn-O-P,"Mn,Fe,Co,P,O",mp-761176,mp-764708,"mp-761176,mp-764708",
BAT_01402,Li0-3MnFeCo(PO4)3,MnFeCo(PO4)3,MnFeCo(PO4)3,Li3MnFeCo(PO4)3,Li,3.860079399166669,169.11111783050535,587.4453994339193,652.7823421075809,2267.585884490107,0.048026451753632,0.038927892777778,0.025836374047618002,1,5,Co-Fe-Mn-O-P,"Mn,Fe,Co,P,O",mp-764383,mp-1177589,"mp-764383,mp-1177589",
BAT_01403,Li0-3MnFeCo(PO4)3,MnFeCo(PO4)3,MnFeCo(PO4)3,Li3MnFeCo(PO4)3,Li,-0.6350575583333341,169.11111783050535,584.1590127423403,-107.39529357646154,-370.9745963105619,0.059464913871770005,0.029792679722222003,0.6601686139285701,1,5,Co-Fe-Mn-O-P,"Mn,Fe,Co,P,O",mp-1176481,mp-764870,"mp-1176481,mp-764870",
BAT_01404,Li0-3MnFeCo(PO4)3,MnFeCo(PO4)3,MnFeCo(PO4)3,Li3MnFeCo(PO4)3,Li,3.833413901666674,169.11111783050535,586.4536840810745,648.2729100178501,2248.1197052400266,0.05853226720943901,0.043570116944445,0.033624780119047,1,5,Co-Fe-Mn-O-P,"Mn,Fe,Co,P,O",mp-764415,mp-764707,"mp-764415,mp-764707",
BAT_01405,Li0-3MnFeCo(PO4)3,MnFeCo(PO4)3,MnFeCo(PO4)3,Li3MnFeCo(PO4)3,Li,3.821406282500006,169.11111783050535,586.9371259687864,646.242288118092,2242.925220609618,0.053491466666149005,0.038600422916666,0.031080416547617003,1,5,Co-Fe-Mn-O-P,"Mn,Fe,Co,P,O",mp-1176474,mp-764869,"mp-1176474,mp-764869",
BAT_01406,Li0-3MnFeCo(PO4)3,MnFeCo(PO4)3,MnFeCo(PO4)3,Li3MnFeCo(PO4)3,Li,3.893744978333334,169.11111783050535,586.4658149308644,658.475565832867,2283.5483218512204,0.059065228282177,0.029286186527778,0.01276268595238,1,5,Co-Fe-Mn-O-P,"Mn,Fe,Co,P,O",mp-1176466,mp-1177625,"mp-1176466,mp-1177625",
BAT_01407,Li0-3MnFeCo(PO4)3,MnFeCo(PO4)3,MnFeCo(PO4)3,Li3MnFeCo(PO4)3,Li,5.692489526666667,169.11111783050535,584.6549748646024,962.6632670930443,3328.1423211303127,0.06178240134492,0.33658124097222203,0.01919494,1,5,Co-Fe-Mn-O-P,"Mn,Fe,Co,P,O",mp-1176473,mp-764912,"mp-1176473,mp-764912",
BAT_01408,Li0-3MnFeCo(PO4)3,MnFeCo(PO4)3,MnFeCo(PO4)3,Li3MnFeCo(PO4)3,Li,3.771642185000004,169.11111783050535,589.7224145641958,637.8266259620405,2224.221936210382,0.052287713902283005,0.029704107222222,0.030564159880951004,1,5,Co-Fe-Mn-O-P,"Mn,Fe,Co,P,O",mp-1176500,mp-764969,"mp-1176500,mp-764969",
BAT_01409,Li4-1Fe2Co3Ni3O16,Fe2Co3Ni3O16,Li4Fe2Co3Ni3O16,Li10Fe2Co3Ni3O16,Li,2.740996586666668,203.56323558234462,926.6768006679575,557.9661339020295,2540.01794757406,0.069454786126647,0.04269139721388,0.11385225816176602,1,4,Co-Fe-Ni-O,"Fe,Co,Ni,O",mp-774891,mp-779007,"mp-774891,mp-779007",More than one working ion per transition metal
BAT_01410,Li4-1Fe3Co3(NiO8)2,Fe3Co3(NiO8)2,Li4Fe3Co3(NiO8)2,Li10Fe3Co3(NiO8)2,Li,2.703796169999998,204.29988082744194,917.6631742096303,552.3852353126937,2481.1741757780396,0.054994875039153006,0.056713332405641005,0.127844673676469,1,4,Co-Fe-Ni-O,"Fe,Co,Ni,O",mp-760302,mp-774318,"mp-760302,mp-774318",More than one working ion per transition metal
BAT_01411,Li4-1Fe3Co2Ni3O16,Fe3Co2Ni3O16,Li4Fe3Co2Ni3O16,Li10Fe3Co2Ni3O16,Li,3.987319799999999,204.3621393243266,913.5243397146056,814.8572044982458,3642.5136875259723,0.072444798735776,0.28513653671773204,0.093579116029416,1,4,Co-Fe-Ni-O,"Fe,Co,Ni,O",mp-753758,mp-778201,"mp-753758,mp-778201",More than one working ion per transition metal
BAT_01412,Li0-8Fe3Co5O16,Fe3Co5O16,Fe3Co5O16,Li8Fe3Co5O16,Li,3.9647908358333313,277.1183662848189,1279.4096629446033,1098.7163590871544,5072.591706919374,0.040220483393770004,0.11011609197916401,0.008975651953123,2,3,Co-Fe-O,"Fe,Co,O",mp-756418,mp-765504,"mp-756418,mp-752817,mp-753106,mp-759074,mp-765504",
BAT_01413,Li2-4Fe3CoO8,Fe3CoO8,Li2Fe3CoO8,Li4Fe3CoO8,Li,3.8163664533333272,140.2384104120213,607.2122769257066,535.2011649652293,2317.3445637114137,0.013699396045789002,0.070032710785306,0.011689987031250001,1,3,Co-Fe-O,"Fe,Co,O",mp-759180,mp-752777,"mp-759180,mp-763428,mp-752777",
BAT_01414,Li4-8FeCo3O8,FeCo3O8,Li4FeCo3O8,Li8FeCo3O8,Li,1.857991143333334,257.6026507709038,859.6969370869485,478.6234436315291,1597.3092950583448,0.148434348806148,0.120480824218749,0.09812580834374901,1,3,Co-Fe-O,"Fe,Co,O",mp-754123,mp-752780,"mp-754123,mp-752780",More than one working ion per transition metal
BAT_01415,Li0-4FeCo3O8,FeCo3O8,FeCo3O8,Li4FeCo3O8,Li,3.54914584083333,276.0166834662942,1274.3897673611837,979.6234641250078,4522.9951424305,0.051619159845729005,0.144439473541666,0.146545764843749,3,3,Co-Fe-O,"Fe,Co,O",mp-753474,mp-765603,"mp-753474,mp-752999,mp-763922,mp-752570,mp-753893,mp-765603",
BAT_01416,Li0-2FeCoO4,FeCoO4,FeCoO4,Li2FeCoO4,Li,3.800156808333334,278.2288787781869,1207.6409555973569,1057.313367963877,4589.22499943547,0.054460321213725,0.15313448708333402,0.07448162718749801,2,3,Co-Fe-O,"Fe,Co,O",mp-755732,mp-753409,"mp-755732,mp-881189,mp-753409",
BAT_01417,Li0-2FeCo3O8,FeCo3O8,FeCo3O8,Li2FeCo3O8,Li,4.19884804083333,143.12374990610436,652.8964797060985,600.9548768899658,2741.41310468093,0.12183815617908,0.082114222708332,0.039717073833198,1,3,Co-Fe-O,"Fe,Co,O",mp-761579,mp-761763,"mp-761579,mp-761763,mp-757856",
BAT_01418,Li0-5Fe2Co3O10,Fe2Co3O10,Fe2Co3O10,Li5Fe2Co3O10,Li,3.963004908333332,277.339759023528,1306.9442729326545,1099.0988262862252,5179.426568550249,0.034219426667178005,0.12634440900000202,0.020010106000006002,2,3,Co-Fe-O,"Fe,Co,O",mp-778217,mp-769566,"mp-778217,mp-759569,mp-759196,mp-769566",
BAT_01419,Li0-2Fe(CoO3)2,Fe(CoO3)2,Fe(CoO3)2,Li2Fe(CoO3)2,Li,4.004752400833337,189.0158397124515,820.5027956916716,756.9616378839694,3285.910540936687,0.045780766532849,0.105352321388888,0.05447390994318001,1,3,Co-Fe-O,"Fe,Co,O",mp-753096,mp-1640067,"mp-753096,mp-1640067,mp-1646935,mp-1980018,mp-757742,mp-1571236,mp-1639830,mp-1643412,mp-1980704",
BAT_01420,Li2-4Fe3CoO8,Fe3CoO8,Li2Fe3CoO8,Li4Fe3CoO8,Li,3.768779103333327,140.2384104120213,608.1675519899948,528.5275906455088,2292.0491612652772,0.016413148824217003,0.06853663007102101,0.016329335156250003,2,3,Co-Fe-O,"Fe,Co,O",mp-757499,mp-756405,"mp-757499,mp-753590,mp-756405,mp-1296443",
BAT_01421,Li0-1FeCo9O20,FeCo9O20,FeCo9O20,Li10FeCo9O20,Li,3.698806772333335,274.706171686593,1276.1831765039199,1016.085048236134,4720.354975990566,0.04824446064908,0.044408215416667,0.043606681937493,4,3,Co-Fe-O,"Fe,Co,O",mp-771048,mp-764262,"mp-771048,mp-759051,mp-759547,mp-759050,mp-764865,mp-764262,mp-761094",
BAT_01422,Li0.5-2FeCoO4,FeCoO4,LiFe2(CoO4)2,Li2FeCoO4,Li,3.290969179999999,208.6716590836402,963.1206470954,686.7319987837268,3169.6003662126177,0.049477218016093005,0.11491687451922201,0.12906115406249802,3,3,Co-Fe-O,"Fe,Co,O",mp-1176746,mp-1177967,"mp-1176746,mp-850214,mp-761710,mp-1177761,mp-755944,mp-1177967",
BAT_01423,Li0-3Fe(CoO3)2,Fe(CoO3)2,Fe(CoO3)2,Li3Fe(CoO3)2,Li,3.882968336666668,276.7501628178262,1335.8227951456247,1074.6121193889644,5186.957616948027,0.054110870276652005,0.111699774722222,0.033257814791666,2,3,Co-Fe-O,"Fe,Co,O",mp-761530,mp-761602,"mp-761530,mp-763429,mp-761602",
BAT_01424,Li2-3Fe2CoO6,Fe2CoO6,Li2Fe2CoO6,Li3Fe2CoO6,Li,3.970202473333334,93.24116053629383,410.00364971166186,370.18628617766433,1627.797504160934,0.014469311363784002,0.07029492590909,0.012285007083331,1,3,Co-Fe-O,"Fe,Co,O",mp-759337,mp-761592,"mp-759337,mp-761592",
BAT_01425,Li0-4FeCo5O12,FeCo5O12,FeCo5O12,Li4FeCo5O12,Li,3.788066720833328,187.9922543079969,848.2347718257155,712.127202318559,3213.169910606645,0.005294060432553,0.06873653625000001,0.073710526278405,1,3,Co-Fe-O,"Fe,Co,O",mp-756471,mp-756543,"mp-756471,mp-756543",
BAT_01426,Li0-2FeCo3O8,FeCo3O8,FeCo3O8,Li2FeCo3O8,Li,4.639780237083333,143.12374990610436,651.7795057415353,664.0627462716006,3024.113669675519,0.026862451111539003,0.11274877958333201,0.002984951690341,1,3,Co-Fe-O,"Fe,Co,O",mp-1178259,mp-761944,"mp-1178259,mp-776400,mp-761944,mp-758079,mp-1177976",
BAT_01427,Li0-2FeCo3O8,FeCo3O8,FeCo3O8,Li2FeCo3O8,Li,4.027106103333335,143.12374990610436,672.3294036825238,576.3745267788267,2707.5418450203533,0.008487399029176,0.119395476041667,0.09620699633319801,1,3,Co-Fe-O,"Fe,Co,O",mp-771245,mp-775721,"mp-771245,mp-775721",
BAT_01428,Li0-4Fe3Co5O16,Fe3Co5O16,Fe3Co5O16,Li4Fe3Co5O16,Li,3.922357025833325,143.71627067028717,676.0453990897772,563.7065239901648,2651.6914209020824,0.083121862250041,0.155361771979165,0.13295864923194,1,3,Co-Fe-O,"Fe,Co,O",mp-771370,mp-781613,"mp-771370,mp-781613",
BAT_01429,Li0-1Fe5Co3O16,Fe5Co3O16,Fe5Co3O16,Li10Fe5Co3O16,Li,3.3443902703333332,342.9821372471715,1457.6686720283128,1147.0661227075723,4875.0129241012,0.20906834273315203,0.153797616770833,0.084291568382355,2,3,Co-Fe-O,"Fe,Co,O",mp-771307,mp-763869,"mp-771307,mp-772179,mp-763869,mp-759769",More than one working ion per transition metal
BAT_01430,Li0-1Fe3Co7O20,Fe3Co7O20,Fe3Co7O20,Li10Fe3Co7O20,Li,3.937661372333336,276.45630378310517,1299.1016113631601,1088.5913085447837,5115.42223380071,0.021699592618677002,0.10077362391666601,0.013500963562498,3,3,Co-Fe-O,"Fe,Co,O",mp-775826,mp-760848,"mp-775826,mp-757626,mp-759773,mp-759810,mp-764985,mp-760848",
BAT_01431,Li4-1Fe9CoO20,Fe9CoO20,Li4Fe9CoO20,Li10Fe9CoO20,Li,4.19254645333333,169.10586400824016,712.9013351462637,708.9841903856158,2988.8719642440637,0.022272640574874002,0.134255499338234,0.005083631937498,3,3,Co-Fe-O,"Fe,Co,O",mp-765027,mp-770651,"mp-765027,mp-765392,mp-759442,mp-770651",
BAT_01432,Li3-5Fe5(CoO6)2,Fe5(CoO6)2,Li3Fe5(CoO6)2,Li5Fe5(CoO6)2,Li,3.357821203333335,85.93121386205456,393.1208527142266,288.5416519341782,1320.0295347163112,0.03447673373758,0.12953131397727702,0.054340306354164,2,3,Co-Fe-O,"Fe,Co,O",mp-756115,mp-850359,"mp-756115,mp-775227,mp-850359",
BAT_01433,Li0-4Fe3Co(PO4)4,Fe3Co(PO4)4,Fe3Co(PO4)4,Li4Fe3Co(PO4)4,Li,3.7308980308333273,169.06314745362724,595.7616052249484,630.7573639212223,2222.7257997798624,0.050200221053806005,0.036707793749999,0.010956821964286,1,4,Co-Fe-O-P,"Fe,Co,P,O",mp-774667,mp-758853,"mp-774667,mp-758853",
BAT_01434,Li0-4FeCo3(PO4)4,FeCo3(PO4)4,FeCo3(PO4)4,Li4FeCo3(PO4)4,Li,4.122311360833334,167.43233429672702,602.2095611816025,690.2082138422425,2482.4953156613765,0.052667545043658004,0.044723567916666006,0.028427630892856003,1,4,Co-Fe-O-P,"Fe,Co,P,O",mp-771952,mp-863409,"mp-771952,mp-863409",
BAT_01435,Li6-7Fe3Co(PO4)6,Fe3Co(PO4)6,Li6Fe3Co(PO4)6,Li7Fe3Co(PO4)6,Li,3.456640123333334,31.722107680412996,91.78042467381077,109.65191020481608,317.25189846406704,0.063485851084775,0.058854447010416006,0.072723265670739,1,4,Co-Fe-O-P,"Fe,Co,P,O",mp-757363,mp-775102,"mp-757363,mp-775102",More than one working ion per transition metal
BAT_01436,Li6-7FeCo3(PO4)6,FeCo3(PO4)6,Li6FeCo3(PO4)6,Li7FeCo3(PO4)6,Li,2.533133643333319,31.491891051034493,91.94441955873553,79.77316871356297,232.90750250098705,0.067844324049858,0.09905229025000001,0.137817639756096,1,4,Co-Fe-O-P,"Fe,Co,P,O",mp-768625,mp-780179,"mp-768625,mp-780179",More than one working ion per transition metal
BAT_01437,Li0-4Fe2Co3Sb3O16,Fe2Co3Sb3O16,Fe2Co3Sb3O16,Li4Fe2Co3Sb3O16,Li,3.776648810833333,114.35006068826661,576.0661863178644,431.8600207170616,2175.5996775186563,0.112963150151379,0.11753075802084201,0.07809851630951001,1,4,Co-Fe-O-Sb,"Fe,Co,Sb,O",mp-1178389,mp-759403,"mp-1178389,mp-759403",
BAT_01438,Li0-4Fe3Co3(SbO8)2,Fe3Co3(SbO8)2,Fe3Co3(SbO8)2,Li4Fe3Co3(SbO8)2,Li,4.521835540833334,122.99772768112936,618.8890866072869,556.1754964702707,2798.5146676547092,0.040836075081165005,0.134869770104164,0.025261809107154,1,4,Co-Fe-O-Sb,"Fe,Co,Sb,O",mp-757039,mp-758042,"mp-757039,mp-758042",
BAT_01439,Li4-1Ti2Fe3Co3O16,Ti2Fe3Co3O16,Li4Ti2Fe3Co3O16,Li10Ti2Fe3Co3O16,Li,2.505873736666666,210.07890590391898,868.056311361219,526.4312129322985,2175.239512587821,0.07864691520686601,0.072333371908376,0.09621803996323401,1,4,Co-Fe-O-Ti,"Ti,Fe,Co,O",mp-759038,mp-778830,"mp-759038,mp-778830",More than one working ion per transition metal
BAT_01440,Li0-4Fe3Co3(TeO8)2,Fe3Co3(TeO8)2,Fe3Co3(TeO8)2,Li4Fe3Co3(TeO8)2,Li,4.10154535833333,121.37129116520745,588.5797451461302,497.8098559135797,2414.0865217131245,0.07233208440901201,0.11294958994791901,0.019231506249993,1,4,Co-Fe-O-Te,"Fe,Co,Te,O",mp-761932,mp-1177425,"mp-761932,mp-758114,mp-1177425,mp-849468",
BAT_01441,Li1-2CoGeO4,CoGeO4,LiCoGeO4,Li2CoGeO4,Li,3.840042648333328,127.95952971343203,490.0161556978901,491.3700513602547,1881.6829362522421,0.014938665399243002,0.06539529720237401,0.0,1,3,Co-Ge-O,"Co,Ge,O",mp-763507,mp-756582,"mp-763507,mp-753224,mp-756582",More than one working ion per transition metal
BAT_01442,Li1-2CoGeO4,CoGeO4,LiCoGeO4,Li2CoGeO4,Li,3.8504769558333343,127.95952971343203,494.51699978274326,492.7052204408408,1904.1263119312907,0.012020219203088002,0.070328720059517,0.003012456562497,1,3,Co-Ge-O,"Co,Ge,O",mp-756207,mp-755695,"mp-756207,mp-756236,mp-755695",More than one working ion per transition metal
BAT_01443,Li0-2CoPHO5,CoPHO5,CoPHO5,Li2CoPHO5,Li,4.050468950833328,290.0688992490254,918.6744144754985,1174.9150700105781,3721.0621917579942,0.173597298999444,0.071869448828125,0.06142739800000101,2,4,Co-H-O-P,"Co,P,H,O",mp-755227,mp-1565574,"mp-755227,mp-754793,mp-1565574,mp-943466",More than one working ion per transition metal
BAT_01444,Li0-2CoH8(SO6)2,CoH8(SO6)2,CoH8(SO6)2,Li2CoH8(SO6)2,Li,4.4375595833333294,159.05852022869328,382.6028870262648,705.8316607516562,1697.8231079344005,0.14655508704782902,0.07593412634058501,0.0741362297,2,4,Co-H-O-S,"Co,H,S,O",mp-1178433,mp-770611,"mp-1178433,mp-780159,mp-770611",More than one working ion per transition metal
BAT_01445,Li0-1La4CoO8,La4CoO8,La4CoO8,LiLa4CoO8,Li,3.689821343333325,35.75956390601597,240.46088537955697,131.94640212870974,887.2577071103177,0.019794814697108,0.040052796298077,0.035659367321430005,1,3,Co-La-O,"La,Co,O",mp-25232,mp-19206,"mp-25232,mp-19206",
BAT_01446,Li0-0.5LaCoSbPbO6,LaCoSbPbO6,LaCoSbPbO6,LiLa2Co2Sb2(PbO6)2,Li,-0.30363475166665904,21.397856311454625,156.31300181160697,-6.497132787327379,-47.462059487337314,0.063863690135953,0.031080408870536,0.15399703085056501,1,5,Co-La-O-Pb-Sb,"La,Co,Sb,Pb,O",mp-1223180,mp-1235261,"mp-1223180,mp-1235261,mp-1235824",
BAT_01447,Li2-3K2CoO4,K2CoO4,K2Li2CoO4,K2Li3CoO4,Li,2.559162840833335,120.75437462214876,351.52257397556485,309.030108401071,899.6035090323527,0.029163260974814004,0.019667674537035003,0.0,1,3,Co-K-O,"K,Co,O",mp-761245,mp-757868,"mp-761245,mp-757055,mp-757868",More than one working ion per transition metal
BAT_01448,Li0-1La4CoO8,La4CoO8,La4CoO8,LiLa4CoO8,Li,3.724501480833344,35.75956390601597,240.59814128749304,133.18654872191107,896.1081335110179,0.021432716060512003,0.042326196682692004,0.035293229285716,1,3,Co-La-O,"La,Co,O",mp-778224,mp-753934,"mp-778224,mp-753934",
BAT_01449,Li2-4MgCo3O8,MgCo3O8,Li2MgCo3O8,Li4MgCo3O8,Li,3.365441028333333,150.2056654214094,664.9566600089989,505.5083090973207,2237.8724256577843,0.03568337738755,0.014846473189938002,0.029200252812499,1,3,Co-Mg-O,"Mg,Co,O",mp-1177928,mp-754576,"mp-1177928,mp-1177929,mp-1277613,mp-754576",More than one working ion per transition metal
BAT_01450,Li2-14MgCo13O28,MgCo13O28,Li2MgCo13O28,Li14MgCo13O28,Li,3.73865790916667,240.8050931328805,1157.159594134468,900.2878660088604,4326.223868778924,0.057859109581875005,0.028049467897730003,0.007876497589285,1,3,Co-Mg-O,"Mg,Co,O",mp-760219,mp-769537,"mp-760219,mp-769527,mp-777406,mp-769537",More than one working ion per transition metal
BAT_01451,Li1-4SrLa15(CoO8)4,SrLa15(CoO8)4,SrLiLa15(CoO8)4,SrLi4La15(CoO8)4,Li,3.768148813333316,27.286455784842715,180.78994603064146,102.81942598572708,681.243420597956,0.01205310789167,0.038129531802725006,0.02401419581473,1,4,Co-La-O-Sr,"Sr,La,Co,O",mp-766205,mp-766206,"mp-766205,mp-766206",
BAT_01452,Li0-0.25LuCoO3,LuCoO3,LuCoO3,LiLu4(CoO3)4,Li,0.798600353333317,23.62332679658287,198.21192226794597,18.865597126659516,158.2921111580578,0.11282302668199601,0.037204011839285005,0.17433160011904703,1,3,Co-Lu-O,"Lu,Co,O",mp-550950,mp-1235074,"mp-550950,mp-1235074",
BAT_01453,Li3-4Mn3CoO8,Mn3CoO8,Li3Mn3CoO8,Li4Mn3CoO8,Li,3.253045693333338,70.62192354203731,296.76141530654786,229.7363442333408,965.3784440104718,0.017062955239701,0.074422081484842,0.029935628281243003,1,3,Co-Mn-O,"Mn,Co,O",mp-1299461,mp-1297796,"mp-1299461,mp-1297796",
BAT_01454,Li4-1Mn3Co2Ni3O16,Mn3Co2Ni3O16,Li4Mn3Co2Ni3O16,Li10Mn3Co2Ni3O16,Li,2.837011994999997,205.07123057417996,888.9801371021555,581.7895409683588,2522.0473122755575,0.11382105659862901,0.086652513535709,0.09370722676470501,1,4,Co-Mn-Ni-O,"Mn,Co,Ni,O",mp-867541,mp-778315,"mp-867541,mp-778315",More than one working ion per transition metal
BAT_01455,Li0-4Mn3Nb2Co3O16,Mn3Nb2Co3O16,Mn3Nb2Co3O16,Li4Mn3Nb2Co3O16,Li,3.790248475833334,132.1603198801426,600.4727664173815,500.9204509913564,2275.940987692906,0.10532870274070501,0.066367514895826,0.045727687792213007,1,4,Co-Mn-Nb-O,"Mn,Nb,Co,O",mp-850531,mp-763519,"mp-850531,mp-763519",
BAT_01456,Li0-3Mn2CoO6,Mn2CoO6,Mn2CoO6,Li3Mn2CoO6,Li,3.279952326666668,281.4998900971437,1197.7078388292061,923.3062194805378,3928.4246126347616,0.064972364249087,0.021454486111111,0.047064525208323,2,3,Co-Mn-O,"Mn,Co,O",mp-761501,mp-752794,"mp-761501,mp-1176665,mp-752794,mp-1173956",
BAT_01457,Li0-2MnCoO4,MnCoO4,MnCoO4,Li2MnCoO4,Li,3.416357878333333,279.544862962414,1186.8393617864208,955.0252949292552,4054.6680039551443,0.128945492921404,0.056536829583333004,0.062007011562500006,3,3,Co-Mn-O,"Mn,Co,O",mp-753606,mp-765552,"mp-753606,mp-778584,mp-1176681,mp-753984,mp-1176646,mp-1176657,mp-779153,mp-778583,mp-765552",
BAT_01458,Li2-3MnCo3O8,MnCo3O8,Li2MnCo3O8,Li3MnCo3O8,Li,3.193511393333342,70.42719893520983,313.09557022881546,224.91006220014646,999.874270727922,0.015791933481577,0.089547827321428,0.098320912428562,1,3,Co-Mn-O,"Mn,Co,O",mp-1306729,mp-1306381,"mp-1306729,mp-1306381",
BAT_01459,Li2-3MnCo3O8,MnCo3O8,Li2MnCo3O8,Li3MnCo3O8,Li,3.323602568333332,70.42719893520983,308.4213218795614,234.07201926158592,1025.0698975276716,0.015189300454339002,0.116602801964285,0.114899477095229,1,3,Co-Mn-O,"Mn,Co,O",mp-1306185,mp-1301147,"mp-1306185,mp-1301147",
BAT_01460,Li0-2Mn2CoO6,Mn2CoO6,Mn2CoO6,Li2Mn2CoO6,Li,3.925563678333337,192.34062061525174,773.9843322905327,755.0453541553245,3038.324782438796,0.107360369207736,0.132325240555554,0.075873064049588,2,3,Co-Mn-O,"Mn,Co,O",mp-752633,mp-754926,"mp-752633,mp-1235264,mp-1235243,mp-754926",
BAT_01461,Li0-4MnCo3O8,MnCo3O8,MnCo3O8,Li4MnCo3O8,Li,3.390423123333336,276.6627138122796,1202.4831748463264,938.003662273306,4076.926761418268,0.10887642927568301,0.021501470208333002,0.076034889218749,4,3,Co-Mn-O,"Mn,Co,O",mp-773602,mp-861547,"mp-773602,mp-756037,mp-1287546,mp-1314136,mp-755862,mp-1313454,mp-1303340,mp-1296423,mp-755265,mp-1304075,mp-754108,mp-1277684,mp-774219,mp-1282801,mp-1275723,mp-1280534,mp-1291752,mp-758163,mp-861547,mp-1174054",
BAT_01462,Li2-5Mn2CoO8,Mn2CoO8,Li2Mn2CoO8,Li5Mn2CoO8,Li,3.942484643333334,242.54040102681125,954.4741626844157,956.2118064361118,3762.9997288417517,0.0036419446717230004,0.126261188653845,0.048165772499999,1,3,Co-Mn-O,"Mn,Co,O",mp-1222848,mp-1174049,"mp-1222848,mp-1174049",More than one working ion per transition metal
BAT_01463,Li0-2MnCoO4,MnCoO4,MnCoO4,Li2MnCoO4,Li,3.432672168333333,279.5448629624141,1219.8565708535625,959.5858708916344,4187.367700127563,0.07284638253954001,0.024906643749999003,0.0342057996875,2,3,Co-Mn-O,"Mn,Co,O",mp-752945,mp-753482,"mp-752945,mp-754774,mp-753482,mp-1173897",
BAT_01464,Li0-4Mn2Co5O12,Mn2Co5O12,Mn2Co5O12,Li4Mn2Co5O12,Li,3.597688579583331,171.72211995204503,828.4376785697523,617.8027098133114,2980.4607750869245,0.09051120021195101,0.09114688048871501,0.077677636304344,1,3,Co-Mn-O,"Mn,Co,O",mp-757022,mp-774397,"mp-757022,mp-774397,mp-753188",
BAT_01465,Li0-3Mn3CoO8,Mn3CoO8,Mn3CoO8,Li3Mn3CoO8,Li,3.7676087550000013,215.8128891744002,940.4998036750235,813.0985306953152,3543.435294401801,0.143551763380659,0.164169671875,0.099003747818175,2,3,Co-Mn-O,"Mn,Co,O",mp-773167,mp-1177633,"mp-773167,mp-754784,mp-1177633,mp-1177742",
BAT_01466,Li0-2MnCo3O8,MnCo3O8,MnCo3O8,Li2MnCo3O8,Li,4.355584248333334,143.47118472446016,641.1012892098604,624.9008322755807,2792.370676868661,0.07460536725420501,0.06990851604166601,0.034855716249999,1,3,Co-Mn-O,"Mn,Co,O",mp-753551,mp-753177,"mp-753551,mp-753177",
BAT_01467,Li0-4MnCo5O12,MnCo5O12,MnCo5O12,Li4MnCo5O12,Li,4.214901258333339,188.29171382297707,827.8166685368113,793.630981526207,3489.165517885119,0.07944834538294,0.020779569583334,0.0,1,3,Co-Mn-O,"Mn,Co,O",mp-755620,mp-1177382,"mp-755620,mp-1177382",
BAT_01468,Li0-4Mn3CoO8,Mn3CoO8,Mn3CoO8,Li4Mn3CoO8,Li,3.310602730833332,282.48769416814923,1183.0151142195227,935.204531739886,3916.493067752258,0.095560051721955,0.024039841458333003,0.029974882343744003,2,3,Co-Mn-O,"Mn,Co,O",mp-771970,mp-1301464,"mp-771970,mp-753150,mp-1301464,mp-1174203,mp-1174110",
BAT_01469,Li0-4Mn3Co5O16,Mn3Co5O16,Mn3Co5O16,Li4Mn3Co5O16,Li,4.034897215833337,144.24239340212495,684.4514462820805,582.0032315433708,2761.691234976667,0.08203787297607301,0.05699458322916601,0.061209068392906005,1,3,Co-Mn-O,"Mn,Co,O",mp-756736,mp-754275,"mp-756736,mp-754275",
BAT_01470,Li0-2Mn3CoO8,Mn3CoO8,Mn3CoO8,Li2Mn3CoO8,Li,4.053808303333331,146.60658104839894,611.0860923041147,594.3149755773105,2477.2258750339383,0.040253688981039,0.109575752083332,0.075154297678571,1,3,Co-Mn-O,"Mn,Co,O",mp-758012,mp-1177935,"mp-758012,mp-1177935",
BAT_01471,Li0-3Mn(CoO3)2,Mn(CoO3)2,Mn(CoO3)2,Li3Mn(CoO3)2,Li,3.33804975,277.616804004034,1203.8285248333398,926.6987032014648,4018.439506362799,0.094337089166246,0.022993469166668,0.07897366229166601,2,3,Co-Mn-O,"Mn,Co,O",mp-763057,mp-761633,"mp-763057,mp-777381,mp-761633,mp-1173931",
BAT_01472,Li0-4Mn5CoO12,Mn5CoO12,Mn5CoO12,Li4Mn5CoO12,Li,3.240190038333335,193.7292311992206,756.7967395619531,627.7195250656903,2452.1652565717886,0.11260567118045,0.021106767361114002,0.08592824939393301,1,3,Co-Mn-O,"Mn,Co,O",mp-755555,mp-771545,"mp-755555,mp-771545,mp-885819",
BAT_01473,Li0-3Mn4CoO8,Mn4CoO8,Mn4CoO8,Li3Mn4CoO8,Li,3.177038253333336,188.07899661679244,847.5498730525477,597.5341669001007,2692.698368295757,0.038954057039168,0.095637130240385,0.022978446093749,1,3,Co-Mn-O,"Mn,Co,O",mp-755442,mp-755577,"mp-755442,mp-755577",
BAT_01474,Li0-1.5MnCoO4,MnCoO4,MnCoO4,Li3Mn2(CoO4)2,Li,3.013799849999998,213.5232054395368,912.9783292088479,643.5162045251948,2751.5339516228746,0.022235260214749003,0.022573364583332003,0.16919542161906,1,3,Co-Mn-O,"Mn,Co,O",mp-756184,mp-757164,"mp-756184,mp-757164",
BAT_01475,Li0-2Mn(CoO3)2,Mn(CoO3)2,Mn(CoO3)2,Li2Mn(CoO3)2,Li,3.458701575833335,189.6222750515707,782.7236335949115,655.8468615339698,2707.2074649567144,0.11088909733233202,0.022491294166668,0.116225217107428,1,3,Co-Mn-O,"Mn,Co,O",mp-759777,mp-1177992,"mp-759777,mp-1177992",
BAT_01476,Li0-3Mn(CoO2)4,Mn(CoO2)4,Mn(CoO2)4,Li3Mn(CoO2)4,Li,3.30075598333334,182.94983233333681,896.5825115034065,603.872753724093,2959.400089396903,0.10679383613396101,0.0664639959066,0.058690848906249,1,3,Co-Mn-O,"Mn,Co,O",mp-757157,mp-756302,"mp-757157,mp-773238,mp-756302",
BAT_01477,Li0-4Mn5Co3O16,Mn5Co3O16,Mn5Co3O16,Li4Mn5Co3O16,Li,3.9685372258333342,145.80995419393452,664.1234475883227,578.6522311156824,2635.598624303032,0.09169059745006801,0.0421873484375,0.039048644702388,1,3,Co-Mn-O,"Mn,Co,O",mp-756965,mp-768354,"mp-756965,mp-768354",
BAT_01478,Li0-2MnCo3O8,MnCo3O8,MnCo3O8,Li2MnCo3O8,Li,4.032006620833333,143.47118472446016,696.8296216437783,578.4767667078255,2809.621648060501,0.06999205015653401,0.041211309374999006,0.056483485892857004,1,3,Co-Mn-O,"Mn,Co,O",mp-757029,mp-757026,"mp-757029,mp-757026",
BAT_01479,Li0-2MnCo3O8,MnCo3O8,MnCo3O8,Li2MnCo3O8,Li,4.518617037083335,143.47118472446016,665.1935225198949,648.2913396264761,3005.754783815875,0.028279096102732004,0.056415645208333004,0.0,1,3,Co-Mn-O,"Mn,Co,O",mp-867992,mp-761940,"mp-867992,mp-761940,mp-757572",
BAT_01480,Li0-2Mn3CoO8,Mn3CoO8,Mn3CoO8,Li2Mn3CoO8,Li,4.3857285333333325,146.60658104839894,622.1292525880498,642.976665678409,2728.49001449675,0.050173442754544,0.07721577645833301,0.0,1,3,Co-Mn-O,"Mn,Co,O",mp-756482,mp-1287701,"mp-756482,mp-1287701,mp-774822",
BAT_01481,Li4-5Mn2Co3O10,Mn2Co3O10,Li4Mn2Co3O10,Li5Mn2Co3O10,Li,2.359776373333322,55.67696544352668,250.21905132357696,131.38518759253012,590.4610054712549,0.034719502754234,0.051591858646615,0.064556009249999,1,3,Co-Mn-O,"Mn,Co,O",mp-778482,mp-861490,"mp-778482,mp-861490",
BAT_01482,Li0-2.5MnCo(PO4)2,MnCo(PO4)2,MnCo(PO4)2,Li5Mn2Co2(PO4)4,Li,3.346500027333336,208.6260876335137,700.8520487670091,698.1672079680005,2345.4014003554207,0.119409369490999,0.029849354583327003,0.093277278965516,2,4,Co-Mn-O-P,"Mn,Co,P,O",mp-775270,mp-1177107,"mp-775270,mp-755452,mp-1177107",More than one working ion per transition metal
BAT_01483,Li0-4MnCo3(PO4)4,MnCo3(PO4)4,MnCo3(PO4)4,Li4MnCo3(PO4)4,Li,4.210763150833334,167.66983298567,600.6134584706894,706.0179542424388,2529.0410188229457,0.05570664504408,0.038845766666661,0.026012322053558003,1,4,Co-Mn-O-P,"Mn,Co,P,O",mp-775179,mp-757104,"mp-775179,mp-757104",
BAT_01484,Li0-6Mn3Co(PO4)6,Mn3Co(PO4)6,Mn3Co(PO4)6,Li6Mn3Co(PO4)6,Li,4.44513590166666,192.5344192972936,581.8885689332146,855.841659524942,2586.5737685344675,0.043846932302047004,0.08889386397057901,0.057121573906197,1,4,Co-Mn-O-P,"Mn,Co,P,O",mp-757859,mp-1177025,"mp-757859,mp-1177025",More than one working ion per transition metal
BAT_01485,Li6-7MnCo3(PO4)6,MnCo3(PO4)6,Li6MnCo3(PO4)6,Li7MnCo3(PO4)6,Li,3.603061913333311,31.525487044579418,93.14066901792438,113.58828166960683,335.5915971208673,0.042021955830875,0.097232690906245,0.111512591859745,1,4,Co-Mn-O-P,"Mn,Co,P,O",mp-759177,mp-887355,"mp-759177,mp-887355",More than one working ion per transition metal
BAT_01486,Li0-2Mn2Co(PO4)3,Mn2Co(PO4)3,Mn2Co(PO4)3,Li2Mn2Co(PO4)3,Li,4.088257593333343,114.63290546918843,380.67563770332094,468.6488462302729,1556.3000664376145,0.053342190332996,0.089332641666683,0.074951524875004,1,4,Co-Mn-O-P,"Mn,Co,P,O",mp-757011,mp-757760,"mp-757011,mp-757760",
BAT_01487,Li0-8Mn7Co(PO4)12,Mn7Co(PO4)12,Mn7Co(PO4)12,Li8Mn7Co(PO4)12,Li,4.827141599583332,130.84393834694555,398.6264618854717,631.6022178478577,1924.2263768620803,0.06575556540374701,0.08248465647057701,0.022931636546059002,1,4,Co-Mn-O-P,"Mn,Co,P,O",mp-758047,mp-758412,"mp-758047,mp-758412",
BAT_01488,Li0-4Mn5Co(PO4)6,Mn5Co(PO4)6,Mn5Co(PO4)6,Li4Mn5Co(PO4)6,Li,3.673781190833343,115.12470957579882,374.8500658335702,422.94299263972096,1377.1171212420106,0.07881111814013,0.052308858611118,0.07047818656249401,1,4,Co-Mn-O-P,"Mn,Co,P,O",mp-771641,mp-760813,"mp-771641,mp-760813",
BAT_01489,Li0-4Mn3Co3(SbO8)2,Mn3Co3(SbO8)2,Mn3Co3(SbO8)2,Li4Mn3Co3(SbO8)2,Li,3.900253165833338,123.3828868341019,599.2131110890657,481.2244949843624,2337.0828335339725,0.080613240220582,0.06898760052083401,0.039928443392858004,1,4,Co-Mn-O-Sb,"Mn,Co,Sb,O",mp-863857,mp-758093,"mp-863857,mp-758093",
BAT_01490,Li0-4Mn3Co(PO4)4,Mn3Co(PO4)4,Mn3Co(PO4)4,Li4Mn3Co(PO4)4,Li,4.160325675833339,169.79168775779777,578.7383560837287,706.3887181218432,2407.740042404714,0.06196421217933701,0.059075219166659004,0.014558424017857001,1,4,Co-Mn-O-P,"Mn,Co,P,O",mp-757412,mp-758017,"mp-757412,mp-758017",
BAT_01491,Li0-4Mn3Co3(SnO8)2,Mn3Co3(SnO8)2,Mn3Co3(SnO8)2,Li4Mn3Co3(SnO8)2,Li,4.040260089583332,124.25521642724468,614.8318833135336,502.0233918535359,2484.080719955026,0.08064214024047,0.061480291979165005,0.028669622775971,1,4,Co-Mn-O-Sn,"Mn,Co,Sn,O",mp-770554,mp-777041,"mp-770554,mp-777041,mp-776237",
BAT_01492,Li0-4Mn2Co3Te3O16,Mn2Co3Te3O16,Mn2Co3Te3O16,Li4Mn2Co3Te3O16,Li,3.610461670833328,112.46594856069304,535.4466452091677,406.05399655229496,1933.209589303992,0.15146605052588002,0.14865483447916703,0.08492596598214401,1,4,Co-Mn-O-Te,"Mn,Co,Te,O",mp-755888,mp-753987,"mp-755888,mp-753987",
BAT_01493,Li0-4Ti3Mn2Co3O16,Ti3Mn2Co3O16,Ti3Mn2Co3O16,Li4Ti3Mn2Co3O16,Li,4.108025203333331,150.1418192218813,646.1635315416517,616.7863774378052,2654.456073047977,0.067898837110641,0.130653402708334,0.072147561666664,1,4,Co-Mn-O-Ti,"Ti,Mn,Co,O",mp-757180,mp-757980,"mp-757180,mp-757980",
BAT_01494,Li0-4Mn3Co2Te3O16,Mn3Co2Te3O16,Mn3Co2Te3O16,Li4Mn3Co2Te3O16,Li,3.369766950833328,112.93929643544833,531.5986352464282,380.57910857854205,1791.3635121615148,0.11933444254362902,0.137452395104168,0.09978386526785801,1,4,Co-Mn-O-Te,"Mn,Co,Te,O",mp-755884,mp-753545,"mp-755884,mp-753545",
BAT_01495,Li0-4Mn3Co3(TeO8)2,Mn3Co3(TeO8)2,Mn3Co3(TeO8)2,Li4Mn3Co3(TeO8)2,Li,4.048236063333332,121.74631598229512,583.3981638795836,492.85782693750224,2361.7334862997795,0.069980006515202,0.084323146354167,0.007826314846941,1,4,Co-Mn-O-Te,"Mn,Co,Te,O",mp-772448,mp-769585,"mp-772448,mp-771946,mp-769585",
BAT_01496,Li0-1Ti2Mn3Co3O16,Ti2Mn3Co3O16,Ti2Mn3Co3O16,Li10Ti2Mn3Co3O16,Li,2.8068868163333303,351.38049432837533,1425.3997378409442,986.2852770470053,4000.9357321507314,0.23647024958228302,0.059105819895832,0.12347773856617601,2,4,Co-Mn-O-Ti,"Ti,Mn,Co,O",mp-771910,mp-779764,"mp-771910,mp-861729,mp-779764",More than one working ion per transition metal
BAT_01497,Li0-4Mn3V2Co3O16,Mn3V2Co3O16,Mn3V2Co3O16,Li4Mn3V2Co3O16,Li,4.044357108333334,147.41252592564663,632.0801629518555,596.1888970847608,2556.357900070829,0.132938196567039,0.12211856614583401,0.07710158998677301,1,4,Co-Mn-O-V,"Mn,V,Co,O",mp-768525,mp-756676,"mp-768525,mp-756676",
BAT_01498,Li0-2MnV4CoO12,MnV4CoO12,MnV4CoO12,Li2MnV4CoO12,Li,2.625510498333331,102.39107832310366,344.16599004925337,268.82885107297903,903.6114200435995,0.009828956844501,0.011449862499999,0.103512656111108,1,4,Co-Mn-O-V,"Mn,V,Co,O",mp-756893,mp-1177907,"mp-756893,mp-1177907",
BAT_01499,Li2-3Na2CoO4,Na2CoO4,Na2Li2CoO4,Na2Li3CoO4,Li,3.18593919333333,141.25868471545286,406.4456317841556,450.04158003367706,1294.9110682602684,0.00035425116192,0.055879007222224004,0.0,1,3,Co-Na-O,"Na,Co,O",mp-861533,mp-504854,"mp-861533,mp-759586,mp-504854",More than one working ion per transition metal
BAT_01500,Li0-2NbCo3O8,NbCo3O8,NbCo3O8,Li2NbCo3O8,Li,4.088065480833333,130.23604182335248,654.2446238083066,532.4134669384135,2674.5948626115282,0.047020086457240005,0.069541527916658,0.021924155491074,1,3,Co-Nb-O,"Nb,Co,O",mp-761589,mp-757558,"mp-761589,mp-757799,mp-1643959,mp-757558",
BAT_01501,Li1-6NbCo3(PO4)6,NbCo3(PO4)6,LiNbCo3(PO4)6,Li6NbCo3(PO4)6,Li,4.369007479333327,152.07719749908463,462.51638756923126,664.4264133095522,2020.737556604203,0.0010303658081,0.101157403793647,0.085263537437493,1,4,Co-Nb-O-P,"Nb,Co,P,O",mp-1176608,mp-758592,"mp-1176608,mp-764445,mp-758592",More than one working ion per transition metal
BAT_01502,Li0-2Co3NiO8,Co3NiO8,Co3NiO8,Li2Co3NiO8,Li,2.919701055833333,142.04344810846086,694.0369918826128,414.72440541648047,2026.3805379870553,0.014259480455319001,0.08194165124999901,0.225840192053567,1,3,Co-Ni-O,"Co,Ni,O",mp-753483,mp-753237,"mp-753483,mp-753237",
BAT_01503,Li1-4Co3NiO8,Co3NiO8,LiCo3NiO8,Li4Co3NiO8,Li,3.374196011666673,205.50541701407158,931.3744046250042,693.4155584647767,3142.6398014541114,0.01722686306622,0.024526580288455002,0.064462232187497,1,3,Co-Ni-O,"Co,Ni,O",mp-1275497,mp-1293179,"mp-1275497,mp-1290435,mp-1293179,mp-1315383",
BAT_01504,Li0-3Co2NiO6,Co2NiO6,Co2NiO6,Li3Co2NiO6,Li,3.821463788333331,274.0632129909817,1311.3925098611355,1047.3226441593217,5011.438988725891,0.037473328743652,0.050832810555557,0.014471151666658001,2,3,Co-Ni-O,"Co,Ni,O",mp-753469,mp-765538,"mp-753469,mp-774305,mp-1282499,mp-754376,mp-765538,mp-1274281,mp-1276403,mp-1301359,mp-1273342",
BAT_01505,Li1.33-2CoNiO4,CoNiO4,Li4Co3(NiO4)3,Li2CoNiO4,Li,3.222655598333332,91.39175409203408,419.06098326607497,294.5241479661969,1350.4892237654876,0.033266670799835,0.032629234999996,0.053696881249997004,1,3,Co-Ni-O,"Co,Ni,O",mp-777850,mp-1276757,"mp-777850,mp-1276757,mp-753276,mp-1272871",
BAT_01506,Li1-2CoNiO4,CoNiO4,LiCoNiO4,Li2CoNiO4,Li,3.371941503333329,137.08763113805108,653.5092993789782,462.2514730280448,2203.595129390262,0.042185604616938,0.0,0.017019385624998003,1,3,Co-Ni-O,"Co,Ni,O",mp-754509,mp-753536,"mp-754509,mp-753047,mp-779959,mp-755212,mp-753536",
BAT_01507,Li4-5Co2Ni3O10,Co2Ni3O10,Li4Co2Ni3O10,Li5Co2Ni3O10,Li,4.322343343333334,54.84850716725775,256.5894435283171,237.07407984616722,1109.0676732042257,0.017852420801346,0.05549600299342201,0.011035912166668,1,3,Co-Ni-O,"Co,Ni,O",mp-779900,mp-755607,"mp-779900,mp-755607,mp-1320203",
BAT_01508,Li0-4Co3NiO8,Co3NiO8,Co3NiO8,Li4Co3NiO8,Li,3.812674747083332,274.00722268542876,1330.6982840109379,1044.7004184511734,5073.519743435627,0.05179950813500701,0.039053843750000004,0.010239883124998002,2,3,Co-Ni-O,"Co,Ni,O",mp-752738,mp-867537,"mp-752738,mp-1301164,mp-779166,mp-1176785,mp-778768,mp-755696,mp-777820,mp-753764,mp-867537,mp-1275876,mp-1287572",
BAT_01509,Li1-4Co3NiO8,Co3NiO8,LiCo3NiO8,Li4Co3NiO8,Li,3.41704247666666,205.50541701407158,933.1013411369372,702.220739122178,3188.446917699542,0.014885848787984001,0.028682093749991002,0.059804874687498004,1,3,Co-Ni-O,"Co,Ni,O",mp-1318786,mp-1307939,"mp-1318786,mp-1310345,mp-1307939,mp-1284600",
BAT_01510,Li2-4CoNi3O8,CoNi3O8,Li2CoNi3O8,Li4CoNi3O8,Li,3.645088278333337,137.17175404976336,644.4376512686598,500.0031528052159,2349.0321287560587,0.008674444907749001,0.033695513839282,0.009927231041666,2,3,Co-Ni-O,"Co,Ni,O",mp-1178027,mp-867640,"mp-1178027,mp-757871,mp-867640",
BAT_01511,Li0-3Co4NiO8,Co4NiO8,Co4NiO8,Li3Co4NiO8,Li,3.269185533333332,181.39980350363763,979.6471380027199,593.0296133636012,3202.6482513298943,0.009896939061239,0.11960069670329901,0.16404271328125,1,3,Co-Ni-O,"Co,Ni,O",mp-2215121,mp-754464,"mp-2215121,mp-755484,mp-754464",
BAT_01512,Li3-5Co2Ni3O10,Co2Ni3O10,Li3Co2Ni3O10,Li5Co2Ni3O10,Li,3.737852040833336,109.6970143345155,528.1353461958236,410.03120890359247,1974.0917816142796,0.021100281298415003,0.069107159826389,0.038247945666667005,1,3,Co-Ni-O,"Co,Ni,O",mp-1177722,mp-769553,"mp-1177722,mp-778996,mp-769553",
BAT_01513,Li8-1CoNi9O20,CoNi9O20,Li8CoNi9O20,Li10CoNi9O20,Li,3.7683985283333112,54.88891094865972,261.99810131225036,206.84329124074748,987.3132594112061,0.016372174107633003,0.024493131600878,0.008307472166666,1,3,Co-Ni-O,"Co,Ni,O",mp-1176867,mp-769507,"mp-1176867,mp-769507",
BAT_01514,Li0-4Co5NiO12,Co5NiO12,Co5NiO12,Li4Co5NiO12,Li,3.621380722083338,187.05792866770085,854.1108700935843,677.407976790052,3093.060639478732,0.042233751588552006,0.034259369999998006,0.080357278749993,1,3,Co-Ni-O,"Co,Ni,O",mp-773511,mp-755767,"mp-773511,mp-755767",
BAT_01515,Li4-6Co3Ni5O16,Co3Ni5O16,Li4Co3Ni5O16,Li6Co3Ni5O16,Li,2.887970073333339,69.80434161318931,344.600548649564,201.5928495676278,995.1960717541905,0.0032065689668830002,0.033749183348215,0.07284100545833301,1,3,Co-Ni-O,"Co,Ni,O",mp-772319,mp-760934,"mp-772319,mp-760934",
BAT_01516,Li2-3Co(NiO3)2,Co(NiO3)2,Li2Co(NiO3)2,Li3Co(NiO3)2,Li,3.612522723333346,91.42913440673469,424.05152107930905,330.28982561902774,1531.8957557630736,0.028470021595519004,0.071305794261365,0.055039878611107006,1,3,Co-Ni-O,"Co,Ni,O",mp-757774,mp-760869,"mp-757774,mp-760869",
BAT_01517,Li0-3Co(NiO2)4,Co(NiO2)4,Co(NiO2)4,Li3Co(NiO2)4,Li,3.712947963333329,181.69469373383458,959.3955705241126,674.6229430475141,3562.1858296085215,0.021135091075629,0.038864772051279,0.019836509583333002,1,3,Co-Ni-O,"Co,Ni,O",mp-756594,mp-756787,"mp-756594,mp-756787",
BAT_01518,Li5-1CoNi9O20,CoNi9O20,Li5CoNi9O20,Li10CoNi9O20,Li,3.774462743333326,137.22227737164928,658.9492020730765,517.940373494642,2487.1792129740506,0.010649270817023,0.050151567714284,0.0066950406666670004,1,3,Co-Ni-O,"Co,Ni,O",mp-1120825,mp-759912,"mp-1120825,mp-775263,mp-850772,mp-759912",
BAT_01519,Li4-6Co5Ni3O16,Co5Ni3O16,Li4Co5Ni3O16,Li6Co5Ni3O16,Li,2.603898333333338,69.76077286855156,347.5581105222954,181.64996020446694,905.005984725489,0.027257188474536002,0.09545270924107101,0.149369078958334,1,3,Co-Ni-O,"Co,Ni,O",mp-772632,mp-759805,"mp-772632,mp-759805",
BAT_01520,Li0-3Co3NiO8,Co3NiO8,Co3NiO8,Li3Co3NiO8,Li,3.552453611666668,209.2170266553436,1047.568917073765,743.233781963937,3721.439982928437,0.12640755607477702,0.082564085416667,0.12395798424999802,2,3,Co-Ni-O,"Co,Ni,O",mp-773140,mp-759916,"mp-773140,mp-756196,mp-759916",
BAT_01521,Li0-2CoNi(PO4)2,CoNi(PO4)2,CoNi(PO4)2,Li2CoNi(PO4)2,Li,5.135521593333334,166.7529704263798,616.749000632879,856.3634803771483,3167.327810416904,0.051345295469532,0.15746502541665902,0.015389475892857002,1,4,Co-Ni-O-P,"Co,Ni,P,O",mp-765340,mp-757611,"mp-765340,mp-757611",
BAT_01522,Li0-4Co3Ni(PO4)4,Co3Ni(PO4)4,Co3Ni(PO4)4,Li4Co3Ni(PO4)4,Li,4.490021620833336,166.69079675148035,614.5748640534283,748.445281408082,2759.4544272206017,0.047824612818544006,0.068686823958316,0.03060192580357,1,4,Co-Ni-O-P,"Co,Ni,P,O",mp-775307,mp-770952,"mp-775307,mp-770952",
BAT_01523,Li4-1Ti3Co3(NiO8)2,Ti3Co3(NiO8)2,Li4Ti3Co3(NiO8)2,Li10Ti3Co3(NiO8)2,Li,2.6029475933333353,210.70684048249458,866.265012960146,548.4588633327802,2254.8424306734823,0.104542900774232,0.05700821738621,0.10323512904411601,1,4,Co-Ni-O-Ti,"Ti,Co,Ni,O",mp-763517,mp-774315,"mp-763517,mp-774315",More than one working ion per transition metal
BAT_01524,Li0-4Co3Ni3(TeO8)2,Co3Ni3(TeO8)2,Co3Ni3(TeO8)2,Li4Co3Ni3(TeO8)2,Li,4.223693268333325,120.208359787706,621.1859177364921,507.7232400327242,2623.6987791270803,0.07987929328682701,0.08980184406249901,0.035525111294646,1,4,Co-Ni-O-Te,"Co,Ni,Te,O",mp-850530,mp-757279,"mp-850530,mp-757279",
BAT_01525,Li0-1CoO2,CoO2,CoO2,LiCoO2,Li,3.789750783333332,273.8393889485439,1348.509465672717,1037.7830387752654,5110.5148038655925,0.036374980271649,0.008136560000000001,0.0,2,2,Co-O,"Co,O",mp-25234,mp-22526,"mp-25234,mp-1278455,mp-674388,mp-1282881,mp-1290247,mp-780322,mp-1045647,mp-752635,mp-1285961,mp-1232996,mp-1285136,mp-1273834,mp-552024,mp-1235745,mp-758539,mp-1303680,mp-1298652,mp-1312267,mp-1303299,mp-1045644,mp-1303525,mp-1302545,mp-850808,mp-22526",
BAT_01526,Li0-0.5CoO2,CoO2,CoO2,Li(CoO2)2,Li,3.955532375833333,141.9532457556545,644.614396375647,561.5006594411171,2549.7931147921327,0.036139250517736005,0.007578856666667,0.028670507321427,1,2,Co-O,"Co,O",mp-1275937,mp-755386,"mp-1275937,mp-755386",
BAT_01527,Li2.5-3.5CoO3,CoO3,Li5(CoO3)2,Li7(CoO3)2,Li,2.310801113333331,204.24082751496115,595.7937230448564,471.9599316096931,1376.7607985290647,0.05895091036763601,0.11083147500000401,0.08657018616666701,2,2,Co-O,"Co,O",mp-753251,mp-850281,"mp-753251,mp-755926,mp-850281",More than one working ion per transition metal
BAT_01528,Li1.2-1.6CoO2,CoO2,Li6(CoO2)5,Li8(CoO2)5,Li,2.462268273333337,105.06512289069101,349.67463802940324,258.69851872761666,860.9927672091184,0.008432415430031,0.11292710580357201,0.048476647201088005,1,2,Co-O,"Co,O",mp-761027,mp-1638660,"mp-761027,mp-1177024,mp-1638660,mp-752627",More than one working ion per transition metal
BAT_01529,Li0-1CoO2,CoO2,CoO2,LiCoO2,Li,3.409718970833332,273.8393889485439,1207.1673135562075,933.7153594592577,4116.101290002511,0.10591467410602001,0.0057985275,0.09325442874999901,3,2,Co-O,"Co,O",mp-754748,mp-753473,"mp-754748,mp-1178540,mp-856161,mp-759301,mp-758122,mp-765274,mp-758725,mp-1178064,mp-753473",
BAT_01530,Li2-3.5CoO3,CoO3,Li2CoO3,Li7(CoO3)2,Li,2.307199141666662,306.36124127244176,932.7275493449803,706.8363929037108,2151.9882012575877,0.09365066616532601,0.148098819166671,0.12267127650000101,1,2,Co-O,"Co,O",mp-773514,mp-849462,"mp-773514,mp-752760,mp-752662,mp-867660,mp-849462",More than one working ion per transition metal
BAT_01531,Li0-0.67CoO2,CoO2,CoO2,Li2(CoO2)3,Li,4.300732415833328,186.9796953216613,873.6439863983127,804.149636772508,3757.3090122010744,0.057049369875075,0.140327678333333,0.04887074215909001,2,2,Co-O,"Co,O",mp-754720,mp-705847,"mp-754720,mp-754742,mp-766589,mp-705847",
BAT_01532,Li3.5-4CoO3,CoO3,Li7(CoO3)2,Li4CoO3,Li,2.589447803333333,99.48922583939819,270.68543459197525,257.6221573051635,700.9258039985189,0.018745270661473003,0.08905260083333401,0.036272269648438,1,2,Co-O,"Co,O",mp-764768,mp-755593,"mp-764768,mp-755593",More than one working ion per transition metal
BAT_01533,Li0-0.5CoO2,CoO2,CoO2,Li(CoO2)2,Li,4.5314597383333375,141.9532457556545,663.6600248338335,643.255417867486,3007.348682475819,0.03217879059395,0.11995936583333401,0.042721320535713,1,2,Co-O,"Co,O",mp-756488,mp-756773,"mp-756488,mp-756773",
BAT_01534,Li4-6CoO4,CoO4,Li4CoO4,Li6CoO4,Li,2.671426739583335,325.7018238247244,871.5098426094517,870.0885612964295,2328.1746973569534,0.040195945663066,0.09594529277777301,0.0,2,2,Co-O,"Co,O",mp-776004,mp-18925,"mp-776004,mp-753010,mp-755939,mp-754280,mp-769483,mp-18925",More than one working ion per transition metal
BAT_01535,Li0-13Co15O28,Co15O28,Co15O28,Li13Co15O28,Li,3.387363767179487,244.9836833744923,1148.1793628394894,829.8488526129271,3889.3011719057167,0.06984580919312901,0.023970381727575003,0.09226481062499901,2,2,Co-O,"Co,O",mp-766681,mp-766887,"mp-766681,mp-758387,mp-758799,mp-766887",
BAT_01536,Li0-1.25CoO2,CoO2,CoO2,Li5(CoO2)4,Li,3.198778157333331,336.33612791496193,1613.5723205249853,1075.8646594964496,5161.459894172981,0.18332890524120102,0.067827024999999,0.100906648933823,2,2,Co-O,"Co,O",mp-755508,mp-780140,"mp-755508,mp-1178123,mp-771014,mp-780140,mp-779758",More than one working ion per transition metal
BAT_01537,Li0-5Co7O12,Co7O12,Co7O12,Li5Co7O12,Li,3.061722057333331,209.63873900853764,1068.741389036296,641.8555512939852,3272.18908439749,0.046286681713339,0.12498535548872201,0.213133941458333,1,2,Co-O,"Co,O",mp-756900,mp-756433,"mp-756900,mp-2215229,mp-756433",
BAT_01538,Li4-5CoO4,CoO4,Li4CoO4,Li5CoO4,Li,2.844212110833337,170.02154330089743,446.54498579704705,483.57733255898717,1270.0686566358618,0.03007914079443,0.10953838374999501,0.064676824125,1,2,Co-O,"Co,O",mp-759339,mp-779022,"mp-759339,mp-778671,mp-779022",More than one working ion per transition metal
BAT_01539,Li8.5-10.5Co4O9,Co4O9,Li17(Co4O9)2,Li21(Co4O9)2,Li,1.810947870833322,118.43135009211016,363.55083847228735,214.47300128922265,658.3716168710578,0.030955616708022004,0.106282248139534,0.09920011930850901,2,2,Co-O,"Co,O",mp-758913,mp-850944,"mp-758913,mp-773128,mp-850944",More than one working ion per transition metal
BAT_01540,Li4-14Co13O28,Co13O28,Li4Co13O28,Li14Co13O28,Li,3.775021676333328,204.39038657160344,970.0590926743287,771.5781397419514,3661.9941021698314,0.021125687743672003,0.049000082777767004,0.016374516795455003,2,2,Co-O,"Co,O",mp-759373,mp-777836,"mp-759373,mp-771244,mp-758645,mp-758732,mp-777836",More than one working ion per transition metal
BAT_01541,Li0-1CoO2,CoO2,CoO2,LiCoO2,Li,3.808281968333333,273.8393889485439,1284.0952569528802,1042.857607152158,4890.196812676011,0.091747108909477,0.05732840499999901,0.032261087499999,2,2,Co-O,"Co,O",mp-1278937,mp-849273,"mp-1278937,mp-504097,mp-758972,mp-1305141,mp-1306886,mp-774082,mp-25383,mp-773076,mp-752807,mp-1377260,mp-1178332,mp-759191,mp-849273,mp-1404711,mp-1097885,mp-853240",
BAT_01542,Li0-2Co21O40,Co21O40,Co21O40,Li20Co21O40,Li,3.631684728833334,265.83587507637134,1310.5960051676013,965.4320878909037,4759.671497637151,0.05306314260265801,0.048658195807964,0.036648759444444005,1,2,Co-O,"Co,O",mp-850026,mp-705640,"mp-850026,mp-705640,mp-685270",
BAT_01543,Li4-5.88CoO4,CoO4,Li4CoO4,Li47(CoO4)8,Li,2.545292454666666,306.96372810122546,813.9850498005738,781.3124609923993,2071.830005468871,0.05312189432047101,0.08770240111110601,0.022939561695414,2,2,Co-O,"Co,O",mp-759349,mp-1177487,"mp-759349,mp-764688,mp-776979,mp-760147,mp-850954,mp-1177487",More than one working ion per transition metal
BAT_01544,Li4-5CoO4,CoO4,Li4CoO4,Li5CoO4,Li,2.79196788083333,170.02154330089743,470.64897495727126,474.69468794581894,1314.0368212278318,0.032295171257708005,0.092241020277772,0.054333620000001005,1,2,Co-O,"Co,O",mp-759702,mp-773454,"mp-759702,mp-771149,mp-768424,mp-768425,mp-768441,mp-773454",More than one working ion per transition metal
BAT_01545,Li0-2CoO2,CoO2,CoO2,Li2CoO2,Li,2.747919590833333,511.41035403457124,2017.5446246069957,1405.314530806609,5544.050399338046,0.312019815176792,0.008334681666666,0.025704214374997002,2,2,Co-O,"Co,O",mp-32686,mp-755297,"mp-32686,mp-1272680,mp-752914,mp-755297,mp-1277330",More than one working ion per transition metal
BAT_01546,Li4-7Co5O12,Co5O12,Li4Co5O12,Li7Co5O12,Li,3.895424538333339,150.21966952675467,677.1089094533654,585.1693868148451,2637.626661008767,0.032021812298787006,0.06165198426136,0.003907136249999,1,2,Co-O,"Co,O",mp-759802,mp-771155,"mp-759802,mp-867624,mp-771155,mp-1174364",More than one working ion per transition metal
BAT_01547,Li4-5Co7O16,Co7O16,Li4Co7O16,Li5Co7O16,Li,4.557680973333338,38.112091813331475,166.12703329613257,173.70275571155415,757.1540188100973,0.014719123677607,0.07255958163510101,0.034704778151378006,1,2,Co-O,"Co,O",mp-771197,mp-771191,"mp-771197,mp-771191",
BAT_01548,Li0-1Co2(PO3)5,Co2(PO3)5,Co2(PO3)5,LiCo2(PO3)5,Li,4.859139428333326,51.57431745810375,154.62638650072682,250.60679945005174,751.3511713063897,0.026801191426194002,0.007599743068182001,0.005620437137690001,1,3,Co-O-P,"Co,P,O",mp-1101575,mp-1101526,"mp-1101575,mp-1101577,mp-1101526",
BAT_01549,Li0-2Co3(P2O7)2,Co3(P2O7)2,Co3(P2O7)2,Li2Co3(P2O7)2,Li,4.965138348333345,99.52863723904002,354.2270689825842,494.17345351291584,1758.7864042231502,0.021371443819474003,0.10713346904767201,0.04929213847826001,1,3,Co-O-P,"Co,P,O",mp-584339,mp-540469,"mp-584339,mp-540469",
BAT_01550,Li0-1CoP2O7,CoP2O7,CoP2O7,LiCoP2O7,Li,5.065783453333329,111.75781176088262,358.0610818787174,566.1408735990201,1813.8599038638367,0.08571348205290201,0.096400866750006,0.056372943333336006,1,3,Co-O-P,"Co,P,O",mp-689964,mp-26647,"mp-689964,mp-26647",
BAT_01551,Li0-3Co2P5O16,Co2P5O16,Co2P5O16,Li3Co2P5O16,Li,4.61160822666667,146.30997774553822,418.80714313836086,674.7242970147414,1931.3744666836305,0.074304899370881,0.016509134999995,0.017535839391039,2,3,Co-O-P,"Co,P,O",mp-27024,mp-26203,"mp-27024,mp-26204,mp-26203",More than one working ion per transition metal
BAT_01552,Li1-2Co(PO3)4,Co(PO3)4,LiCo(PO3)4,Li2Co(PO3)4,Li,5.31174754333333,68.95104534945432,193.3154958226373,366.250545745229,1026.8431100241582,0.024026233972106,0.07581931847222201,0.046302531008763005,1,3,Co-O-P,"Co,P,O",mp-690004,mp-540530,"mp-690004,mp-540530",More than one working ion per transition metal
BAT_01553,Li1-5Co2(PO4)3,Co2(PO4)3,LiCo2(PO4)3,Li5Co2(PO4)3,Li,4.2357706089583385,245.05024843717453,749.9745386050482,1037.9766400481226,3176.7201080903533,0.042751554813517,0.09099326773148,0.08084138465909001,3,3,Co-O-P,"Co,P,O",mp-863391,mp-780435,"mp-863391,mp-764732,mp-758309,mp-26088,mp-26087,mp-584742,mp-774352,mp-780762,mp-780435",More than one working ion per transition metal
BAT_01554,Li0-3Co3(PO4)4,Co3(PO4)4,Co3(PO4)4,Li3Co3(PO4)4,Li,5.164530476666664,139.22653684730943,428.11357932164265,719.0396927086839,2211.005627881475,0.009113683146749001,0.14286597347826102,0.043047466153843,1,3,Co-O-P,"Co,P,O",mp-540169,mp-26177,"mp-540169,mp-26177",
BAT_01555,Li0-1Co(PO3)4,Co(PO3)4,Co(PO3)4,LiCo(PO3)4,Li,5.28965848333333,70.20467759117658,169.60053423593357,371.35876838984854,897.1289046989708,0.014797740664667,0.06843931397059101,0.040274643472222,1,3,Co-O-P,"Co,P,O",mp-26724,mp-31600,"mp-26724,mp-31600",
BAT_01556,Li0-1CoP2O7,CoP2O7,CoP2O7,LiCoP2O7,Li,4.389878085833321,111.75781176088262,351.65382597851834,490.603168769784,1543.7174244625419,0.064496375276542,0.052473090250005,0.077884543560609,1,3,Co-O-P,"Co,P,O",mp-26662,mp-705332,"mp-26662,mp-705332",
BAT_01557,Li0-1CoP2O7,CoP2O7,CoP2O7,LiCoP2O7,Li,5.081063063333336,111.75781176088262,361.88531634397896,567.8484893771806,1838.762114038091,0.06190776435241101,0.074231410750006,0.034829836969699005,1,3,Co-O-P,"Co,P,O",mp-26716,mp-26715,"mp-26716,mp-2215792,mp-26715",
BAT_01558,Li0-1CoPO4,CoPO4,CoPO4,LiCoPO4,Li,4.3336184258333335,166.6286694220835,497.4464353241357,722.1050720796325,2155.7430379857838,0.04117583012176,0.007974647083333,0.0,1,3,Co-O-P,"Co,P,O",mp-540391,mp-758022,"mp-540391,mp-753924,mp-758022,mp-26757",
BAT_01559,Li0-1CoP2O7,CoP2O7,CoP2O7,LiCoP2O7,Li,5.159492045833336,111.75781176088262,329.24045576052544,576.6135408400131,1698.7135126629735,0.067423776203579,0.101407632500007,0.052405585606063,1,3,Co-O-P,"Co,P,O",mp-697814,mp-26847,"mp-697814,mp-26847",
BAT_01560,Li0-1CoPO4,CoPO4,CoPO4,LiCoPO4,Li,4.403851713333336,166.6286694220835,504.0510265637623,733.8079513248965,2219.7659769402517,0.0033724515387730004,0.026072119583333,0.005478792499999,1,3,Co-O-P,"Co,P,O",mp-689943,mp-757804,"mp-689943,mp-753562,mp-757804,mp-26919",
BAT_01561,Li0-1CoPO4,CoPO4,CoPO4,LiCoPO4,Li,4.612435505833337,166.6286694220835,511.10372414847456,768.5639911321836,2357.4329644260715,0.260124551668905,0.086211365416667,0.027229032857142003,1,3,Co-O-P,"Co,P,O",mp-504098,mp-1662205,"mp-504098,mp-775324,mp-1662205,mp-1661354,mp-18915",
BAT_01562,Li0-1Co(PO3)4,Co(PO3)4,Co(PO3)4,LiCo(PO3)4,Li,5.59688006833331,70.20467759117658,177.37535204300366,392.9271607138224,992.7485724630913,0.007771353992575,0.091571498676473,0.045053840972223,1,3,Co-O-P,"Co,P,O",mp-31572,mp-26861,"mp-31572,mp-26861",
BAT_01563,Li0-1CoPO4,CoPO4,CoPO4,LiCoPO4,Li,4.654103609999997,166.62866942208353,581.3239631568147,775.5070918868151,2705.5419555076364,0.02195632444735,0.126644744444445,0.05593362857143001,1,3,Co-O-P,"Co,P,O",mp-25954,mp-25953,"mp-25954,mp-25953",
BAT_01564,Li0-3Co3(PO4)4,Co3(PO4)4,Co3(PO4)4,Li3Co3(PO4)4,Li,5.291712258333334,139.22653684730943,448.50011710457494,736.746771720205,2373.333567546215,0.060363765829719,0.155582421956522,0.039621811153843,1,3,Co-O-P,"Co,P,O",mp-26190,mp-31614,"mp-26190,mp-31614",
BAT_01565,Li0-1CoPO4,CoPO4,CoPO4,LiCoPO4,Li,4.028777480833331,166.62866942208353,510.43893419278663,671.3098310289116,2056.4448834164655,0.09387907659187701,0.007445568333333001,0.043095210357144004,1,3,Co-O-P,"Co,P,O",mp-704189,mp-25889,"mp-704189,mp-766880,mp-25889,mp-757969",
BAT_01566,Li0-6Co5(P2O7)4,Co5(P2O7)4,Co5(P2O7)4,Li6Co5(P2O7)4,Li,4.841337163333335,155.8096907209747,489.9309414920602,754.3272460949279,2371.920874512401,0.05695992268832201,0.11293049402439401,0.050010325620580005,2,3,Co-O-P,"Co,P,O",mp-704226,mp-504376,"mp-704226,mp-584817,mp-504376,mp-705429",More than one working ion per transition metal
BAT_01567,Li0-1Co2P3O10,Co2P3O10,Co2P3O10,LiCo2P3O10,Li,4.272494673333331,70.95544654397156,197.65285804674494,303.1567674031064,844.4707831738268,0.08756280365869501,0.0,0.015995488437507,1,3,Co-O-P,"Co,P,O",mp-540204,mp-504230,"mp-540204,mp-504231,mp-504230",
BAT_01568,Li2-4Co(PO4)2,Co(PO4)2,Li2Co(PO4)2,Li4Co(PO4)2,Li,4.667262029583331,193.76437964734865,522.17361024069,904.3491318138396,2437.1210639268184,0.053263865758492006,0.06741273307692301,0.0013683035000010002,2,3,Co-O-P,"Co,P,O",mp-583967,mp-25995,"mp-583967,mp-25996,mp-25995",More than one working ion per transition metal
BAT_01569,Li0-1CoPO4,CoPO4,CoPO4,LiCoPO4,Li,4.30184314833333,166.6286694220835,509.86380488486316,716.8103998692894,2193.354115627111,0.027169235487028,0.005624451666666,0.002524872142857,1,3,Co-O-P,"Co,P,O",mp-689940,mp-26989,"mp-689940,mp-26989",
BAT_01570,Li0-1Co(PO3)4,Co(PO3)4,Co(PO3)4,LiCo(PO3)4,Li,5.514096693333333,70.20467759117658,199.49512453162157,387.11538056203955,1100.035406515936,0.000535426307904,0.110342430147062,0.067381019305555,1,3,Co-O-P,"Co,P,O",mp-504346,mp-26925,"mp-504346,mp-26925",
BAT_01571,Li0-1Co(PO3)3,Co(PO3)3,Co(PO3)3,LiCo(PO3)3,Li,5.357530630833328,88.51505655947788,277.74698366129337,474.2221268073473,1488.0379725869432,0.102276754197113,0.035433254807691,0.000464312499986,1,3,Co-O-P,"Co,P,O",mp-26992,mp-26991,"mp-26992,mp-26991",
BAT_01572,Li0-2CoP2O7,CoP2O7,CoP2O7,Li2CoP2O7,Li,4.802537245833332,217.22841629928806,625.4299443158502,1043.2475601307194,3003.650602236338,0.08468568731532301,0.077285623500007,0.014619120763876002,2,3,Co-O-P,"Co,P,O",mp-26996,mp-778815,"mp-26996,mp-26995,mp-778815",More than one working ion per transition metal
BAT_01573,Li1-2CoP2O7,CoP2O7,LiCoP2O7,Li2CoP2O7,Li,4.706997928333327,108.61420814964403,323.1530834083498,511.2468527479392,1521.0808941376292,0.040346397772472,0.06823122151515301,0.027443004305543,1,3,Co-O-P,"Co,P,O",mp-705301,mp-26333,"mp-705301,mp-26333",More than one working ion per transition metal
BAT_01574,Li0-2Co(PO3)4,Co(PO3)4,Co(PO3)4,Li2Co(PO3)4,Li,5.298443423333329,137.90209069890864,357.8748669470441,730.6664255275488,1896.179735151856,0.005346175779781,0.068600825441179,0.013010990219290001,2,3,Co-O-P,"Co,P,O",mp-26432,mp-26359,"mp-26432,mp-31603,mp-26359",More than one working ion per transition metal
BAT_01575,Li0-1Co(PO3)4,Co(PO3)4,Co(PO3)4,LiCo(PO3)4,Li,6.078896553333341,70.20467759117658,179.33837406956567,426.76697263688175,1090.1794240118882,0.0056180021265310005,0.07222134264706201,0.0,1,3,Co-O-P,"Co,P,O",mp-26998,mp-26997,"mp-26998,mp-26997",
BAT_01576,Li0-1Co(PO3)3,Co(PO3)3,Co(PO3)3,LiCo(PO3)3,Li,5.529354370833322,88.51505655947788,252.1494000112274,489.43111487170773,1394.22338705508,0.012015882619405002,0.048150436730768006,0.0,1,3,Co-O-P,"Co,P,O",mp-1101586,mp-26015,"mp-1101586,mp-26015",
BAT_01577,Li0-1CoPO4,CoPO4,CoPO4,LiCoPO4,Li,4.343385253333335,166.62866942208353,518.4125559748545,723.7325055504328,2251.6654507640255,0.014365266318255,0.017523017777778,0.006789056666667,1,3,Co-O-P,"Co,P,O",mp-704240,mp-26021,"mp-704240,mp-26021",
BAT_01578,Li0-2Co3(P2O7)2,Co3(P2O7)2,Co3(P2O7)2,Li2Co3(P2O7)2,Li,4.622614545833334,99.52863723904002,339.95981730237236,460.0825262281556,1571.503196460789,0.023087182085911002,0.024948902381005,0.004038734347825,1,3,Co-O-P,"Co,P,O",mp-27010,mp-584122,"mp-27010,mp-584122",
BAT_01579,Li6-9Co3P8O29,Co3P8O29,Li6Co3P8O29,Li9Co3P8O29,Li,4.938065421666659,84.54358926622837,241.18105582720628,417.4817747791508,1190.9678321413833,0.070004750013647,0.056150067101450006,0.014826289472786,1,3,Co-O-P,"Co,P,O",mp-705373,mp-583985,"mp-705373,mp-776308,mp-583985,mp-1101531,mp-584450",More than one working ion per transition metal
BAT_01580,Li0-1CoPO4,CoPO4,CoPO4,LiCoPO4,Li,4.362226118333329,166.6286694220835,511.73085319269137,726.8719338161429,2232.285693354157,0.018437062961212003,0.06815639083333301,0.04749753857142901,2,3,Co-O-P,"Co,P,O",mp-753839,mp-758248,"mp-753839,mp-753577,mp-758248",
BAT_01581,Li0-1CoPO4,CoPO4,CoPO4,LiCoPO4,Li,4.051540948333337,166.6286694220835,506.8560928174813,675.1028773298704,2053.548214962268,0.025179041654388,0.014034095416667001,0.045490595357143004,1,3,Co-O-P,"Co,P,O",mp-766042,mp-757672,"mp-766042,mp-753786,mp-757672",
BAT_01582,Li0-2CoP2O7,CoP2O7,CoP2O7,Li2CoP2O7,Li,4.72837373083333,217.22841629928806,666.3200957173807,1027.1371372200804,3150.610436916413,0.006548734674648,0.08590074200000501,0.034158972013876,1,3,Co-O-P,"Co,P,O",mp-26780,mp-697726,"mp-26780,mp-26406,mp-697726",More than one working ion per transition metal
BAT_01583,Li0-1CoP2O7,CoP2O7,CoP2O7,LiCoP2O7,Li,5.270536673333344,111.75781176088262,378.39847730580993,589.0236454172162,1994.3630517737663,0.024010649037216003,0.075128859500006,0.018420825833335,1,3,Co-O-P,"Co,P,O",mp-27044,mp-27043,"mp-27044,mp-27043",
BAT_01584,Li0-1Co(PO3)4,Co(PO3)4,Co(PO3)4,LiCo(PO3)4,Li,5.725157078333315,70.20467759117658,205.4883988860662,401.93280684323287,1176.4533613979415,0.04404752855019,0.084223830735297,0.030987876250001004,1,3,Co-O-P,"Co,P,O",mp-584727,mp-26361,"mp-584727,mp-26361",
BAT_01585,Li1-2CoP2O7,CoP2O7,LiCoP2O7,Li2CoP2O7,Li,4.7914651508333375,108.61420814964403,285.9374925353761,520.4211932343775,1370.059530799922,0.027034696865578002,0.06099367174242701,0.013769648472210001,1,3,Co-O-P,"Co,P,O",mp-540133,mp-26089,"mp-540133,mp-1176787,mp-26089,mp-757807",More than one working ion per transition metal
BAT_01586,Li0-1CoPO4,CoPO4,CoPO4,LiCoPO4,Li,4.069050723333331,166.6286694220835,628.2442538531936,678.0205078399994,2556.3577355713464,0.07404992610788601,0.005828878333333,0.035956155714286,1,3,Co-O-P,"Co,P,O",mp-27046,mp-27045,"mp-27046,mp-27045",
BAT_01587,Li0-1CoP2O7,CoP2O7,CoP2O7,LiCoP2O7,Li,4.913334703333324,111.75781176088262,377.08961725113215,549.1035348933376,1852.767502706668,0.10922652809456301,0.075587151500005,0.051310361287882,1,3,Co-O-P,"Co,P,O",mp-540262,mp-26423,"mp-540262,mp-26423",
BAT_01588,Li0-2CoP2O7,CoP2O7,CoP2O7,Li2CoP2O7,Li,4.672090509583339,217.22841629928806,656.0313800582444,1014.9108222037224,3065.0379847589843,0.146183813197924,0.07730773300000601,0.036378668055542004,2,3,Co-O-P,"Co,P,O",mp-1244500,mp-31604,"mp-1244500,mp-26640,mp-26639,mp-26456,mp-31604",More than one working ion per transition metal
BAT_01589,Li0-2Co3(P2O7)2,Co3(P2O7)2,Co3(P2O7)2,Li2Co3(P2O7)2,Li,6.351212275833338,99.52863723904002,346.8070992354766,632.1275026295541,2202.6455060105095,0.00135983710836,0.23809177452386202,0.048334597608694005,1,3,Co-O-P,"Co,P,O",mp-697827,mp-705336,"mp-697827,mp-705336",
BAT_01590,Li1-2Co(PO3)4,Co(PO3)4,LiCo(PO3)4,Li2Co(PO3)4,Li,5.140374305833323,68.95104534945432,199.0543539384076,354.43418187468325,1023.2138864492426,0.017798469778363,0.035053455833333004,0.016701884166659003,1,3,Co-O-P,"Co,P,O",mp-729135,mp-705277,"mp-729135,mp-705277",More than one working ion per transition metal
BAT_01591,Li0-1Co(PO3)3,Co(PO3)3,Co(PO3)3,LiCo(PO3)3,Li,5.370706193333338,88.51505655947788,276.0193590871824,475.38836246723855,1482.418881329429,0.006636725064083001,0.06296418269230701,0.025087633928557004,1,3,Co-O-P,"Co,P,O",mp-26460,mp-504262,"mp-26460,mp-504262",
BAT_01592,Li0.5-1CoPO4,CoPO4,LiCo2(PO4)2,LiCoPO4,Li,4.381445333333336,83.31433471104175,254.7343665623,365.0372030194655,1116.1047016140128,0.028301339972620004,0.051212777692301,0.040720808571428006,1,3,Co-O-P,"Co,P,O",mp-754127,mp-757902,"mp-754127,mp-757902",
BAT_01593,Li0-1Co3P3O11,Co3P3O11,Co3P3O11,LiCo3P3O11,Li,4.125282103333338,59.20947542741392,209.0686203037785,244.25578932846568,862.4670377077703,0.011316996166838001,0.170905306764704,0.171352369722218,1,3,Co-O-P,"Co,P,O",mp-25878,mp-584239,"mp-25878,mp-584239",
BAT_01594,Li0-2CoP2O7,CoP2O7,CoP2O7,Li2CoP2O7,Li,4.688218982083332,217.22841629928806,650.856788252745,1018.4143847422225,3051.359149304311,0.130717394909407,0.08033857925000501,0.036216294513875,2,3,Co-O-P,"Co,P,O",mp-26646,mp-26515,"mp-26646,mp-584942,mp-780586,mp-26515",More than one working ion per transition metal
BAT_01595,Li0-1Co2P3O10,Co2P3O10,Co2P3O10,LiCo2P3O10,Li,4.794025123333331,70.95544654397156,248.16093866652847,340.16219336913485,1189.6897745973195,0.017383339227386,0.019505724666666002,0.0016864521875070001,1,3,Co-O-P,"Co,P,O",mp-25270,mp-22042,"mp-25270,mp-22042",
BAT_01596,Li1-2CoP2O7,CoP2O7,LiCoP2O7,Li2CoP2O7,Li,4.084572525833342,108.61420814964403,332.83530051361595,443.6426105231798,1359.4899241053997,0.06352767588099201,0.028930794015154002,0.043286395972208,1,3,Co-O-P,"Co,P,O",mp-754170,mp-757366,"mp-754170,mp-757366",More than one working ion per transition metal
BAT_01597,Li5-14Co9(P2O7)8,Co9(P2O7)8,Li5Co9(P2O7)8,Li14Co9(P2O7)8,Li,4.576242114444443,119.46462236948443,368.2227474189521,546.6990360734363,1685.0764442350473,0.013061068399001001,0.078312468343029,0.046054876061410004,1,3,Co-O-P,"Co,P,O",mp-705379,mp-504263,"mp-705379,mp-504263",More than one working ion per transition metal
BAT_01598,Li0-1CoP2O7,CoP2O7,CoP2O7,LiCoP2O7,Li,5.041513038333325,111.75781176088262,388.7140633945656,563.4284651280911,1959.7070187872291,0.007095179635476001,0.07573071425000501,0.0397882969697,1,3,Co-O-P,"Co,P,O",mp-26198,mp-26197,"mp-26198,mp-31552,mp-26197",
BAT_01599,Li0-3Co3(PO4)4,Co3(PO4)4,Co3(PO4)4,Li3Co3(PO4)4,Li,5.178266513333336,139.22653684730943,447.7898291773641,720.9521135237921,2318.775077440399,0.07907745557467201,0.150804546304348,0.048485122499996,1,3,Co-O-P,"Co,P,O",mp-585038,mp-26135,"mp-585038,mp-26135",
BAT_01600,Li0-4Co5(P3O11)2,Co5(P3O11)2,Co5(P3O11)2,Li4Co5(P3O11)2,Li,4.093662863333333,124.62047050731499,416.9266077393712,510.1541921269223,1706.7569708382077,0.009628826685870001,0.034183090909199,0.057814180135133,1,3,Co-O-P,"O,P,Co",mp-26552,mp-26551,"mp-26552,mp-26551",
BAT_01601,Li1-2Co(PO3)4,Co(PO3)4,LiCo(PO3)4,Li2Co(PO3)4,Li,5.153203818333343,68.95104534945432,174.82849362549274,355.3187901728835,900.9268609043556,0.061769455551830006,0.069179412916668,0.048356500745606004,1,3,Co-O-P,"Co,P,O",mp-540064,mp-31560,"mp-540064,mp-31560",More than one working ion per transition metal
BAT_01602,Li0-3Co3(PO4)4,Co3(PO4)4,Co3(PO4)4,Li3Co3(PO4)4,Li,4.783189751666673,139.22653684730943,471.6842310453541,665.9469442080929,2256.155179958913,0.08265439440066101,0.09113680130434801,0.041287897499996,1,3,Co-O-P,"Co,P,O",mp-31554,mp-26201,"mp-31554,mp-26201",
BAT_01603,Li0-1Co3(P3O10)2,Co3(P3O10)2,Co3(P3O10)2,LiCo3(P3O10)2,Li,4.4359469283333555,38.86688251574288,107.39307884327259,172.41142810960304,476.3899982190769,0.005642854172498,0.038538288275860005,0.052835404166667,1,3,Co-O-P,"Co,P,O",mp-26568,mp-26567,"mp-26568,mp-26567",
BAT_01604,Li0-1Co6P7O24,Co6P7O24,Co6P7O24,LiCo6P7O24,Li,4.286675008333309,27.879233660782106,102.10095742874492,119.5092141851594,437.67362253670393,0.015208527101809999,0.005933106756743,0.012624642894778002,1,3,Co-O-P,"Co,P,O",mp-705347,mp-31557,"mp-705347,mp-31557",
BAT_01605,Li0-1CoPO4,CoPO4,CoPO4,LiCoPO4,Li,4.334888140833333,166.6286694220835,506.4673974308676,722.3166430006276,2195.47951484179,0.115358703352867,0.012940566666667002,0.004075114642858001,1,3,Co-O-P,"Co,P,O",mp-540093,mp-26017,"mp-540093,mp-26017",
BAT_01606,Li0-1CoPO4,CoPO4,CoPO4,LiCoPO4,Li,4.257700939583334,166.6286694220835,513.1947057286051,709.4550423599258,2185.029580769875,0.07038666376667001,0.000564491041666,0.0044937928571420005,1,3,Co-O-P,"Co,P,O",mp-861694,mp-757936,"mp-861694,mp-766459,mp-757936",
BAT_01607,Li0-2CoP2O7,CoP2O7,CoP2O7,Li2CoP2O7,Li,4.76944317833333,217.22841629928806,653.761196449865,1036.0585882587923,3118.076878666845,0.029221302142869002,0.10664724200000501,0.044602814097209,2,3,Co-O-P,"Co,P,O",mp-766033,mp-757776,"mp-766033,mp-766426,mp-757776",More than one working ion per transition metal
BAT_01608,Li0-1CoPO4,CoPO4,CoPO4,LiCoPO4,Li,3.994422962499993,166.62866942208353,515.4176861872894,665.585383350391,2058.7962409851248,0.10485716916296901,0.003605725972223,0.044711705238096006,1,3,Co-O-P,"Co,P,O",mp-766076,mp-757630,"mp-766076,mp-757630",
BAT_01609,Li0-1Co(PO3)3,Co(PO3)3,Co(PO3)3,LiCo(PO3)3,Li,4.571968950833342,88.51505655947788,216.1693857994988,404.68809027119,988.3197199960224,0.041724363629694006,0.0,0.023673553035700002,1,3,Co-O-P,"Co,P,O",mp-584429,mp-584674,"mp-584429,mp-584674",
BAT_01610,Li0-6Co5(P2O7)4,Co5(P2O7)4,Co5(P2O7)4,Li6Co5(P2O7)4,Li,4.848867404999997,155.80969072097471,518.6653974873882,755.5005307200648,2514.939739977964,0.008869811555814,0.07430508292683301,0.015354510620581002,1,3,Co-O-P,"Co,P,O",mp-1178442,mp-769575,"mp-1178442,mp-769575",More than one working ion per transition metal
BAT_01611,Li1-3Co2(PO4)3,Co2(PO4)3,LiCo2(PO4)3,Li3Co2(PO4)3,Li,4.381303445833343,126.54042123754381,394.7471743088704,554.4119836052535,1729.5071550324294,0.09271437021951501,0.098728928842591,0.080977241249998,1,3,Co-O-P,"Co,P,O",mp-758304,mp-773159,"mp-758304,mp-776223,mp-773159,mp-775012",More than one working ion per transition metal
BAT_01612,Li0-1CoPO4,CoPO4,CoPO4,LiCoPO4,Li,3.5149613908333333,166.62866942208353,543.6642870439138,585.6933396245544,1910.9589785342873,0.17489656394716302,0.024707508194445,0.13129345738095302,1,3,Co-O-P,"Co,P,O",mp-850025,mp-757563,"mp-850025,mp-757563",
BAT_01613,Li0-1CoPO4,CoPO4,CoPO4,LiCoPO4,Li,4.408243143333334,166.6286694220835,588.5530847444047,734.5396894626564,2594.485100312205,0.04851427858667701,0.101575182916667,0.069568356785715,1,3,Co-O-P,"Co,P,O",mp-777241,mp-772438,"mp-777241,mp-772438",
BAT_01614,Li0-1CoPO4,CoPO4,CoPO4,LiCoPO4,Li,4.247482669583332,166.6286694220835,511.58181639723813,707.7523856260298,2172.934899221231,0.059272070583294006,3.690833333358512e-05,0.005501331964286001,1,3,Co-O-P,"Co,P,O",mp-1178446,mp-758373,"mp-1178446,mp-1176783,mp-758373",
BAT_01615,Li0-4Co3P4O15,Co3P4O15,Co3P4O15,Li4Co3P4O15,Li,4.846628273958336,188.5935329321526,603.4453704447649,914.0427489946634,2924.6753941868596,0.021918279237916,0.170363742272735,0.07464146256411601,2,3,Co-O-P,"Co,P,O",mp-849725,mp-778384,"mp-849725,mp-775872,mp-778384",More than one working ion per transition metal
BAT_01616,Li0-1CoPO4,CoPO4,CoPO4,LiCoPO4,Li,4.225425048333332,166.6286694220835,507.95898938904065,704.076953546526,2146.342637290538,0.108268440108019,0.0,0.008620784999999001,1,3,Co-O-P,"Co,P,O",mp-849770,mp-1176778,"mp-849770,mp-1176778",
BAT_01617,Li0-1CoPO4,CoPO4,CoPO4,LiCoPO4,Li,4.769965208333329,166.6286694220835,619.1033255711332,794.812955854214,2953.101323337767,0.05533162317413601,0.134925155416667,0.046479466785714005,1,3,Co-O-P,"Co,P,O",mp-776270,mp-776295,"mp-776270,mp-776295",
BAT_01618,Li0-4Co3Sn(PO4)4,Co3Sn(PO4)4,Co3Sn(PO4)4,Li4Co3Sn(PO4)4,Li,3.083323130833332,152.46326869195687,567.2307119202438,470.0935229603681,1748.9555745827463,0.07778632639876201,0.056101006354169,0.120035014255952,1,4,Co-O-P-Sn,"Co,Sn,P,O",mp-775131,mp-757004,"mp-775131,mp-757004",More than one working ion per transition metal
BAT_01619,Li1-6Co3Sb(PO4)6,Co3Sb(PO4)6,LiCo3Sb(PO4)6,Li6Co3Sb(PO4)6,Li,4.271529175333335,147.25542288517485,470.17061350387206,629.0058350800724,2008.3474929661627,0.088491969011252,0.08832375328572001,0.087102577874987,1,4,Co-O-P-Sb,"Co,Sb,P,O",mp-764378,mp-774592,"mp-764378,mp-766096,mp-774592",More than one working ion per transition metal
BAT_01620,Li0-2CoSn(PO4)2,CoSn(PO4)2,CoSn(PO4)2,Li2CoSn(PO4)2,Li,2.5749900783333333,140.51761529841198,518.6013756844109,361.83146522447106,1335.3933969973755,0.134025165198324,0.037337036388894004,0.08041628101190401,1,4,Co-O-P-Sn,"Co,Sn,P,O",mp-863354,mp-1661734,"mp-863354,mp-1661734,mp-753250,mp-1662988,mp-1662637",More than one working ion per transition metal
BAT_01621,Li0-4VCo3(PO4)4,VCo3(PO4)4,VCo3(PO4)4,Li4VCo3(PO4)4,Li,4.508190578333331,168.72446001875755,603.0849218368487,760.6420209909417,2718.821762559775,0.041632273468451005,0.189969298020809,0.038804269017858,1,4,Co-O-P-V,"V,Co,P,O",mp-757057,mp-1177182,"mp-757057,mp-1177182",
BAT_01622,Li1-8VCo3(PO4)6,VCo3(PO4)6,LiVCo3(PO4)6,Li8VCo3(PO4)6,Li,4.056825139047618,219.91674041632425,651.2655226745597,892.1637610183535,2642.0703445811405,0.06326115600123701,0.126918521499989,0.140777751369096,1,4,Co-O-P-V,"V,Co,P,O",mp-768928,mp-760152,"mp-768928,mp-760152",More than one working ion per transition metal
BAT_01623,Li0-4V3Co(PO4)4,V3Co(PO4)4,V3Co(PO4)4,Li4V3Co(PO4)4,Li,2.738780853333328,173.07828266593876,592.8467820506289,474.0234866932868,1623.6774156405393,0.039187050683672,0.039129688020834004,0.046464934238092004,1,4,Co-O-P-V,"V,Co,P,O",mp-774635,mp-765840,"mp-774635,mp-765840",
BAT_01624,Li0-1Co(PtO2)3,Co(PtO2)3,Co(PtO2)3,LiCo(PtO2)3,Li,0.718896023333333,35.872936148268806,356.4574981616594,25.78891114228104,256.255877915766,0.076736677044992,0.0,0.18832018283746402,1,3,Co-O-Pt,"Co,Pt,O",mp-19238,mp-1235119,"mp-19238,mp-1235119,mp-1235015",
BAT_01625,Li0-2Co2(SO4)3,Co2(SO4)3,Co2(SO4)3,Li2Co2(SO4)3,Li,5.123416517083332,127.64549368971457,380.2155506590219,653.9810307011398,1948.0026322983674,0.10784698185713501,0.035623692009811005,0.012899810657899,2,3,Co-O-S,"Co,S,O",mp-1178458,mp-778578,"mp-1178458,mp-768456,mp-769110,mp-778578",
BAT_01626,Li0-1Co2(SO4)3,Co2(SO4)3,Co2(SO4)3,LiCo2(SO4)3,Li,6.23150629333333,64.89538327398895,197.51206256267528,404.39598928014067,1230.7976608685574,0.006603158736956,0.09998682803922301,0.038168960486109,1,3,Co-O-S,"Co,S,O",mp-768501,mp-768616,"mp-768501,mp-768616",
BAT_01627,Li0-1Co(SO4)2,Co(SO4)2,Co(SO4)2,LiCo(SO4)2,Li,4.884270373333327,103.88195346490596,294.6740091808515,507.38754763263154,1439.2675328333858,0.032538381375242,0.046819087803037,0.07079259149305901,1,3,Co-O-S,"Co,S,O",mp-771768,mp-774464,"mp-771768,mp-774464",
BAT_01628,Li0-1Co(SO4)2,Co(SO4)2,Co(SO4)2,LiCo(SO4)2,Li,4.918742306666678,103.88195346490596,292.94530003076966,510.96855940701204,1440.92244080051,0.0027777683671480003,0.042449093863643005,0.06391410260417,1,3,Co-O-S,"Co,S,O",mp-772268,mp-1176804,"mp-772268,mp-1176804",
BAT_01629,Li0-4Co5SbO12,Co5SbO12,Co5SbO12,Li4Co5SbO12,Li,3.817008133333332,168.51434649650105,832.7435693125061,643.2206311604958,3178.5889770468652,0.022610000881147,0.06309119125000001,0.076620472500005,1,3,Co-O-Sb,"Co,Sb,O",mp-753116,mp-757593,"mp-753116,mp-757593",
BAT_01630,Li0-4Co3SbO8,Co3SbO8,Co3SbO8,Li4Co3SbO8,Li,3.134414413333333,235.9707062992246,1146.6688825032552,739.6299829487363,3594.135472639029,0.103513642954921,0.08737479604166601,0.13100949281249402,2,3,Co-O-Sb,"Co,Sb,O",mp-752854,mp-1177495,"mp-752854,mp-772208,mp-757171,mp-886491,mp-1177495",More than one working ion per transition metal
BAT_01631,Li0-1Co5SbO8,Co5SbO8,Co5SbO8,LiCo5SbO8,Li,0.6848315933333471,48.60957526758866,272.76076889362423,33.289372881759995,186.7951919602495,0.026057675961429,0.0,0.128644128833333,1,3,Co-O-Sb,"Co,Sb,O",mp-33332,mp-1236250,"mp-33332,mp-1299486,mp-1304367,mp-1236250,mp-1236276,mp-1235263,mp-1236052",
BAT_01632,Li0-1CoSbO4,CoSbO4,CoSbO4,LiCoSbO4,Li,4.02669763083333,106.510710005323,536.5574217993076,428.88642363681,2160.5544991653114,0.10778172152311401,0.088283664583332,0.0,1,3,Co-O-Sb,"Co,Sb,O",mp-758123,mp-773085,"mp-758123,mp-773085",
BAT_01633,Li0-2Co3SbO8,Co3SbO8,Co3SbO8,Li2Co3SbO8,Li,4.445311720833328,121.70409946736802,658.968501230379,541.0126598357563,2929.3204021793754,0.049824848412316006,0.083053358124999,0.028098295357118,1,3,Co-O-Sb,"Co,Sb,O",mp-757530,mp-757930,"mp-757530,mp-761540,mp-1640280,mp-757930",
BAT_01634,Li1-2CoSiO4,CoSiO4,LiCoSiO4,Li2CoSiO4,Li,3.70397912333333,162.53340366778136,502.2163140188892,602.0203340297711,1860.198742523382,0.0053499340174770005,0.068052199285711,0.009668001875,1,3,Co-O-Si,"Co,Si,O",mp-763240,mp-758372,"mp-763240,mp-763313,mp-759510,mp-764452,mp-752894,mp-758372",More than one working ion per transition metal
BAT_01635,Li0-1Co(SiO3)2,Co(SiO3)2,Co(SiO3)2,LiCo(SiO3)2,Li,4.851233068333347,122.91912075475274,418.49116449657924,596.3093033359164,2030.1981760111357,0.095481481193754,0.190216359444445,0.062605527000002,1,3,Co-O-Si,"Co,Si,O",mp-1341839,mp-753876,"mp-1341839,mp-1340191,mp-753876",
BAT_01636,Li1-2Co(SiO3)2,Co(SiO3)2,LiCo(SiO3)2,Li2Co(SiO3)2,Li,3.757577073333327,119.12690910763071,344.9535563853076,447.6285424798963,1296.189574838227,0.025861684054559998,0.056143412000002,0.009892253636365,1,3,Co-O-Si,"Co,Si,O",mp-755994,mp-753142,"mp-755994,mp-753142",More than one working ion per transition metal
BAT_01637,Li0-4Ti3Co3(SbO8)2,Ti3Co3(SbO8)2,Ti3Co3(SbO8)2,Li4Ti3Co3(SbO8)2,Li,4.300809392083335,126.47055354766138,583.7603545241113,543.9257445197604,2510.642015463195,0.11743042858082602,0.17748220645833301,0.038368303571428,1,4,Co-O-Sb-Ti,"Ti,Co,Sb,O",mp-762505,mp-773002,"mp-762505,mp-773002",
BAT_01638,Li0-2Co3(SeO3)4,Co3(SeO3)4,Co3(SeO3)4,Li2Co3(SeO3)4,Li,5.04306379083332,76.73852313109884,323.80549555929736,386.99726736446974,1632.9717699279317,0.086777674608777,0.143224230953947,0.0,1,3,Co-O-Se,"Co,Se,O",mp-775276,mp-562404,"mp-775276,mp-562404",
BAT_01639,Li1-2CoSiO4,CoSiO4,LiCoSiO4,Li2CoSiO4,Li,3.914207908333336,162.53340366778136,527.7109777901534,636.1895340047643,2065.5704825805356,0.004445770357172,0.09207035285714,0.004405288124999,1,3,Co-O-Si,"Co,Si,O",mp-763253,mp-753828,"mp-763253,mp-758567,mp-753828",More than one working ion per transition metal
BAT_01640,Li1-2CoSiO4,CoSiO4,LiCoSiO4,Li2CoSiO4,Li,3.713920558333332,162.53340366778136,524.3454971641232,603.6361492976635,1947.3775215873493,0.020362096862296,0.076110670357139,0.015476484687499,1,3,Co-O-Si,"Co,Si,O",mp-778061,mp-764957,"mp-778061,mp-774355,mp-764957",More than one working ion per transition metal
BAT_01641,Li1-2CoSiO4,CoSiO4,LiCoSiO4,Li2CoSiO4,Li,3.798029073333329,162.53340366778136,520.4310351577506,617.3065925180556,1976.6122021940967,0.034675140287127,0.070438761428568,0.0,1,3,Co-O-Si,"Co,Si,O",mp-763255,mp-753732,"mp-763255,mp-763246,mp-763256,mp-753099,mp-753732",More than one working ion per transition metal
BAT_01642,Li1-2CoSiO4,CoSiO4,LiCoSiO4,Li2CoSiO4,Li,3.445609338333338,162.53340366778136,494.9215214542684,560.0266134688095,1705.3062160649708,0.038507397519748,0.073399131249997,0.046642790468749,1,3,Co-O-Si,"Co,Si,O",mp-757822,mp-1248621,"mp-757822,mp-1248621",More than one working ion per transition metal
BAT_01643,Li1.5-2CoSiO4,CoSiO4,Li3Co2(SiO4)2,Li2CoSiO4,Li,4.32322742333334,81.26670183389068,259.62936166433485,351.33443397213,1122.4367762497823,0.021971583698797002,0.083127418000002,0.014290099374999001,1,3,Co-O-Si,"Co,Si,O",mp-1177732,mp-758637,"mp-1177732,mp-758637",More than one working ion per transition metal
BAT_01644,Li0-1.5CoSiO4,CoSiO4,CoSiO4,Li3Co2(SiO4)2,Li,4.176416345000002,249.04150935126034,775.677931420345,1040.1010302380744,3239.553991239719,0.191816817942522,0.21307978708333303,0.05755655733333401,2,3,Co-O-Si,"Co,Si,O",mp-25268,mp-781591,"mp-25268,mp-510760,mp-781591",More than one working ion per transition metal
BAT_01645,Li2.5-3CoSiO5,CoSiO5,Li5Co2(SiO5)2,Li3CoSiO5,Li,5.091243358333321,71.34174655909926,208.30470763269605,363.21819334091316,1060.5299592445278,0.009821767589190001,0.13395075046052402,0.043687515999991,1,3,Co-O-Si,"Co,Si,O",mp-849671,mp-758411,"mp-849671,mp-758411",More than one working ion per transition metal
BAT_01646,Li1-2CoSiO4,CoSiO4,LiCoSiO4,Li2CoSiO4,Li,3.726868828333335,162.53340366778136,514.2710270285038,605.7406756923733,1916.6206599475008,0.0006146800785910001,0.066904433928568,0.005802494062499001,1,3,Co-O-Si,"Co,Si,O",mp-762880,mp-759671,"mp-762880,mp-758102,mp-759671",More than one working ion per transition metal
BAT_01647,Li1-2CoSiO4,CoSiO4,LiCoSiO4,Li2CoSiO4,Li,3.882312670833333,162.53340366778136,518.7116435520616,631.0054924930965,2013.8007862709521,0.041668056417701,0.089613370714283,0.006242333437500001,1,3,Co-O-Si,"Co,Si,O",mp-759261,mp-761247,"mp-759261,mp-759124,mp-761247",More than one working ion per transition metal
BAT_01648,Li2.5-4Co2Si3O10,Co2Si3O10,Li5Co4(Si3O10)2,Li4Co2Si3O10,Li,3.7525491433333062,103.11411189721517,315.5960039125114,386.94077226546943,1184.2895141213094,0.013219549715563002,0.079259251999996,0.037665779473684005,1,3,Co-O-Si,"Co,Si,O",mp-849656,mp-757921,"mp-849656,mp-759853,mp-1177711,mp-1267688,mp-758811,mp-757921",More than one working ion per transition metal
BAT_01649,Li1.5-2CoSiO4,CoSiO4,Li3Co2(SiO4)2,Li2CoSiO4,Li,4.586395388333334,81.26670183389068,257.9997313388431,372.7212265160163,1183.2887780037092,0.035009837487028,0.108240205666668,0.021385340000000003,1,3,Co-O-Si,"Co,Si,O",mp-778490,mp-758473,"mp-778490,mp-758473",More than one working ion per transition metal
BAT_01650,Li1-2CoSiO4,CoSiO4,LiCoSiO4,Li2CoSiO4,Li,3.817750715833331,162.53340366778136,516.641363247852,620.5120181995001,1972.4079343685953,0.015065164648375002,0.089977163214283,0.014630896249999002,1,3,Co-O-Si,"Co,Si,O",mp-777657,mp-760516,"mp-777657,mp-777651,mp-760516",More than one working ion per transition metal
BAT_01651,Li1-2CoSiO4,CoSiO4,LiCoSiO4,Li2CoSiO4,Li,3.8705464158333363,162.53340366778136,526.9927337439266,629.0930830195239,2039.7498367627666,0.002090351648725,0.088263056785711,0.006531590624999001,1,3,Co-O-Si,"Co,Si,O",mp-758703,mp-758638,"mp-758703,mp-759019,mp-758638",More than one working ion per transition metal
BAT_01652,Li1-2Co3(SiO4)2,Co3(SiO4)2,LiCo3(SiO4)2,Li2Co3(SiO4)2,Li,3.757831299999982,71.4996385675959,244.70518554079896,268.6835797479978,919.5608054975175,0.012439131744667,0.067149804553567,0.024091844055559003,1,3,Co-O-Si,"Co,Si,O",mp-849520,mp-758078,"mp-849520,mp-758078",
BAT_01653,Li0-2Co3SnO8,Co3SnO8,Co3SnO8,Li2Co3SnO8,Li,4.045099728333331,122.55277052032513,643.3842024174539,495.7381787382642,2602.5532624127995,0.056191141750638,0.060972330000000005,0.036968742410718,1,3,Co-O-Sn,"Co,Sn,O",mp-771769,mp-772420,"mp-771769,mp-772420,mp-1343846",
BAT_01654,Li1-2CoSnO4,CoSnO4,LiCoSnO4,Li2CoSnO4,Li,2.814268028333335,104.88880706460607,538.779610741448,295.1852162519445,1516.2702328275366,0.006947049749988001,0.057787027857139,0.022117388749999002,1,3,Co-O-Sn,"Co,Sn,O",mp-753496,mp-768412,"mp-753496,mp-780098,mp-1311767,mp-1311476,mp-768412",More than one working ion per transition metal
BAT_01655,Li0-2Co3TeO8,Co3TeO8,Co3TeO8,Li2Co3TeO8,Li,4.670871303333333,120.1114736244409,623.2610181667344,561.0252353534795,2911.1720042413144,0.04417370889339901,0.251342351458334,0.08726314124999601,1,3,Co-O-Te,"Co,Te,O",mp-761512,mp-755343,"mp-761512,mp-755343",
BAT_01656,Li0-2Co3TeO8,Co3TeO8,Co3TeO8,Li2Co3TeO8,Li,4.523163175833337,120.1114736244409,598.8264660205737,543.2837944931482,2708.5898198186715,0.17152746152286502,0.23459908437500102,0.09401293053571001,1,3,Co-O-Te,"Co,Te,O",mp-867653,mp-1178025,"mp-867653,mp-1178025",
BAT_01657,Li0-4Co5Te3O16,Co5Te3O16,Co5Te3O16,Li4Co5Te3O16,Li,3.932885010833321,111.53105715373081,545.3309282508303,438.63882292230244,2144.723833661512,0.184517526045645,0.171422336354166,0.095871406339293,1,3,Co-O-Te,"Co,Te,O",mp-771020,mp-781593,"mp-771020,mp-781593",
BAT_01658,Li0-4Co3TeO8,Co3TeO8,Co3TeO8,Li4Co3TeO8,Li,3.410411903333334,232.9759380372485,1132.769244170601,794.5439122724816,3863.209714049322,0.064514833883774,0.054047403125001,0.050090658437490006,3,3,Co-O-Te,"Co,Te,O",mp-753013,mp-772478,"mp-753013,mp-1312235,mp-1275718,mp-1305634,mp-1178026,mp-772004,mp-756586,mp-772478",More than one working ion per transition metal
BAT_01659,Li0-3Co4TeO8,Co4TeO8,Co4TeO8,Li3Co4TeO8,Li,2.723031096666668,156.99363386181884,826.1557474258348,427.4985469844339,2249.6477909304417,0.039902934807777006,0.06180548057694701,0.111887008593746,1,3,Co-O-Te,"Co,Te,O",mp-1287666,mp-756161,"mp-1287666,mp-755872,mp-756161",
BAT_01660,Li0-4TiCo3O8,TiCo3O8,TiCo3O8,Li4TiCo3O8,Li,3.534146764583333,281.8050952604476,1221.7822229496533,995.9405656578091,4317.957690262951,0.072128957011391,0.08556722666666601,0.07087990234374901,2,3,Co-O-Ti,"Ti,Co,O",mp-1290660,mp-1297766,"mp-1290660,mp-753061,mp-757214,mp-1297766,mp-1307386,mp-803628,mp-756719",
BAT_01661,Li1-5Ti2Co3O10,Ti2Co3O10,LiTi2Co3O10,Li5Ti2Co3O10,Li,3.472139000833331,229.44873286492972,980.3901122873657,796.677894072111,3404.050744904331,0.025742535792810002,0.097854773984374,0.037903091750005,2,3,Co-O-Ti,"Ti,Co,O",mp-762834,mp-761142,"mp-762834,mp-753046,mp-775264,mp-761142",
BAT_01662,Li0-4Ti3Co3(TeO8)2,Ti3Co3(TeO8)2,Ti3Co3(TeO8)2,Li4Ti3Co3(TeO8)2,Li,3.647128688333336,124.7516177280982,564.9661966294303,454.98520393214056,2060.504423665768,0.07938114582949801,0.10084670854166601,0.038689365364012004,1,4,Co-O-Te-Ti,"Ti,Co,Te,O",mp-752786,mp-753426,"mp-752786,mp-753426",
BAT_01663,Li0-4V3Co3(TeO8)2,V3Co3(TeO8)2,V3Co3(TeO8)2,Li4V3Co3(TeO8)2,Li,3.477113773333333,123.42687095393062,555.9160165782247,429.1692729933481,1932.9832380607468,0.045552698932268,0.136924238923611,0.10771257898809,1,4,Co-O-Te-V,"V,Co,Te,O",mp-775162,mp-771757,"mp-775162,mp-771757,mp-756566",
BAT_01664,Li0-3Ti(CoO3)2,Ti(CoO3)2,Ti(CoO3)2,Li3Ti(CoO3)2,Li,3.479630436666667,284.5643231344192,1206.0204398244862,990.1786799679738,4196.5054296554035,0.07718822668118,0.10633750111111201,0.083055322708337,1,3,Co-O-Ti,"Ti,Co,O",mp-753158,mp-771220,"mp-753158,mp-771220",
BAT_01665,Li0-4TiCo5O12,TiCo5O12,TiCo5O12,Li4TiCo5O12,Li,3.808862595833329,190.65956620224077,850.5798101893519,726.1960902455235,3239.741623801236,0.01118588123472,0.06583812833333201,0.061655091988633004,1,3,Co-O-Ti,"Ti,Co,O",mp-756754,mp-770955,"mp-756754,mp-1306974,mp-770955,mp-1640620,mp-1645499",
BAT_01666,Li1-2TiCoO4,TiCoO4,LiTiCoO4,Li2TiCoO4,Li,3.036109050833336,145.12405726551674,592.7587080566158,440.6124637574908,1799.6800784909665,0.0006131375120880001,0.05899839714285401,0.040589399374996005,1,3,Co-O-Ti,"Ti,Co,O",mp-1176576,mp-1177850,"mp-1176576,mp-1313679,mp-1309814,mp-781664,mp-1177850",
BAT_01667,Li0-3Ti6Co3O16,Ti6Co3O16,Ti6Co3O16,Li3Ti6Co3O16,Li,3.535915004999997,108.53512019076084,441.7657773540323,383.7709600519894,1562.0462408416108,0.008267511999402,0.09813898920000501,0.029371274464287004,1,3,Co-O-Ti,"Ti,Co,O",mp-758898,mp-772982,"mp-758898,mp-772982",
BAT_01668,Li0-3TiCo3O8,TiCo3O8,TiCo3O8,Li3TiCo3O8,Li,3.683614426666664,215.28171070232935,1024.5420759701358,793.0148153405796,3774.0179717706055,0.064845124021891,0.061302074166666005,0.065386994666655,2,3,Co-O-Ti,"Ti,Co,O",mp-1101280,mp-761172,"mp-1101280,mp-773179,mp-1661621,mp-761172",
BAT_01669,Li1-4V3CoO10,V3CoO10,LiV3CoO10,Li4V3CoO10,Li,3.390205559999998,201.25478033119992,648.2937875816972,682.2950752554124,2197.849203172928,0.021459795805256,0.082704495499998,0.132449092962964,1,3,Co-O-V,"V,Co,O",mp-754313,mp-759134,"mp-754313,mp-759134",
BAT_01670,Li0-1VCoO4,VCoO4,VCoO4,LiVCoO4,Li,4.222642800833332,148.22738087574749,561.0917948505211,625.9112827413554,2369.2902281322054,0.180260592180564,0.131433927083333,0.041527882180449005,1,3,Co-O-V,"V,Co,O",mp-771308,mp-754522,"mp-771308,mp-754522",
BAT_01671,Li0-2V3CoO8,V3CoO8,V3CoO8,Li2V3CoO8,Li,2.425232038333338,151.57712954409598,585.5554114063451,367.6097108489444,1420.107743962127,0.05137067672364801,0.044511997916666005,0.22117149071428602,1,3,Co-O-V,"V,Co,O",mp-755017,mp-756121,"mp-755017,mp-756121",
BAT_01672,Li0-1V2CoO6,V2CoO6,V2CoO6,LiV2CoO6,Li,2.005938733333331,101.61560507019398,439.2115731839619,203.83467812140495,881.0315067779763,0.007013335251123001,6.36263859888883,5.88268573033333,1,3,Co-O-V,"V,Co,O",mp-1387639,mp-1388676,"mp-1387639,mp-1388676",
BAT_01673,Li0-1VCoO4,VCoO4,VCoO4,LiVCoO4,Li,3.91997867333333,148.22738087574749,567.7929416841864,581.0481718369869,2225.736222271206,0.168631099554221,0.040728241666666005,0.007017884323307,1,3,Co-O-V,"V,Co,O",mp-771137,mp-753151,"mp-771137,mp-753151",
BAT_01674,Li1-2VCoO4,VCoO4,LiVCoO4,Li2VCoO4,Li,3.704200043333334,142.74763272586597,599.6085019722666,528.7657873288837,2221.0698389887057,0.021441366678151,0.197311209323307,0.066466961964286,1,3,Co-O-V,"V,Co,O",mp-753959,mp-773359,"mp-753959,mp-773359",
BAT_01675,Li3-4V3CoO8,V3CoO8,Li3V3CoO8,Li4V3CoO8,Li,2.536734053333337,72.92584779092643,304.9208901734804,184.9934814594468,773.5032056757824,0.00463389326915,0.127229887222224,0.085607522291665,1,3,Co-O-V,"V,Co,O",mp-1177534,mp-771356,"mp-1177534,mp-773242,mp-756700,mp-771356,mp-771711",
BAT_01676,Li0-2VCo3O8,VCo3O8,VCo3O8,Li2VCo3O8,Li,4.1865232483333354,145.02248526673344,690.7520940006278,607.140006100258,2891.849700368561,0.048367584523094004,0.092386353333334,0.043026576946425005,1,3,Co-O-V,"V,Co,O",mp-752604,mp-757835,"mp-752604,mp-1101465,mp-757835",
BAT_01677,Li0-1VCoO4,VCoO4,VCoO4,LiVCoO4,Li,4.31046450333334,148.22738087574749,608.5979906392599,638.9288636869807,2623.340035450526,0.127842591169732,0.103861635000001,0.005348531466164001,1,3,Co-O-V,"V,Co,O",mp-756413,mp-753926,"mp-756413,mp-753926",
BAT_01678,Li2-2.75V3CoO8,V3CoO8,Li2V3CoO8,Li11V12(CoO8)4,Li,1.729457803333317,56.016817322973324,228.57124192964875,96.87872183711318,395.30431797281864,0.011593951857911,0.145012860357143,0.15129432330508202,1,3,Co-O-V,"V,Co,O",mp-774950,mp-761141,"mp-774950,mp-773321,mp-761141",
BAT_01679,Li0-2V5CoO12,V5CoO12,V5CoO12,Li2V5CoO12,Li,2.6909737133333262,103.17875560329107,357.3206297288339,277.65131910289983,961.5404218320026,0.015482114668237,0.057845585277776,0.153599703999999,1,3,Co-O-V,"V,Co,O",mp-2236422,mp-755221,"mp-2236422,mp-757641,mp-755221",
BAT_01680,Li1-3V3(CoO6)2,V3(CoO6)2,LiV3(CoO6)2,Li3V3(CoO6)2,Li,4.082444910833336,110.86291751356694,355.4266005793126,452.5917534033972,1451.0095167098075,0.084866585242962,0.09525939666666701,0.08045655533333301,1,3,Co-O-V,"V,Co,O",mp-761188,mp-774919,"mp-761188,mp-774919",
BAT_01681,Li0-2V3CoO8,V3CoO8,V3CoO8,Li2V3CoO8,Li,3.512317765833335,151.57712954409598,598.608091123979,532.3870449917491,2102.501833226331,0.024854804967626,0.08013018770833201,0.09640340660714301,1,3,Co-O-V,"V,Co,O",mp-861494,mp-1177869,"mp-861494,mp-1177869,mp-757296",
BAT_01682,Li0-1V2CoO6,V2CoO6,V2CoO6,LiV2CoO6,Li,2.654171328333338,101.61560507019398,439.95483240841423,269.7052254885526,1167.715501940112,0.011030634436091001,0.09426413944438501,0.17632545733332902,1,3,Co-O-V,"V,Co,O",mp-755979,mp-761801,"mp-755979,mp-761801",
BAT_01683,Li0-2Co3WO8,Co3WO8,Co3WO8,Li2Co3WO8,Li,3.510014330833333,106.66899870962078,611.0831475866331,374.40971412641125,2144.910605359823,0.09385772244785201,0.101186156532739,0.11161877142857,1,3,Co-O-W,"Co,W,O",mp-753391,mp-775180,"mp-753391,mp-775180",
BAT_01684,Li0-2Co(WO4)2,Co(WO4)2,Co(WO4)2,Li2Co(WO4)2,Li,4.6707320283333384,94.29000518245832,622.4279974051971,440.40334715742443,2907.1943828118333,0.047077079777056004,0.192013003863635,0.00022431884614500003,2,3,Co-O-W,"Co,W,O",mp-25290,mp-552307,"mp-25290,mp-25289,mp-552307",
BAT_01685,Li0-1Zn(CoO2)4,Zn(CoO2)4,Zn(CoO2)4,LiZn(CoO2)4,Li,1.962375303333336,61.46029465960168,293.0192432092749,120.60816437559207,575.0137262753054,0.125660910119201,0.180000396,0.30617791923401905,1,3,Co-O-Zn,"Zn,Co,O",mp-1045581,mp-1235737,"mp-1045581,mp-1235737",
BAT_01686,Li0.75-1CoS2,CoS2,Li3(CoS2)4,LiCoS2,Li,1.9788784333333251,51.53964675017582,177.10182918756814,101.99069541554096,350.4629902831611,0.013449134288746,0.053256091000000005,0.049207115,1,2,Co-S,"Co,S",mp-767412,mp-757100,"mp-767412,mp-757100",
BAT_01687,Li0-1CoS2,CoS2,CoS2,LiCoS2,Li,2.052771425833332,206.15858700070328,779.3589781502643,423.1964565852187,1599.8458408135268,0.132286694546869,0.09849998916666701,0.05251986250000001,2,2,Co-S,"Co,S",mp-1390701,mp-1176776,"mp-1390701,mp-1097024,mp-1176776",
BAT_01688,Li0-3Cr,Cr,Cr,Li3Cr,Li,-0.407694173333332,1104.1669484529702,1821.5104234573848,-450.16243127152234,-742.6191863095074,5.158052135445044,0.40252634000000104,0.406402214999999,1,1,Cr,Cr,mp-8633,mp-1185185,"mp-8633,mp-1185185",More than one working ion per transition metal
BAT_01689,Li3-4Cr3CuO8,Cr3CuO8,Li3Cr3CuO8,Li4Cr3CuO8,Li,3.285255933333322,71.41472246485455,303.80504297773314,234.6156407050159,998.0773200191827,0.013627165483628,0.053885044296299006,0.037259143125000005,1,3,Cr-Cu-O,"Cr,Cu,O",mp-768828,mp-756558,"mp-768828,mp-756558",
BAT_01690,Li0-3Cr3(CuO6)2,Cr3(CuO6)2,Cr3(CuO6)2,Li3Cr3(CuO6)2,Li,4.055288961666662,162.139697077859,524.027201182283,657.523323807818,2125.081724567587,0.075017014366033,0.059203695750001006,0.064680494062508,1,3,Cr-Cu-O,"Cr,Cu,O",mp-764630,mp-774351,"mp-764630,mp-774351",
BAT_01691,Li0-4CrFe3Cu2(PO4)6,CrFe3Cu2(PO4)6,CrFe3Cu2(PO4)6,Li4CrFe3Cu2(PO4)6,Li,3.489295448333342,113.53970620955553,379.61986815006173,396.173580082107,1324.6058780329138,0.041308569015128006,0.058993960416617,0.082233561749998,1,5,Cr-Cu-Fe-O-P,"Cr,Fe,Cu,P,O",mp-773538,mp-1177494,"mp-773538,mp-1177494",
BAT_01692,Li0-2Cr3(CuO6)2,Cr3(CuO6)2,Cr3(CuO6)2,Li2Cr3(CuO6)2,Li,4.587537433333336,109.62757580548354,334.0832400559343,502.9206077332437,1532.6193696058856,0.091935223303492,0.070364155161765,0.02219458103947,1,3,Cr-Cu-O,"Cr,Cu,O",mp-772337,mp-1178040,"mp-772337,mp-1178040",
BAT_01693,Li0-4Cr3Cu(PO4)4,Cr3Cu(PO4)4,Cr3Cu(PO4)4,Li4Cr3Cu(PO4)4,Li,3.140120223333331,170.93224262159222,584.968470017767,536.7477918757813,1836.8713227151475,0.105730926714603,0.051476907239584,0.071749107857173,1,4,Cr-Cu-O-P,"Cr,Cu,P,O",mp-756357,mp-1177451,"mp-756357,mp-1177451",
BAT_01694,Li0-0.5CrCu(WO4)2,CrCu(WO4)2,CrCu(WO4)2,LiCr2Cu2(WO4)4,Li,1.474245423333348,21.800889122383666,159.5458293793882,32.13986101327189,235.20970877448627,0.022667428117091003,0.071077487708326,0.11899331695000301,1,4,Cr-Cu-O-W,"Cr,Cu,W,O",mp-1213744,mp-1236608,"mp-1213744,mp-1236608,mp-1235434",
BAT_01695,Li0-2V4CrCuO12,V4CrCuO12,V4CrCuO12,Li2V4CrCuO12,Li,2.592849188333335,102.06532293935652,350.3298033826157,264.63998974029045,908.3523463495925,0.014977534235834,0.032843322013885005,0.09900144800000801,1,4,Cr-Cu-O-V,"V,Cr,Cu,O",mp-756483,mp-755828,"mp-756483,mp-755828",
BAT_01696,Li0-0.5EuCrO4,EuCrO4,EuCrO4,LiEu2Cr2O8,Li,2.380949743333336,49.3712170389147,242.7353085892888,117.5503865368584,577.9405706836054,0.028591096602407003,0.0,0.049952145141027006,1,3,Cr-Eu-O,"Eu,Cr,O",mp-22586,mp-1235174,"mp-22586,mp-1235174,mp-1235643",
BAT_01697,Li2-4CrF6,CrF6,Li2CrF6,Li4CrF6,Li,3.401522633333333,276.65970915616407,773.4119272365205,941.0642624261093,2630.778175384977,0.163695692919642,0.0,0.042506725909089,2,2,Cr-F,"Cr,F",mp-555112,mp-753824,"mp-555112,mp-1180673,mp-769881,mp-754188,mp-753824",More than one working ion per transition metal
BAT_01698,Li0-2CrF4,CrF4,CrF4,Li2CrF4,Li,3.839053890833333,377.82699054527643,1103.0380548863836,1450.4981781146926,4234.622536348803,0.12320766596523999,0.0061190655000000005,0.063774047499999,1,2,Cr-F,"Cr,F",mp-20488,mp-764423,"mp-20488,mp-764423",More than one working ion per transition metal
BAT_01699,Li0-1CrF4,CrF4,CrF4,LiCrF4,Li,5.337790772083332,198.63143526922727,612.9575688612323,1060.2530422257491,3271.8392547461194,0.05500515466501701,0.0,0.040724316874997,1,2,Cr-F,"Cr,F",mp-554855,mp-759949,"mp-554855,mp-759949",
BAT_01700,Li3-4CrF6,CrF6,Li3CrF6,Li4CrF6,Li,1.630059861666663,138.32985457808203,373.3345075578349,225.4859436179181,608.5575957451164,0.09124511387058401,0.0,0.057195249242424,1,2,Cr-F,"Cr,F",mp-561396,mp-850914,"mp-561396,mp-850914",More than one working ion per transition metal
BAT_01701,Li0-3CrF6,CrF6,CrF6,Li3CrF6,Li,5.021094306666666,430.4087060467724,1158.9596079620758,2161.1227034712156,5819.24548919501,0.0014515303952950002,0.0,0.20181595100000002,1,2,Cr-F,"Cr,F",mp-1391848,mp-1111688,"mp-1391848,mp-1111688",More than one working ion per transition metal
BAT_01702,Li0-1K2CrF6,K2CrF6,K2CrF6,K2LiCrF6,Li,5.506705943333333,106.72603344810015,332.9454337334013,587.7088826970453,1833.4325987454154,0.08230031861230501,0.0,0.0,1,3,Cr-F-K,"K,Cr,F",mp-1211950,mp-1111927,"mp-1211950,mp-1111927",
BAT_01703,Li0-2NaCrF6,NaCrF6,NaCrF6,NaLi2CrF6,Li,4.199219588333332,264.2384626843214,661.922770812464,1109.5953284950888,2779.559065159574,0.10693378442079901,0.0359417490625,0.264188384916671,1,3,Cr-F-Na,"Na,Cr,F",mp-558418,mp-1111349,"mp-558418,mp-1111349",More than one working ion per transition metal
BAT_01704,Li3.33-5CrP2(O4F)2,CrP2(O4F)2,Li10Cr3P6(O4F)6,Li5CrP2(O4F)2,Li,4.518893421333331,141.96874442275825,390.51523128851704,641.5416252069552,1764.696709600144,0.028516284453645003,0.084522038182701,0.043834689166664005,2,4,Cr-F-O-P,"Cr,P,O,F",mp-760793,mp-770679,"mp-760793,mp-759047,mp-770679",More than one working ion per transition metal
BAT_01705,Li0-2CrPO4F,CrPO4F,CrPO4F,Li2CrPO4F,Li,3.376453978333335,298.0461415603602,881.2607797091555,1006.3390803983784,2975.536465598115,0.18618818505081103,0.044247960119047004,0.040913482430544004,3,4,Cr-F-O-P,"Cr,P,O,F",mp-755075,mp-25391,"mp-755075,mp-25448,mp-759310,mp-25391,mp-1172979,mp-752727",More than one working ion per transition metal
BAT_01706,Li0-1CrPO4F,CrPO4F,CrPO4F,LiCrPO4F,Li,4.377261550833329,155.00530366080505,420.7397227498103,678.4987558896867,1841.6878113010196,0.01766637007006,0.038838257440476004,0.05433014421875,1,4,Cr-F-O-P,"Cr,P,O,F",mp-770697,mp-770575,"mp-770697,mp-770575",
BAT_01707,Li1-2CrPO4F,CrPO4F,LiCrPO4F,Li2CrPO4F,Li,2.75603156708333,149.0230707801801,460.96607554544704,410.71228729386985,1270.4370555577714,0.049191811594483006,0.076315573437499,0.013983521736100001,1,4,Cr-F-O-P,"Cr,P,O,F",mp-776662,mp-770894,"mp-776662,mp-770894",More than one working ion per transition metal
BAT_01708,Li0-1VCrP2(O4F)2,VCrP2(O4F)2,VCrP2(O4F)2,LiVCrP2(O4F)2,Li,-0.370023556666675,79.33701223681834,251.7107275261615,-29.356563443175105,-93.13889865038682,0.017284248020743,2.273398623869043,2.416302333833324,1,5,Cr-F-O-P-V,"V,Cr,P,O,F",mp-1391114,mp-1386918,"mp-1391114,mp-1386918",
BAT_01709,Li0-3VCrP2(O4F)2,VCrP2(O4F)2,VCrP2(O4F)2,Li3VCrP2(O4F)2,Li,3.398723149999999,228.61647320018074,704.6274651940219,777.0040999368088,2394.833678080741,0.087092842477847,0.041465506726185,0.026984154080891002,3,5,Cr-F-O-P-V,"V,Cr,P,O,F",mp-765139,mp-753680,"mp-765139,mp-867682,mp-766016,mp-766001,mp-753686,mp-753680",More than one working ion per transition metal
BAT_01710,Li0-1VCrP2(O4F)2,VCrP2(O4F)2,VCrP2(O4F)2,LiVCrP2(O4F)2,Li,-1.876175846666664,79.33701223681834,251.7107275261615,-148.85018610541616,-472.2535873314781,0.017284248020743,3.404387291726186,3.572301909833323,1,5,Cr-F-O-P-V,"V,Cr,P,O,F",mp-801251,mp-861525,"mp-801251,mp-861525",
BAT_01711,Li4-6Mn3Cr2Fe3O16,Mn3Cr2Fe3O16,Li4Mn3Cr2Fe3O16,Li6Mn3Cr2Fe3O16,Li,2.565773218333338,73.03077427917862,310.6543546716946,187.3804047596637,797.0686233752601,0.008953829525938001,0.108917948341453,0.157068755083343,1,4,Cr-Fe-Mn-O,"Mn,Cr,Fe,O",mp-849471,mp-861553,"mp-849471,mp-861553,mp-867569",
BAT_01712,Li4-1Mn3Cr3(FeO8)2,Mn3Cr3(FeO8)2,Li4Mn3Cr3(FeO8)2,Li10Mn3Cr3(FeO8)2,Li,2.189703181666667,212.178924837287,850.598570297902,464.60886679882003,1862.5583957024344,0.107502500114871,0.11684088553570501,0.101698987058823,1,4,Cr-Fe-Mn-O,"Mn,Cr,Fe,O",mp-761449,mp-777063,"mp-761449,mp-757478,mp-777063",More than one working ion per transition metal
BAT_01713,Li0-4MnCr2Fe3(PO4)6,MnCr2Fe3(PO4)6,MnCr2Fe3(PO4)6,Li4MnCr2Fe3(PO4)6,Li,2.925434958333331,116.0165186807386,374.79318133835153,339.3987794927646,1096.433074832177,0.08294549922811001,0.058780019722235004,0.10653565779168601,1,5,Cr-Fe-Mn-O-P,"Mn,Cr,Fe,P,O",mp-776060,mp-779026,"mp-776060,mp-779026",
BAT_01714,Li0-9Cr12Fe7O48,Cr12Fe7O48,Cr12Fe7O48,Li9Cr12Fe7O48,Li,4.030245322222215,130.7170824715668,430.3869349598045,526.8219101655676,1734.5649313673086,0.004233080090945,0.08659582297761301,0.075889386282897,1,3,Cr-Fe-O,"Cr,Fe,O",mp-1178459,mp-1176819,"mp-1178459,mp-1176819",
BAT_01715,Li3-4CrFe3O8,CrFe3O8,Li3CrFe3O8,Li4CrFe3O8,Li,4.079103233333332,71.41533139908996,294.2333562117548,291.31050921959934,1200.2082346778873,0.0011985996099060001,0.07560895635185301,0.004852499270832001,1,3,Cr-Fe-O,"Cr,Fe,O",mp-754773,mp-759919,"mp-754773,mp-759919",
BAT_01716,Li2-3CrFe3O8,CrFe3O8,Li2CrFe3O8,Li3CrFe3O8,Li,3.509374733333335,72.76104812840391,308.7647887286709,255.3457838726715,1083.571348107403,0.0050509482547800005,0.11923305837301501,0.078833130685187,1,3,Cr-Fe-O,"Cr,Fe,O",mp-754888,mp-763933,"mp-754888,mp-769871,mp-763933,mp-760295",
BAT_01717,Li1.33-2CrFeO4,CrFeO4,Li4Cr3(FeO4)3,Li2CrFeO4,Li,3.89825952333333,96.20712229121075,397.3821056630019,375.04033068420665,1549.0985778030488,0.0051370968320210006,0.087256687626241,0.007208966666666001,1,3,Cr-Fe-O,"Cr,Fe,O",mp-755679,mp-755048,"mp-755679,mp-755048",
BAT_01718,Li3-4CrFe3O8,CrFe3O8,Li3CrFe3O8,Li4CrFe3O8,Li,3.914091363333331,71.41533139908996,296.03185621404106,279.52613183876565,1158.6957316789126,0.000154595606006,0.06348861501852,0.0038029211458320005,1,3,Cr-Fe-O,"Cr,Fe,O",mp-754939,mp-768701,"mp-754939,mp-768701",
BAT_01719,Li2-3Cr2FeO6,Cr2FeO6,Li2Cr2FeO6,Li3Cr2FeO6,Li,4.068852769999997,96.87634831543468,398.9650964529496,394.1755981907409,1623.3302378358999,0.008662427280901,0.095774411717171,0.006717638472220001,1,3,Cr-Fe-O,"Cr,Fe,O",mp-782636,mp-755051,"mp-782636,mp-755051",
BAT_01720,Li1-2CrFeO4,CrFeO4,LiCrFeO4,Li2CrFeO4,Li,3.477482518333337,144.3106834368161,598.1868026228365,501.83787886026425,2080.1841488186283,0.005114392658461001,0.06431826674603401,0.008267917916666001,1,3,Cr-Fe-O,"Cr,Fe,O",mp-754600,mp-752610,"mp-754600,mp-755011,mp-752610",
BAT_01721,Li2-4Cr3FeO8,Cr3FeO8,Li2Cr3FeO8,Li4Cr3FeO8,Li,3.743414175833327,145.82169737066937,614.6295096052435,545.8710090814411,2300.8128191417545,0.033109524103080004,0.10032545031746001,0.0195271971875,1,3,Cr-Fe-O,"Cr,Fe,O",mp-769975,mp-768704,"mp-769975,mp-756456,mp-768696,mp-768704",
BAT_01722,Li3-5Cr2Fe5O12,Cr2Fe5O12,Li3Cr2Fe5O12,Li5Cr2Fe5O12,Li,3.38815880333333,87.88595507690053,404.6770200359379,297.7715723831581,1371.1100079414616,0.033960596440502006,0.15704691325758602,0.045583690173601005,2,3,Cr-Fe-O,"Cr,Fe,O",mp-756384,mp-755090,"mp-756384,mp-850397,mp-755090",
BAT_01723,Li2-3Cr(FeO3)2,Cr(FeO3)2,Li2Cr(FeO3)2,Li3Cr(FeO3)2,Li,4.051966429999998,95.54707891775345,393.27779089571703,387.1535562592975,1593.5484063740041,0.010586361045969,0.098784194949494,0.004772382569442,1,3,Cr-Fe-O,"Cr,Fe,O",mp-782631,mp-756692,"mp-782631,mp-756692",
BAT_01724,Li2-4Cr3FeO8,Cr3FeO8,Li2Cr3FeO8,Li4Cr3FeO8,Li,3.7402917283333292,145.82169737066937,616.686236726767,545.4156884870407,2306.5864302061364,0.035740053198412,0.097881700317461,0.017779221875,2,3,Cr-Fe-O,"Cr,Fe,O",mp-756058,mp-759199,"mp-756058,mp-755927,mp-755458,mp-863330,mp-759199",
BAT_01725,Li2-5Cr3FeO8,Cr3FeO8,Li2Cr3FeO8,Li5Cr3FeO8,Li,2.081988573333333,214.67890972661107,863.1479431042712,446.9590369864624,1797.0641546392628,0.052098712533622006,0.05945685388889001,0.152698356274516,2,3,Cr-Fe-O,"Cr,Fe,O",mp-774415,mp-763916,"mp-774415,mp-850200,mp-1304638,mp-763916,mp-800259",More than one working ion per transition metal
BAT_01726,Li0-2Cr3(FeO6)2,Cr3(FeO6)2,Cr3(FeO6)2,Li2Cr3(FeO6)2,Li,3.247686925833325,113.19313988384361,339.2664953854264,367.61588049478166,1101.8313614365416,0.018874687899579003,0.002509551029403,0.07538819706140201,1,3,Cr-Fe-O,"Cr,Fe,O",mp-772616,mp-775129,"mp-772616,mp-775129",
BAT_01727,Li2-5Cr3FeO8,Cr3FeO8,Li2Cr3FeO8,Li5Cr3FeO8,Li,2.504053240833333,214.67890972661107,853.3080637880289,537.5674196394871,2136.728822557631,0.056335489001692,0.046646287996033,0.06766647833334001,1,3,Cr-Fe-O,"Cr,Fe,O",mp-777653,mp-759913,"mp-777653,mp-759913",More than one working ion per transition metal
BAT_01728,Li0-1Cr3(FeO4)2,Cr3(FeO4)2,Cr3(FeO4)2,LiCr3(FeO4)2,Li,4.719650003333332,66.56859389158585,291.31386387806737,314.1804643823184,1374.8994786231665,0.020924152166043,0.114886948076918,0.018947510714282002,1,3,Cr-Fe-O,"Cr,Fe,O",mp-756710,mp-755327,"mp-756710,mp-755327",
BAT_01729,Li3-5Cr2Fe3O10,Cr2Fe3O10,Li3Cr2Fe3O10,Li5Cr2Fe3O10,Li,3.483857388333324,114.97200777375397,476.0942793113783,400.54607873410913,1658.6445725221745,0.0059976194781120006,0.09513230765430601,0.039568494708331,1,3,Cr-Fe-O,"Cr,Fe,O",mp-1177772,mp-765750,"mp-1177772,mp-780315,mp-765750",
BAT_01730,Li0-3Cr10Fe5O24,Cr10Fe5O24,Cr10Fe5O24,Li3Cr10Fe5O24,Li,4.820463003333339,66.78139871731291,292.9516371604225,321.9172618276594,1412.1625286977487,0.000458403778067,0.11516651038462501,0.012006175714283002,1,3,Cr-Fe-O,"Cr,Fe,O",mp-771184,mp-771093,"mp-771184,mp-771093",
BAT_01731,Li0-2CrFe(PO4)2,CrFe(PO4)2,CrFe(PO4)2,Li2CrFe(PO4)2,Li,2.943517385833336,171.98857931477204,578.905285821065,506.2513733778071,1704.0177735651214,0.09092577730904701,0.026839217499999003,0.019431516258036,1,4,Cr-Fe-O-P,"Cr,Fe,P,O",mp-861612,mp-861527,"mp-861612,mp-861527,mp-1665188",
BAT_01732,Li0-7Cr3Fe(PO4)6,Cr3Fe(PO4)6,Cr3Fe(PO4)6,Li7Cr3Fe(PO4)6,Li,4.168557229047618,225.96894103955333,649.5209880457861,941.964462710665,2707.565410136413,0.043557534644362,0.070373620441169,0.05846094128048301,2,4,Cr-Fe-O-P,"Cr,Fe,P,O",mp-775201,mp-780107,"mp-775201,mp-770489,mp-780107",More than one working ion per transition metal
BAT_01733,Li6-7CrFe3(PO4)6,CrFe3(PO4)6,Li6CrFe3(PO4)6,Li7CrFe3(PO4)6,Li,2.784357183333388,31.984725084335587,92.10678968339377,89.0568990455134,256.4582014887351,0.040006395700294003,0.044092925625,0.05568473250000001,1,4,Cr-Fe-O-P,"Cr,Fe,P,O",mp-766014,mp-760796,"mp-766014,mp-760796",More than one working ion per transition metal
BAT_01734,Li3-4Cr3GaO8,Cr3GaO8,Li3Cr3GaO8,Li4Cr3GaO8,Li,3.866836003333337,70.25833228352884,301.67366254228455,271.67744880810625,1166.5225795759375,0.000647996714363,0.061457429648145004,0.021952427031243,1,3,Cr-Ga-O,"Cr,Ga,O",mp-768641,mp-768872,"mp-768641,mp-768872",More than one working ion per transition metal
BAT_01735,Li0-1Cr4GaS8,Cr4GaS8,Cr4GaS8,LiCr4GaS8,Li,2.422677183333324,49.52521460115537,173.3406942580183,119.98360741390553,419.9485449220588,0.050833400988779004,0.0,0.0,1,3,Cr-Ga-S,"Cr,Ga,S",mp-1226264,mp-1211167,"mp-1226264,mp-1211167",
BAT_01736,Li0-4Cr3Fe2Sb3O16,Cr3Fe2Sb3O16,Cr3Fe2Sb3O16,Li4Cr3Fe2Sb3O16,Li,3.5578466558333353,116.94604490747817,556.9189278897566,416.0760947870062,1981.4321451628566,0.095626037187961,0.12050423114583302,0.054804077857142,1,4,Cr-Fe-O-Sb,"Cr,Fe,Sb,O",mp-775288,mp-772506,"mp-775288,mp-772506",
BAT_01737,Li0-4Cr3Fe3(TeO8)2,Cr3Fe3(TeO8)2,Cr3Fe3(TeO8)2,Li4Cr3Fe3(TeO8)2,Li,3.635634853333333,124.29993793631483,578.3229186037315,451.90918662843643,2102.570959357183,0.06418842559134101,0.107828925312499,0.035155391309526,1,4,Cr-Fe-O-Te,"Cr,Fe,Te,O",mp-757950,mp-773518,"mp-757950,mp-773518",
BAT_01738,Li0-1Cr(GeO3)2,Cr(GeO3)2,Cr(GeO3)2,LiCr(GeO3)2,Li,4.539998115833332,89.27473663031105,381.56494994839164,405.30713609312915,1732.3041538337377,0.008687997312990001,0.09468767537036,0.009758057999999,1,3,Cr-Ge-O,"Cr,Ge,O",mp-2237154,mp-1105411,"mp-2237154,mp-1341686,mp-1105411",
BAT_01739,Li0-3Cr2(GeO4)3,Cr2(GeO4)3,Cr2(GeO4)3,Li3Cr2(GeO4)3,Li,5.020352822499996,150.36512663651737,610.1466039303901,754.8859879152093,3063.151225180721,0.03015403536606,0.331002732264702,0.13266934454162901,1,3,Cr-Ge-O,"Cr,Ge,O",mp-1329713,mp-1012879,"mp-1329713,mp-1012879",More than one working ion per transition metal
BAT_01740,Li1-3VCrP2(HO5)2,VCrP2(HO5)2,LiVCrP2(HO5)2,Li3VCrP2(HO5)2,Li,-0.048828021666667006,154.15641892022302,464.3171026603572,-7.527152963092546,-22.671685548904275,0.076598255939348,3.232822492451009,3.185770744512669,1,5,Cr-H-O-P-V,"V,Cr,P,H,O",mp-801332,mp-802414,"mp-801332,mp-802414",More than one working ion per transition metal
BAT_01741,Li0-3VCrP2(HO5)2,VCrP2(HO5)2,VCrP2(HO5)2,Li3VCrP2(HO5)2,Li,3.216157959999998,231.23462838033453,699.03098117744,743.6870906930544,2248.194054400433,0.076592771530214,0.045756509687499,0.037393954249511,3,5,Cr-H-O-P-V,"V,Cr,P,H,O",mp-753596,mp-1293168,"mp-753596,mp-765311,mp-753660,mp-1293168,mp-766011",More than one working ion per transition metal
BAT_01742,Li1-3VCrP2(HO5)2,VCrP2(HO5)2,LiVCrP2(HO5)2,Li3VCrP2(HO5)2,Li,4.930915438333334,154.15641892022302,464.3171026603572,760.1322659719085,2289.5083697901587,0.076598255939348,3.078513201862773,2.523521015038984,1,5,Cr-H-O-P-V,"V,Cr,P,H,O",mp-1386193,mp-1374975,"mp-1386193,mp-1374975",More than one working ion per transition metal
BAT_01743,Li0-1CrPHO5,CrPHO5,CrPHO5,LiCrPHO5,Li,4.66829378333333,156.8110194127275,497.08832919830024,732.0399070825979,2320.5543569639767,0.041712804753837006,0.027666349218749,0.0,1,4,Cr-H-O-P,"Cr,P,H,O",mp-754797,mp-753051,"mp-754797,mp-753051",
BAT_01744,Li2-4Cr2P4H3O16,Cr2P4H3O16,Li2Cr2P4H3O16,Li4Cr2P4H3O16,Li,3.690413353333331,104.151076035915,287.8275531484707,384.3605217669758,1062.2026455963753,0.075570984928925,0.056678205046311006,0.033462978448276004,1,4,Cr-H-O-P,"Cr,P,H,O",mp-763238,mp-756092,"mp-763238,mp-756092",More than one working ion per transition metal
BAT_01745,Li0-0.25CrInO3,CrInO3,CrInO3,LiCr4In4O12,Li,-0.8456937266666621,30.94179678477532,189.34156985869163,-26.167283432679195,-160.12497782671312,0.06330028632406101,0.051282904499999005,0.186911919682541,1,3,Cr-In-O,"Cr,In,O",mp-756147,mp-1236597,"mp-756147,mp-1236597,mp-1236653,mp-1235218",
BAT_01746,Li0-0.5Cr2HgO4,Cr2HgO4,Cr2HgO4,LiCr4(HgO4)2,Li,-0.046965506666675004,36.01862590268559,248.01631509611326,-1.691633014957076,-11.648211900090836,0.035091676176687,0.0,0.20514634583332803,1,3,Cr-Hg-O,"Cr,Hg,O",mp-21074,mp-1235716,"mp-21074,mp-1235716,mp-1236197,mp-1235076",
BAT_01747,Li0-0.75K2CrO4,K2CrO4,K2CrO4,K8Li3Cr4O16,Li,1.727267886666666,100.80997521777849,256.2849590831213,174.12583284933126,442.672779659956,0.009557165774929,0.01568735892857,0.037446361903231,1,3,Cr-K-O,"K,Cr,O",mp-775274,mp-782640,"mp-775274,mp-782640",
BAT_01748,Li2.25-3K2CrO4,K2CrO4,K8Li9Cr4O16,K2Li3CrO4,Li,1.272919906666671,93.48775568312715,255.88062682857802,119.00242523864283,325.71554362044304,0.015231240144678,0.06867008748648601,0.069880484830001,2,3,Cr-K-O,"K,Cr,O",mp-850924,mp-766413,"mp-850924,mp-1178153,mp-766413",More than one working ion per transition metal
BAT_01749,Li0-1La2Ti2CrO9,La2Ti2CrO9,La2Ti2CrO9,LiLa2Ti2CrO9,Li,3.590478445833317,46.49187718233282,249.96978036371988,166.92808292949582,897.5111085056245,0.008517606190725,0.052590674226205,0.042359161166659005,1,4,Cr-La-O-Ti,"La,Ti,Cr,O",mp-766382,mp-766086,"mp-766382,mp-766086",
BAT_01750,Li0-1La3Ti3CrO12,La3Ti3CrO12,La3Ti3CrO12,LiLa3Ti3CrO12,Li,1.394546480833331,33.03737444178878,185.57636861121043,46.0721542637696,258.79487177259267,0.000640129557299,0.045355273223684,0.057878441020834004,1,4,Cr-La-O-Ti,"La,Ti,Cr,O",mp-755384,mp-755440,"mp-755384,mp-755440",
BAT_01751,Li0-2MgCr3(SO4)6,MgCr3(SO4)6,MgCr3(SO4)6,Li2MgCr3(SO4)6,Li,3.666027593333329,69.56446652742575,190.8334090034089,255.0252538050556,699.600543136362,0.048742623208451005,0.009683120073518,0.022582782946431002,1,4,Cr-Mg-O-S,"Mg,Cr,S,O",mp-771674,mp-772868,"mp-771674,mp-772868",
BAT_01752,Li0-1MgCr7(SO4)12,MgCr7(SO4)12,MgCr7(SO4)12,LiMgCr7(SO4)12,Li,4.780451983333369,17.31395497119414,50.46510760615959,82.76853038138967,241.2460237449975,0.006799237865191001,0.006392138566174,0.004807484221021,1,4,Cr-Mg-O-S,"Mg,Cr,S,O",mp-775414,mp-532590,"mp-775414,mp-532590",
BAT_01753,Li0-1MgCr7(SO4)12,MgCr7(SO4)12,MgCr7(SO4)12,LiMgCr7(SO4)12,Li,-6.93478877666666,17.31395497119414,50.46510795825211,-120.06862061394904,-349.9648642821581,0.006799256699371,3.694183185624997,3.808938382192035,1,4,Cr-Mg-O-S,"Mg,Cr,S,O",mp-888449,mp-727163,"mp-888449,mp-727163",
BAT_01754,Li0-2MgCr3(SO4)6,MgCr3(SO4)6,MgCr3(SO4)6,Li2MgCr3(SO4)6,Li,3.679442053333336,69.56446652742575,189.75311297070712,255.95842355870957,698.1855836153312,0.046369980518723,0.012318914191164002,0.024326896279763,2,4,Cr-Mg-O-S,"Mg,Cr,S,O",mp-769559,mp-1177996,"mp-769559,mp-769554,mp-1177996",
BAT_01755,Li0-1MgCr3Se2(SO6)4,MgCr3Se2(SO6)4,MgCr3Se2(SO6)4,LiMgCr3Se2(SO6)4,Li,4.778282163333306,31.25902061029386,95.12539156324013,149.36442062543534,454.53596178672683,0.008335866053978,0.006213168308829,0.001404673865065,1,5,Cr-Mg-O-S-Se,"Mg,Cr,Se,S,O",mp-769544,mp-769552,"mp-769544,mp-769552",
BAT_01756,Li0-4Mn3Nb2Cr3O16,Mn3Nb2Cr3O16,Mn3Nb2Cr3O16,Li4Mn3Nb2Cr3O16,Li,3.782514600833335,135.64024382979403,588.6340551812847,513.0612027467896,2226.5169082709444,0.069024787828495,0.062021594181540005,0.085584447249981,1,4,Cr-Mn-Nb-O,"Mn,Nb,Cr,O",mp-771853,mp-756399,"mp-771853,mp-756556,mp-756399",
BAT_01757,Li0-2MgCr3Se3(SO8)3,MgCr3Se3(SO8)3,MgCr3Se3(SO8)3,Li2MgCr3Se3(SO8)3,Li,3.6724759133333342,58.82446278809668,180.23718399756027,216.03142270405806,661.9167169180682,0.046541621525420004,0.0,0.040196534837971004,1,5,Cr-Mg-O-S-Se,"Mg,Cr,Se,S,O",mp-773053,mp-773018,"mp-773053,mp-773018",
BAT_01758,Li0-4Mn3CrO8,Mn3CrO8,Mn3CrO8,Li4Mn3CrO8,Li,3.384424950833332,287.7475029089693,1163.4325648625393,973.8598283851026,3937.550201132797,0.075129767720905,0.05743332770831801,0.040365107430559,2,3,Cr-Mn-O,"Mn,Cr,O",mp-756575,mp-1177394,"mp-756575,mp-754504,mp-755722,mp-1177699,mp-1177394",
BAT_01759,Li0-4Mn3NbCr2(PO4)6,Mn3NbCr2(PO4)6,Mn3NbCr2(PO4)6,Li4Mn3NbCr2(PO4)6,Li,2.65510019333333,111.75375632320277,359.8291829192054,296.7174200194615,955.3825331357563,0.07680774349531401,0.09664940250000201,0.10044870511607001,1,5,Cr-Mn-Nb-O-P,"Mn,Nb,Cr,P,O",mp-775967,mp-776566,"mp-775967,mp-776566",
BAT_01760,Li0-4Mn2CrNi3(PO4)6,Mn2CrNi3(PO4)6,Mn2CrNi3(PO4)6,Li4Mn2CrNi3(PO4)6,Li,4.109621445833331,114.59200227968998,386.18090435559964,470.92975008959587,1587.0573265110827,0.024944652641899,0.089171875694443,0.092092526140626,1,5,Cr-Mn-Ni-O-P,"Mn,Cr,Ni,P,O",mp-760233,mp-775171,"mp-760233,mp-775171",
BAT_01761,Li4-1Mn3Cr3(NiO8)2,Mn3Cr3(NiO8)2,Li4Mn3Cr3(NiO8)2,Li10Mn3Cr3(NiO8)2,Li,2.508690651666668,210.59595298485598,879.9834940707515,528.3200985319415,2207.6063651962654,0.07857095373874101,0.10552035512499401,0.11453833279411901,1,4,Cr-Mn-Ni-O,"Mn,Cr,Ni,O",mp-757051,mp-774408,"mp-757051,mp-774408",More than one working ion per transition metal
BAT_01762,Li4-5Mn3Cr2O10,Mn3Cr2O10,Li4Mn3Cr2O10,Li5Mn3Cr2O10,Li,3.382690123333337,57.82345772862331,236.7315542687591,195.59883935559682,800.7894905062815,0.008666799365733,0.171364686812869,0.06624647409999701,1,3,Cr-Mn-O,"Mn,Cr,O",mp-754963,mp-752479,"mp-754963,mp-752479",
BAT_01763,Li0-3Mn3CrO8,Mn3CrO8,Mn3CrO8,Li3Mn3CrO8,Li,3.226870689999998,219.90752288205286,933.3780483472793,709.6131400986003,3011.890266901237,0.115664366925081,0.043378523958319,0.16181017355555102,2,3,Cr-Mn-O,"Mn,Cr,O",mp-773120,mp-764036,"mp-773120,mp-752417,mp-764036,mp-760982",
BAT_01764,Li0-1Mn3Cr5O16,Mn3Cr5O16,Mn3Cr5O16,Li10Mn3Cr5O16,Li,2.915700934333331,357.2601776198624,1432.1847294135025,1041.6638336863248,4175.822353688878,0.192934221279416,0.07694774802083301,0.089794077176476,2,3,Cr-Mn-O,"Mn,Cr,O",mp-756938,mp-760073,"mp-756938,mp-771148,mp-760073",More than one working ion per transition metal
BAT_01765,Li2-5MnCr3O8,MnCr3O8,Li2MnCr3O8,Li5MnCr3O8,Li,2.136611576666666,215.20002931293783,839.5392999054579,459.79887392902896,1793.76938724463,0.089777251338208,0.08124197884921301,0.081316929313723,1,3,Cr-Mn-O,"Mn,Cr,O",mp-775295,mp-753261,"mp-775295,mp-753261",More than one working ion per transition metal
BAT_01766,Li0-2Mn2CrO6,Mn2CrO6,Mn2CrO6,Li2Mn2CrO6,Li,3.51681135583333,197.25058293609513,755.445428842951,693.6930900144035,2656.75906286727,0.10062330121776401,0.072344375555543,0.17784155772727,1,3,Cr-Mn-O,"Mn,Cr,O",mp-753734,mp-1568146,"mp-753734,mp-1568146,mp-1568343,mp-756038",
BAT_01767,Li0-4Mn5Cr3O16,Mn5Cr3O16,Mn5Cr3O16,Li4Mn5Cr3O16,Li,3.893607538333332,150.05736834070962,628.0880475511848,584.2645005538484,2445.5283566823573,0.089147971110914,0.053842510312486005,0.136810674107143,1,3,Cr-Mn-O,"Mn,Cr,O",mp-771133,mp-772050,"mp-771133,mp-772050",
BAT_01768,Li0-3Mn4CrO8,Mn4CrO8,Mn4CrO8,Li3Mn4CrO8,Li,2.799587843333332,191.18129299342087,831.6782946530467,535.228823737129,2328.3564432748663,0.021747773710864,0.048729859062504,0.060225322743058,1,3,Cr-Mn-O,"Mn,Cr,O",mp-754200,mp-756602,"mp-754200,mp-756602",
BAT_01769,Li2-4MnCr3O8,MnCr3O8,Li2MnCr3O8,Li4MnCr3O8,Li,3.300581798333337,146.18237075783225,599.1792834300602,482.4868721605166,1977.6402368276686,0.0064111751181310005,0.12377689170635701,0.029353238583333004,2,3,Cr-Mn-O,"Mn,Cr,O",mp-754425,mp-756944,"mp-754425,mp-780543,mp-1177618,mp-755519,mp-756944",
BAT_01770,Li0-5MnCr3O8,MnCr3O8,MnCr3O8,Li5MnCr3O8,Li,3.046982229333333,358.6667155215631,1429.7933063081628,1092.851108447557,4356.554795940723,0.18021965302919302,0.09051849979166701,0.062737838725489,2,3,Cr-Mn-O,"Mn,Cr,O",mp-760027,mp-760296,"mp-760027,mp-774290,mp-760296",More than one working ion per transition metal
BAT_01771,Li2-5MnCr3O8,MnCr3O8,Li2MnCr3O8,Li5MnCr3O8,Li,2.187093339999998,215.20002931293783,843.9365354195296,470.66255087813084,1845.7679759987263,0.08033772520623701,0.067049652599214,0.060720584754901004,1,3,Cr-Mn-O,"Mn,Cr,O",mp-1177916,mp-761082,"mp-1177916,mp-773456,mp-774951,mp-761082",More than one working ion per transition metal
BAT_01772,Li0-2Mn2Cr3O12,Mn2Cr3O12,Mn2Cr3O12,Li2Mn2Cr3O12,Li,4.046285558333328,113.62838497841949,318.3092821932178,459.77289315491845,1287.9702516218654,0.087466689816455,0.030496766999998003,0.07119593780262701,1,3,Cr-Mn-O,"Mn,Cr,O",mp-772631,mp-775291,"mp-772631,mp-775291",
BAT_01773,Li0-1FePO4F,FePO4F,FePO4F,LiFePO4F,Li,6.838748730833328,151.6300252783149,408.11864253097343,1036.9596429283013,2791.0208486381152,0.008345027820948,0.37882650279761904,0.03307569546875,1,4,F-Fe-O-P,"Fe,P,O,F",mp-772533,mp-771908,"mp-772533,mp-771908",
BAT_01774,Li0-2FePO4F,FePO4F,FePO4F,Li2FePO4F,Li,4.009289222083333,291.80134028145517,912.5111150407031,1169.9159685799093,3658.5209785639354,0.075428882083566,0.091266986190477,0.040400714722228004,2,4,F-Fe-O-P,"Fe,P,O,F",mp-25382,mp-25393,"mp-25382,mp-25407,mp-1177665,mp-25393,mp-1172969",More than one working ion per transition metal
BAT_01775,Li0-3VFeP2(O4F)2,VFeP2(O4F)2,VFeP2(O4F)2,Li3VFeP2(O4F)2,Li,4.54309631,226.14164731551938,715.4396767251781,1027.3832834564575,3250.3113553577496,0.05865571105643601,0.038207805297615,0.0,1,5,F-Fe-O-P-V,"V,Fe,P,O,F",mp-777408,mp-1177545,"mp-777408,mp-777388,mp-756057,mp-1177545",More than one working ion per transition metal
BAT_01776,Li0-1VFeP2(O4F)2,VFeP2(O4F)2,VFeP2(O4F)2,LiVFeP2(O4F)2,Li,1.993467733333337,78.44327594028191,248.14919851397264,156.3741394839153,494.6774202901334,0.017782990169026,2.421878519940472,2.418508317629632,1,5,F-Fe-O-P-V,"V,Fe,P,O,F",mp-1405864,mp-1446650,"mp-1405864,mp-1446650",
BAT_01777,Li0-1Sr2FeO3F,Sr2FeO3F,Sr2FeO3F,Sr2LiFeO3F,Li,-1.832306944166656,87.8671969361905,389.0940711321699,-160.99967511064096,-712.9397684695497,0.136590259094056,0.0,0.428964911854166,1,4,F-Fe-O-Sr,"Sr,Fe,O,F",mp-1218828,mp-1235806,"mp-1218828,mp-1235806",
BAT_01778,Li0-1VFeP2(O4F)2,VFeP2(O4F)2,VFeP2(O4F)2,LiVFeP2(O4F)2,Li,0.6175924833333301,78.44327594028191,248.14919851397264,48.44597758876038,153.2550797474199,0.017782990169026,3.348404149226186,3.374990588296299,1,5,F-Fe-O-P-V,"V,Fe,P,O,F",mp-806996,mp-806951,"mp-806996,mp-806951",
BAT_01779,Li0-1K2MnF6,K2MnF6,K2MnF6,K2LiMnF6,Li,3.722619053333336,105.49020480069251,330.4296000749333,392.6998463310938,1230.0635250242613,0.087049594961755,0.0,0.018371251624995002,1,3,F-K-Mn,"K,Mn,F",mp-557397,mp-1111670,"mp-557397,mp-1111670",
BAT_01780,Li0.5-2VH2OF5,VH2OF5,LiV2H4(OF5)2,Li2VH2OF5,Li,3.922542321666662,226.07007685016407,561.1094517753772,886.7694441072034,2200.9755716760965,0.018663004746655002,0.032293015877192,0.062259077727276006,2,4,F-H-O-V,"V,H,O,F",mp-753201,mp-770536,"mp-753201,mp-752723,mp-770536,mp-861531",More than one working ion per transition metal
BAT_01781,Li0-1TiH6(OF3)2,TiH6(OF3)2,TiH6(OF3)2,LiTiH6(OF3)2,Li,1.699900333333322,129.57286562026334,243.08313789108084,220.26095745883944,413.2171071287583,0.20413901719763503,0.019473486833326,0.09476753609375001,1,4,F-H-O-Ti,"Ti,H,O,F",mp-1208179,mp-1235748,"mp-1208179,mp-1235748,mp-1236521,mp-1235410,mp-1235241",
BAT_01782,Li0-1K2NiF6,K2NiF6,K2NiF6,K2LiNiF6,Li,4.9501593633333325,103.95366385200585,344.6954180498721,514.5872024698124,1706.2972511576716,0.083206637775305,0.0,0.022245482000003,1,3,F-K-Ni,"K,Ni,F",mp-605034,mp-1111147,"mp-605034,mp-1111147",
BAT_01783,Li0-0.5MnF3,MnF3,MnF3,LiMn2F6,Li,4.505115863333342,116.12049035258984,419.11702654866565,523.1362631454988,1888.170764897495,0.065096568507941,0.031627593749999,0.014855874444442,1,2,F-Mn,"Mn,F",mp-766789,mp-757174,"mp-766789,mp-757174",
BAT_01784,Li2-3MnF6,MnF6,Li2MnF6,Li3MnF6,Li,4.537563478333337,141.24518753180664,428.067748914123,640.909004434669,1942.3845837250894,0.043200116876519,0.035854992037037,0.029160527000005,1,2,F-Mn,"Mn,F",mp-753601,mp-753041,"mp-753601,mp-753041",More than one working ion per transition metal
BAT_01785,Li4-5MnF8,MnF8,Li4MnF8,Li5MnF8,Li,4.519855233333335,110.91938555054489,302.05791023666995,501.3395652587483,1365.2580263529435,0.019159019243208,0.044704374102562006,0.040555389285713006,1,2,F-Mn,"Mn,F",mp-756952,mp-1177082,"mp-756952,mp-1177082",More than one working ion per transition metal
BAT_01786,Li1-2MnF4,MnF4,LiMnF4,Li2MnF4,Li,4.033669358333332,185.0756451603413,595.8656530861147,746.5339588570413,2403.52502653674,0.035348434329255,0.098465577083333,0.07317151250000001,1,2,F-Mn,"Mn,F",mp-753485,mp-763349,"mp-753485,mp-763349",More than one working ion per transition metal
BAT_01787,Li0-0.5MnF3,MnF3,MnF3,LiMn2F6,Li,4.5437946883333264,116.12049035258984,407.2609878383811,527.6276672707589,1850.510313305419,0.0037745460507590005,0.042534918749998006,0.020253627222222,1,2,F-Mn,"Mn,F",mp-757186,mp-767304,"mp-757186,mp-1176433,mp-767304,mp-757118",
BAT_01788,Li0-2Mn2F7,Mn2F7,Mn2F7,Li2Mn2F7,Li,4.688098608333335,208.77743685274314,671.8738615262464,978.7692111607458,3149.8109151967396,0.067138693760131,0.015139468055555001,0.053843271818176004,2,2,F-Mn,"Mn,F",mp-760309,mp-759249,"mp-760309,mp-759929,mp-759249",
BAT_01789,Li0-2MnF4,MnF4,MnF4,Li2MnF4,Li,4.835915110833331,370.1512903206826,1109.270474477947,1790.0202181562443,5364.337849529162,0.21092153030533,0.07866052450000001,0.042583475,2,2,F-Mn,"Mn,F",mp-759343,mp-764280,"mp-759343,mp-753115,mp-764280",More than one working ion per transition metal
BAT_01790,Li3-4MnF7,MnF7,Li3MnF7,Li4MnF7,Li,4.610570633333336,124.25876657846798,294.15784133939536,572.9038201209063,1356.235504844143,0.030651249093423004,0.054637043939393004,0.041409222500001,1,2,F-Mn,"Mn,F",mp-759724,mp-759476,"mp-759724,mp-759476",More than one working ion per transition metal
BAT_01791,Li1-3MnF5,MnF5,LiMnF5,Li3MnF5,Li,4.370529585833332,313.92094511692403,816.7675515845496,1372.0007782462783,3569.7067489489264,0.18775471460912901,0.023388373988103003,0.046846433333334006,2,2,F-Mn,"Mn,F",mp-767597,mp-759420,"mp-767597,mp-766942,mp-759420",More than one working ion per transition metal
BAT_01792,Li0-1MnF4,MnF4,MnF4,LiMnF4,Li,5.613607248333328,194.3930114427945,625.3242361590636,1091.2460180606147,3510.3246646610214,0.09215854569463101,0.0,0.001321365416666,1,2,F-Mn,"Mn,F",mp-541103,mp-1176639,"mp-541103,mp-1176639,mp-759990",
BAT_01793,Li0-0.5MnF3,MnF3,MnF3,LiMn2F6,Li,4.51957263333333,116.12049035258984,390.22060467248815,524.814990366812,1763.6303658405616,0.036727149430961004,0.09177825624999801,0.066716822222221,1,2,F-Mn,"Mn,F",mp-758601,mp-763784,"mp-758601,mp-763784,mp-759499",
BAT_01794,Li0-2Mn7F16,Mn7F16,Mn7F16,Li2Mn7F16,Li,3.640529033333327,76.31153896208636,274.37515007958604,277.8143731698228,998.8706998899219,0.020170050997296,0.03977709695652,0.078987585199998,1,2,F-Mn,"Mn,F",mp-867575,mp-753570,"mp-867575,mp-753570",
BAT_01795,Li3-4MnF7,MnF7,Li3MnF7,Li4MnF7,Li,4.586482888333326,124.25876657846798,301.9797179781884,569.9107066375484,1385.0248091306846,0.07730075006179801,0.06254284848484701,0.050663522083334,1,2,F-Mn,"Mn,F",mp-764645,mp-753997,"mp-764645,mp-753997",More than one working ion per transition metal
BAT_01796,Li2-3MnF5,MnF5,Li2MnF5,Li3MnF5,Li,3.669284325833328,156.96047255846202,377.37027270001,575.932601734157,1384.6788266535955,0.08681205232974301,0.06272152562500001,0.08303544916666701,1,2,F-Mn,"Mn,F",mp-767572,mp-759158,"mp-767572,mp-759158",More than one working ion per transition metal
BAT_01797,Li0-2Mn7F18,Mn7F18,Mn7F18,Li2Mn7F18,Li,3.9078159933333483,72.39538806693044,231.12324357039526,282.907855331525,903.1871076554695,0.015932299651979002,0.041251188000001,0.073601617777775,1,2,F-Mn,"Mn,F",mp-753607,mp-753981,"mp-753607,mp-753981",
BAT_01798,Li0-1MnF3,MnF3,MnF3,LiMnF3,Li,3.9998955633333373,225.46077143068698,716.0055000691009,901.8195393513164,2863.947223048664,0.09041605038219501,0.0,0.034108333999996,1,2,F-Mn,"Mn,F",mp-556560,mp-752938,"mp-556560,mp-541384,mp-752938",
BAT_01799,Li0-2Mn3F8,Mn3F8,Mn3F8,Li2Mn3F8,Li,4.22596502583333,162.0975491281728,530.4337771307994,685.0185733889582,2241.594590675429,0.001232163625005,0.07823317363636201,0.05765456346153901,1,2,F-Mn,"Mn,F",mp-752616,mp-763793,"mp-752616,mp-763793",
BAT_01800,Li0-1MnF3,MnF3,MnF3,LiMnF3,Li,4.253022903333332,225.46077143068698,781.1930653216497,958.8898246979131,3322.4319987381477,0.165125293706019,0.051257738749998005,0.024489056999995002,1,2,F-Mn,"Mn,F",mp-765633,mp-754676,"mp-765633,mp-754676",
BAT_01801,Li0-2Mn2F7,Mn2F7,Mn2F7,Li2Mn2F7,Li,4.913294818333335,208.77743685274314,631.4737452956158,1025.785098673498,3102.616680674493,0.086575114895762,0.064024462777778,0.052895320227268006,2,2,F-Mn,"Mn,F",mp-759987,mp-759600,"mp-759987,mp-759527,mp-759600",
BAT_01802,Li1-3MnF6,MnF6,LiMnF6,Li3MnF6,Li,4.422996118333335,282.49037506361327,761.0728474135905,1249.4538323728893,3366.222249879209,0.16531567845086,0.0,0.25530884000000503,1,2,F-Mn,"Mn,F",mp-752752,mp-1111072,"mp-752752,mp-1111072",More than one working ion per transition metal
BAT_01803,Li1-2Mn2F7,Mn2F7,LiMn2F7,Li2Mn2F7,Li,4.542527619583329,104.38871842637157,357.5432575436155,474.18863662470005,1624.1501225876689,0.015228825232171,0.099871694374993,0.060624716136358,1,2,F-Mn,"Mn,F",mp-760180,mp-759477,"mp-760180,mp-759477",
BAT_01804,Li1-3MnF5,MnF5,LiMnF5,Li3MnF5,Li,4.330121463333332,313.92094511692403,907.2019302760885,1359.3158222406776,3928.2945498659196,0.094289018077891,0.015321563273817002,0.049551830000000005,2,2,F-Mn,"Mn,F",mp-753247,mp-761161,"mp-753247,mp-556229,mp-761161",More than one working ion per transition metal
BAT_01805,Li4-6MnF8,MnF8,Li4MnF8,Li6MnF8,Li,4.31951728333333,215.64423821522593,594.6188315561831,931.4790140219183,2568.466319902403,0.049348477495777004,0.09637679641025501,0.06901125133333401,2,2,F-Mn,"Mn,F",mp-765258,mp-759844,"mp-765258,mp-756629,mp-759844",More than one working ion per transition metal
BAT_01806,Li1-2MnF4,MnF4,LiMnF4,Li2MnF4,Li,4.092699433333334,185.0756451603413,596.3541326024281,757.4589880715301,2440.6982205679496,0.050677875963202,0.071712339999999,0.041807298571428,1,2,F-Mn,"Mn,F",mp-1176622,mp-760139,"mp-1176622,mp-760139",More than one working ion per transition metal
BAT_01807,Li0-1MnF3,MnF3,MnF3,LiMnF3,Li,3.97970241083333,225.46077143068698,687.5014918509243,897.2667756110475,2736.0513445706347,0.15515946577021703,0.0018928274999980002,0.039661226499996004,1,2,F-Mn,"Mn,F",mp-1176437,mp-765457,"mp-1176437,mp-765457,mp-1176632,mp-764783",
BAT_01808,Li0-1MnF4,MnF4,MnF4,LiMnF4,Li,6.952880303333336,194.3930114427945,640.180134754609,1351.5913403662576,4451.095849520601,0.089537146306498,0.33212030150000105,0.05487610750000001,1,2,F-Mn,"Mn,F",mp-1385977,mp-1176637,"mp-1385977,mp-1176637,mp-752973",
BAT_01809,Li2-3MnF6,MnF6,Li2MnF6,Li3MnF6,Li,3.814576093333334,141.24518753180664,415.1127321537969,538.7905156572131,1583.4791041121573,0.148320089025914,0.026481345925926002,0.09302298400000601,1,2,F-Mn,"Mn,F",mp-752557,mp-757600,"mp-752557,mp-757600",More than one working ion per transition metal
BAT_01810,Li0-1Mn2F5,Mn2F5,Mn2F5,LiMn2F5,Li,4.316374028333333,126.53601939740916,433.57397461386586,546.1767877756597,1871.4674433845464,0.04425504583742201,0.07329128071428401,0.045887771249999,1,2,F-Mn,"Mn,F",mp-753215,mp-760293,"mp-753215,mp-760293",
BAT_01811,Li2-3MnF6,MnF6,Li2MnF6,Li3MnF6,Li,4.72301335166667,141.24518753180664,403.0791342242413,667.1029065713853,1903.7481327193334,0.042363133377467006,0.026385912962963002,0.002093368500005,1,2,F-Mn,"Mn,F",mp-760229,mp-760028,"mp-760229,mp-760028",More than one working ion per transition metal
BAT_01812,Li1-2MnF4,MnF4,LiMnF4,Li2MnF4,Li,4.01926013333333,185.0756451603413,539.4563701402028,743.8671622439056,2168.215482177226,0.061992042565232004,0.047226376666666,0.031310658571428,1,2,F-Mn,"Mn,F",mp-755191,mp-778554,"mp-755191,mp-778554,mp-1177903",More than one working ion per transition metal
BAT_01813,Li0-2MnF4,MnF4,MnF4,Li2MnF4,Li,4.841234435833333,370.1512903206826,1108.8083711261015,1791.9891731686303,5368.001269035949,0.27633141605226,0.0569128195,0.025529592857142003,2,2,F-Mn,"Mn,F",mp-753574,mp-1177921,"mp-753574,mp-558059,mp-1177921,mp-754714",More than one working ion per transition metal
BAT_01814,Li0-1Mn2F5,Mn2F5,Mn2F5,LiMn2F5,Li,4.290090963333339,126.53601939740916,501.4062322847281,542.8510333529971,2151.078346083729,0.069525448445339,0.073649825,0.049486880624999,1,2,F-Mn,"Mn,F",mp-753169,mp-753032,"mp-753169,mp-753032",
BAT_01815,Li2-4MnF6,MnF6,Li2MnF6,Li4MnF6,Li,4.014909765,272.52168764444093,798.0421613727834,1094.1499848979456,3204.0672665772936,0.12719419899131001,0.0,0.035589586666665,2,2,F-Mn,"Mn,F",mp-752936,mp-831158,"mp-752936,mp-17754,mp-755656,mp-831158",More than one working ion per transition metal
BAT_01816,Li1-3Mn2F9,Mn2F9,LiMn2F9,Li3Mn2F9,Li,4.920488153333335,177.67874522760806,474.1337985086424,874.2661609915773,2332.9697386567095,0.072654969278475,0.013256556284723001,0.073126078571428,1,2,F-Mn,"Mn,F",mp-753244,mp-754135,"mp-753244,mp-754135",More than one working ion per transition metal
BAT_01817,Li2-3MnF6,MnF6,Li2MnF6,Li3MnF6,Li,4.257353543333335,141.24518753180664,404.7007995040047,601.3306996173184,1722.9543827582079,0.109151572801119,0.013547362037036001,0.037104653500005004,1,2,F-Mn,"Mn,F",mp-756079,mp-777812,"mp-756079,mp-777812",More than one working ion per transition metal
BAT_01818,Li0-2Mn2F7,Mn2F7,Mn2F7,Li2Mn2F7,Li,4.92160534333333,208.77743685274314,610.1320664523442,1027.5201487818977,3002.829238390864,0.08600310580178301,0.06471062805555501,0.051945723636359006,2,2,F-Mn,"Mn,F",mp-757058,mp-765055,"mp-757058,mp-753253,mp-753592,mp-765055,mp-760325",
BAT_01819,Li0-2Mn3F10,Mn3F10,Mn3F10,Li2Mn3F10,Li,4.869729543333332,145.39149943134257,420.5759020755332,708.0172801303403,2048.0908955512905,0.038265466720174,0.075235512499999,0.08306240000000001,2,2,F-Mn,"Mn,F",mp-753434,mp-757143,"mp-753434,mp-767065,mp-757143",
BAT_01820,Li0-1Mn2F7,Mn2F7,Mn2F7,LiMn2F7,Li,5.479467553333334,107.28921860923853,346.50788335529353,587.8877921918095,1898.6787038195425,0.014197438493601002,0.055144058055555,0.063836440999993,1,2,F-Mn,"Mn,F",mp-753435,mp-753503,"mp-753435,mp-753503",
BAT_01821,Li0-0.6MnF3,MnF3,MnF3,Li3Mn5F15,Li,4.078614366666664,138.51150602759145,396.89511781675003,564.9350184327708,1618.782129587255,0.10454023146199501,0.027228006999998004,0.056130241739125,1,2,F-Mn,"Mn,F",mp-759525,mp-759954,"mp-759525,mp-759954",
BAT_01822,Li0-1Mn7O7F,Mn7O7F,Mn7O7F,LiMn7O7F,Li,2.228983773333373,51.29455171287174,197.12798449531044,114.33472342840066,439.3950787099597,0.065272401741876,0.06235639233333601,0.08288297093749801,1,3,F-Mn-O,"Mn,O,F",mp-753904,mp-764671,"mp-753904,mp-764671",
BAT_01823,Li0-3Mn5OF11,Mn5OF11,Mn5OF11,Li3Mn5OF11,Li,3.994886966666669,154.47686171161033,543.9613330285065,617.1176015032815,2173.064039686208,0.041530383935999005,0.7206111147794141,0.586782648250001,1,3,F-Mn-O,"Mn,O,F",mp-1371307,mp-1342258,"mp-1371307,mp-1342258",
BAT_01824,Li0-5Mn5O9F,Mn5O9F,Mn5O9F,Li5Mn5O9F,Li,3.203716945333337,283.6806629103453,1128.884440248251,908.8325468292675,3616.6262105464602,0.07713125581392401,0.06979221341665601,0.052265453250001,2,3,F-Mn-O,"Mn,O,F",mp-766870,mp-753735,"mp-766870,mp-752744,mp-753735",
BAT_01825,Li0-1Mn2O3F,Mn2O3F,Mn2O3F,LiMn2O3F,Li,4.049938293333338,145.8078594623651,565.9569872508112,590.5128335055981,2292.090875046628,0.034444383771562004,0.066601923124985,0.024632954553567003,1,3,F-Mn-O,"Mn,O,F",mp-767610,mp-753835,"mp-767610,mp-753835",
BAT_01826,Li0-1Mn7(OF3)3,Mn7(OF3)3,Mn7(OF3)3,LiMn7(OF3)3,Li,3.273994633333335,43.901506872873156,168.650307529704,143.73329789703325,552.1602017622675,0.013301560336704,0.097581055526317,0.059990542249999,1,3,F-Mn-O,"Mn,O,F",mp-861565,mp-753079,"mp-861565,mp-753079",
BAT_01827,Li0-1Mn5O3F5,Mn5O3F5,Mn5O3F5,LiMn5O3F5,Li,2.728072323333326,63.11852995987523,239.01826057316904,172.191914673021,652.0591014409357,0.030425931899454,0.100534584230763,0.08561733535714301,1,3,F-Mn-O,"Mn,O,F",mp-752519,mp-763431,"mp-752519,mp-763431",
BAT_01828,Li0-2Mn4OF8,Mn4OF8,Mn4OF8,Li2Mn4OF8,Li,3.5983588608333332,133.46659720640673,476.05119238942166,480.26071268294714,1713.0030263447495,0.036268529379306004,0.075881987019234,0.07261571933333401,1,3,F-Mn-O,"Mn,O,F",mp-754014,mp-761138,"mp-754014,mp-761138",
BAT_01829,Li0-3Mn5OF11,Mn5OF11,Mn5OF11,Li3Mn5OF11,Li,3.790152600000003,154.47686171161033,543.961281244274,585.4908790561009,2061.6962644073183,0.041530269097734,0.067387865367649,0.06225304125000101,1,3,F-Mn-O,"Mn,O,F",mp-754178,mp-754023,"mp-754178,mp-754023",
BAT_01830,Li0-1Mn2OF3,Mn2OF3,Mn2OF3,LiMn2OF3,Li,3.10596746833333,141.20036437081612,495.31625520065484,438.5637382525675,1538.4361751899235,0.10983307277725,0.067630625208318,0.061266675714286005,1,3,F-Mn-O,"Mn,O,F",mp-752737,mp-759613,"mp-752737,mp-759613",
BAT_01831,Li0-3Mn5OF11,Mn5OF11,Mn5OF11,Li3Mn5OF11,Li,3.779215990000005,154.47686171161033,540.8192326328999,583.8014258655375,2043.8726916657884,0.041463982764339005,0.055552792426473006,0.05383372075000101,1,3,F-Mn-O,"Mn,O,F",mp-754167,mp-760153,"mp-754167,mp-760153",
BAT_01832,Li0-1Mn2OF3,Mn2OF3,Mn2OF3,LiMn2OF3,Li,3.052508810833335,141.20036437081612,496.9499958261978,431.0153563347936,1516.9442408030582,0.08856092464880701,0.04856510312498501,0.052561750714285004,1,3,F-Mn-O,"Mn,O,F",mp-754070,mp-756757,"mp-754070,mp-756757",
BAT_01833,Li0-1Mn5O3F5,Mn5O3F5,Mn5O3F5,LiMn5O3F5,Li,2.6517035633333332,63.11852995987523,235.57477982930698,167.37163080696288,624.6744831048386,0.01239068117973,0.089820561923071,0.081123511785714,1,3,F-Mn-O,"Mn,O,F",mp-1277673,mp-759115,"mp-1277673,mp-754132,mp-759115",
BAT_01834,Li0-1Mn3(OF3)2,Mn3(OF3)2,Mn3(OF3)2,LiMn3(OF3)2,Li,4.961333068333321,84.34919705447875,323.650880756698,418.484460633749,1605.7398172934102,0.039560987888414,0.071982142045448,0.018022373125,1,3,F-Mn-O,"Mn,O,F",mp-1639489,mp-753341,"mp-1639489,mp-1569263,mp-767627,mp-753341",
BAT_01835,Li7-8Mn(O2F)2,Mn(O2F)2,Li7Mn(O2F)2,Li8Mn(O2F)2,Li,1.401244110833336,126.14809471012867,313.45191838307363,176.76427480541383,439.2226546636937,0.045511684629641,0.06527511714285901,0.070829240166663,1,3,F-Mn-O,"Mn,O,F",mp-753376,mp-780086,"mp-753376,mp-780086",More than one working ion per transition metal
BAT_01836,Li0-1Mn5O5F,Mn5O5F,Mn5O5F,LiMn5O5F,Li,2.151560173333341,70.41409917143545,264.49038019277504,151.50017141840476,569.0669682525684,0.08436767592545201,0.054305947727277,0.08879755624999801,1,3,F-Mn-O,"Mn,O,F",mp-753550,mp-760368,"mp-753550,mp-760368",
BAT_01837,Li1-4Mn3(OF3)2,Mn3(OF3)2,LiMn3(OF3)2,Li4Mn3(OF3)2,Li,3.359990069999999,237.4843363917326,792.1707691923691,797.9450120567609,2661.685918230621,0.048011611652501,0.090958468541666,0.081647252666664,1,3,F-Mn-O,"Mn,O,F",mp-753440,mp-753977,"mp-753440,mp-753977",More than one working ion per transition metal
BAT_01838,Li0-3Mn5OF11,Mn5OF11,Mn5OF11,Li3Mn5OF11,Li,9.279628206666668,154.47686171161033,540.8192137797897,1433.4878432164055,5018.601230898228,0.041463911064945,1.6093868224264731,0.549530813750002,1,3,F-Mn-O,"Mn,O,F",mp-1345203,mp-1347196,"mp-1345203,mp-1347196",
BAT_01839,Li3-4MnOF4,MnOF4,Li3MnOF4,Li4MnOF4,Li,2.8052929008333343,153.4186569607918,428.7975267480083,430.38426922749375,1202.9026576810793,0.089302463898702,0.07215820458333701,0.097318138749999,1,3,F-Mn-O,"Mn,O,F",mp-1276200,mp-760393,"mp-1276200,mp-753509,mp-760393",More than one working ion per transition metal
BAT_01840,Li0-1Mn2O2F3,Mn2O2F3,Mn2O2F3,LiMn2O2F3,Li,4.525997473333338,130.22369151835528,494.13719881269014,589.3920987802161,2236.463713306249,0.08560878873199301,0.08127912749999901,0.026674206562497003,1,3,F-Mn-O,"Mn,O,F",mp-2223159,mp-1176658,"mp-2223159,mp-753857,mp-1176658,mp-753431",
BAT_01841,Li0-1Mn2OF3,Mn2OF3,Mn2OF3,LiMn2OF3,Li,3.002682963333332,141.20036437081612,509.4884900781184,423.9799285127084,1529.8324091719896,0.133006236028889,0.05630582062498501,0.066314629642857,1,3,F-Mn-O,"Mn,O,F",mp-752756,mp-753996,"mp-752756,mp-753996",
BAT_01842,Li0-1Mn5O7F,Mn5O7F,Mn5O7F,LiMn5O7F,Li,3.704208283333333,64.95353730932254,275.7041097283122,240.60143093299328,1021.2654470046563,0.025956135442097003,0.078562010384603,0.05507223977679301,1,3,F-Mn-O,"Mn,O,F",mp-753608,mp-753411,"mp-753608,mp-753411",
BAT_01843,Li3-5Mn3O5F3,Mn3O5F3,Li3Mn3O5F3,Li5Mn3O5F3,Li,2.654713108333329,159.29020863900996,570.1387650538804,422.8698049031307,1513.5548531575128,0.039470781287148,0.06963427995535501,0.08848292406249801,1,3,F-Mn-O,"Mn,O,F",mp-753419,mp-759593,"mp-753419,mp-759593",More than one working ion per transition metal
BAT_01844,Li1-4Mn3OF8,Mn3OF8,LiMn3OF8,Li4Mn3OF8,Li,3.6254414816666642,222.9958449136687,726.0351051116706,808.4583863893207,2632.1977872180673,0.09308961124510001,0.083066317980771,0.09113136578125,1,3,F-Mn-O,"Mn,O,F",mp-759751,mp-759970,"mp-759751,mp-759970",More than one working ion per transition metal
BAT_01845,Li0-0.5Mn3(OF2)2,Mn3(OF2)2,Mn3(OF2)2,LiMn6(OF2)4,Li,2.880597843333338,48.50471901083469,188.6419639821707,139.72258897409998,543.4016346092061,0.07350011220871201,0.06850661749999,0.11448835305921301,1,3,F-Mn-O,"Mn,O,F",mp-760972,mp-1232977,"mp-760972,mp-1232977,mp-1235271,mp-1235910,mp-1235253,mp-1235396,mp-1235929,mp-1232973",
BAT_01846,Li0-2Mn3OF6,Mn3OF6,Mn3OF6,Li2Mn3OF6,Li,3.6848593133333383,173.64885431747894,590.4587418319727,639.8715980814263,2175.75739397863,0.049237470397766006,0.10008691612499601,0.077553184583331,1,3,F-Mn-O,"Mn,O,F",mp-759176,mp-761162,"mp-759176,mp-761162",
BAT_01847,Li2-3MnOF3,MnOF3,Li2MnOF3,Li3MnOF3,Li,2.865469915833334,180.17117545838752,567.1054537720461,516.2750829763387,1625.0236168888098,0.022212058724760002,0.073996645535713,0.09769463125000001,1,3,F-Mn-O,"Mn,O,F",mp-1275120,mp-755504,"mp-1275120,mp-753588,mp-755504",More than one working ion per transition metal
BAT_01848,Li0-2Mn3OF6,Mn3OF6,Mn3OF6,Li2Mn3OF6,Li,3.575332700833333,173.64885431747894,600.3885223465514,620.8524273035259,2146.5887171506297,0.15408021054470702,0.076929951874996,0.07651014979166501,1,3,F-Mn-O,"Mn,O,F",mp-760051,mp-759714,"mp-760051,mp-759714",
BAT_01849,Li0-1Mn6O5F7,Mn6O5F7,Mn6O5F7,LiMn6O5F7,Li,2.9436797033333493,48.76941641704618,197.73603455495055,143.56154125027106,582.0715515370298,0.053446343759238006,0.046228225347219,0.090062409967107,1,3,F-Mn-O,"Mn,O,F",mp-755304,mp-1235315,"mp-755304,mp-1235315,mp-1235100,mp-1235113,mp-1235585,mp-1235060",
BAT_01850,Li7-8Mn(O2F)2,Mn(O2F)2,Li7Mn(O2F)2,Li8Mn(O2F)2,Li,4.533579683333333,126.14809471012867,310.6585023983178,571.9024392690485,1408.3950749277733,0.06122631095613101,0.28500521285714603,0.06708829133332901,1,3,F-Mn-O,"Mn,O,F",mp-766227,mp-763440,"mp-766227,mp-763440",More than one working ion per transition metal
BAT_01851,Li0-3Mn5OF11,Mn5OF11,Mn5OF11,Li3Mn5OF11,Li,10.623049853333333,154.47686171161033,540.8192137797897,1641.0154031489155,5745.149469623244,0.041463911064945,2.786851063602943,1.348862171750002,1,3,F-Mn-O,"Mn,O,F",mp-883909,mp-799530,"mp-883909,mp-799530",
BAT_01852,Li0-2MnPO4F,MnPO4F,MnPO4F,Li2MnPO4F,Li,4.12730612708333,293.2491818448629,916.449799263318,1210.3291449904764,3782.4688716637806,0.109954364159522,0.035307653035705,0.029435256527779,3,4,F-Mn-O-P,"Mn,P,O,F",mp-861278,mp-771918,"mp-861278,mp-759719,mp-759712,mp-759305,mp-759732,mp-771918",More than one working ion per transition metal
BAT_01853,Li0-1MnPO4F,MnPO4F,MnPO4F,LiMnPO4F,Li,4.0724446983333324,152.41206986206774,487.6836893620299,620.6897258717872,1986.0648552060384,0.0767848530354,2.87100025964285,2.56546596375,1,4,F-Mn-O-P,"Mn,P,O,F",mp-1400737,mp-1444833,"mp-1400737,mp-1444833",
BAT_01854,Li0-3MnVP2(O4F)2,MnVP2(O4F)2,MnVP2(O4F)2,Li3MnVP2(O4F)2,Li,3.725089764999997,226.7199777279774,702.8512020332048,844.552268555516,2618.1838190118365,0.07321015430567,0.0034915865674720005,0.03530046588236,3,5,F-Mn-O-P-V,"Mn,V,P,O,F",mp-777048,mp-752825,"mp-777048,mp-777400,mp-1177877,mp-752825",More than one working ion per transition metal
BAT_01855,Li0-2MnPO4F,MnPO4F,MnPO4F,Li2MnPO4F,Li,4.036170075833337,293.2491818448629,892.9382746688424,1183.6035725248444,3604.050743784631,0.176185380708578,0.032985650357135,0.047881710277779,2,4,F-Mn-O-P,"Mn,P,O,F",mp-25426,mp-25395,"mp-25426,mp-25410,mp-25395,mp-1172968",More than one working ion per transition metal
BAT_01856,Li0-2Mn2P2O7F2,Mn2P2O7F2,Mn2P2O7F2,Li2Mn2P2O7F2,Li,5.092546688333333,159.67603947038316,444.73003252711453,813.1576860110823,2264.8084543483324,0.063433111474458,0.26727512630341105,0.09659832066666801,1,4,F-Mn-O-P,"Mn,P,O,F",mp-770557,mp-770546,"mp-770557,mp-770546",
BAT_01857,Li1-2MnPO4F,MnPO4F,LiMnPO4F,Li2MnPO4F,Li,3.960994844583344,146.62459092243145,449.9119574395734,580.7792487328927,1782.0989439345512,0.046274477246196,0.05402730203125,0.027158774722223004,1,4,F-Mn-O-P,"Mn,P,O,F",mp-1176649,mp-776063,"mp-1176649,mp-776063",More than one working ion per transition metal
BAT_01858,Li0-1Rb2MnF6,Rb2MnF6,Rb2MnF6,Rb2LiMnF6,Li,3.3816160733333382,77.2811123943325,306.7486158818612,261.335051837755,1037.306049938856,0.137436718911491,0.0,0.061861961000015,1,3,F-Mn-Rb,"Rb,Mn,F",mp-558111,mp-1113711,"mp-558111,mp-1113711",
BAT_01859,Li0-2NaMoF6,NaMoF6,NaMoF6,NaLi2MoF6,Li,2.421319623333329,217.1899796385784,591.6273169310045,525.8863596902561,1432.5188321850883,0.015199344526452002,0.0,0.280000603499999,1,3,F-Mo-Na,"Na,Mo,F",mp-504778,mp-1111098,"mp-504778,mp-1111098",More than one working ion per transition metal
BAT_01860,Li0-1NbO2F,NbO2F,NbO2F,LiNbO2F,Li,1.6939152933333301,177.67612582964725,763.9496998698894,300.9683068030567,1294.0660799470138,0.01652814204821,0.111282968749999,0.22064340950000003,1,3,F-Nb-O,"Nb,O,F",mp-35171,mp-1222399,"mp-35171,mp-1222399",
BAT_01861,Li1-3NbF6,NbF6,LiNbF6,Li3NbF6,Li,0.366518403333335,235.38999454171213,672.1180289146778,86.27476496007077,246.343626809356,0.139549043241147,0.0,0.366658335066662,1,2,F-Nb,"Nb,F",mp-1078799,mp-1110578,"mp-1078799,mp-1110578",More than one working ion per transition metal
BAT_01862,Li0-1NbF5,NbF5,NbF5,LiNbF5,Li,2.275217103333337,137.5567862331286,449.9345343627096,312.9715527171819,1023.698747962358,0.00302234305141,0.0,0.088132340761904,1,2,F-Nb,"Nb,F",mp-18687,mp-761164,"mp-18687,mp-761164",
BAT_01863,Li0-1Nb3O7F,Nb3O7F,Nb3O7F,LiNb3O7F,Li,2.328470173333333,64.32545725918139,263.07854243190525,149.77990861403205,612.5705392966992,0.031295517855595,0.062803756168834,0.076526372874996,1,3,F-Nb-O,"Nb,O,F",mp-760401,mp-1235339,"mp-760401,mp-1235339,mp-1235102",
BAT_01864,Li0-1NiF3,NiF3,NiF3,LiNiF3,Li,5.910340333333331,218.55636035037895,831.9677049079163,1291.7424716853784,4917.21228234802,0.152611732982461,0.0,0.0155647295,1,2,F-Ni,"Ni,F",mp-561428,mp-758501,"mp-561428,mp-614777,mp-758501",
BAT_01865,Li1-2NiPO4F,NiPO4F,LiNiPO4F,Li2NiPO4F,Li,4.692829077083336,143.67288005898902,485.1772213005504,674.2322691291303,2276.8537716577193,0.046346393092790004,0.085390049062501,0.029674211249993,2,4,F-Ni-O-P,"Ni,P,O,F",mp-1176633,mp-554446,"mp-1176633,mp-758764,mp-554446",More than one working ion per transition metal
BAT_01866,Li7-8Ni(O2F)2,Ni(O2F)2,Li7Ni(O2F)2,Li8Ni(O2F)2,Li,2.265348888333339,123.95708524556737,325.9775427983476,280.8060452620871,738.4528641998704,0.030461611390200004,0.083725192023809,0.10238686300000101,1,3,F-Ni-O,"Ni,O,F",mp-761279,mp-753488,"mp-761279,mp-753488",More than one working ion per transition metal
BAT_01867,Li0-2NiPO4F,NiPO4F,NiPO4F,Li2NiPO4F,Li,5.057702658333331,287.34576011797805,957.3308396608114,1453.3094148095092,4841.894732656966,0.065408319557056,0.241769376607144,0.030360165833326003,2,4,F-Ni-O-P,"Ni,P,O,F",mp-25468,mp-25397,"mp-25468,mp-25413,mp-25397,mp-1172964",More than one working ion per transition metal
BAT_01868,Li0-1Rb2NiF6,Rb2NiF6,Rb2NiF6,Rb2LiNiF6,Li,4.5869878733333325,76.45324365633316,315.01100822259264,350.69010152859875,1444.951674683539,0.12356660986814401,0.0,0.047657322500003006,1,3,F-Ni-Rb,"Rb,Ni,F",mp-556417,mp-1113709,"mp-556417,mp-1113709",
BAT_01869,Li0-2TiPO4F,TiPO4F,TiPO4F,Li2TiPO4F,Li,1.111851060833335,305.049732336315,897.5608668590229,339.16986850505685,997.9540019796927,0.099095336287448,0.004674843571429,0.269401469407405,2,4,F-O-P-Ti,"Ti,P,O,F",mp-25436,mp-25401,"mp-25436,mp-25420,mp-25401",More than one working ion per transition metal
BAT_01870,Li0-2SbP(OF3)2,SbP(OF3)2,SbP(OF3)2,Li2SbP(OF3)2,Li,3.196905335833329,171.47187509604464,466.5944120358509,548.1793524398913,1491.658165507427,0.205433544005299,0.0,0.086313889988423,1,4,F-O-P-Sb,"Sb,P,O,F",mp-554701,mp-776357,"mp-554701,mp-776357",Transition metal not found
BAT_01871,Li1-2VPO4F,VPO4F,LiVPO4F,Li2VPO4F,Li,2.00743891208332,149.90207329892138,455.29942672646064,300.9192549422209,913.9857858599256,0.06328164372025301,0.0,0.017004511764407003,1,4,F-O-P-V,"V,P,O,F",mp-25423,mp-776064,"mp-25423,mp-776659,mp-776064",More than one working ion per transition metal
BAT_01872,Li4-5VP2(O4F)2,VP2(O4F)2,Li4VP2(O4F)2,Li5VP2(O4F)2,Li,3.8239980783333363,85.46771395134152,239.6290824384847,326.82837390947327,916.3411507575462,0.007651904766350001,0.027313608284313003,0.0061142279166620005,1,4,F-O-P-V,"V,P,O,F",mp-782668,mp-554656,"mp-782668,mp-554656",More than one working ion per transition metal
BAT_01873,Li0-1PWO4F,PWO4F,PWO4F,LiPWO4F,Li,2.344290088333328,87.94557456738386,440.6670068499805,206.1699387710976,1033.051296413924,0.014268533760667002,0.0,0.054531212968752005,1,4,F-O-P-W,"P,W,O,F",mp-25432,mp-25416,"mp-25432,mp-25416",
BAT_01874,Li0-2SbSO4F3,SbSO4F3,SbSO4F3,Li2SbSO4F3,Li,4.29673047708333,185.67023776356444,609.5252247570196,797.7749692860157,2618.965609764553,0.097200877627604,0.05677105846296401,0.07450529727272401,1,4,F-O-S-Sb,"Sb,S,O,F",mp-769377,mp-769153,"mp-769377,mp-769153",Transition metal not found
BAT_01875,Li0-2VPO4F,VPO4F,VPO4F,Li2VPO4F,Li,2.813267343333334,299.80414659784276,904.7211212522317,843.4292150196305,2545.222385242821,0.146105757920989,0.0,0.035194200236628004,1,4,F-O-P-V,"V,P,O,F",mp-1104878,mp-1222675,"mp-1104878,mp-818175,mp-25440,mp-1222675,mp-25403,mp-1173008",More than one working ion per transition metal
BAT_01876,Li0-2VSO4F3,VSO4F3,VSO4F3,Li2VSO4F3,Li,4.317598407083332,246.0190935566498,634.0517397699774,1062.2116464522765,2737.58078163927,0.117537806090381,0.067175633888887,0.08655712659091101,4,4,F-O-S-V,"V,S,O,F",mp-768093,mp-769602,"mp-768093,mp-769600,mp-769603,mp-769601,mp-768092,mp-769588,mp-769602",More than one working ion per transition metal
BAT_01877,Li0-1V4OF11,V4OF11,V4OF11,LiV4OF11,Li,2.9457807433333203,61.51518923605388,203.89356512124183,181.21025987407268,600.6257378237326,0.0031087174699170003,0.002904022083332,0.041644158088240006,1,3,F-O-V,"V,O,F",mp-754461,mp-776414,"mp-754461,mp-776414",
BAT_01878,Li0-1V4OF11,V4OF11,V4OF11,LiV4OF11,Li,6.392781773333329,61.51518923605388,202.93981011552344,393.25318053139586,1297.3499191902451,0.010006432351626,1.449757117708332,1.200623481617652,1,3,F-O-V,"V,O,F",mp-1393057,mp-1367296,"mp-1393057,mp-1367296",
BAT_01879,Li0-1V2OF5,V2OF5,V2OF5,LiV2OF5,Li,3.080653173333328,121.92721344604827,412.74449540070526,375.61545701825867,1271.522639532046,0.0023969502619810004,0.005162162916666001,0.06310124527777601,1,3,F-O-V,"V,O,F",mp-752923,mp-776440,"mp-752923,mp-776440",
BAT_01880,Li0-2VOF3,VOF3,VOF3,Li2VOF3,Li,3.759691019583337,388.93990380729895,1181.3376830205161,1462.2938635019088,4441.464677947622,0.029262170279176002,0.09630424850000001,0.09401678446428301,2,3,F-O-V,"V,O,F",mp-760338,mp-767622,"mp-760338,mp-752577,mp-767622",More than one working ion per transition metal
BAT_01881,Li0-4V4(OF3)3,V4(OF3)3,V4(OF3)3,Li4V4(OF3)3,Li,2.731576360833331,237.96367109753763,808.5320700166133,650.0159387071516,2208.5670894330206,0.025997783563746,0.000505800625,0.09552001881249701,2,3,F-O-V,"V,O,F",mp-755229,mp-765901,"mp-755229,mp-775947,mp-765901",
BAT_01882,Li1-2V(OF)2,V(OF)2,LiV(OF)2,Li2V(OF)2,Li,3.220165580833328,198.79586700304586,600.1327954942376,640.1556085351283,1932.526971979831,0.06075357635638601,0.0,0.082256502500003,1,3,F-O-V,"V,O,F",mp-1539853,mp-752823,"mp-1539853,mp-772395,mp-1177506,mp-752823",More than one working ion per transition metal
BAT_01883,Li0-1V2(OF)3,V2(OF)3,V2(OF)3,LiV2(OF)3,Li,3.392066523333331,125.34751588050241,427.35812263239995,425.1871124012453,1449.6271812559444,0.010774513485862001,0.023281733680536,0.09084099749999201,1,3,F-O-V,"V,O,F",mp-754270,mp-754467,"mp-754270,mp-754467",
BAT_01884,Li0-1V3OF11,V3OF11,V3OF11,LiV3OF11,Li,4.5732582333333385,69.65995263211349,197.60140967145026,318.57295190842336,903.6822736982339,0.029677938418960003,0.04962643183334001,0.045114623945315006,1,3,F-O-V,"V,O,F",mp-752857,mp-850394,"mp-752857,mp-850394",
BAT_01885,Li0-1V3O5F,V3O5F,V3O5F,LiV3O5F,Li,2.989195053333337,103.57623896778813,417.88662060891147,309.60958116538393,1249.1446191783432,0.007263138931983001,0.072583030555561,0.071190253000009,1,3,F-O-V,"V,O,F",mp-753016,mp-752985,"mp-753016,mp-752985,mp-1291989",
BAT_01886,Li0-1V2O2F3,V2O2F3,V2O2F3,LiV2O2F3,Li,3.284075548333338,135.48554653622344,452.0727427351789,444.94477053219003,1484.641040484589,0.056765804702760006,0.09053470000003801,0.068549564453129,1,3,F-O-V,"V,O,F",mp-753052,mp-752937,"mp-753052,mp-752937",
BAT_01887,Li0-1V2O2F3,V2O2F3,V2O2F3,LiV2O2F3,Li,3.208217503333334,135.48554653622344,485.3099885747248,434.66710184619507,1556.9799998879328,0.059264673596615004,0.06054094285718101,0.05178728257812901,1,3,F-O-V,"V,O,F",mp-764379,mp-753928,"mp-764379,mp-759850,mp-753928,mp-1176552",
BAT_01888,Li0-4V4(OF3)3,V4(OF3)3,V4(OF3)3,Li4V4(OF3)3,Li,5.323887243333332,237.96367109753763,808.5320437440698,1266.8917529329494,4304.533433515281,0.025997948323461,1.61108552375,0.8655216208124961,1,3,F-O-V,"V,O,F",mp-1389506,mp-1367753,"mp-1389506,mp-1372233,mp-1367753",
BAT_01889,Li2-3VOF5,VOF5,Li2VOF5,Li3VOF5,Li,3.4835500683333342,146.6517841499801,346.968649432578,510.8688326968685,1208.6826624403816,0.019480952738942,0.029861655000001004,0.092958420499998,1,3,F-O-V,"V,O,F",mp-752498,mp-757350,"mp-752498,mp-757350",More than one working ion per transition metal
BAT_01890,Li0-2V2OF6,V2OF6,V2OF6,Li2V2OF6,Li,4.059933315833331,218.1156099612625,622.9354118629991,885.534831585038,2529.076232234948,0.017425439135645003,0.09324335506943601,0.05498072181818701,1,3,F-O-V,"V,O,F",mp-1101248,mp-753637,"mp-1101248,mp-753637",
BAT_01891,Li0-1V6O7F5,V6O7F5,V6O7F5,LiV6O7F5,Li,1.962030893333353,51.58318989000849,207.94406986216362,101.20781214087738,407.9926891550342,0.045889544520743,0.032209103888888,0.096561023190794,1,3,F-O-V,"V,O,F",mp-777608,mp-754452,"mp-777608,mp-754452",
BAT_01892,Li0-1V2O3F,V2O3F,V2O3F,LiV2O3F,Li,2.461882260833339,152.43652141766677,593.0638829374991,375.28076798129524,1460.0534529447693,0.064173286315148,0.036219911666666,0.105441039107143,1,3,F-O-V,"V,O,F",mp-752997,mp-765841,"mp-752997,mp-765841",
BAT_01893,Li0-1V3(O2F)2,V3(O2F)2,V3(O2F)2,LiV3(O2F)2,Li,2.7547057133333412,102.38955810294365,403.92427135829627,282.053100691855,1112.6924980647057,0.014013499004747002,0.068983396111139,0.09143283000001001,1,3,F-O-V,"V,O,F",mp-765508,mp-753023,"mp-765508,mp-753023",
BAT_01894,Li3-4VO3F2,VO3F2,Li3VO3F2,Li4VO3F2,Li,2.8770253258333343,162.7285897972436,490.51780958316033,468.1742740838137,1411.2321609430453,0.013559534135302,0.09983325027777601,0.08840449899999801,1,3,F-O-V,"V,O,F",mp-752990,mp-764753,"mp-752990,mp-764753",More than one working ion per transition metal
BAT_01895,Li0-3V2OF7,V2OF7,V2OF7,Li3V2OF7,Li,4.048337948333331,295.93725890025286,868.5556816101691,1198.0540355316396,3516.20692610297,0.066179780729389,0.070503011249998,0.052010595913459,2,3,F-O-V,"V,O,F",mp-765500,mp-752612,"mp-765500,mp-761097,mp-752612",More than one working ion per transition metal
BAT_01896,Li0-1V2OF5,V2OF5,V2OF5,LiV2OF5,Li,3.4425489900000033,121.92721344604826,441.6561173174589,419.74040550220826,1520.422820598541,0.031078846637443,0.042490143333333,0.056071026018517,1,3,F-O-V,"V,O,F",mp-764448,mp-765223,"mp-764448,mp-761186,mp-765223,mp-753681",
BAT_01897,Li0-1VOF3,VOF3,VOF3,LiVOF3,Li,4.051239330833337,204.7835654934413,590.1925505904821,829.6272348353141,2391.0112737170057,0.108893806988354,0.029276177500000004,0.070853554166661,1,3,F-O-V,"V,O,F",mp-752824,mp-765498,"mp-752824,mp-765498",
BAT_01898,Li0-1V3(OF3)2,V3(OF3)2,V3(OF3)2,LiV3(OF3)2,Li,3.344410088333323,87.65680286305748,319.8973039696969,293.16029580625474,1069.8677706268859,0.006329514969219001,0.080582118181868,0.07997194041666601,1,3,F-O-V,"V,O,F",mp-759157,mp-753466,"mp-759157,mp-753466",
BAT_01899,Li1-1.5V(OF)2,V(OF)2,LiV(OF)2,Li3V2(OF)4,Li,3.024187388333335,102.0242310898393,319.8591134617956,308.5403929662978,967.3138969746436,0.034272015720992005,0.004580910416667,0.073067495384615,1,3,F-O-V,"V,O,F",mp-765626,mp-776500,"mp-765626,mp-776500,mp-754864",More than one working ion per transition metal
BAT_01900,Li0-1V4O5F7,V4O5F7,V4O5F7,LiV4O5F7,Li,3.43849284333334,63.25686848681411,213.21068853226575,217.50828958358863,733.1234266403696,0.012102950497482001,0.0,0.035918429787582,1,3,F-O-V,"V,O,F",mp-755181,mp-754849,"mp-755181,mp-754849",
BAT_01901,Li0-3V4(OF3)3,V4(OF3)3,V4(OF3)3,Li3V4(OF3)3,Li,2.9972125833333263,181.26548385213374,616.5488486678254,543.2911891256192,1847.9279674668812,0.019428558283227003,0.013915903750000002,0.096580935559211,1,3,F-O-V,"V,O,F",mp-1101222,mp-754854,"mp-1101222,mp-754854",
BAT_01902,Li3-5VO3F2,VO3F2,Li3VO3F2,Li5VO3F2,Li,2.031409783333331,312.29603733382163,812.0657609489223,634.4012255361566,1649.6383315016672,0.063046781447125,0.11161467749999801,0.087787130454548,1,3,F-O-V,"V,O,F",mp-761111,mp-753535,"mp-761111,mp-753535",More than one working ion per transition metal
BAT_01903,Li0-1VOF3,VOF3,VOF3,LiVOF3,Li,4.045270888333332,204.7835654934413,592.9602421036416,828.4049958997203,2398.6848053209455,0.134428880893623,0.024951513499999002,0.068244407916661,1,3,F-O-V,"V,O,F",mp-753525,mp-755024,"mp-753525,mp-755024",
BAT_01904,Li0-1V2OF5,V2OF5,V2OF5,LiV2OF5,Li,3.037800259999994,121.92721344604826,406.1950538843537,370.3905207074802,1233.9394403006015,0.008244538463391,0.001347600833333,0.06447195824074001,1,3,F-O-V,"V,O,F",mp-1648259,mp-776389,"mp-1648259,mp-1574300,mp-753036,mp-776389",
BAT_01905,Li0-1VOF3,VOF3,VOF3,LiVOF3,Li,4.157885925833331,204.7835654934413,579.1951083741394,851.4667048071478,2408.2271894203454,0.007673147128671001,0.020398917999999003,0.045681405416661006,1,3,F-O-V,"V,O,F",mp-753030,mp-756068,"mp-753030,mp-756068",
BAT_01906,Li0-1V6O7F5,V6O7F5,V6O7F5,LiV6O7F5,Li,1.9259309833333351,51.58318989000849,206.71761826701294,99.34566362833421,398.12386582131325,0.045403962055904,0.028425926666667004,0.09487695582237501,1,3,F-O-V,"V,O,F",mp-754836,mp-777054,"mp-754836,mp-777054",
BAT_01907,Li0-3V4(OF3)3,V4(OF3)3,V4(OF3)3,Li3V4(OF3)3,Li,4.11406206333333,181.26548385213374,610.2915729205964,745.7374505078238,2510.7774077246527,0.021559179074736003,1.60374486125,1.259039613453948,1,3,F-O-V,"V,O,F",mp-1408860,mp-1333053,"mp-1408860,mp-1333053",
BAT_01908,Li2-3V3O3F5,V3O3F5,Li2V3O3F5,Li3V3O3F5,Li,2.026866663333341,84.64399466980709,278.32876271368684,171.562091047597,564.1352905911878,0.032580760488514,0.077239551875003,0.084519145089285,1,3,F-O-V,"V,O,F",mp-764201,mp-759089,"mp-764201,mp-752572,mp-759089",
BAT_01909,Li0-1V2OF5,V2OF5,V2OF5,LiV2OF5,Li,3.541409188333337,121.92721344604827,427.1183937670568,431.79415400571537,1512.6010041928312,7.966079089349877e-05,0.042437341666667,0.045039624722220006,1,3,F-O-V,"V,O,F",mp-752757,mp-753339,"mp-752757,mp-753339",
BAT_01910,Li0-1V6O7F5,V6O7F5,V6O7F5,LiV6O7F5,Li,3.428695483333347,51.58318989000849,215.9301002949068,176.86305019179846,740.3585595968635,0.014363725988875002,0.07184745777777801,0.05692027476974101,1,3,F-O-V,"V,O,F",mp-759522,mp-753549,"mp-759522,mp-753549",
BAT_01911,Li1-4V3OF11,V3OF11,LiV3OF11,Li4V3OF11,Li,4.052507453333334,198.25030693243778,633.055113820987,803.4108464693252,2565.460567130332,0.029137068856260002,0.059031770195316004,0.0369198575,1,3,F-O-V,"V,O,F",mp-752815,mp-765238,"mp-752815,mp-765238",More than one working ion per transition metal
BAT_01912,Li0-1V4O5F7,V4O5F7,V4O5F7,LiV4O5F7,Li,4.115400143333322,63.25686848681411,213.21072274736844,260.3273256374519,877.4474389547213,0.012103253485541001,1.6968554562499991,1.593140782728758,1,3,F-O-V,"V,O,F",mp-1411949,mp-1443123,"mp-1411949,mp-1443123",
BAT_01913,Li1.5-2VO2F,VO2F,Li3V2(O2F)2,Li2VO2F,Li,3.21946023833333,115.7024625341935,399.65628635507545,372.49947760608785,1286.677522920125,0.039739249893949,0.091860201704547,0.009730130833332,1,3,F-O-V,"V,O,F",mp-759102,mp-753128,"mp-759102,mp-759955,mp-758185,mp-759979,mp-760221,mp-759947,mp-753128",More than one working ion per transition metal
BAT_01914,Li0-1V2OF5,V2OF5,V2OF5,LiV2OF5,Li,2.801038180000003,121.92721344604826,407.95071296510116,341.522780043391,1142.6855225734707,0.015326969461554001,0.006512677499999,0.095370035277776,1,3,F-O-V,"V,O,F",mp-763192,mp-775937,"mp-763192,mp-752625,mp-775937,mp-1377576",
BAT_01915,Li0-1V4OF11,V4OF11,V4OF11,LiV4OF11,Li,2.487966563333334,61.51518923605388,202.54149402318805,153.0477339564247,503.91646481727037,0.009167130732038,0.002526289583332,0.068218891029417,1,3,F-O-V,"V,O,F",mp-1302830,mp-755111,"mp-1302830,mp-780699,mp-755111",
BAT_01916,Li7-8VO5F,VO5F,Li7VO5F,Li8VO5F,Li,1.356853368333337,130.44311085711448,334.3870375246754,176.99217434235473,453.71417819236194,0.048842410005517006,0.06658797464285801,0.049116874500001004,1,3,F-O-V,"V,O,F",mp-764775,mp-752889,"mp-764775,mp-752966,mp-759471,mp-752889",More than one working ion per transition metal
BAT_01917,Li0-1VO2F,VO2F,VO2F,LiVO2F,Li,3.682245778333336,246.15681672214453,740.0753518144937,906.4098991830895,2725.139339867478,0.0027668662251310004,0.005366479791664,0.049484848999993,1,3,F-O-V,"V,O,F",mp-753014,mp-752626,"mp-753014,mp-752626",
BAT_01918,Li0-1V6O7F5,V6O7F5,V6O7F5,LiV6O7F5,Li,2.190456173333364,51.58318989000849,207.14738585422066,112.99071673479627,453.747270134246,0.046957713302148006,0.038439887222223,0.090441487401321,1,3,F-O-V,"V,O,F",mp-763201,mp-755088,"mp-763201,mp-755088",
BAT_01919,Li0-1V4O5F7,V4O5F7,V4O5F7,LiV4O5F7,Li,3.4704425833333272,63.25686848681411,214.05253582462498,219.52933008495575,742.8570353962612,0.0008422826019340001,0.007078611875025001,0.040701256258169005,1,3,F-O-V,"V,O,F",mp-755640,mp-755130,"mp-755640,mp-755130",
BAT_01920,Li0-2V3(OF)4,V3(OF)4,V3(OF)4,Li2V3(OF)4,Li,3.72040813833333,174.77457461732914,594.2606238813914,650.2327497800572,2210.892061379371,0.077274574768945,0.102063535808075,0.050921309358978005,1,3,F-O-V,"V,O,F",mp-760115,mp-752838,"mp-760115,mp-752838,mp-1305656",
BAT_01921,Li0-5V6O5F19,V6O5F19,V6O5F19,Li5V6O5F19,Li,4.134294411333331,171.5139666082915,495.0225034952234,709.089233614271,2046.5687696845364,0.050252093455241,0.027444913416672004,0.064451209896833,1,3,F-O-V,"V,O,F",mp-760037,mp-777740,"mp-760037,mp-777740",
BAT_01922,Li2-3V(OF)2,V(OF)2,Li2V(OF)2,Li3V(OF)2,Li,2.30192013333333,189.06222509271404,605.2257420945608,435.2061423937164,1393.181320939075,0.000823368902977,0.058052366785717006,0.07984293843750001,1,3,F-O-V,"V,O,F",mp-1280578,mp-753080,"mp-1280578,mp-1306444,mp-761260,mp-753080",More than one working ion per transition metal
BAT_01923,Li0-1V2OF5,V2OF5,V2OF5,LiV2OF5,Li,3.015203390000001,121.92721344604826,409.5670523970276,367.6353473157784,1234.9279648198255,0.009724646901244001,0.004535261249999,0.06981619749999801,1,3,F-O-V,"V,O,F",mp-754609,mp-776415,"mp-754609,mp-776415",
BAT_01924,Li0-3V4(OF3)3,V4(OF3)3,V4(OF3)3,Li3V4(OF3)3,Li,2.935099069999992,181.26548385213374,610.2915742335555,532.0321530774964,1791.2662319617402,0.021559110820623003,0.001487399374999,0.095922223453948,1,3,F-O-V,"V,O,F",mp-759200,mp-755439,"mp-759200,mp-755439",
BAT_01925,Li1-2VOF3,VOF3,LiVOF3,Li2VOF3,Li,3.076697253333333,194.46995190364947,593.8038627149714,598.3251668778238,1826.9547134338761,0.0010652614330170002,0.032575627916661,0.069250719107141,1,3,F-O-V,"V,O,F",mp-850913,mp-850895,"mp-850913,mp-850895,mp-1177749",More than one working ion per transition metal
BAT_01926,Li0-1V4O5F7,V4O5F7,V4O5F7,LiV4O5F7,Li,3.338086983333345,63.25686848681411,214.05848428937904,211.15692930226348,714.5458400784415,0.01400344936335,0.022367880624999,0.06287677978758101,1,3,F-O-V,"V,O,F",mp-1101221,mp-755196,"mp-1101221,mp-755196",
BAT_01927,Li1-2VOF4,VOF4,LiVOF4,Li2VOF4,Li,4.204882200833336,170.9098147052017,499.31956244880735,718.6556378016263,2099.5799406688793,0.04567889474179,0.018100662261904002,0.017227378749999002,1,3,F-O-V,"V,O,F",mp-760189,mp-761271,"mp-760189,mp-761271",More than one working ion per transition metal
BAT_01928,Li0-1VOF3,VOF3,VOF3,LiVOF3,Li,4.452488713333335,204.7835654934413,642.2040061731748,911.7965140357053,2859.4060891435124,0.0045959650233520005,0.053646369500000006,0.024287150416660002,1,3,F-O-V,"V,O,F",mp-760367,mp-764721,"mp-760367,mp-764721",
BAT_01929,Li0-1V3OF11,V3OF11,V3OF11,LiV3OF11,Li,4.261071178333329,69.65995263211349,201.3297797660947,296.8260164447637,857.8805219015028,0.058030870303696004,0.040352714833340006,0.055932205195316005,1,3,F-O-V,"V,O,F",mp-760355,mp-777339,"mp-760355,mp-777339",
BAT_01930,Li2-3VO3F,VO3F,Li2VO3F,Li3VO3F,Li,2.888693448333332,193.14837175036163,614.4909923625611,557.9464360315205,1775.076103697578,0.021679881781726,0.102562713214286,0.08647707593750001,1,3,F-O-V,"V,O,F",mp-760211,mp-764917,"mp-760211,mp-764917",More than one working ion per transition metal
BAT_01931,Li0-5V6O5F19,V6O5F19,V6O5F19,Li5V6O5F19,Li,4.129229161333335,171.5139666082915,500.1374682664408,708.2204724949091,2065.182218641213,0.030455686137044004,0.028686342416673002,0.06623889903969,1,3,F-O-V,"V,O,F",mp-760314,mp-777288,"mp-760314,mp-777288",
BAT_01932,Li4-5V5O9F,V5O9F,Li4V5O9F,Li5V5O9F,Li,1.62719986333335,59.242164287987144,229.22461666615615,96.39884163298454,372.99426491180884,0.001524208033147,0.06574773717104701,0.057431950020833004,1,3,F-O-V,"V,O,F",mp-758679,mp-761283,"mp-758679,mp-761283",
BAT_01933,Li2-3VOF5,VOF5,Li2VOF5,Li3VOF5,Li,4.109644583333332,146.6517841499801,431.49419576324186,602.6867103681348,1773.2877843581794,0.008241506876363,0.025203735,0.026156840999998,1,3,F-O-V,"V,O,F",mp-760326,mp-765358,"mp-760326,mp-765358",More than one working ion per transition metal
BAT_01934,Li0-1V4OF11,V4OF11,V4OF11,LiV4OF11,Li,2.98965057833333,61.51518923605388,202.44265807010007,183.9089210758527,605.2328097786112,0.012182869363648001,0.002322649270833,0.038516405147063004,1,3,F-O-V,"V,O,F",mp-760358,mp-777831,"mp-760358,mp-777831",
BAT_01935,Li0-11V6O5F19,V6O5F19,V6O5F19,Li11V6O5F19,Li,3.640369928787877,358.23600960021145,1075.027800410839,1304.1115967575752,3913.4988772265947,0.065264847472497,0.023667661750006,0.087201975091469,1,3,F-O-V,"V,O,F",mp-760913,mp-778354,"mp-760913,mp-778354",More than one working ion per transition metal
BAT_01936,Li0-1V4OF11,V4OF11,V4OF11,LiV4OF11,Li,2.499704253333324,61.51518923605388,207.28593719888224,153.76978017796822,518.1535388722303,0.010370446057823,0.0015863720833320001,0.066643810441181,1,3,F-O-V,"V,O,F",mp-760888,mp-1176557,"mp-760888,mp-1176557",
BAT_01937,Li0-1V4OF11,V4OF11,V4OF11,LiV4OF11,Li,2.574711928333333,61.51518923605388,201.30954963541345,158.3838914997502,518.3140987337102,0.015390877529624002,0.0017535789583320001,0.062388965441181006,1,3,F-O-V,"V,O,F",mp-760914,mp-779759,"mp-760914,mp-779759",
BAT_01938,Li0-3V4O7F5,V4O7F5,V4O7F5,Li3V4O7F5,Li,3.438066266666666,186.3038987620032,651.0545762962471,640.525149682125,2238.3687765230866,0.019872231887918,0.00835047173613,0.08990392342106,1,3,F-O-V,"V,O,F",mp-760947,mp-775924,"mp-760947,mp-775924",
BAT_01939,Li0-1V2OF5,V2OF5,V2OF5,LiV2OF5,Li,2.9916453833333323,121.92721344604826,410.6561415656378,364.76298520856807,1228.5375500523198,0.007589992790817001,0.007585141249999001,0.075144758240739,1,3,F-O-V,"V,O,F",mp-760930,mp-849639,"mp-760930,mp-849639",
BAT_01940,Li3-4VO3F2,VO3F2,Li3VO3F2,Li4VO3F2,Li,2.595430178333335,162.7285897972436,420.4087543697891,422.35069283739205,1091.141568326877,0.014723201649135001,0.074709698611109,0.093952817249998,1,3,F-O-V,"V,O,F",mp-850210,mp-758786,"mp-850210,mp-758786",More than one working ion per transition metal
BAT_01941,Li0-5V6O5F19,V6O5F19,V6O5F19,Li5V6O5F19,Li,4.240871992333335,171.5139666082915,482.91146305510915,727.3687772830982,2047.9656984471264,0.054520336359304006,0.026671167416673,0.048562630325404005,1,3,F-O-V,"V,O,F",mp-760859,mp-778233,"mp-760859,mp-778233",
BAT_01942,Li0-2V2OF5,V2OF5,V2OF5,Li2V2OF5,Li,2.577372018333332,236.3900578263143,789.3741045332225,609.2651204537409,2034.510729020859,0.04230050506638,0.0015225154166660002,0.075108699875001,2,3,F-O-V,"V,O,F",mp-764744,mp-759836,"mp-764744,mp-758804,mp-761104,mp-759836",
BAT_01943,Li0-1V4O5F7,V4O5F7,V4O5F7,LiV4O5F7,Li,3.098642993333332,63.25686848681411,210.83206732806735,196.01045231687462,653.2933081960973,0.017083584637828,0.029508665624998,0.08368245919934501,1,3,F-O-V,"V,O,F",mp-2214898,mp-776430,"mp-2214898,mp-758950,mp-776430",
BAT_01944,Li2-3VO3F,VO3F,Li2VO3F,Li3VO3F,Li,2.930213423333332,193.14837175036163,612.1416319993162,565.9659515978863,1793.7056270655692,0.016096370560762,0.085748132857143,0.06657432125,1,3,F-O-V,"V,O,F",mp-761101,mp-764860,"mp-761101,mp-764860",More than one working ion per transition metal
BAT_01945,Li0-4V3OF11,V3OF11,V3OF11,Li4V3OF11,Li,3.946133312083334,264.3337425765837,773.0865164736164,1043.0961870891176,3050.7024557789987,0.10454587170843001,0.016406267166673,0.048776201447369,1,3,F-O-V,"V,O,F",mp-761012,mp-780283,"mp-761012,mp-780283",More than one working ion per transition metal
BAT_01946,Li2-3VO3F,VO3F,Li2VO3F,Li3VO3F,Li,3.0814278008333362,193.14837175036163,614.5545086989408,595.1727623972565,1893.7053482323886,0.025852110838301003,0.090707909642858,0.052012328749999004,1,3,F-O-V,"V,O,F",mp-761092,mp-764730,"mp-761092,mp-764730",More than one working ion per transition metal
BAT_01947,Li6-8VO5F,VO5F,Li6VO5F,Li8VO5F,Li,1.232423665833328,260.88622171422895,590.3301797462051,321.5223537304564,727.5368841748656,0.035271790890475004,0.070202881153844,0.051369320333333,2,3,F-O-V,"V,O,F",mp-765511,mp-859132,"mp-765511,mp-761099,mp-859132",More than one working ion per transition metal
BAT_01948,Li1-2V(OF)2,V(OF)2,LiV(OF)2,Li2V(OF)2,Li,3.743696788333336,198.79586700304586,589.9621742189586,744.2314488332438,2208.6394968616673,0.023688424994079003,0.074975034583334,0.071730645357146,1,3,F-O-V,"V,O,F",mp-765509,mp-761125,"mp-765509,mp-761125",More than one working ion per transition metal
BAT_01949,Li0-1V2OF5,V2OF5,V2OF5,LiV2OF5,Li,3.37544322083333,121.92721344604827,429.6385160807361,411.5583860615621,1450.2204165136125,0.0036219323082900003,0.055049022916666,0.07469067111111001,1,3,F-O-V,"V,O,F",mp-761130,mp-863406,"mp-761130,mp-863406",
BAT_01950,Li0-1V4O5F7,V4O5F7,V4O5F7,LiV4O5F7,Li,3.352467548333327,63.25686848681411,212.1708962568264,212.0665988112334,711.2960444018075,0.004809121862238,0.015168734374999002,0.055255197140523,1,3,F-O-V,"V,O,F",mp-761197,mp-779340,"mp-761197,mp-779340",
BAT_01951,Li0-2VOF3,VOF3,VOF3,Li2VOF3,Li,3.8212547795833363,388.93990380729895,1150.9232987415821,1486.238466394324,4397.97115625009,0.116506546663866,0.05807496300000001,0.049120506249997004,2,3,F-O-V,"V,O,F",mp-761177,mp-765507,"mp-761177,mp-765521,mp-765507",More than one working ion per transition metal
BAT_01952,Li0-1V6O7F5,V6O7F5,V6O7F5,LiV6O7F5,Li,1.879442763333377,51.58318989000849,205.67120325076536,96.94765294842789,386.54725457571914,0.056882298443354004,0.034069036666695,0.102669808453951,1,3,F-O-V,"V,O,F",mp-756028,mp-756022,"mp-756028,mp-756022",
BAT_01953,Li0-1V2(OF)3,V2(OF)3,V2(OF)3,LiV2(OF)3,Li,3.324755886666662,125.34751588050243,428.3417161655211,416.7498913027434,1424.131642326217,0.005046520749472001,0.008395755347203,0.085087976388882,1,3,F-O-V,"V,O,F",mp-763169,mp-779054,"mp-763169,mp-779054",
BAT_01954,Li0-1V6O7F5,V6O7F5,V6O7F5,LiV6O7F5,Li,2.034142813333294,51.58318989000849,208.06010612977576,104.92757500356741,423.22396962524584,0.040040536646628,0.033102085555555,0.09361164161184901,1,3,F-O-V,"V,O,F",mp-763927,mp-777798,"mp-763927,mp-777798",
BAT_01955,Li0-1V2OF5,V2OF5,V2OF5,LiV2OF5,Li,3.468754218333335,121.92721344604827,423.0557392200882,422.93553597060895,1467.4763800098085,0.002320688413713,0.039719417604167,0.050696466666665004,1,3,F-O-V,"V,O,F",mp-764367,mp-860940,"mp-764367,mp-860940",
BAT_01956,Li0-1V4OF11,V4OF11,V4OF11,LiV4OF11,Li,2.823949883333331,61.51518923605388,202.9397842702374,173.71581146638218,573.0917801136284,0.010006673422285001,0.002212600208332,0.048159929264711,1,3,F-O-V,"V,O,F",mp-764086,mp-776457,"mp-764086,mp-776457",
BAT_01957,Li0-1V2(OF)3,V2(OF)3,V2(OF)3,LiV2(OF)3,Li,3.344771296666676,125.34751588050243,432.3060862676381,419.2587732255749,1445.9649887223038,0.016047144744478003,0.013082019097204,0.087029609722215,1,3,F-O-V,"V,O,F",mp-764087,mp-776867,"mp-764087,mp-776867",
BAT_01958,Li0-1V3(OF3)2,V3(OF3)2,V3(OF3)2,LiV3(OF3)2,Li,3.8660343283333463,87.65680286305748,324.3805589808305,338.88420898052897,1254.0663764638502,0.006222531792961001,0.040760386818233005,0.0,1,3,F-O-V,"V,O,F",mp-1568809,mp-867665,"mp-1568809,mp-764333,mp-1572351,mp-867665",
BAT_01959,Li0-1V2(OF)3,V2(OF)3,V2(OF)3,LiV2(OF)3,Li,3.35661197,125.34751588050243,428.77158479950356,420.74297221425957,1439.2198339338838,0.0009146853490340001,0.016743444930536002,0.088968580092585,1,3,F-O-V,"V,O,F",mp-763965,mp-777289,"mp-763965,mp-777289",
BAT_01960,Li0-1VOF3,VOF3,VOF3,LiVOF3,Li,4.098133787083332,204.7835654934413,603.6042814859956,839.2304487880641,2473.6510999859165,0.049906402408832005,0.011310955499999002,0.048066793124994005,1,3,F-O-V,"V,O,F",mp-764274,mp-771408,"mp-764274,mp-771408",
BAT_01961,Li0-1V6O11F,V6O11F,V6O11F,LiV6O11F,Li,1.811443333333334,52.802289160873315,224.0154090760308,95.64835468520293,405.79121933471566,0.037133120538325,0.022575082222234002,0.08646097131578401,1,3,F-O-V,"V,O,F",mp-763992,mp-1236176,"mp-763992,mp-1236176,mp-1235579,mp-1235307",
BAT_01962,Li0-1V4OF11,V4OF11,V4OF11,LiV4OF11,Li,2.853136523333323,61.51518923605388,205.6124671211437,175.51123314914625,586.6404395960072,0.004228575722728001,0.0017586295833320002,0.046015801617652,1,3,F-O-V,"V,O,F",mp-764606,mp-1176561,"mp-764606,mp-1176561",
BAT_01963,Li0-2V4OF12,V4OF12,V4OF12,Li2V4OF12,Li,3.234398973333339,116.11716492152917,328.5479586220278,375.5692390085719,1062.655180057851,0.058150576796435004,0.10009462107842901,0.164597441447371,1,3,F-O-V,"V,O,F",mp-758958,mp-757416,"mp-758958,mp-757416",
BAT_01964,Li0-11V6O5F19,V6O5F19,V6O5F19,Li11V6O5F19,Li,3.701016766969695,358.23600960021145,1092.1377098067337,1325.8374780626991,4042.0199758346043,0.052346174545938005,0.036398507416673005,0.080246125091469,1,3,F-O-V,"V,O,F",mp-764557,mp-780480,"mp-764557,mp-780480",More than one working ion per transition metal
BAT_01965,Li0-1V4O5F7,V4O5F7,V4O5F7,LiV4O5F7,Li,3.528290003333329,63.25686848681411,212.95147663246374,223.18857672419733,751.3545661973928,0.004343521006349001,0.012544078749998001,0.042442435669934005,1,3,F-O-V,"V,O,F",mp-764736,mp-776433,"mp-764736,mp-776433",
BAT_01966,Li0-1V4OF11,V4OF11,V4OF11,LiV4OF11,Li,2.7768945683333373,61.51518923605388,202.88845481870666,170.82119485959538,563.3998481636103,0.011207901720294,0.001886673645833,0.050621134558828,1,3,F-O-V,"V,O,F",mp-764470,mp-779025,"mp-764470,mp-779025",
BAT_01967,Li0-3V4(OF3)3,V4(OF3)3,V4(OF3)3,Li3V4(OF3)3,Li,2.939484168333331,181.26548385213374,609.6976975482645,532.8270200486282,1792.1967294124074,0.029427823603322002,0.0015653703125000002,0.09529549924342101,1,3,F-O-V,"V,O,F",mp-764879,mp-778244,"mp-764879,mp-778244",
BAT_01968,Li0-1V2OF5,V2OF5,V2OF5,LiV2OF5,Li,2.99076164333334,121.92721344604826,408.99854467568804,364.6552332529582,1223.2171595952054,0.007824316766975,0.0038761245833330003,0.071946047870368,1,3,F-O-V,"V,O,F",mp-756060,mp-775943,"mp-756060,mp-775943",
BAT_01969,Li1.5-2VO2F,VO2F,Li3V2(O2F)2,Li2VO2F,Li,2.915378378333334,115.7024625341935,402.1635052181047,337.3164575921104,1172.4587876676073,0.038593792978766,0.058522523977275004,0.004510747916666001,1,3,F-O-V,"V,O,F",mp-759574,mp-763051,"mp-759574,mp-759243,mp-763051",More than one working ion per transition metal
BAT_01970,Li0-1V2OF5,V2OF5,V2OF5,LiV2OF5,Li,3.43901020333333,121.92721344604826,440.6210323074825,419.3089311049607,1515.300225908697,0.028425447902821,0.040707371666666006,0.05487953861111,1,3,F-O-V,"V,O,F",mp-1101227,mp-767433,"mp-1101227,mp-767433",
BAT_01971,Li2-3V(OF)2,V(OF)2,Li2V(OF)2,Li3V(OF)2,Li,2.280202230833329,189.06222509271404,610.5382785936474,431.10010742271965,1392.1507448583757,0.0071521145795660004,0.087946272500003,0.10871484375000001,1,3,F-O-V,"V,O,F",mp-759885,mp-759168,"mp-759885,mp-759168",More than one working ion per transition metal
BAT_01972,Li0-4V3OF11,V3OF11,V3OF11,Li4V3OF11,Li,3.8750872320833363,264.3337425765837,778.278141310208,1024.3163108673227,3015.895688400737,0.09814146490240801,0.01705183083334,0.06424292644736801,2,3,F-O-V,"V,O,F",mp-759226,mp-778466,"mp-759226,mp-1176596,mp-778466",More than one working ion per transition metal
BAT_01973,Li0-1V4OF11,V4OF11,V4OF11,LiV4OF11,Li,2.812121548333327,61.51518923605388,202.09913628115072,172.98818920050948,568.3273360357778,0.014476154685040002,0.0019980430208320003,0.048653777500005005,1,3,F-O-V,"V,O,F",mp-756220,mp-778177,"mp-756220,mp-778177",
BAT_01974,Li0-1V6O7F5,V6O7F5,V6O7F5,LiV6O7F5,Li,2.022202873333303,51.58318989000849,208.5566423654238,104.31167481127258,421.7438414441062,0.038063192767075,0.030587895000026004,0.09185819476974301,1,3,F-O-V,"V,O,F",mp-755871,mp-776403,"mp-755871,mp-776403",
BAT_01975,Li0-1VOF3,VOF3,VOF3,LiVOF3,Li,4.482620663333333,204.7835654934413,695.4747241038898,917.9670421919749,3117.5493690941453,0.045034731794075,0.051060099499999005,0.017109933749994,1,3,F-O-V,"V,O,F",mp-760178,mp-757620,"mp-760178,mp-757620",
BAT_01976,Li0-4V3OF11,V3OF11,V3OF11,Li4V3OF11,Li,3.953126209583332,264.3337425765837,776.629915691289,1044.9446458567465,3070.1160748657285,0.11475307783355501,0.049263384500006,0.07324384197368501,2,3,F-O-V,"V,O,F",mp-774359,mp-1177290,"mp-774359,mp-1176567,mp-1177290",More than one working ion per transition metal
BAT_01977,Li0-1V2OF5,V2OF5,V2OF5,LiV2OF5,Li,2.976639940833334,121.92721344604827,407.04780368309787,362.93341341801846,1211.634750271595,0.005921778652742,0.002159352291666,0.07198910611110901,1,3,F-O-V,"V,O,F",mp-756285,mp-776824,"mp-756285,mp-776824",
BAT_01978,Li0-1V3O5F3,V3O5F3,V3O5F3,LiV3O5F3,Li,3.989346498333337,90.31435503896304,345.52179731185123,360.295256023921,1378.4061722038748,0.0032863915326730004,0.058028576515139006,0.041646418124996004,1,3,F-O-V,"V,O,F",mp-759530,mp-758438,"mp-759530,mp-758438",
BAT_01979,Li0-1V4O5F7,V4O5F7,V4O5F7,LiV4O5F7,Li,3.40521180333332,63.25686848681411,214.10640547872734,215.40303521320297,729.0776591054322,0.043668405892592,0.011137244999998,0.048358250964052,1,3,F-O-V,"V,O,F",mp-2214551,mp-777291,"mp-2214551,mp-759410,mp-777291",
BAT_01980,Li0-3V4(OF3)3,V4(OF3)3,V4(OF3)3,Li3V4(OF3)3,Li,2.9317910016666673,181.26548385213374,611.4969162793965,531.4325144704403,1792.78115669485,0.021127273940614002,0.0060198459374990005,0.10026134713815701,1,3,F-O-V,"V,O,F",mp-774383,mp-778226,"mp-774383,mp-778226",
BAT_01981,Li0-2VOF3,VOF3,VOF3,Li2VOF3,Li,3.797813423333335,388.93990380729895,1184.49245587329,1477.1211875493361,4498.481348752649,0.06482963111339801,0.09562531950000001,0.08263971982142601,2,3,F-O-V,"V,O,F",mp-760313,mp-757787,"mp-760313,mp-759672,mp-757787",More than one working ion per transition metal
BAT_01982,Li0-1V4OF11,V4OF11,V4OF11,LiV4OF11,Li,2.7677142333333262,61.51518923605388,203.84617933327036,170.25646481481937,564.1879719513101,0.001665529380389,0.0028266158333320004,0.052045805735299,1,3,F-O-V,"V,O,F",mp-774387,mp-777640,"mp-774387,mp-777640",
BAT_01983,Li0-1V2OF5,V2OF5,V2OF5,LiV2OF5,Li,2.971250745833335,121.92721344604827,407.56105597288024,362.27632388895114,1210.9660915320421,0.005318326237476001,0.0024126210416660003,0.072813033333331,1,3,F-O-V,"V,O,F",mp-775438,mp-778879,"mp-775438,mp-777106,mp-778879",
BAT_01984,Li0-1V2OF5,V2OF5,V2OF5,LiV2OF5,Li,2.990701723333335,121.92721344604827,406.6846072262896,364.64792737432794,1216.2723556848048,0.019381360340016,0.003028124166666,0.07119892749999801,1,3,F-O-V,"V,O,F",mp-764159,mp-849711,"mp-764159,mp-759520,mp-849711",
BAT_01985,Li0-1VOF3,VOF3,VOF3,LiVOF3,Li,4.096341103333335,204.7835654934413,491.73785301646126,838.8633366179375,2014.325979376216,0.012169723094323001,0.045012238999999,0.07644997666666001,1,3,F-O-V,"V,O,F",mp-759983,mp-759440,"mp-759983,mp-759440",
BAT_01986,Li0.92-1.17V(OF)2,V(OF)2,Li11V12(OF)24,Li7V6(OF)12,Li,4.463737356666657,51.92679052811681,162.0545703934268,231.78755469215935,723.3690396837056,0.030638955351249,0.05683484535212201,0.048216528108077,1,3,F-O-V,"V,O,F",mp-776317,mp-775890,"mp-776317,mp-775890",More than one working ion per transition metal
BAT_01987,Li0-1V3OF11,V3OF11,V3OF11,LiV3OF11,Li,4.511330113333334,69.65995263211349,204.4073157278571,314.2590420026272,922.1488788287162,0.042436681529613,0.04032882583334,0.040268625820315006,1,3,F-O-V,"V,O,F",mp-777440,mp-775901,"mp-777440,mp-775901",
BAT_01988,Li0-1V4O5F7,V4O5F7,V4O5F7,LiV4O5F7,Li,3.312712543333337,63.25686848681411,212.56036269421855,209.5518216882564,704.1513797126214,0.009398997309457001,0.023867448749999003,0.06578075214052301,1,3,F-O-V,"V,O,F",mp-849292,mp-775904,"mp-849292,mp-775904",
BAT_01989,Li0-1V2OF5,V2OF5,V2OF5,LiV2OF5,Li,2.989419333333334,121.92721344604826,406.44643056332114,364.49156913507676,1215.038817490317,0.013026791752054002,0.00263849375,0.07099507712962701,1,3,F-O-V,"V,O,F",mp-779365,mp-776420,"mp-779365,mp-776420",
BAT_01990,Li0-1V6O7F5,V6O7F5,V6O7F5,LiV6O7F5,Li,2.060561153333371,51.58318989000849,204.8051573953273,106.29031725237022,422.01355133113833,0.055305578960567,0.035390060555556005,0.09438875792763501,1,3,F-O-V,"V,O,F",mp-781614,mp-776417,"mp-781614,mp-776417",
BAT_01991,Li0-5V6O5F19,V6O5F19,V6O5F19,Li5V6O5F19,Li,4.248524661333334,171.5139666082915,487.99105086360566,728.6813168984283,2073.242014103998,0.06505369828487001,0.021258633083339,0.042830076753975,1,3,F-O-V,"V,O,F",mp-759524,mp-779337,"mp-759524,mp-779337",
BAT_01992,Li0-1V3OF11,V3OF11,V3OF11,LiV3OF11,Li,4.437728173333331,69.65995263211349,202.66670267867613,309.13193434859534,899.3797362737307,0.049920846836119005,0.040246973833339,0.044792010820316,1,3,F-O-V,"V,O,F",mp-776537,mp-775902,"mp-776537,mp-775902",
BAT_01993,Li0-1V3O5F3,V3O5F3,V3O5F3,LiV3O5F3,Li,3.95945522833333,90.31435503896304,343.6897180638225,357.59564525257485,1360.8240511122103,0.007396297407989001,0.062565096969685,0.048295834374997,1,3,F-O-V,"V,O,F",mp-759642,mp-764754,"mp-759642,mp-764754",
BAT_01994,Li0-1V6O7F5,V6O7F5,V6O7F5,LiV6O7F5,Li,1.75303121333332,51.58318989000849,207.92933303870197,90.42694196048463,364.5066109844237,0.044597492072506004,0.024595432222222,0.100348054243427,1,3,F-O-V,"V,O,F",mp-779909,mp-776355,"mp-779909,mp-776355",
BAT_01995,Li0-1V2OF5,V2OF5,V2OF5,LiV2OF5,Li,2.9187341833333402,121.92721344604826,404.96014044618573,355.87312576356146,1181.9710048077525,0.003658004866787,0.0,0.076503654907405,1,3,F-O-V,"V,O,F",mp-1574993,mp-776421,"mp-1574993,mp-777821,mp-776421",
BAT_01996,Li0-3V4(OF3)3,V4(OF3)3,V4(OF3)3,Li3V4(OF3)3,Li,2.920530183333335,181.26548385213374,611.9709338463996,529.3913167866779,1787.2795836210978,0.025690808235599,0.00130634125,0.098070103980263,1,3,F-O-V,"V,O,F",mp-777342,mp-778178,"mp-777342,mp-778178",
BAT_01997,Li0-1V3OF11,V3OF11,V3OF11,LiV3OF11,Li,4.308334833333338,69.65995263211349,203.7803448979229,300.11840041328486,877.9539582724027,0.04368105876269,0.016608110166673,0.030717659882816002,1,3,F-O-V,"V,O,F",mp-780323,mp-777269,"mp-780323,mp-777269",
BAT_01998,Li0-11V6O5F19,V6O5F19,V6O5F19,Li11V6O5F19,Li,3.682069039696967,358.23600960021156,1091.3131482191955,1319.0497198535247,4018.2903556721276,0.040438287312174005,0.028663824416672003,0.07967013753049301,2,3,F-O-V,"V,O,F",mp-780467,mp-1178094,"mp-780467,mp-776992,mp-1178094",More than one working ion per transition metal
BAT_01999,Li0-4V3OF11,V3OF11,V3OF11,Li4V3OF11,Li,3.936860830833333,264.3337425765837,763.2977445119345,1040.6451574173336,3004.996992632464,0.11790668235705601,0.040515810500006,0.069762152763158,1,3,F-O-V,"V,O,F",mp-778369,mp-777267,"mp-778369,mp-777267",More than one working ion per transition metal
BAT_02000,Li0-11V6O5F19,V6O5F19,V6O5F19,Li11V6O5F19,Li,3.6940999224242432,358.23600960021156,1085.3975077948703,1323.3596152737118,4009.566849344497,0.033625741354330003,0.025692114083339,0.074267917530493,2,3,F-O-V,"V,O,F",mp-849412,mp-777270,"mp-849412,mp-780936,mp-777270",More than one working ion per transition metal
BAT_02001,Li0-11V6O5F19,V6O5F19,V6O5F19,Li11V6O5F19,Li,3.684919686969697,358.23600960021145,1085.5905001039862,1320.0709243572844,4000.3138058204577,0.023612094660076,0.028052703750006003,0.0784581682622,1,3,F-O-V,"V,O,F",mp-777793,mp-779345,"mp-777793,mp-779345",More than one working ion per transition metal
BAT_02002,Li0-4V3OF11,V3OF11,V3OF11,Li4V3OF11,Li,3.781374412083331,264.3337425765837,769.7482948275266,999.5448504293158,2910.7065058055855,0.11118539716918201,0.010382913166673,0.078707006184211,2,3,F-O-V,"V,O,F",mp-777723,mp-1177195,"mp-777723,mp-850742,mp-1177195",More than one working ion per transition metal
BAT_02003,Li0-1V4OF11,V4OF11,V4OF11,LiV4OF11,Li,2.5726056683333423,61.51518923605388,206.49489190056494,158.25432451727045,531.2299293852742,0.007627120263945001,0.0016406667708330001,0.06240659279412201,1,3,F-O-V,"V,O,F",mp-1101212,mp-777832,"mp-1101212,mp-777832",
BAT_02004,Li0-1V3OF11,V3OF11,V3OF11,LiV3OF11,Li,4.105842908333334,69.65995263211349,200.8120836708783,286.01282250939914,824.5028696477158,0.032059433388926,0.033240255833339005,0.058966041757815,1,3,F-O-V,"V,O,F",mp-1101185,mp-777575,"mp-1101185,mp-777575",
BAT_02005,Li0-11V6O5F19,V6O5F19,V6O5F19,Li11V6O5F19,Li,3.675043085151513,358.23600960021156,1078.588037796121,1316.5327699335287,3963.8575100297735,0.07514890138718401,0.03044272008334,0.082856780701225,2,3,F-O-V,"V,O,F",mp-780624,mp-777521,"mp-780624,mp-777783,mp-777521",More than one working ion per transition metal
BAT_02006,Li0-3V4(OF3)3,V4(OF3)3,V4(OF3)3,Li3V4(OF3)3,Li,3.004427062499994,181.26548385213374,606.972466287464,544.5989251825063,1823.6045039064225,0.031682017469994,0.007815266874999,0.090304428848686,1,3,F-O-V,"V,O,F",mp-850332,mp-778208,"mp-850332,mp-778208",
BAT_02007,Li0-3V4(OF3)3,V4(OF3)3,V4(OF3)3,Li3V4(OF3)3,Li,2.9457897800000032,181.26548385213374,610.4680476478902,533.9700097983712,1798.3105357777097,0.025146770665840004,0.00511845,0.09729194345394701,1,3,F-O-V,"V,O,F",mp-777880,mp-779062,"mp-777880,mp-779062",
BAT_02008,Li0-1V4OF11,V4OF11,V4OF11,LiV4OF11,Li,2.814120238333321,61.51518923605388,206.3511834815881,173.1111389940833,580.6970416395695,0.005331450076595,0.002261833020832,0.048784480441182006,1,3,F-O-V,"V,O,F",mp-779609,mp-777854,"mp-779609,mp-777854",
BAT_02009,Li0-1V3OF11,V3OF11,V3OF11,LiV3OF11,Li,4.290585468333337,69.65995263211349,199.7982337571909,298.88198048813473,857.2513983572705,0.068077460002613,0.040603688500007,0.054322849882815,1,3,F-O-V,"V,O,F",mp-759668,mp-1176554,"mp-759668,mp-1176554",
BAT_02010,Li0-5V6O5F19,V6O5F19,V6O5F19,Li5V6O5F19,Li,4.327268909333337,171.5139666082915,492.6524723157514,742.1870552204958,2131.8397265581534,0.059258155803604,0.030633829750006003,0.039616781325404006,1,3,F-O-V,"V,O,F",mp-777859,mp-1177029,"mp-777859,mp-1177029",
BAT_02011,Li0-3V4(OF3)3,V4(OF3)3,V4(OF3)3,Li3V4(OF3)3,Li,2.950748483333328,181.26548385213374,613.9334983731513,534.8688515573655,1811.5633391921006,0.015974815452426003,0.002004441562499,0.093886667401316,1,3,F-O-V,"V,O,F",mp-778865,mp-778106,"mp-778865,mp-778106",
BAT_02012,Li0-1V2OF5,V2OF5,V2OF5,LiV2OF5,Li,2.9648002733333363,121.92721344604827,406.79267953018496,361.48983575161594,1206.0590474610926,0.014091699682800002,0.002853435104166,0.073921587222221,1,3,F-O-V,"V,O,F",mp-780763,mp-779058,"mp-780763,mp-779058",
BAT_02013,Li0-1V2OF7,V2OF7,V2OF7,LiV2OF7,Li,4.522259203333339,103.9573721364573,262.0823638927808,470.12218289844276,1185.204382145485,0.021291149010871,0.08849879424999901,0.083038588920454,1,3,F-O-V,"V,O,F",mp-759705,mp-764752,"mp-759705,mp-764752",
BAT_02014,Li0-1V4OF11,V4OF11,V4OF11,LiV4OF11,Li,2.726724448333333,61.51518923605388,203.6281878580553,167.7349704337996,555.2379582023722,0.007057844925894001,0.001907192083333,0.053591629558829006,1,3,F-O-V,"V,O,F",mp-779347,mp-849737,"mp-779347,mp-849737",
BAT_02015,Li0-1V2(OF)3,V2(OF)3,V2(OF)3,LiV2(OF)3,Li,3.344198996666673,125.34751588050243,426.40338021369087,419.1870368422362,1425.977756285903,0.004274725159654,0.014423404097204,0.088285540833325,1,3,F-O-V,"V,O,F",mp-1101234,mp-779071,"mp-1101234,mp-779071",
BAT_02016,Li0-1V4OF11,V4OF11,V4OF11,LiV4OF11,Li,2.991115358333336,61.51518923605388,202.79350932141375,183.99902729474226,606.5787803015952,0.0038393698757110003,0.0020687545833330003,0.038191281911769,1,3,F-O-V,"V,O,F",mp-781049,mp-779753,"mp-781049,mp-779753",
BAT_02017,Li0-1VOF3,VOF3,VOF3,LiVOF3,Li,4.461479440833334,204.7835654934413,659.016148688467,913.637667269535,2940.1869985507587,0.035259607637902,0.047819652000000004,0.017933097916661003,1,3,F-O-V,"V,O,F",mp-759725,mp-764760,"mp-759725,mp-764760",
BAT_02018,Li0-3V4(OF3)3,V4(OF3)3,V4(OF3)3,Li3V4(OF3)3,Li,2.960397039999994,181.26548385213374,611.3822055111243,536.6178018500234,1809.9340715038004,0.017107569725874003,0.0006764512500000001,0.091244903453948,1,3,F-O-V,"V,O,F",mp-779309,mp-849712,"mp-779309,mp-849712",
BAT_02019,Li2-3VO3F,VO3F,Li2VO3F,Li3VO3F,Li,3.038589350833331,193.14837175036163,615.2872952147851,586.8985855314463,1869.6054229426902,0.020901850367535002,0.08339574250000101,0.050968988750000006,1,3,F-O-V,"V,O,F",mp-759788,mp-758195,"mp-759788,mp-758195",More than one working ion per transition metal
BAT_02020,Li0-1V2(OF)3,V2(OF)3,V2(OF)3,LiV2(OF)3,Li,3.326765216666662,125.34751588050243,428.83381435108475,417.00175582682755,1426.6294173136778,0.018844240809373,0.018756759930536,0.094074499351844,1,3,F-O-V,"V,O,F",mp-850989,mp-782821,"mp-850989,mp-782821",
BAT_02021,Li0-4V4(OF3)3,V4(OF3)3,V4(OF3)3,Li4V4(OF3)3,Li,13.083748875833335,237.96367109753763,808.5320437440698,3113.4569142115815,10578.630218411703,0.025997948323461,4.7857658600000015,1.8532935633124972,2,3,F-O-V,"V,O,F",mp-861804,mp-801838,"mp-861804,mp-805821,mp-801838",
BAT_02022,Li0-1V2OF5,V2OF5,V2OF5,LiV2OF5,Li,3.500136470000005,121.92721344604826,441.24040835911245,426.7618864679886,1544.4016453354247,0.033655065160816004,0.052043649166666005,0.058164422314813,1,3,F-O-V,"V,O,F",mp-764357,mp-760019,"mp-764357,mp-759739,mp-760019",
BAT_02023,Li0-11V6O5F19,V6O5F19,V6O5F19,Li11V6O5F19,Li,3.701609544242422,358.23600960021156,1082.7102936134886,1326.0498322274632,4007.770756489205,0.029291302430083002,0.022531713750006,0.069940652896347,2,3,F-O-V,"V,O,F",mp-780444,mp-849591,"mp-780444,mp-1177030,mp-849591",More than one working ion per transition metal
BAT_02024,Li0-1V3OF11,V3OF11,V3OF11,LiV3OF11,Li,5.628901943333337,69.65995263211349,197.6014737950175,392.1090427434118,1112.2793198503055,0.029678304453389003,0.6578645218333411,0.549360101445316,1,3,F-O-V,"V,O,F",mp-801665,mp-863350,"mp-801665,mp-863350",
BAT_02025,Li1-2VOF4,VOF4,LiVOF4,Li2VOF4,Li,4.500772758333331,170.9098147052017,462.71081594857316,769.2262381569692,2082.556235407526,0.015064685455187,0.04068230904761801,0.0,1,3,F-O-V,"V,O,F",mp-850188,mp-780857,"mp-850188,mp-780857",More than one working ion per transition metal
BAT_02026,Li0-1V4O5F7,V4O5F7,V4O5F7,LiV4O5F7,Li,3.411820933333335,63.25686848681411,212.4887970158502,215.8211080804262,724.9737257574957,0.020075111943718003,0.003995105625,0.041247465081700005,1,3,F-O-V,"V,O,F",mp-2214552,mp-779059,"mp-2214552,mp-759807,mp-779059",
BAT_02027,Li0-1V4O5F7,V4O5F7,V4O5F7,LiV4O5F7,Li,2.410235713333333,63.25686848681411,213.21072274736844,152.46396354054926,513.888098431319,0.012103253485541001,4.195844410624999,4.045434176846405,1,3,F-O-V,"V,O,F",mp-856175,mp-807948,"mp-856175,mp-807948",
BAT_02028,Li0-1V3OF11,V3OF11,V3OF11,LiV3OF11,Li,4.063836243333331,69.65995263211349,198.4290643681331,283.0866402152659,806.3832235099419,0.07784710956969501,0.04098045383334,0.068847893945315,1,3,F-O-V,"V,O,F",mp-849451,mp-1176563,"mp-849451,mp-1176563",
BAT_02029,Li0-1V2OF5,V2OF5,V2OF5,LiV2OF5,Li,3.393185218333333,121.92721344604827,429.619185020541,413.72161837770426,1457.7774681241133,0.0011475968451460001,0.054412935104166005,0.07215392666666501,1,3,F-O-V,"V,O,F",mp-759829,mp-861457,"mp-759829,mp-861457",
BAT_02030,Li0-3V4(OF3)3,V4(OF3)3,V4(OF3)3,Li3V4(OF3)3,Li,2.928905796666663,181.26548385213374,610.0882325281755,530.909526390102,1786.8909607298924,0.040917162001776,0.017772435624999,0.110613823453948,1,3,F-O-V,"V,O,F",mp-1101199,mp-850774,"mp-1101199,mp-850774",
BAT_02031,Li0-1V4O5F7,V4O5F7,V4O5F7,LiV4O5F7,Li,3.376796693333323,63.25686848681411,214.04423194758814,213.60558433689476,722.7838546676865,0.011535751286039,0.010790581250025001,0.049703456258170006,1,3,F-O-V,"V,O,F",mp-755719,mp-776429,"mp-755719,mp-776429",
BAT_02032,Li0-1V6O7F5,V6O7F5,V6O7F5,LiV6O7F5,Li,1.986113113333322,51.58318989000849,209.0694322578949,102.45004986810872,415.2355410045578,0.038908318521162,0.037817736666665006,0.10060697950658301,1,3,F-O-V,"V,O,F",mp-755268,mp-776385,"mp-755268,mp-776385",
BAT_02033,Li0-1Rb2VF6,Rb2VF6,Rb2VF6,Rb2LiVF6,Li,3.268977223333334,78.18207437758417,306.4399303966459,255.57542041327534,1001.7451527864878,0.12521650745981902,0.0,0.0036112955000030004,1,3,F-Rb-V,"Rb,V,F",mp-1209267,mp-1113694,"mp-1209267,mp-1113694",
BAT_02034,Li1-3SbF6,SbF6,LiSbF6,Li3SbF6,Li,1.7060240933333342,208.9186107347467,615.6589098128109,356.42018345920604,1050.3289334159897,0.278806009946856,0.0,0.340602111875,1,2,F-Sb,"Sb,F",mp-3980,mp-1110577,"mp-3980,mp-1110577",Transition metal not found
BAT_02035,Li1.12-2.75VF6,VF6,Li9V8F48,Li11V4F24,Li,4.280503367179488,236.67256359363313,653.3013492965218,1013.0777053815482,2796.4586254466644,0.012466425293904002,0.04890425292307601,0.028562153974358004,2,2,F-V,"V,F",mp-1176824,mp-760823,"mp-1176824,mp-1177797,mp-760823",More than one working ion per transition metal
BAT_02036,Li0-1V3F10,V3F10,V3F10,LiV3F10,Li,3.938468448333329,76.63049895192967,230.62141519720683,301.8068023022152,908.2951672641796,0.065777141474073,0.072272473461538,0.092024814642869,1,2,F-V,"V,F",mp-1101191,mp-752482,"mp-1101191,mp-765637,mp-752482",
BAT_02037,Li0-2VF4,VF4,VF4,Li2VF4,Li,3.300219583333334,380.65659226275363,1127.0626777099226,1256.250340310472,3719.5543206223933,0.062324084231330006,0.041352465000000005,0.033212409999999006,2,2,F-V,"V,F",mp-752887,mp-752499,"mp-752887,mp-767699,mp-752499",More than one working ion per transition metal
BAT_02038,Li2-4VF7,VF7,Li2VF7,Li4VF7,Li,4.628506113333334,253.2092579669854,587.0563514628298,1171.9805984527893,2717.19391161687,0.010918696406752,0.105612327000001,0.012621105416672001,2,2,F-V,"V,F",mp-757151,mp-753113,"mp-757151,mp-759421,mp-753113",More than one working ion per transition metal
BAT_02039,Li1-2VF6,VF6,LiVF6,Li2VF6,Li,4.278420943333335,149.88475877757,353.76911398992837,641.2700910404203,1513.5731863989874,0.027912847883494,0.049906925000000005,0.078044052222223,1,2,F-V,"V,F",mp-753694,mp-752779,"mp-753694,mp-752779",More than one working ion per transition metal
BAT_02040,Li0-2VF5,VF5,VF5,Li2VF5,Li,4.587971613333331,335.40524494960664,985.238006220814,1538.8297427919078,4520.244004918222,0.010795832500496,0.057544122083332004,0.0072670665625130006,1,2,F-V,"V,F",mp-752600,mp-754000,"mp-752600,mp-754000",More than one working ion per transition metal
BAT_02041,Li0-2VF4,VF4,VF4,Li2VF4,Li,3.347107588333334,380.65659226275363,1105.3095303953744,1274.0985685117707,3699.589916643512,0.131498752245422,0.045171207000000005,0.022543509999999,2,2,F-V,"V,F",mp-753759,mp-753053,"mp-753759,mp-754721,mp-753568,mp-753053,mp-759858",More than one working ion per transition metal
BAT_02042,Li0-1VF5,VF5,VF5,LiVF5,Li,4.873892218333336,175.31686671285286,532.158759314402,854.4755124143562,2593.6844359403867,0.03600003368013,0.081696299583334,0.068010521785711,1,2,F-V,"V,F",mp-752912,mp-765781,"mp-752912,mp-765781",
BAT_02043,Li0-1.5VF4,VF4,VF4,Li3V2F8,Li,3.52792048,292.7063208802033,845.8988421171507,1032.6446240587209,2984.2638491133825,0.086528408982183,0.040767922499999006,0.067654646153847,2,2,F-V,"V,F",mp-863400,mp-752901,"mp-863400,mp-757195,mp-752901",More than one working ion per transition metal
BAT_02044,Li0-1VF5,VF5,VF5,LiVF5,Li,4.558441795833336,175.31686671285286,421.6252237821397,799.1717327384106,1921.9540422660891,0.034107974616455004,0.0038677533333340004,0.04636468535714,1,2,F-V,"V,F",mp-752907,mp-765480,"mp-752907,mp-765480",
BAT_02045,Li0-1VF3,VF3,VF3,LiVF3,Li,2.302313145833328,233.30445252334565,776.075483387261,537.1399080259463,1786.7687875614458,0.10087633188439801,0.009434196249999001,0.035791298499996,1,2,F-V,"V,F",mp-759097,mp-752911,"mp-759097,mp-752911",
BAT_02046,Li1-2V2F7,V2F7,LiV2F7,Li2V2F7,Li,2.2972278533333292,107.74299219517799,339.38193208230916,247.51020267223842,779.6376272975609,0.043352165950566006,0.088965341499999,0.101804920000001,1,2,F-V,"V,F",mp-767641,mp-753073,"mp-767641,mp-753073",
BAT_02047,Li0-1VF5,VF5,VF5,LiVF5,Li,4.625774213333327,175.31686671285286,438.5131520053833,810.9762412027106,2028.4628307540195,0.073262355318734,0.0068134491666660005,0.039270650714284004,1,2,F-V,"V,F",mp-765621,mp-753289,"mp-765621,mp-753289",
BAT_02048,Li1-3VF6,VF6,LiVF6,Li3VF6,Li,4.332639462500002,288.5681979329664,808.7285488570666,1250.261961986882,3503.9292252284877,0.014636263300185002,0.039117087916666,0.0,2,2,F-V,"V,F",mp-759960,mp-21633,"mp-759960,mp-1177787,mp-764375,mp-1177791,mp-1177790,mp-760140,mp-21633",More than one working ion per transition metal
BAT_02049,Li1-2VF6,VF6,LiVF6,Li2VF6,Li,4.372935763333335,149.88475877757,312.4914826436029,655.4364220370259,1366.5051801892694,0.043281419902761006,0.059113728749999005,0.075726231111111,1,2,F-V,"V,F",mp-753212,mp-759839,"mp-753212,mp-759839",More than one working ion per transition metal
BAT_02050,Li0-2V2F7,V2F7,V2F7,Li2V2F7,Li,2.7961834083333352,215.48598439035598,632.017405383157,602.5383342806895,1767.2365827102672,0.025581792896494003,0.002106136666667,0.11284460636363601,2,2,F-V,"V,F",mp-759957,mp-753335,"mp-759957,mp-756996,mp-753335",
BAT_02051,Li5-6VF8,VF8,Li5VF8,Li6VF8,Li,2.129598203333334,109.58401805261553,300.48406092926615,233.36992795889776,639.9103162852695,0.0016764188401210002,0.055627510357142,0.056394783333334,1,2,F-V,"V,F",mp-753236,mp-765804,"mp-753236,mp-765804",More than one working ion per transition metal
BAT_02052,Li1-4VF6,VF6,LiVF6,Li4VF6,Li,3.433147001666666,417.2607482810237,1161.8837819265868,1432.517486874186,3988.917822206388,0.08902100987906701,0.045685629999999006,0.055920096818180005,3,2,F-V,"V,F",mp-753599,mp-857358,"mp-753599,mp-767649,mp-767631,mp-857358",More than one working ion per transition metal
BAT_02053,Li3-5VF8,VF8,Li3VF8,Li5VF8,Li,4.425258018333335,225.56967516031648,599.7830814819256,998.2040136960362,2654.1948905885674,0.100558030552072,0.096429356666668,0.047069890357143006,2,2,F-V,"V,F",mp-753533,mp-765894,"mp-753533,mp-753340,mp-765894",More than one working ion per transition metal
BAT_02054,Li1-3VF6,VF6,LiVF6,Li3VF6,Li,4.043736850833331,288.5681979329664,844.5686733894788,1166.8938559601029,3415.2134676444552,0.024923386305216,0.006034958124999001,0.031314818499989,2,2,F-V,"V,F",mp-753604,mp-753390,"mp-753604,mp-753597,mp-753390",More than one working ion per transition metal
BAT_02055,Li1-3VF6,VF6,LiVF6,Li3VF6,Li,2.703357988333334,288.5681979329664,758.4179295356533,780.1031430610396,2050.2751683054366,0.052219369535501006,0.0,0.29456262449998905,1,2,F-V,"V,F",mp-2710677,mp-1111067,"mp-2710677,mp-753571,mp-1111067",More than one working ion per transition metal
BAT_02056,Li1-2VF4,VF4,LiVF4,Li2VF4,Li,2.402084283333335,190.32829613137682,568.0794695428623,457.184608810793,1364.5747654732475,0.006091666999104001,0.082772888333333,0.06192043714285501,1,2,F-V,"V,F",mp-753373,mp-760339,"mp-753373,mp-760339",More than one working ion per transition metal
BAT_02057,Li0-1VF5,VF5,VF5,LiVF5,Li,4.35258805083333,175.31686671285286,467.4314196752618,763.082099163903,2034.5364118626042,0.07173244488368201,0.009305137500000001,0.08043297821428301,1,2,F-V,"V,F",mp-753449,mp-759186,"mp-753449,mp-759186",
BAT_02058,Li1-2VF6,VF6,LiVF6,Li2VF6,Li,4.793945038333338,149.88475877757,443.1880877259618,718.539295663521,2124.619334202315,0.035031469357975,0.026547878125,0.0,1,2,F-V,"V,F",mp-753573,mp-753861,"mp-753573,mp-753861",More than one working ion per transition metal
BAT_02059,Li1-2VF6,VF6,LiVF6,Li2VF6,Li,4.201744988333336,149.88475877757,350.6880505052258,629.7775340212057,1473.5017586787203,0.008863226315826,0.028679862499999,0.067695102777777,1,2,F-V,"V,F",mp-753567,mp-767692,"mp-753567,mp-767692",More than one working ion per transition metal
BAT_02060,Li0-2VF5,VF5,VF5,Li2VF5,Li,4.260173568333333,335.40524494960664,894.5835629654825,1428.8845592146815,3811.081249611007,0.071769866727539,0.0,0.046058486250013006,2,2,F-V,"V,F",mp-27309,mp-1177798,"mp-27309,mp-760803,mp-760330,mp-1177798",More than one working ion per transition metal
BAT_02061,Li0-1VF3,VF3,VF3,LiVF3,Li,2.350988858333328,233.30445252334565,760.935334803196,548.4961684819425,1788.9504940344546,0.055139315568536004,0.0,0.018508798999996003,1,2,F-V,"V,F",mp-559931,mp-752764,"mp-559931,mp-1178903,mp-752764",
BAT_02062,Li1-3VF6,VF6,LiVF6,Li3VF6,Li,3.854477983333333,288.5681979329664,832.6381970278449,1112.2797656227945,3209.38559852619,0.119756872066596,0.02725255,0.086140665499989,2,2,F-V,"V,F",mp-757163,mp-765499,"mp-757163,mp-753667,mp-765499",More than one working ion per transition metal
BAT_02063,Li1-2VF6,VF6,LiVF6,Li2VF6,Li,4.384454303333332,149.88475877757,392.4168646938324,657.1628756263952,1720.5338111074475,0.027484500520721003,0.023942211249999002,0.043182822222222,1,2,F-V,"V,F",mp-753628,mp-859136,"mp-753628,mp-859136",More than one working ion per transition metal
BAT_02064,Li0-1VF5,VF5,VF5,LiVF5,Li,4.711835235833331,175.31686671285286,478.4374974939631,826.0641900135157,2254.3186588359767,0.018429170381733,0.013976630416666,0.033116088571426006,1,2,F-V,"V,F",mp-765600,mp-753782,"mp-765600,mp-753782",
BAT_02065,Li0-2VF4,VF4,VF4,Li2VF4,Li,3.175471751458333,380.65659226275363,1070.4085246273746,1208.7642557367667,3399.0520324744193,0.243800283051737,0.054853659999999006,0.078498358392856,2,2,F-V,"V,F",mp-759937,mp-760827,"mp-759937,mp-755801,mp-759977,mp-760827",More than one working ion per transition metal
BAT_02066,Li0-1VF5,VF5,VF5,LiVF5,Li,4.916328983333334,175.31686671285286,531.6098749409766,861.9153930875855,2613.5690359985324,0.019559488703573002,0.08386159083333301,0.063804090714283,1,2,F-V,"V,F",mp-757854,mp-849361,"mp-757854,mp-849361",
BAT_02067,Li0-1VF5,VF5,VF5,LiVF5,Li,5.067682328333331,175.31686671285286,485.42489458402054,888.4501872994944,2459.979160016511,0.07307982365014401,0.037283077083333005,0.0022577439285680003,1,2,F-V,"V,F",mp-757128,mp-761275,"mp-757128,mp-1443442,mp-761275",
BAT_02068,Li0-1VF5,VF5,VF5,LiVF5,Li,4.551242648333333,175.31686671285286,420.7332137687097,797.9096007557064,1914.8589460744965,0.048104624699625,0.030645974583332004,0.07034589607142501,1,2,F-V,"V,F",mp-756640,mp-759035,"mp-756640,mp-759035",
BAT_02069,Li0-1VF5,VF5,VF5,LiVF5,Li,4.306923195833332,175.31686671285286,461.04420575824724,755.0762798664066,1985.6819840847506,0.028622866868644,0.009726022916666001,0.08731728785714,1,2,F-V,"V,F",mp-758214,mp-758646,"mp-758214,mp-758646",
BAT_02070,Li1-2VF4,VF4,LiVF4,Li2VF4,Li,2.309755798333332,190.32829613137682,530.4136352472455,439.6118855763511,1225.1259695273861,0.063589830226341,0.07627017166666601,0.06953646357142701,1,2,F-V,"V,F",mp-767617,mp-758181,"mp-767617,mp-758181",More than one working ion per transition metal
BAT_02071,Li0-3VF5,VF5,VF5,Li3VF5,Li,3.5864005633333322,482.1667264629809,1260.0543640593287,1729.2430194074232,4519.059681092999,0.12200007912252,0.033779343749999004,0.066677978888889,3,2,F-V,"V,F",mp-765624,mp-758670,"mp-765624,mp-766954,mp-766925,mp-767605,mp-760146,mp-758670,mp-758694",More than one working ion per transition metal
BAT_02072,Li1-3VF6,VF6,LiVF6,Li3VF6,Li,4.245166073333334,288.5681979329664,828.4093536896484,1225.0199237079676,3516.73528311529,0.019664494746099003,0.026111789999999004,0.007090439499989,2,2,F-V,"V,F",mp-760202,mp-759464,"mp-760202,mp-760329,mp-759511,mp-759464",More than one working ion per transition metal
BAT_02073,Li0-3VF5,VF5,VF5,Li3VF5,Li,3.567569179166665,482.1667264629809,1246.8325189183442,1720.1631525490145,4448.161266075823,0.052982285065071,0.036282365416666004,0.074623788055556,3,2,F-V,"V,F",mp-1101210,mp-759184,"mp-1101210,mp-767672,mp-767661,mp-759184",More than one working ion per transition metal
BAT_02074,Li0-2VF4,VF4,VF4,Li2VF4,Li,3.2563135475,380.65659226275363,1007.0394314014446,1239.5372183303884,3279.2361433392216,0.196284223457373,0.046219142666665006,0.049233189999998005,2,2,F-V,"V,F",mp-765724,mp-759217,"mp-765724,mp-759816,mp-759217",More than one working ion per transition metal
BAT_02075,Li1-2V2F7,V2F7,LiV2F7,Li2V2F7,Li,2.6684367033333323,107.74299219517799,310.3083173206412,287.50535490056967,828.0381032880052,0.007785739059530001,0.0641902265,0.045535829090909,1,2,F-V,"V,F",mp-759851,mp-760262,"mp-759851,mp-760262",
BAT_02076,Li1-1.5VF6,VF6,LiVF6,Li3V2F12,Li,4.623386763333333,76.42568300437219,159.4256455465636,353.3454911811237,737.086419355854,0.018464372933739003,0.025942391093749,0.02195608867647,1,2,F-V,"V,F",mp-760194,mp-760783,"mp-760194,mp-760783",More than one working ion per transition metal
BAT_02077,Li0-1V6F13,V6F13,V6F13,LiV6F13,Li,2.17403118833332,47.89663039506833,156.48098738824092,104.12876829495225,340.1945469632288,0.030561662247989,0.07660523078947101,0.086250052500002,1,2,F-V,"V,F",mp-760168,mp-760005,"mp-760168,mp-760005",
BAT_02078,Li0-3VF5,VF5,VF5,Li3VF5,Li,3.581036401666667,482.1667264629809,1258.8193983383958,1726.656599136389,4507.878088573928,0.13688991945522,0.009688932916667,0.052405758888889,3,2,F-V,"V,F",mp-764959,mp-860790,"mp-764959,mp-767609,mp-759539,mp-860790",More than one working ion per transition metal
BAT_02079,Li0-1VF5,VF5,VF5,LiVF5,Li,4.589655722083326,175.31686671285286,497.7556242588255,804.6440604863649,2284.5269490786764,0.020411286701492,0.012864522916665,0.049617069821426,1,2,F-V,"V,F",mp-760320,mp-760031,"mp-760320,mp-760031",
BAT_02080,Li0-2VF4,VF4,VF4,Li2VF4,Li,3.297042695833334,380.65659226275363,1089.9234485878133,1255.0410371407195,3593.5241451839283,0.10946993574814201,0.044573431999999004,0.036420782857142,1,2,F-V,"V,F",mp-759972,mp-777448,"mp-759972,mp-1101190,mp-777448,mp-1177792",More than one working ion per transition metal
BAT_02081,Li1-2V2F7,V2F7,LiV2F7,Li2V2F7,Li,2.340058373333325,107.74299219517799,349.98224909411755,252.12489105431334,818.9788925107193,0.07709556224863501,0.081761507749999,0.09136229659091001,1,2,F-V,"V,F",mp-759752,mp-849541,"mp-759752,mp-849541",
BAT_02082,Li0-1VF5,VF5,VF5,LiVF5,Li,4.68927737333333,175.31686671285286,463.5196846793617,822.1094162402762,2173.572369461531,0.016625853147931,0.005471208541666,0.029048278749997002,1,2,F-V,"V,F",mp-760312,mp-759086,"mp-760312,mp-759086",
BAT_02083,Li0-1V5F11,V5F11,V5F11,LiV5F11,Li,2.349577605833336,56.94798012794101,177.83605944778256,133.80369880605204,417.83962278815585,0.004869153243270001,0.07546818578125,0.07655566000000201,1,2,F-V,"V,F",mp-760030,mp-759570,"mp-760030,mp-759570",
BAT_02084,Li0-1VF4,VF4,VF4,LiVF4,Li,3.923305307083336,200.196140930706,513.4865887388445,785.4305821710425,2014.5646587152273,0.08913275221470601,0.019531000999999,0.07693723270833201,1,2,F-V,"V,F",mp-759340,mp-760794,"mp-759340,mp-760794",
BAT_02085,Li0-1VF4,VF4,VF4,LiVF4,Li,4.339818750833335,200.196140930706,622.5537699380886,868.8149662555509,2701.770524179299,0.018322008725112002,0.024513009999999003,0.011669999583332001,1,2,F-V,"V,F",mp-850937,mp-765497,"mp-850937,mp-765497",
BAT_02086,Li1-1.5VF6,VF6,LiVF6,Li3V2F12,Li,3.654544198333329,76.42568300437219,153.8762544421826,279.3010364272906,562.3475729329418,0.017717217429986002,0.052302164374999,0.10375602617647,1,2,F-V,"V,F",mp-761168,mp-765467,"mp-761168,mp-765467",More than one working ion per transition metal
BAT_02087,Li0-2VF5,VF5,VF5,Li2VF5,Li,4.418341634583329,335.40524494960664,1000.8432708090778,1481.9349582184668,4422.067493108306,0.042125422528525004,0.081842117916665,0.06789805812501301,2,2,F-V,"V,F",mp-765646,mp-863384,"mp-765646,mp-767589,mp-863384",More than one working ion per transition metal
BAT_02088,Li0-1VF5,VF5,VF5,LiVF5,Li,4.638056219583331,175.31686671285286,458.51855120415155,813.129484055409,2126.634818206753,0.006561201135808,0.006735012708332,0.037448847142854,1,2,F-V,"V,F",mp-760250,mp-760294,"mp-760250,mp-760294",
BAT_02089,Li0-1V3F10,V3F10,V3F10,LiV3F10,Li,4.477156073333337,76.63049895192967,237.49064088480117,343.0867037851959,1063.282665197214,0.036647888225633,0.10799539692307701,0.086718413214297,1,2,F-V,"V,F",mp-768262,mp-765496,"mp-768262,mp-765496",
BAT_02090,Li0-1VF4,VF4,VF4,LiVF4,Li,3.8857354683333343,200.196140930706,554.8379869265792,777.9092454379032,2155.953644979276,0.04217998673771901,0.008757411749999,0.074220881458333,1,2,F-V,"V,F",mp-760249,mp-1176534,"mp-760249,mp-1176534,mp-760807",
BAT_02091,Li1-2V2F7,V2F7,LiV2F7,Li2V2F7,Li,2.7571460283333282,107.74299219517799,300.60756031583435,297.0631630116838,828.8189410117741,0.004546696183655,0.07952068200000001,0.051408122727274005,1,2,F-V,"V,F",mp-767706,mp-766139,"mp-767706,mp-766139,mp-753952",
BAT_02092,Li0-0.5VF3,VF3,VF3,LiV2F6,Li,2.985206258333325,120.28611631865112,413.68359820598096,359.07886722504765,1234.9308663343431,0.004544585942742,0.051424295,0.0,1,2,F-V,"V,F",mp-765663,mp-559701,"mp-765663,mp-559701",
BAT_02093,Li0-4V2F9,V2F9,V2F9,Li4V2F9,Li,3.936393839583332,356.60109486244687,1102.8232952503197,1403.7223530052072,4341.1468255723485,0.029602446299475,0.065015927045452,0.037043745333329006,3,2,F-V,"V,F",mp-1101228,mp-863369,"mp-1101228,mp-1101229,mp-767723,mp-767772,mp-863369",More than one working ion per transition metal
BAT_02094,Li0-1WF6,WF6,WF6,LiWF6,Li,3.604207023333335,87.9396145994122,370.3551982685332,316.9525765684281,1334.836806727457,0.016552787933756002,0.0,0.0,1,2,F-W,"W,F",mp-555003,mp-759647,"mp-555003,mp-759647",
BAT_02095,Li2-4Fe2P4H3O16,Fe2P4H3O16,Li2Fe2P4H3O16,Li4Fe2P4H3O16,Li,4.275043868333332,102.6162549598104,289.6519202700169,438.6889915572673,1238.2746657013108,0.03655137997279,0.062010755787037006,0.021426870258626003,1,4,Fe-H-O-P,"Fe,P,H,O",mp-752522,mp-1177422,"mp-752522,mp-1177422",More than one working ion per transition metal
BAT_02096,Li0-3VFeP2(HO5)2,VFeP2(HO5)2,VFeP2(HO5)2,Li3VFeP2(HO5)2,Li,2.833137093333329,228.70310749185785,682.7757654483713,647.9472571957821,1934.3973475208375,0.08686572346471201,0.054678737656249005,0.138857028618412,3,5,Fe-H-O-P-V,"V,Fe,P,H,O",mp-753646,mp-759083,"mp-753646,mp-765988,mp-760043,mp-1177767,mp-759083",More than one working ion per transition metal
BAT_02097,Li0-0.5La2GaFeO6,La2GaFeO6,La2GaFeO6,LiLa4Ga2(FeO6)2,Li,-0.228362461666672,26.64979901729314,169.21774835803086,-6.085813706511129,-38.642981572731436,0.063879330705065,0.019171278321413,0.135645390545636,1,4,Fe-Ga-La-O,"La,Ga,Fe,O",mp-1223350,mp-1235609,"mp-1223350,mp-1235609,mp-1235621,mp-1235627",
BAT_02098,Li0-2FePHO5,FePHO5,FePHO5,Li2FePHO5,Li,3.740409138333335,294.99879035566966,893.9214648036278,1103.4161712436264,3343.6320159038105,0.10562799721148301,0.10060864250000001,0.046805965124999,2,4,Fe-H-O-P,"Fe,P,H,O",mp-757067,mp-1638898,"mp-757067,mp-756507,mp-705884,mp-1638898,mp-756776",More than one working ion per transition metal
BAT_02099,Li3-4VF6,VF6,Li3VF6,Li4VF6,Li,0.8973682083333301,139.08691609367455,329.2388554611039,124.81217669758901,295.4484818388472,0.027277063794923003,0.07133980199999,0.18297860181818001,1,2,F-V,"V,F",mp-767671,mp-859116,"mp-767671,mp-859116",More than one working ion per transition metal
BAT_02100,Li1-3VF6,VF6,LiVF6,Li3VF6,Li,4.212237958333334,288.5681979329664,797.3604318201006,1215.5179169010878,3358.671877385686,0.005251741075092,0.052534470624999004,0.034814206999989,1,2,F-V,"V,F",mp-1176528,mp-777681,"mp-1176528,mp-777681",More than one working ion per transition metal
BAT_02101,Li1-2FeP2HO8,FeP2HO8,LiFeP2HO8,Li2FeP2HO8,Li,5.147194610833329,102.81464370251489,306.2232485738803,529.2069799803335,1576.1906547713515,0.0021517648529720003,0.07261908913461601,0.0,1,4,Fe-H-O-P,"Fe,P,H,O",mp-758760,mp-766101,"mp-758760,mp-766101",More than one working ion per transition metal
BAT_02102,Li0-1VF4,VF4,VF4,LiVF4,Li,4.253298993333336,200.196140930706,638.1194698262105,851.4940446897905,2714.112898638223,0.023531466414419003,0.0,0.005662450833333,1,2,F-V,"V,F",mp-554799,mp-754895,"mp-554799,mp-759867,mp-754895,mp-759459,mp-752465",
BAT_02103,Li0-1Fe(GeO3)2,Fe(GeO3)2,Fe(GeO3)2,LiFe(GeO3)2,Li,5.02722746333333,88.14467407138761,395.86249905885757,443.12332623824506,1990.0908269724532,0.063835765542646,0.12337094842592401,0.0067124705000000005,1,3,Fe-Ge-O,"Fe,Ge,O",mp-1043501,mp-22173,"mp-1043501,mp-22173,mp-1188169",
BAT_02104,Li0.75-3.25K2FeO4,K2FeO4,K8Li3(FeO4)4,K8Li13(FeO4)4,Li,2.579035872333331,303.7374315224846,817.3346235799161,783.3497316668767,2107.935313912664,0.066523636850572,0.057980940322576,0.07522149843494601,2,3,Fe-K-O,"K,Fe,O",mp-758545,mp-759598,"mp-758545,mp-758588,mp-25219,mp-759352,mp-759002,mp-16955,mp-759598",More than one working ion per transition metal
BAT_02105,Li1-2FeH8(SO6)2,FeH8(SO6)2,LiFeH8(SO6)2,Li2FeH8(SO6)2,Li,3.260944888333346,80.26478591918372,166.5674942029563,261.7390433563325,543.1674187836246,0.04779933066340301,0.034575939010411005,0.05577163559999301,1,4,Fe-H-O-S,"Fe,H,S,O",mp-781672,mp-778185,"mp-781672,mp-778185",More than one working ion per transition metal
BAT_02106,Li0-1FeH12(SO7)2,FeH12(SO7)2,FeH12(SO7)2,LiFeH12(SO7)2,Li,4.103281043333344,73.83269561212266,143.48132458882657,302.9563002834239,588.7441992576904,0.09771550025188101,0.025084183663762003,0.034287986708335,1,4,Fe-H-O-S,"Fe,H,S,O",mp-770576,mp-780157,"mp-770576,mp-780157",
BAT_02107,Li0-3La7(FeO8)2,La7(FeO8)2,La7(FeO8)2,Li3La7(FeO8)2,Li,3.935767320000001,59.08434759673749,361.4006883464411,232.54224439476,1422.389018619428,0.00472077241381,0.11855990152499901,0.046348630848223,1,3,Fe-La-O,"La,Fe,O",mp-770762,mp-756753,"mp-770762,mp-756753",
BAT_02108,Li0-1La4FeO8,La4FeO8,La4FeO8,LiLa4FeO8,Li,3.367874135833323,35.90751681432489,234.4356244689565,120.93199716096495,789.5496761669323,0.024437890309444002,0.086246408028847,0.068128919999994,1,3,Fe-La-O,"La,Fe,O",mp-754261,mp-756904,"mp-754261,mp-756904",
BAT_02109,Li0-0.5LaFeTeO6,LaFeTeO6,LaFeTeO6,LiLa2Fe2(TeO6)2,Li,1.536897748333307,31.76905818904979,175.09959621819573,48.82579399742044,269.1101751618163,0.013617862235558002,0.0,0.059378822368408,1,4,Fe-La-O-Te,"La,Fe,Te,O",mp-1297758,mp-1236767,"mp-1297758,mp-1223010,mp-1236767,mp-1235376",
BAT_02110,Li0-1LuZnFeO4,LuZnFeO4,LuZnFeO4,LiLuZnFeO4,Li,0.846077313333336,72.99681431552897,454.8039701103652,61.76094853797519,384.7993211243129,0.11664255097429801,0.048710571875000004,0.180322571927082,1,4,Fe-Lu-O-Zn,"Lu,Zn,Fe,O",mp-1222267,mp-1235493,"mp-1222267,mp-1235493",
BAT_02111,Li0-1Mg(Fe5O8)2,Mg(Fe5O8)2,Mg(Fe5O8)2,LiMg(Fe5O8)2,Li,2.71874485333331,31.691985522486693,150.0531311227331,86.16242253117446,407.95617796647895,7.962671269257093e-05,0.126312759074065,0.103536737232142,1,3,Fe-Mg-O,"Mg,Fe,O",mp-757008,mp-773699,"mp-757008,mp-773699",
BAT_02112,Li0-4Mn3NbFe2(PO4)6,Mn3NbFe2(PO4)6,Mn3NbFe2(PO4)6,Li4Mn3NbFe2(PO4)6,Li,2.91073086083333,110.8641434224428,362.98245855938853,322.6956836195567,1056.5442440699676,0.055960003415217,0.079636349166674,0.10561497278571101,1,5,Fe-Mn-Nb-O-P,"Mn,Nb,Fe,P,O",mp-776208,mp-1177427,"mp-776208,mp-1177427",
BAT_02113,Li0-4Mn3Nb2Fe3O16,Mn3Nb2Fe3O16,Mn3Nb2Fe3O16,Li4Mn3Nb2Fe3O16,Li,3.918219785833334,133.68717564400603,579.9238284699114,523.8157367205206,2272.2690189870236,0.07798875707278301,0.10606663541666701,0.023918606250004002,1,4,Fe-Mn-Nb-O,"Mn,Nb,Fe,O",mp-755993,mp-770941,"mp-755993,mp-770941",
BAT_02114,Li0-1.5Mn2FeO6,Mn2FeO6,Mn2FeO6,Li3Mn4(FeO6)2,Li,4.523036058333327,147.73222697826438,602.1785279346076,668.1981896005733,2723.6751954023125,0.027156953847646003,0.11455741416666401,0.006135628730138,1,3,Fe-Mn-O,"Mn,Fe,O",mp-752751,mp-769530,"mp-752751,mp-769530",
BAT_02115,Li0.67-2MnFeO4,MnFeO4,Li2Mn3(FeO4)3,Li2MnFeO4,Li,3.352561378333344,189.41379833733657,780.2860611574158,635.0213848291752,2615.956912688202,0.005327884833781001,0.097952212437504,0.030351781562499004,2,3,Fe-Mn-O,"Mn,Fe,O",mp-753998,mp-754607,"mp-753998,mp-1177469,mp-754607",
BAT_02116,Li3-5Mn3(FeO5)2,Mn3(FeO5)2,Li3Mn3(FeO5)2,Li5Mn3(FeO5)2,Li,3.215108283333326,113.757652080833,467.564833164387,365.7431694976368,1503.2715681021855,0.010287474766916,0.088738116111123,0.027606276500005,1,3,Fe-Mn-O,"Mn,Fe,O",mp-753542,mp-757564,"mp-753542,mp-753645,mp-757564",
BAT_02117,Li1-2MnFeO4,MnFeO4,LiMnFeO4,Li2MnFeO4,Li,2.708853593333335,142.06034875300244,583.8647203814069,384.8206861897574,1581.6040458257369,0.025962119028664,0.007291860714276,0.0156091265625,1,3,Fe-Mn-O,"Mn,Fe,O",mp-753432,mp-1177898,"mp-753432,mp-753880,mp-767363,mp-1177898,mp-770627",
BAT_02118,Li4-1Mn2Fe3Ni3O16,Mn2Fe3Ni3O16,Li4Mn2Fe3Ni3O16,Li10Mn2Fe3Ni3O16,Li,2.985538178333333,206.45859872016783,886.2640857619547,616.3900287242625,2645.975264128003,0.10055131259202801,0.07952031027292501,0.08167332777573101,1,4,Fe-Mn-Ni-O,"Mn,Fe,Ni,O",mp-765636,mp-764933,"mp-765636,mp-764933",More than one working ion per transition metal
BAT_02119,Li0-3Mn2FeO6,Mn2FeO6,Mn2FeO6,Li3Mn2FeO6,Li,3.421964729999999,284.57671123912786,1217.6542995831442,973.8114688396898,4166.770066506372,0.032887772485407,0.10622275972222,0.05384244395834,1,3,Fe-Mn-O,"Mn,Fe,O",mp-754962,mp-777446,"mp-754962,mp-777446",
BAT_02120,Li0-2Mn2FeO6,Mn2FeO6,Mn2FeO6,Li2Mn2FeO6,Li,3.705493993333331,194.49586895363188,748.8161758368094,720.7032741358298,2774.733841674133,0.067385247091757,0.10797657249999801,0.07764015181818901,1,3,Fe-Mn-O,"Mn,Fe,O",mp-753787,mp-1573004,"mp-753787,mp-1573004,mp-1571056,mp-754476",
BAT_02121,Li0-6Mn5FeO12,Mn5FeO12,Mn5FeO12,Li6Mn5FeO12,Li,3.133320163333332,285.0341911295603,1095.3281367739355,893.1033783056583,3432.0137364201023,0.10470916006473001,0.064062876944445,0.082299149687501,2,3,Fe-Mn-O,"Mn,Fe,O",mp-755276,mp-765561,"mp-755276,mp-756410,mp-765561",
BAT_02122,Li2-4MnFe3O8,MnFe3O8,Li2MnFe3O8,Li4MnFe3O8,Li,3.581336318333332,141.719705285116,585.3480241113346,507.54592756108224,2096.3281376145774,0.029006716557111,0.091314459452371,0.012612817343748,2,3,Fe-Mn-O,"Mn,Fe,O",mp-768068,mp-763910,"mp-768068,mp-757216,mp-753888,mp-1177588,mp-763910",
BAT_02123,Li0-3Mn5FeO12,Mn5FeO12,Mn5FeO12,Li3Mn5FeO12,Li,4.193871620000005,147.97881983583576,601.6714569041353,620.6041728706053,2523.332847674309,0.037827105732278,0.07739438333333501,0.004385363769842001,1,3,Fe-Mn-O,"Mn,Fe,O",mp-776272,mp-774685,"mp-776272,mp-774685",
BAT_02124,Li2-6Mn(FeO3)2,Mn(FeO3)2,Li2Mn(FeO3)2,Li6Mn(FeO3)2,Li,1.8995794862500022,352.33762050551957,1262.5249876023577,669.2933161464232,2398.2665673274773,0.245824718521845,0.070600651515137,0.042721111416665,2,3,Fe-Mn-O,"Mn,Fe,O",mp-759297,mp-760214,"mp-759297,mp-757072,mp-760214,mp-1310460,mp-1305328",More than one working ion per transition metal
BAT_02125,Li0-3Mn4FeO8,Mn4FeO8,Mn4FeO8,Li3Mn4FeO8,Li,2.9316822266666698,189.44752529018075,822.0550373891808,555.3999427792075,2410.0041424556666,0.053199529281865006,0.092595815216352,0.037162087968749,1,3,Fe-Mn-O,"Mn,Fe,O",mp-757061,mp-756377,"mp-757061,mp-756377",
BAT_02126,Li0-2Mn3FeO8,Mn3FeO8,Mn3FeO8,Li2Mn3FeO8,Li,4.209583463333335,147.85542059040174,599.5767410271164,622.4097334815503,2523.968334027043,0.038971202560785005,0.09361480166666601,0.024503895297603003,1,3,Fe-Mn-O,"Mn,Fe,O",mp-756562,mp-756879,"mp-756562,mp-756879",
BAT_02127,Li0-1Mn5Fe3O16,Mn5Fe3O16,Mn5Fe3O16,Li10Mn5Fe3O16,Li,3.031810886333333,349.1478172756921,1409.5801594282382,1058.5501533559648,4273.580472514008,0.194441846070904,0.1093499225,0.065607377647056,2,3,Fe-Mn-O,"Mn,Fe,O",mp-773198,mp-759959,"mp-773198,mp-772124,mp-759959",More than one working ion per transition metal
BAT_02128,Li0-5Mn7Fe3O20,Mn7Fe3O20,Mn7Fe3O20,Li5Mn7Fe3O20,Li,4.44789537333334,147.78147978003085,596.2807405542613,657.3165601779538,2652.1943471190766,0.037473340861631003,0.11059042533333101,0.010085790214291,1,3,Fe-Mn-O,"Mn,Fe,O",mp-777317,mp-779755,"mp-777317,mp-779755,mp-775954",
BAT_02129,Li0-4Mn3FeO8,Mn3FeO8,Mn3FeO8,Li4Mn3FeO8,Li,3.259826515833333,284.80526747310427,1197.244359703194,928.4157627578301,3902.808909692373,0.057956467710403005,0.080273694999999,0.068872937031249,2,3,Fe-Mn-O,"Mn,Fe,O",mp-1176616,mp-756625,"mp-1176616,mp-863869,mp-863333,mp-1177852,mp-756625",
BAT_02130,Li0-8Mn13Fe3O32,Mn13Fe3O32,Mn13Fe3O32,Li8Mn13Fe3O32,Li,4.227073517083331,147.94795071820508,598.0927662272073,625.3868643876744,2528.1820928781394,0.040724939043461,0.08012722416666701,0.004099636830344,1,3,Fe-Mn-O,"Mn,Fe,O",mp-771188,mp-771651,"mp-771188,mp-771651",
BAT_02131,Li0-2MnFe(PO4)2,MnFe(PO4)2,MnFe(PO4)2,Li2MnFe(PO4)2,Li,3.632983723333329,170.38028800467345,578.2011919508135,618.9888130978236,2100.5955191692356,0.06366548937396001,0.012078301666667,0.0010929723214290002,1,4,Fe-Mn-O-P,"Mn,Fe,P,O",mp-756899,mp-754635,"mp-756899,mp-754635",
BAT_02132,Li0-8MnFe7(PO4)8,MnFe7(PO4)8,MnFe7(PO4)8,Li8MnFe7(PO4)8,Li,3.525724815833332,170.0127020324755,587.6818896042621,599.4180025627769,2072.004621993572,0.046633989854457006,0.021632361249999003,0.0017167025446420002,1,4,Fe-Mn-O-P,"Mn,Fe,P,O",mp-766418,mp-861717,"mp-766418,mp-861717",
BAT_02133,Li0-4MnFe3(PO4)4,MnFe3(PO4)4,MnFe3(PO4)4,Li4MnFe3(PO4)4,Li,3.4882419683333312,170.13505433054834,583.8057365666488,593.4722368004902,2036.4556716455372,0.051629657087328,0.019475228333333,0.012851812232143002,1,4,Fe-Mn-O-P,"Mn,Fe,P,O",mp-766414,mp-766130,"mp-766414,mp-766130",
BAT_02134,Li0-2MnFe(PO4)2,MnFe(PO4)2,MnFe(PO4)2,Li2MnFe(PO4)2,Li,3.648223253333332,170.38028800467345,578.276049416701,621.5853286082798,2109.680130327744,0.05367103343237901,0.013966255833333002,0.0005341430357140001,1,4,Fe-Mn-O-P,"Mn,Fe,P,O",mp-764402,mp-761246,"mp-764402,mp-1235368,mp-1236059,mp-761246",
BAT_02135,Li0-1.33MnFe(PO4)2,MnFe(PO4)2,MnFe(PO4)2,Li4Mn3Fe3(PO4)6,Li,3.5440157033333373,115.28246328502489,375.08571695733593,408.5628602010771,1329.309670992842,0.073430542953921,0.078338800555557,0.08360096568749201,1,4,Fe-Mn-O-P,"Mn,Fe,P,O",mp-773672,mp-1177464,"mp-773672,mp-1177464",
BAT_02136,Li0-2Mn2Fe(PO4)3,Mn2Fe(PO4)3,Mn2Fe(PO4)3,Li2Mn2Fe(PO4)3,Li,3.741860560833335,115.39500595501721,376.47016660399765,431.79202170020676,1408.6988687458538,0.06267195041506901,0.09114499416666101,0.08602319774999201,1,4,Fe-Mn-O-P,"Mn,Fe,P,O",mp-776759,mp-776051,"mp-776759,mp-776051",
BAT_02137,Li0-4Mn3Fe2Sn(PO4)6,Mn3Fe2Sn(PO4)6,Mn3Fe2Sn(PO4)6,Li4Mn3Fe2Sn(PO4)6,Li,3.417082510833329,107.98271911205289,363.17487461760794,368.98586095002383,1240.9985124299153,0.07299369786660401,0.07627434722223,0.086357994156253,1,5,Fe-Mn-O-P-Sn,"Mn,Fe,Sn,P,O",mp-776652,mp-1177412,"mp-776652,mp-1177412",
BAT_02138,Li0-2MnFe2(PO4)3,MnFe2(PO4)3,MnFe2(PO4)3,Li2MnFe2(PO4)3,Li,3.401287198333325,115.17013992282189,376.9493777302804,391.72672254975197,1282.113092893716,0.044272432756849,0.043605869722211005,0.055933034874996006,1,4,Fe-Mn-O-P,"Mn,Fe,P,O",mp-849505,mp-767440,"mp-849505,mp-767440",
BAT_02139,Li0-4Mn3Fe(PO4)4,Mn3Fe(PO4)4,Mn3Fe(PO4)4,Li4Mn3Fe(PO4)4,Li,3.7128387158333322,170.62622966182775,574.2381426504518,633.5076714251038,2132.0536081408213,0.06290199203471801,0.009064210000000001,0.002360385624999,1,4,Fe-Mn-O-P,"Mn,Fe,P,O",mp-766386,mp-766376,"mp-766386,mp-766376",
BAT_02140,Li0-8Mn7Fe(PO4)12,Mn7Fe(PO4)12,Mn7Fe(PO4)12,Li8Mn7Fe(PO4)12,Li,4.86968519458333,131.09098693377683,395.064593390382,638.3718382147299,1923.8402013372267,0.052644822739555,0.0761906310294,0.015900323453952002,1,4,Fe-Mn-O-P,"Mn,Fe,P,O",mp-778021,mp-776668,"mp-778021,mp-776668",
BAT_02141,Li0-2Mn3FeO8,Mn3FeO8,Mn3FeO8,Li2Mn3FeO8,Li,4.371535495833332,147.85542059040174,599.93184011864,646.3552193623077,2622.6233341592424,0.035291970590529,0.10056545166666701,0.007325590654747,1,3,Fe-Mn-O,"Mn,Fe,O",mp-771261,mp-777396,"mp-771261,mp-777396,mp-775099",
BAT_02142,Li0-2MnFe(PO4)2,MnFe(PO4)2,MnFe(PO4)2,Li2MnFe(PO4)2,Li,3.624887258333335,170.38028800467345,578.9608914160278,617.6093350593048,2098.667958367269,0.060991586343797005,0.010717701666667,0.0010833816071430002,1,4,Fe-Mn-O-P,"Mn,Fe,P,O",mp-764401,mp-759138,"mp-764401,mp-759138",
BAT_02143,Li0-4MnFe3(PO4)4,MnFe3(PO4)4,MnFe3(PO4)4,Li4MnFe3(PO4)4,Li,3.56418499083333,170.13505433054834,585.0004214069761,606.3928070595535,2085.0497216099175,0.050083784834351004,0.019668837916666,0.002168760089285,1,4,Fe-Mn-O-P,"Mn,Fe,P,O",mp-756609,mp-764613,"mp-756609,mp-1176968,mp-764613",
BAT_02144,Li0-7Mn3Fe(PO4)6,Mn3Fe(PO4)6,Mn3Fe(PO4)6,Li7Mn3Fe(PO4)6,Li,4.110562959047623,223.59207814183165,633.0352623692719,919.0893143462949,2602.131301266123,0.07172063714441701,0.07086754955881501,0.076915542804858,2,4,Fe-Mn-O-P,"Mn,Fe,P,O",mp-774347,mp-829746,"mp-774347,mp-1176969,mp-829746",More than one working ion per transition metal
BAT_02145,Li0-4MnFe3(PO4)4,MnFe3(PO4)4,MnFe3(PO4)4,Li4MnFe3(PO4)4,Li,3.48642522958333,170.13505433054834,582.6820577215636,593.1631458545543,2031.4774268659896,0.048616532199917004,0.019269861874999003,0.012935317946427001,1,4,Fe-Mn-O-P,"Mn,Fe,P,O",mp-766435,mp-766043,"mp-766435,mp-766043",
BAT_02146,Li2-4Mn5(FeO6)2,Mn5(FeO6)2,Li2Mn5(FeO6)2,Li4Mn5(FeO6)2,Li,3.234838450833341,88.43373705925286,382.4478784583597,286.0688529901566,1237.1571026767383,0.034379397203528006,0.10605718190474,0.059215415000003005,1,3,Fe-Mn-O,"Mn,Fe,O",mp-758305,mp-759127,"mp-758305,mp-759127",
BAT_02147,Li0-3Mn3FeO8,Mn3FeO8,Mn3FeO8,Li3Mn3FeO8,Li,3.303442371666666,217.61671371828984,934.9692291624882,718.8842728798535,3088.6169678198853,0.08512156434232901,0.067335414583332,0.09750247600000601,2,3,Fe-Mn-O,"Mn,Fe,O",mp-756788,mp-763959,"mp-756788,mp-1663998,mp-770175,mp-1661410,mp-1661760,mp-1664598,mp-763959,mp-759910",
BAT_02148,Li0-12Mn11Fe(PO4)12,Mn11Fe(PO4)12,Mn11Fe(PO4)12,Li12Mn11Fe(PO4)12,Li,3.771389591666666,170.79058560598148,571.2105608934507,644.1178369090533,2154.2575640036384,0.065784273239294,0.006388511388884001,0.001875036517855,1,4,Fe-Mn-O-P,"Mn,Fe,P,O",mp-849792,mp-775195,"mp-849792,mp-775195",
BAT_02149,Li0-2MnFe(PO4)2,MnFe(PO4)2,MnFe(PO4)2,Li2MnFe(PO4)2,Li,3.646459799166668,170.38028800467345,580.0039932144548,621.2848707794807,2114.9612446126466,0.05665489446689,0.016107250833334003,0.0026212036309540003,1,4,Fe-Mn-O-P,"Mn,Fe,P,O",mp-767833,mp-775189,"mp-767833,mp-775189",
BAT_02150,Li0-4Mn3Fe(PO4)4,Mn3Fe(PO4)4,Mn3Fe(PO4)4,Li4Mn3Fe(PO4)4,Li,3.715208905833333,170.62622966182775,575.3250603378966,633.9120880083861,2137.4527879164534,0.06137791175530401,0.009637541666666001,0.0025132141964280003,1,4,Fe-Mn-O-P,"Mn,Fe,P,O",mp-756786,mp-773519,"mp-756786,mp-773519",
BAT_02151,Li0-4Mn5Fe(PO4)6,Mn5Fe(PO4)6,Mn5Fe(PO4)6,Li4Mn5Fe(PO4)6,Li,3.457182658333328,115.50776857571371,371.88367928781673,399.3314544227368,1285.669806951033,0.06723925571490401,0.039902934999989,0.068393630124992,1,4,Fe-Mn-O-P,"Mn,Fe,P,O",mp-771947,mp-776660,"mp-771947,mp-776660",
BAT_02152,Li0-2Fe2(MoO4)3,Fe2(MoO4)3,Fe2(MoO4)3,Li2Fe2(MoO4)3,Li,3.12444551708332,88.5436210006062,293.99685255341603,276.6497197016686,918.5771479971266,0.016690475530926,0.0,0.0,1,3,Fe-Mo-O,"Fe,Mo,O",mp-21925,mp-21778,"mp-21925,mp-21778",
BAT_02153,Li0-4Ti2Mn3Fe3O16,Ti2Mn3Fe3O16,Ti2Mn3Fe3O16,Li4Ti2Mn3Fe3O16,Li,4.230379848333333,150.60448390299558,616.148445391584,637.1141737718743,2606.541966966468,0.06475067481395,0.12224440729166501,0.038636810265337,1,4,Fe-Mn-O-Ti,"Ti,Mn,Fe,O",mp-755215,mp-770495,"mp-755215,mp-770495",
BAT_02154,Li0-4Mn3Fe2Sb3O16,Mn3Fe2Sb3O16,Mn3Fe2Sb3O16,Li4Mn3Fe2Sb3O16,Li,3.424569425833337,115.8308601180561,545.5716292632861,396.67082212827296,1868.34792117713,0.11896948635560801,0.10258514140625001,0.061926816994049005,1,4,Fe-Mn-O-Sb,"Mn,Fe,Sb,O",mp-756766,mp-774490,"mp-756766,mp-774490",
BAT_02155,Li0-2MnV4FeO12,MnV4FeO12,MnV4FeO12,Li2MnV4FeO12,Li,2.530034943333324,102.99866696294013,336.69287460023946,260.59022653299013,851.8447379099508,0.0012261175915830001,0.012485443472229001,0.064042690875,1,4,Fe-Mn-O-V,"Mn,V,Fe,O",mp-1176412,mp-755976,"mp-1176412,mp-755976",
BAT_02156,Li0-4Mn2Fe3Sn(PO4)6,Mn2Fe3Sn(PO4)6,Mn2Fe3Sn(PO4)6,Li4Mn2Fe3Sn(PO4)6,Li,2.872942075833326,107.88416405521974,363.1760181284596,309.9449542303461,1043.3836634148586,0.058139060556091006,0.021647179999996,0.08092644359374801,1,5,Fe-Mn-O-P-Sn,"Mn,Fe,Sn,P,O",mp-850538,mp-1177457,"mp-850538,mp-1177457",
BAT_02157,Li0-4Mn3Fe3(TeO8)2,Mn3Fe3(TeO8)2,Mn3Fe3(TeO8)2,Li4Mn3Fe3(TeO8)2,Li,3.512807935833334,123.04084658792937,566.6217639909929,432.2188623257301,1990.4334291634423,0.08589943055299999,0.089175549270834,0.030796276640614004,1,4,Fe-Mn-O-Te,"Mn,Fe,Te,O",mp-775968,mp-757691,"mp-775968,mp-757691",
BAT_02158,Li0-4Mn2Fe3P6WO24,Mn2Fe3P6WO24,Mn2Fe3P6WO24,Li4Mn2Fe3P6WO24,Li,2.467452428333322,101.24815298815734,362.4846924942697,249.82500095489252,894.4137347286432,0.058775620747429,0.008559883854159001,0.083683596656247,1,5,Fe-Mn-O-P-W,"Mn,Fe,P,W,O",mp-757052,mp-770860,"mp-757052,mp-770860",
BAT_02159,Li0-4Mn3Fe3(SbO8)2,Mn3Fe3(SbO8)2,Mn3Fe3(SbO8)2,Li4Mn3Fe3(SbO8)2,Li,4.016509958333335,124.71264479916265,581.4688262448248,500.9095797659247,2335.475331072734,0.08030277861279,0.09004050083333301,0.00504709392857,1,4,Fe-Mn-O-Sb,"Mn,Fe,Sb,O",mp-775891,mp-775013,"mp-775891,mp-775013",
BAT_02160,Li0-3Na2FeO4,Na2FeO4,Na2FeO4,Na2Li3FeO4,Li,3.364612883333331,430.787772220729,1191.7557862987892,1449.4340883963291,4009.79687236795,0.08157111105598101,0.149678545357141,0.0,1,3,Fe-Na-O,"Na,Fe,O",mp-754543,mp-540965,"mp-754543,mp-510742,mp-768415,mp-25323,mp-768443,mp-540965",More than one working ion per transition metal
BAT_02161,Li0-5Na2Ti3Fe(PO4)6,Na2Ti3Fe(PO4)6,Na2Ti3Fe(PO4)6,Na2Li5Ti3Fe(PO4)6,Li,2.525168405333334,157.66343007241838,460.90627861403726,398.1267122953523,1163.8659725759298,0.030316304874489,0.05577381874999401,0.09108642927844901,1,5,Fe-Na-O-P-Ti,"Na,Ti,Fe,P,O",mp-772859,mp-773757,"mp-772859,mp-773757",More than one working ion per transition metal
BAT_02162,Li0-1.5Na3Fe3(PO4)4,Na3Fe3(PO4)4,Na3Fe3(PO4)4,Na6Li3Fe6(PO4)8,Li,2.361164226666673,64.13870639772303,189.67020435600705,151.44201909098052,447.8425013899613,0.022010334237861,0.0,0.039931084954545004,1,4,Fe-Na-O-P,"Na,Fe,P,O",mp-556540,mp-1101725,"mp-556540,mp-1101725",
BAT_02163,Li0-2Na3Fe5(SiO3)10,Na3Fe5(SiO3)10,Na3Fe5(SiO3)10,Na3Li2Fe5(SiO3)10,Li,4.848313538333319,47.73561940755401,161.0891241067134,231.43724983437085,781.0105812848349,0.0009050762542350001,0.05286633614583901,0.0076212929000100006,1,4,Fe-Na-O-Si,"Na,Fe,Si,O",mp-1176384,mp-775329,"mp-1176384,mp-775329",
BAT_02164,Li0-1Na2Fe(Si2O5)3,Na2Fe(Si2O5)3,Na2Fe(Si2O5)3,Na2LiFe(Si2O5)3,Li,5.44851338333331,51.81337609783702,138.91027348912493,282.30587310474726,756.8544841879875,0.00040125464656,0.07001331286458401,7.439675000497914e-05,1,4,Fe-Na-O-Si,"Na,Fe,Si,O",mp-780575,mp-6838,"mp-780575,mp-6838",
BAT_02165,Li0-1Na5Fe6(SiO3)12,Na5Fe6(SiO3)12,Na5Fe6(SiO3)12,Na5LiFe6(SiO3)12,Li,4.7301909233333435,19.563635485957374,66.74132540754785,92.53973100307768,315.6992116540199,0.003089632650145,0.021598523347466002,0.005236262458357,1,4,Fe-Na-O-Si,"Na,Fe,Si,O",mp-766401,mp-766215,"mp-766401,mp-766215",
BAT_02166,Li0-1Na9Fe10(SiO3)20,Na9Fe10(SiO3)20,Na9Fe10(SiO3)20,Na9LiFe10(SiO3)20,Li,4.703034463333329,11.683433954502915,39.99165984942684,54.94759253810601,188.08215451775817,0.0019053929496050002,0.013262314015151001,0.0037998841750110004,1,4,Fe-Na-O-Si,"Na,Fe,Si,O",mp-775293,mp-775304,"mp-775293,mp-775304",
BAT_02167,Li2-5Nb2Fe3O10,Nb2Fe3O10,Li2Nb2Fe3O10,Li5Nb2Fe3O10,Li,2.193807233333335,146.7109183094006,663.3385959103218,321.8554737961391,1455.2370098572426,0.040113539185216006,0.07531749499998201,0.073103301437498,2,3,Fe-Nb-O,"Nb,Fe,O",mp-753897,mp-754582,"mp-753897,mp-753638,mp-769502,mp-754582,mp-1305525",
BAT_02168,Li3-4NbFe3O8,NbFe3O8,Li3NbFe3O8,Li4NbFe3O8,Li,2.820915793333331,64.39558816896384,279.47397133225036,181.65453168681915,788.3725395567318,0.000825873920286,0.0901623965,0.0461780721875,1,3,Fe-Nb-O,"Nb,Fe,O",mp-763729,mp-770958,"mp-763729,mp-753114,mp-772060,mp-757126,mp-770958",
BAT_02169,Li0-1NbFeO4,NbFeO4,NbFeO4,LiNbFeO4,Li,3.176276870833338,121.99683001183708,535.5622515479131,387.4957094815846,1701.0939924830627,0.013395259562806001,0.11157374708332601,0.0,1,3,Fe-Nb-O,"Nb,Fe,O",mp-754222,mp-756415,"mp-754222,mp-756415",
BAT_02170,Li4-6NbFe5O12,NbFe5O12,Li4NbFe5O12,Li6NbFe5O12,Li,2.586613498333325,88.48729115508424,371.2967299000693,228.88242173269197,960.4011334465421,0.049381361431116,0.10510042840908601,0.064735017916667,1,3,Fe-Nb-O,"Nb,Fe,O",mp-756145,mp-752667,"mp-756145,mp-752667",
BAT_02171,Li0-1NaFe2(SiO3)4,NaFe2(SiO3)4,NaFe2(SiO3)4,NaLiFe2(SiO3)4,Li,4.853935323333336,60.09899414113197,201.90846660999247,291.7166305584437,980.0506381583119,0.000562069719702,0.066413287236848,0.00889854637501,1,4,Fe-Na-O-Si,"Na,Fe,Si,O",mp-755636,mp-850191,"mp-755636,mp-1304778,mp-850191",
BAT_02172,Li0-4NbFe5(PO4)6,NbFe5(PO4)6,NbFe5(PO4)6,Li4NbFe5(PO4)6,Li,2.265703170833323,110.55307913306777,368.5564195884687,250.480461937179,835.0394484925705,0.055001851803532,0.016916112685212002,0.10196604252678801,1,4,Fe-Nb-O-P,"Nb,Fe,P,O",mp-771326,mp-759245,"mp-771326,mp-759245",
BAT_02173,Li2-4Fe3NiO8,Fe3NiO8,Li2Fe3NiO8,Li4Fe3NiO8,Li,4.279928578333338,140.32644591271492,599.6002719254585,600.587166157776,2566.2463393902103,0.07547043364792401,0.13021414552339802,0.008252390364582,2,3,Fe-Ni-O,"Fe,Ni,O",mp-753165,mp-769856,"mp-753165,mp-767972,mp-753695,mp-757161,mp-754094,mp-769856,mp-755981",
BAT_02174,Li0-8NbFe7(PO4)12,NbFe7(PO4)12,NbFe7(PO4)12,Li8NbFe7(PO4)12,Li,4.959120639583337,127.70167849821524,379.8576388516092,633.2880295499349,1883.7598569324084,0.021737776296678002,0.07530241527777301,0.007161056546046001,1,4,Fe-Nb-O-P,"Nb,Fe,P,O",mp-1101729,mp-776163,"mp-1101729,mp-776163",
BAT_02175,Li2-4FeNi3O8,FeNi3O8,Li2FeNi3O8,Li4FeNi3O8,Li,3.655905198333333,138.2644292386482,625.1110015161754,505.4816455981653,2285.346559978342,0.015634277674670002,0.038804654161934,0.007829509218749,2,3,Fe-Ni-O,"Fe,Ni,O",mp-752523,mp-765712,"mp-752523,mp-753978,mp-753275,mp-756498,mp-765712",
BAT_02176,Li3-5Fe2Ni3O10,Fe2Ni3O10,Li3Fe2Ni3O10,Li5Fe2Ni3O10,Li,4.090492618333333,111.10131442738268,497.17154817317834,454.4591065523395,2033.6765478477412,0.0189201891008,0.093404907070708,0.017436982750003,1,3,Fe-Ni-O,"Fe,Ni,O",mp-752981,mp-755824,"mp-752981,mp-754035,mp-755824",
BAT_02177,Li4-6Fe5NiO12,Fe5NiO12,Li4Fe5NiO12,Li6Fe5NiO12,Li,3.95228533833333,93.78407321389318,392.62535670214623,370.6614175324496,1551.7674407517864,0.046306068603873006,0.08857694737852201,0.038042480451386,1,3,Fe-Ni-O,"Fe,Ni,O",mp-1177537,mp-765833,"mp-1177537,mp-755202,mp-765833",
BAT_02178,Li4-5Fe3(NiO5)2,Fe3(NiO5)2,Li4Fe3(NiO5)2,Li5Fe3(NiO5)2,Li,3.793926473333347,55.880564698953606,243.3192612480584,212.006753756177,923.1353867209217,0.015806643112337,0.068072490603447,0.044988782958330004,1,3,Fe-Ni-O,"Fe,Ni,O",mp-752964,mp-755786,"mp-752964,mp-755786",
BAT_02179,Li3-5Fe5(NiO6)2,Fe5(NiO6)2,Li3Fe5(NiO6)2,Li5Fe5(NiO6)2,Li,3.888333513333326,85.9973314877996,398.0298725110155,334.3863060812465,1547.672892592373,0.013155630251477,0.07773807070140701,0.027467736979164003,1,3,Fe-Ni-O,"Fe,Ni,O",mp-753185,mp-771236,"mp-753185,mp-758177,mp-771236",
BAT_02180,Li2-3Fe2NiO6,Fe2NiO6,Li2Fe2NiO6,Li3Fe2NiO6,Li,4.646636516666665,93.31901062720797,403.370677665468,433.61952247958914,1874.3169205929423,0.04704898974727,0.121982304205848,0.009853574027780001,1,3,Fe-Ni-O,"Fe,Ni,O",mp-758197,mp-757135,"mp-758197,mp-757135",
BAT_02181,Li2-5FeNi3O8,FeNi3O8,Li2FeNi3O8,Li5FeNi3O8,Li,3.101581335,203.7487790600698,896.4434304911217,631.9434101617513,2780.392211894633,0.14084937565028602,0.055454738447648005,0.066464726495097,2,3,Fe-Ni-O,"Fe,Ni,O",mp-772596,mp-759765,"mp-772596,mp-772095,mp-761063,mp-759765",More than one working ion per transition metal
BAT_02182,Li1-1.5FeNiO4,FeNiO4,LiFeNiO4,Li3Fe2(NiO4)2,Li,3.492839623333329,70.92309013181941,305.8228934217092,247.7229794216598,1068.1903198657915,0.024996571772618003,0.041731738502438005,0.036023848931034004,1,3,Fe-Ni-O,"Fe,Ni,O",mp-755275,mp-767955,"mp-755275,mp-753174,mp-767955,mp-753582",
BAT_02183,Li4-5Fe2Ni5O12,Fe2Ni5O12,Li4Fe2Ni5O12,Li5Fe2Ni5O12,Li,3.9638383083333553,42.41715208203513,206.5964959834369,168.13473235317278,818.9151051465853,0.002680314263508,0.046046654927530004,0.016575660625002,1,3,Fe-Ni-O,"Fe,Ni,O",mp-758641,mp-771319,"mp-758641,mp-771319",
BAT_02184,Li8-1Fe3Ni7O20,Fe3Ni7O20,Li8Fe3Ni7O20,Li10Fe3Ni7O20,Li,3.65688056333335,55.387159951683344,251.903455834009,202.54422868554613,921.1808514758885,0.004188092464228001,0.022715545838820003,0.008759554895831,1,3,Fe-Ni-O,"Fe,Ni,O",mp-759370,mp-771052,"mp-759370,mp-771052",
BAT_02185,Li6-1FeNi9O20,FeNi9O20,Li6FeNi9O20,Li10FeNi9O20,Li,3.795284795833329,110.12607154497061,511.25172157602606,417.95980495948044,1940.3458857411063,0.022830039991015003,0.049340891938665005,0.010651133937497,2,3,Fe-Ni-O,"Fe,Ni,O",mp-758623,mp-769545,"mp-758623,mp-759197,mp-769545",
BAT_02186,Li0-4Fe3Ni(PO4)4,Fe3Ni(PO4)4,Fe3Ni(PO4)4,Li4Fe3Ni(PO4)4,Li,3.8449426983333312,169.1271037782907,596.8865851591236,650.2840227626024,2294.994717340688,0.043914279424599,0.045334881041648005,0.002965603482135,1,4,Fe-Ni-O-P,"Fe,Ni,P,O",mp-775017,mp-771063,"mp-775017,mp-771063",
BAT_02187,Li6-7Fe3Ni(PO4)6,Fe3Ni(PO4)6,Li6Fe3Ni(PO4)6,Li7Fe3Ni(PO4)6,Li,4.394681173333315,31.731113612694244,94.28535857622396,139.44812760260785,414.35409025591224,0.009075596055841,0.055296800968750004,0.047956047926831,1,4,Fe-Ni-O-P,"Fe,Ni,P,O",mp-771187,mp-775193,"mp-771187,mp-775193",More than one working ion per transition metal
BAT_02188,Li0-4Fe5Ni(PO4)6,Fe5Ni(PO4)6,Fe5Ni(PO4)6,Li4Fe5Ni(PO4)6,Li,3.550336818333339,114.59616576247046,388.28846402985,406.8549865463293,1378.5548299792767,0.036837605220037005,0.064513890416644,0.06239808318749301,1,4,Fe-Ni-O-P,"Fe,Ni,P,O",mp-768933,mp-760788,"mp-768933,mp-760788",
BAT_02189,Li0-2FeNi(PO4)2,FeNi(PO4)2,FeNi(PO4)2,Li2FeNi(PO4)2,Li,4.231796610833332,168.37051231702256,607.1007198889539,712.509763387448,2569.1267688605512,0.045831306615031,0.069252075833324,0.002365609821421,1,4,Fe-Ni-O-P,"Fe,Ni,P,O",mp-754558,mp-756268,"mp-754558,mp-756268",
BAT_02190,Li0-2Fe2Ni(PO4)3,Fe2Ni(PO4)3,Fe2Ni(PO4)3,Li2Fe2Ni(PO4)3,Li,3.52621381083333,114.24830771635182,389.6122861122333,402.86396053373596,1373.856224159304,0.029925293070964,0.037446338888876,0.064364666375002,1,4,Fe-Ni-O-P,"Fe,Ni,P,O",mp-774420,mp-776880,"mp-774420,mp-776880",
BAT_02191,Li0-4FeNi3(PO4)4,FeNi3(PO4)4,FeNi3(PO4)4,Li4FeNi3(PO4)4,Li,4.589749423333335,167.6206599443816,618.185457379892,769.3368273184785,2837.3163465224134,0.030095463978547003,0.090209336874999,0.003357258660707,1,4,Fe-Ni-O-P,"Fe,Ni,P,O",mp-755553,mp-766022,"mp-755553,mp-766022",
BAT_02192,Li0-4TiFe2Ni3(PO4)6,TiFe2Ni3(PO4)6,TiFe2Ni3(PO4)6,Li4TiFe2Ni3(PO4)6,Li,3.8733945583333202,114.87628636430826,386.4505239465653,444.96118248505184,1496.8753565196866,0.048143092306712,0.08608053506947301,0.075380478843748,1,5,Fe-Ni-O-P-Ti,"Ti,Fe,Ni,P,O",mp-776008,mp-1177299,"mp-776008,mp-1177299",
BAT_02193,Li4-1Ti2Fe3Ni3O16,Ti2Fe3Ni3O16,Li4Ti2Fe3Ni3O16,Li10Ti2Fe3Ni3O16,Li,3.699384154999998,210.2765230242466,878.973928211974,777.8936374443902,3251.662222685483,0.07818922902875,0.239618591122386,0.09408986735294,1,4,Fe-Ni-O-Ti,"Ti,Fe,Ni,O",mp-766008,mp-774319,"mp-766008,mp-774319",More than one working ion per transition metal
BAT_02194,Li0.4-1FeO2,FeO2,Li2(FeO2)5,LiFeO2,Li,4.070285803333331,169.65682986320948,702.9993958747743,690.5517860307598,2861.408460781002,0.021405413077958003,0.134625908794117,0.027375911374999003,2,2,Fe-O,"Fe,O",mp-762529,mp-756497,"mp-762529,mp-752476,mp-752950,mp-756497",
BAT_02195,Li1-2Fe3O4,Fe3O4,LiFe3O4,Li2Fe3O4,Li,-0.35638757666665805,109.20899223340376,503.65643890946984,-38.92072809227064,-179.49689773550463,0.11433030256512401,0.0393243021875,0.280516826111112,1,2,Fe-O,"Fe,O",mp-1176726,mp-1222957,"mp-1176726,mp-1222957",
BAT_02196,Li0-1Fe5O8,Fe5O8,Fe5O8,LiFe5O8,Li,4.007807863333345,64.71267985838338,316.9861011426128,259.35598719380226,1270.4193887267427,0.074427472858813,0.18516314096153702,0.13652368410714402,1,2,Fe-O,"Fe,O",mp-1225001,mp-33551,"mp-1225001,mp-33551",
BAT_02197,Li0-1Fe3O4,Fe3O4,Fe3O4,LiFe3O4,Li,2.743494053333326,112.38762339044611,564.0139300843904,308.33477643995434,1547.3688631836835,0.005659183183774,0.121592188571428,0.0393725334375,1,2,Fe-O,"Fe,O",mp-1181340,mp-1101736,"mp-1181340,mp-612405,mp-715614,mp-1101736,mp-772508,mp-773525",
BAT_02198,Li7-8FeO6,FeO6,Li7FeO6,Li8FeO6,Li,3.20506030333333,129.2451111174739,346.1768071587739,414.2383750425209,1109.5175425592638,0.033357827352487004,0.05430037928571001,0.029306551666665,1,2,Fe-O,"Fe,O",mp-752471,mp-756356,"mp-752471,mp-756356",More than one working ion per transition metal
BAT_02199,Li0-1.25FeO2,FeO2,FeO2,Li5(FeO2)4,Li,3.526588973333334,347.0973277749531,1407.591932403663,1224.0696088046157,4963.998187767717,0.150733664532332,0.273916410833334,0.07778711676470301,3,2,Fe-O,"Fe,O",mp-25236,mp-754802,"mp-25236,mp-758515,mp-756480,mp-19419,mp-754802",More than one working ion per transition metal
BAT_02200,Li1-2FeO3,FeO3,LiFeO3,Li2FeO3,Li,4.099811615000005,227.66137704895715,826.1396845852344,933.36875791221,3387.017074474984,0.02008006187993,0.131203345433336,0.0,1,2,Fe-O,"Fe,O",mp-760833,mp-774155,"mp-760833,mp-752521,mp-1177753,mp-752654,mp-1276910,mp-1305099,mp-1286090,mp-1272244,mp-760809,mp-774155,mp-887724,mp-1303136",More than one working ion per transition metal
BAT_02201,Li0.33-0.67FeO2,FeO2,Li(FeO2)3,Li2(FeO2)3,Li,12.29607954833333,96.61206396433586,401.15910786655024,1187.9496238341417,4932.684301865533,0.019780017545918002,0.949437339050002,0.06256414286364001,1,2,Fe-O,"Fe,O",mp-752527,mp-752883,"mp-752527,mp-752883",
BAT_02202,Li0-0.5FeO2,FeO2,FeO2,Li(FeO2)2,Li,4.805567533333336,146.75401960790307,599.1414421847503,705.2363520139028,2879.2146624375478,0.031822459314658005,0.309131710833333,0.08333545985714401,1,2,Fe-O,"Fe,O",mp-1443203,mp-754803,"mp-1443203,mp-754803",
BAT_02203,Li0-0.12FeO2,FeO2,FeO2,Li(FeO2)8,Li,3.108079183333335,37.76497946200826,138.99214874389662,117.37654652487882,431.9986041576757,0.047893792648366004,0.18618339833333303,0.201083565519995,1,2,Fe-O,"Fe,O",mp-1205429,mp-1235270,"mp-1205429,mp-1235270",
BAT_02204,Li0-2FeO2,FeO2,FeO2,Li2FeO2,Li,2.841710690833333,526.9357654668509,1912.8460063247214,1497.3989981095963,5435.754946090808,0.30692973977581,0.256621170833333,0.043743045499999,1,2,Fe-O,"Fe,O",mp-1062652,mp-1177943,"mp-1062652,mp-821313,mp-1177943,mp-1272755,mp-754868",More than one working ion per transition metal
BAT_02205,Li1-2FeO3,FeO3,LiFeO3,Li2FeO3,Li,3.784825368333334,227.66137704895715,831.3967376373029,861.6585552445933,3146.691463759237,0.082214591108193,0.148444228600001,0.066865110416666,2,2,Fe-O,"Fe,O",mp-756941,mp-759394,"mp-756941,mp-755242,mp-759394",More than one working ion per transition metal
BAT_02206,Li0-1FeO2,FeO2,FeO2,LiFeO2,Li,4.281442048333333,282.76138310534907,1180.6785067248745,1210.626475272132,5055.006604255288,0.022473206979525002,0.258179855833334,0.001279031874999,2,2,Fe-O,"Fe,O",mp-1395285,mp-755709,"mp-1395285,mp-540003,mp-714904,mp-25386,mp-755709",
BAT_02207,Li3.75-5FeO4,FeO4,Li15(FeO4)4,Li5FeO4,Li,3.743562981333336,216.77367640587667,555.1444100363923,811.5059103205716,2078.218062706373,0.007486662302005001,0.11678318757143201,0.0,2,2,Fe-O,"Fe,O",mp-766829,mp-19511,"mp-766829,mp-850218,mp-19511",More than one working ion per transition metal
BAT_02208,Li4.5-6FeO4,FeO4,Li9(FeO4)2,Li6FeO4,Li,2.286055730000001,248.94773821833766,638.9476848103603,569.1084034245711,1460.6700160309588,0.06073373755105901,0.08496025078947601,0.025519845000003,2,2,Fe-O,"Fe,O",mp-774501,mp-756155,"mp-774501,mp-769519,mp-756155",More than one working ion per transition metal
BAT_02209,Li3-6Fe3O8,Fe3O8,Li3Fe3O8,Li6Fe3O8,Li,2.929959300000002,238.46417225205005,868.6559163673512,698.6903192066965,2545.1264806605445,0.069485130305245,0.068981975607146,0.11151212448529702,2,2,Fe-O,"Fe,O",mp-1273581,mp-1177119,"mp-1273581,mp-758388,mp-775127,mp-771986,mp-757201,mp-1177119",More than one working ion per transition metal
BAT_02210,Li6-7Fe5O12,Fe5O12,Li6Fe5O12,Li7Fe5O12,Li,3.870906793333351,51.560664975321295,202.61816896577392,199.58652832175622,784.3160467023791,0.011055036190295001,0.035164930791925,0.015628890937493003,1,2,Fe-O,"Fe,O",mp-780188,mp-756862,"mp-780188,mp-756862",More than one working ion per transition metal
BAT_02211,Li3-5Fe5O12,Fe5O12,Li3Fe5O12,Li5Fe5O12,Li,4.353848283333339,105.95087292118043,401.1914835824821,461.2940261855502,1746.726852083545,0.007595909659903001,0.15352992782500102,0.061032974931821006,1,2,Fe-O,"Fe,O",mp-758559,mp-759022,"mp-758559,mp-759022",
BAT_02212,Li1-2FeO3,FeO3,LiFeO3,Li2FeO3,Li,3.958543983333325,227.66137704895715,868.9874069059229,901.2075743545289,3439.924871199869,0.061864512651689005,0.1723008051,0.057792488333333,2,2,Fe-O,"Fe,O",mp-752790,mp-849695,"mp-752790,mp-753133,mp-849695",More than one working ion per transition metal
BAT_02213,Li6-8Fe7O15,Fe7O15,Li6Fe7O15,Li8Fe7O15,Li,-4.121740726666668,78.08902573405132,324.1205903862338,-321.8627176737608,-1335.9410377461847,0.025067798813158,0.11920342962500101,0.6171628033333391,1,2,Fe-O,"Fe,O",mp-758888,mp-756644,"mp-758888,mp-762600,mp-756644",More than one working ion per transition metal
BAT_02214,Li3-5Fe3O8,Fe3O8,Li3Fe3O8,Li5Fe3O8,Li,3.791891220833333,162.3175309316747,609.0333856370642,615.4904205271603,2309.3883481915855,0.001654921224394,0.106967356678574,0.05008439546875,1,2,Fe-O,"Fe,O",mp-1177704,mp-1177185,"mp-1177704,mp-756955,mp-1177185,mp-780216",More than one working ion per transition metal
BAT_02215,Li0-1Fe5O8,Fe5O8,Fe5O8,LiFe5O8,Li,3.820130203333325,64.71267985838338,319.26773726970595,247.21086286565048,1219.6443260938925,0.10274809066860001,0.18176845096153701,0.14677701910714602,1,2,Fe-O,"Fe,O",mp-1225007,mp-757153,"mp-1225007,mp-757153",
BAT_02216,Li4.5-5FeO4,FeO4,Li9(FeO4)2,Li5FeO4,Li,3.397737743333327,86.70947056235067,218.61509937810527,294.616040834149,742.7967744195546,0.018907646671689003,0.073143809210528,0.045903765000001005,1,2,Fe-O,"Fe,O",mp-780203,mp-770834,"mp-780203,mp-759144,mp-770834,mp-780207,mp-780192",More than one working ion per transition metal
BAT_02217,Li3-5Fe7O12,Fe7O12,Li3Fe7O12,Li5Fe7O12,Li,3.088935448333335,86.79056245389958,391.97670443432014,268.09044494463865,1210.79073724805,0.020081952248003,0.10733880420454701,0.02492669989583,2,2,Fe-O,"Fe,O",mp-752897,mp-756856,"mp-752897,mp-759241,mp-756856",
BAT_02218,Li7-12Fe5O16,Fe5O16,Li7Fe5O16,Li12Fe5O16,Li,3.625505245333333,216.66257465443329,749.6358455320658,785.5113008770728,2717.808690066393,0.053647545794303,0.14881791019132,0.07656408560606101,1,2,Fe-O,"Fe,O",mp-1176883,mp-760142,"mp-1176883,mp-760142",More than one working ion per transition metal
BAT_02219,Li5-9Fe5O12,Fe5O12,Li5Fe5O12,Li9Fe5O12,Li,3.225624043333337,200.87797671116388,731.9566470763414,647.9568314556844,2361.016959487101,0.027018207841410003,0.09806757334091201,0.069502822307691,1,2,Fe-O,"Fe,O",mp-771687,mp-764889,"mp-771687,mp-764889",More than one working ion per transition metal
BAT_02220,Li0-0.25Fe2O3,Fe2O3,Fe2O3,Li(Fe2O3)4,Li,0.54057900333331,41.50803545792741,206.29795827156016,22.43837243817013,111.52034467213694,0.040932355949468,0.13072120549999802,0.20386543369047902,1,2,Fe-O,"Fe,O",mp-510080,mp-1236363,"mp-510080,mp-715276,mp-1205415,mp-1236363,mp-1233014",
BAT_02221,Li0-1FeO2,FeO2,FeO2,LiFeO2,Li,3.9325907833333322,282.76138310534907,1196.5628711012123,1111.9848090826813,4705.592118571498,0.077727118065087,0.167153275833333,0.020221913124999002,1,2,Fe-O,"Fe,O",mp-25332,mp-18782,"mp-25332,mp-18782",
BAT_02222,Li0.5-1.25FeO2,FeO2,Li(FeO2)2,Li5(FeO2)4,Li,2.770255365000001,208.25839666497188,858.5207899305879,576.9289406674368,2378.32182426925,0.11144419757524701,0.073130044857144,0.07724308705882,1,2,Fe-O,"Fe,O",mp-1178106,mp-780312,"mp-1178106,mp-771057,mp-771571,mp-780312",More than one working ion per transition metal
BAT_02223,Li0-0.12FeO2,FeO2,FeO2,Li(FeO2)8,Li,3.81678242333334,37.76497946200826,144.48347945022246,144.14070982813774,551.462004827653,0.00020289193885500003,0.179825405833333,0.166631763119996,1,2,Fe-O,"Fe,O",mp-796324,mp-1236025,"mp-796324,mp-1181766,mp-1236025",
BAT_02224,Li0.33-0.67FeO2,FeO2,Li(FeO2)3,Li2(FeO2)3,Li,3.9344145683333283,96.61206396433586,384.1194871441399,380.1119119380344,1511.2853062006307,0.0017716495016830002,0.12810011105000102,0.076045297409095,1,2,Fe-O,"Fe,O",mp-753154,mp-762575,"mp-753154,mp-762575",
BAT_02225,Li0.67-1FeO2,FeO2,Li2(FeO2)3,LiFeO2,Li,4.053925838333324,94.2537943684497,383.8450040230068,382.0978923512142,1556.079179724026,0.030775845469782,0.093565498772731,0.038767198124999,1,2,Fe-O,"Fe,O",mp-1178060,mp-754977,"mp-1178060,mp-753191,mp-754977",
BAT_02226,Li0-1Fe23O32,Fe23O32,Fe23O32,LiFe23O32,Li,4.901250173333328,14.861995776633826,70.66347525922069,72.84235937630574,346.3393703625907,0.046354767326954004,0.10706625781818001,0.057048625133930005,1,2,Fe-O,"Fe,O",mp-776135,mp-773010,"mp-776135,mp-774295,mp-773010",
BAT_02227,Li2.75-3FeO3,FeO3,Li11(FeO3)4,Li3FeO3,Li,3.88253365333333,53.74648690937056,154.7264237291336,208.67254417407048,600.7305471882739,0.008656131763094,0.11516879134260001,0.073545367678575,1,2,Fe-O,"Fe,O",mp-849463,mp-771894,"mp-849463,mp-771894,mp-1663732,mp-1665973",More than one working ion per transition metal
BAT_02228,Li0-1Fe5O8,Fe5O8,Fe5O8,LiFe5O8,Li,4.754017003333335,64.71267985838338,290.90268471123284,307.6451803780213,1382.9563094325172,0.025263658332268003,0.16345176730769,0.06306247000000101,1,2,Fe-O,"Fe,O",mp-510746,mp-21735,"mp-510746,mp-21735",
BAT_02229,Li0.75-1FeO2,FeO2,Li3(FeO2)4,LiFeO2,Li,3.713874333333327,70.69034577633727,301.1023171710279,262.5350607931969,1118.2561674486712,0.026047993552285,0.09765242559999801,0.07755148624999901,1,2,Fe-O,"Fe,O",mp-758469,mp-756527,"mp-758469,mp-756527",
BAT_02230,Li0-3Fe3(PO4)4,Fe3(PO4)4,Fe3(PO4)4,Li3Fe3(PO4)4,Li,5.228370930000006,141.49647254021954,418.7860635712312,739.796043726828,2189.5688806649596,0.021437356278203,0.12839511572463902,0.010972199230769001,1,3,Fe-O-P,"Fe,P,O",mp-31896,mp-27027,"mp-31896,mp-27027,mp-1239312",
BAT_02231,Li0-2Fe3(P2O7)2,Fe3(P2O7)2,Fe3(P2O7)2,Li2Fe3(P2O7)2,Li,3.626634613333327,101.2707214342263,333.3662369228543,367.2719036706024,1208.997533741102,0.041896890821464,0.041600385357136005,0.004125616956518001,1,3,Fe-O-P,"Fe,P,O",mp-26986,mp-26985,"mp-26986,mp-26985",
BAT_02232,Li0-1FePO4,FePO4,FePO4,LiFePO4,Li,2.9296060616666733,169.89052558677983,420.231890892196,497.7123135787672,1231.1138948634252,0.174730924712203,0.007108202777777001,0.06679785761904701,1,3,Fe-O-P,"Fe,P,O",mp-19109,mp-757754,"mp-19109,mp-2236419,mp-19752,mp-2234217,mp-757754",
BAT_02233,Li0-1FePO4,FePO4,FePO4,LiFePO4,Li,3.404879943333331,169.89052558677983,606.1965648645082,578.4568431327848,2064.026525424727,0.088941432959381,0.026914668333333003,0.015878559285713002,1,3,Fe-O-P,"Fe,P,O",mp-25303,mp-18951,"mp-25303,mp-1222420,mp-1176749,mp-767222,mp-754242,mp-18951,mp-705312",
BAT_02234,Li0-1Fe(PO3)4,Fe(PO3)4,Fe(PO3)4,LiFe(PO3)4,Li,5.693091208333333,70.77721708778762,189.87911576549217,402.94115235278343,1080.9991246106306,0.01654927636471,0.08014378225490301,0.044715388888874004,1,3,Fe-O-P,"Fe,P,O",mp-540072,mp-25961,"mp-540072,mp-25961",
BAT_02235,Li0-1Fe(PO3)4,Fe(PO3)4,Fe(PO3)4,LiFe(PO3)4,Li,6.042174743333309,70.77721708778762,176.51616815295276,427.64831349124904,1066.5415330037465,0.023403849383562002,0.053332401960785,0.0,1,3,Fe-O-P,"Fe,P,O",mp-540077,mp-25977,"mp-540077,mp-25977",
BAT_02236,Li0-7Fe4P9O32,Fe4P9O32,Fe4P9O32,Li7Fe4P9O32,Li,5.059352748333332,176.53929605950296,506.12425561215616,893.174572707478,2560.661143629524,0.042939775642897006,0.13394290329630001,0.042335580961541004,2,3,Fe-O-P,"Fe,P,O",mp-27102,mp-27081,"mp-27102,mp-705390,mp-27081",More than one working ion per transition metal
BAT_02237,Li0-1Fe(PO3)4,Fe(PO3)4,Fe(PO3)4,LiFe(PO3)4,Li,5.745952458333339,70.77721708778762,199.93993777791658,406.6825245195657,1148.8453769940347,0.012708568810704,0.07509834725490301,0.037013519722207004,1,3,Fe-O-P,"Fe,P,O",mp-25964,mp-25963,"mp-25964,mp-25963",
BAT_02238,Li0-1Fe(PO3)4,Fe(PO3)4,Fe(PO3)4,LiFe(PO3)4,Li,5.315603548333347,70.77721708778762,166.6986668913244,376.22362629300346,886.1040252299625,0.000811399822931,0.047395412254903006,0.034757909444429004,1,3,Fe-O-P,"Fe,P,O",mp-31874,mp-540356,"mp-31874,mp-540356",
BAT_02239,Li0-1FePO4,FePO4,FePO4,LiFePO4,Li,3.047521681666656,169.89052558677983,496.8617962358981,517.7450602354553,1514.1970968207397,0.14211247369260802,0.010717817361109001,0.053046724404761006,1,3,Fe-O-P,"Fe,P,O",mp-504149,mp-704251,"mp-504149,mp-766800,mp-704251",
BAT_02240,Li0-1FeP2O7,FeP2O7,FeP2O7,LiFeP2O7,Li,5.367907433333333,113.21572119795302,369.9339976462468,607.7315113886863,1985.771455808004,0.06849629874269,0.11816075516667401,0.043832779090909005,1,3,Fe-O-P,"Fe,P,O",mp-540440,mp-31837,"mp-540440,mp-31837",
BAT_02241,Li0-1FePO4,FePO4,FePO4,LiFePO4,Li,3.491658535833328,169.89052558677983,492.38394876665814,593.1997038222902,1719.236617618422,0.029230097350827003,0.036537748749999,0.011729972142857,1,3,Fe-O-P,"Fe,P,O",mp-694541,mp-504184,"mp-694541,mp-753415,mp-504184",
BAT_02242,Li0-1Fe(PO3)3,Fe(PO3)3,Fe(PO3)3,LiFe(PO3)3,Li,4.379253335833316,89.42713542137633,249.04391547937863,391.62408110808,1090.6263976320593,0.010717643810729,0.06527086660256301,0.0,1,3,Fe-O-P,"Fe,P,O",mp-724325,mp-26003,"mp-724325,mp-26003",
BAT_02243,Li0-1FePO4,FePO4,FePO4,LiFePO4,Li,3.3107124108333292,169.89052558677983,495.0336652799651,562.4586715431493,1638.9140994226927,0.117748443515073,0.004974469583332,0.010525179285714,1,3,Fe-O-P,"Fe,P,O",mp-540111,mp-26041,"mp-540111,mp-2216699,mp-26041",
BAT_02244,Li0-1FePO4,FePO4,FePO4,LiFePO4,Li,3.499170160833334,169.89052558677983,589.6723353614005,594.4758577415521,2063.3638405655197,0.06444511702724401,0.024104718749999,0.0,1,3,Fe-O-P,"Fe,P,O",mp-20361,mp-19017,"mp-20361,mp-2234625,mp-632692,mp-19017",
BAT_02245,Li1-3Fe2(PO4)3,Fe2(PO4)3,LiFe2(PO4)3,Li3Fe2(PO4)3,Li,4.4613581970833325,128.41275539730495,388.4728287149354,572.8952989018234,1733.1164387315266,0.007307465334124,0.073420015833331,0.037384287375012,1,3,Fe-O-P,"Fe,P,O",mp-1101524,mp-504385,"mp-1101524,mp-504385",More than one working ion per transition metal
BAT_02246,Li1-2FeP2O7,FeP2O7,LiFeP2O7,Li2FeP2O7,Li,4.569880425833337,109.99074776690446,280.41332756190866,502.6445652427485,1281.4553767679581,0.002867496383111,0.138289007272728,0.005539757013885,1,3,Fe-O-P,"Fe,P,O",mp-694534,mp-26025,"mp-694534,mp-689979,mp-26025,mp-755006,mp-26789",More than one working ion per transition metal
BAT_02247,Li2-3Fe(PO3)8,Fe(PO3)8,Li2Fe(PO3)8,Li3Fe(PO3)8,Li,5.642344833333372,37.83149076869461,101.23720381819781,213.4583164760432,571.215213904726,0.008092807055638,0.08019958140476201,0.059567727870367,1,3,Fe-O-P,"Fe,P,O",mp-694564,mp-26049,"mp-694564,mp-26049",More than one working ion per transition metal
BAT_02248,Li0-1Fe3P3O11,Fe3P3O11,Fe3P3O11,LiFe3P3O11,Li,3.123346320833325,60.44664895230544,202.9897786138012,188.79581861188674,634.0073782001872,0.012084262579274,0.037116241544104006,0.042467749444451,1,3,Fe-O-P,"Fe,P,O",mp-540050,mp-705089,"mp-540050,mp-705089",
BAT_02249,Li0-3Fe3(PO4)4,Fe3(PO4)4,Fe3(PO4)4,Li3Fe3(PO4)4,Li,5.296846869999999,141.49647254021954,423.11068083181374,749.4851476907029,2241.1524854275617,0.008415714418767001,0.13465235355072502,0.008606378076923,1,3,Fe-O-P,"Fe,P,O",mp-1101556,mp-26077,"mp-1101556,mp-26077",
BAT_02250,Li2-4Fe(PO4)2,Fe(PO4)2,Li2Fe(PO4)2,Li4Fe(PO4)2,Li,4.275677054583331,195.95183502015797,515.1276079709683,837.8267647991878,2202.5192935838663,0.039853499334839004,0.09488751182692501,0.008993655666664001,2,3,Fe-O-P,"Fe,P,O",mp-759108,mp-31890,"mp-759108,mp-31815,mp-26056,mp-758186,mp-759639,mp-31890",More than one working ion per transition metal
BAT_02251,Li0-2FeP2O7,FeP2O7,FeP2O7,Li2FeP2O7,Li,4.729566960833329,219.98149553380892,617.4368582318783,1040.417213271407,2920.2089650942235,0.072689089130525,0.17278411916667302,0.004362179305553,2,3,Fe-O-P,"Fe,P,O",mp-25246,mp-779056,"mp-25246,mp-19294,mp-779056",More than one working ion per transition metal
BAT_02252,Li0-2Fe(PO3)5,Fe(PO3)5,Fe(PO3)5,Li2Fe(PO3)5,Li,5.317063760833325,115.37771012209275,295.68423764590324,613.4706412981117,1572.171944636661,0.055194215383896,0.06398307587301601,0.035862550833332,1,3,Fe-O-P,"Fe,P,O",mp-540145,mp-705356,"mp-540145,mp-26120,mp-705356",More than one working ion per transition metal
BAT_02253,Li0-1FePO4,FePO4,FePO4,LiFePO4,Li,-2.145915517916665,169.89052558677983,489.823195357421,-364.5707152036892,-1051.119195953016,0.08364776837519901,0.010253061354166001,0.79456796205357,1,3,Fe-O-P,"Fe,P,O",mp-704299,mp-585319,"mp-704299,mp-585319",
BAT_02254,Li0-2Fe(PO3)4,Fe(PO3)4,Fe(PO3)4,Li2Fe(PO3)4,Li,4.703430993333332,139.00647905219608,393.87717528319183,653.8073818482396,1852.57411379355,0.006287689106541001,0.06315817813725601,0.009334568377226,2,3,Fe-O-P,"Fe,P,O",mp-504142,mp-26125,"mp-504142,mp-26126,mp-26125",More than one working ion per transition metal
BAT_02255,Li0-1FePO4,FePO4,FePO4,LiFePO4,Li,3.446270226666667,169.89052558677983,505.7609483698787,585.488660122471,1742.9888981778104,0.015509598518297002,0.027765482777777004,0.010694931190474,1,3,Fe-O-P,"Fe,P,O",mp-704220,mp-585400,"mp-704220,mp-585400",
BAT_02256,Li0-5Fe2(PO4)3,Fe2(PO4)3,Fe2(PO4)3,Li5Fe2(PO4)3,Li,4.047701873833331,310.69924116279685,920.7038812011824,1257.6179006532468,3726.7348251836465,0.046032482833325006,0.102638374803923,0.051412440568176,3,3,Fe-O-P,"Fe,P,O",mp-26412,mp-1177302,"mp-26412,mp-759608,mp-26070,mp-543094,mp-766709,mp-849334,mp-759437,mp-25993,mp-6373,mp-759282,mp-26069,mp-780568,mp-1177302",More than one working ion per transition metal
BAT_02257,Li0-1Fe2P3O13,Fe2P3O13,Fe2P3O13,LiFe2P3O13,Li,4.609630938333315,63.88233438816758,172.43273531362252,294.47398500865154,794.8512714831139,0.0053959121712130005,0.5048427825925881,0.48136840000000203,1,3,Fe-O-P,"Fe,P,O",mp-697819,mp-697808,"mp-697819,mp-697808",
BAT_02258,Li0-1FePO4,FePO4,FePO4,LiFePO4,Li,-0.449608642916667,169.89052558677983,491.7366472760301,-76.38424865347149,-221.089046654168,0.058860078343819004,0.014383927395833001,0.5557791508035711,1,3,Fe-O-P,"Fe,P,O",mp-705201,mp-694615,"mp-705201,mp-694615",
BAT_02259,Li0-1FeP2O7,FeP2O7,FeP2O7,LiFeP2O7,Li,5.2778281133333325,113.21572119795302,369.4264204788247,597.5331162098649,1949.7691478112417,0.005065497415952001,0.079850432666674,0.017194242272728002,1,3,Fe-O-P,"Fe,P,O",mp-26182,mp-26181,"mp-26182,mp-26181",
BAT_02260,Li0-3Fe2P5O16,Fe2P5O16,Fe2P5O16,Li3Fe2P5O16,Li,3.812478795000008,147.97305043644334,412.865202362046,564.144117020407,1574.0398291986878,0.034743359100630006,0.020384836304343002,0.014971874551282,2,3,Fe-O-P,"Fe,P,O",mp-27016,mp-31885,"mp-27016,mp-26184,mp-31885",More than one working ion per transition metal
BAT_02261,Li1-2FeP2O7,FeP2O7,LiFeP2O7,Li2FeP2O7,Li,4.57292265833333,109.99074776690446,311.1139797628757,502.97918267030354,1422.7001673819116,0.020220950657472002,0.176860493863636,0.040643433680552,1,3,Fe-O-P,"Fe,P,O",mp-705011,mp-1101596,"mp-705011,mp-1101596",More than one working ion per transition metal
BAT_02262,Li0-3.5Fe2(PO4)3,Fe2(PO4)3,Fe2(PO4)3,Li7Fe4(PO4)6,Li,4.521604664761903,222.869379936937,657.1000804607824,1007.7272279554473,2971.1467890268955,0.06614854581119001,0.096099300980394,0.023279570426839,4,3,Fe-O-P,"Fe,P,O",mp-26582,mp-1177121,"mp-26582,mp-26704,mp-25300,mp-1101593,mp-697784,mp-26703,mp-26054,mp-26581,mp-766373,mp-776769,mp-771817,mp-19430,mp-705329,mp-775523,mp-849395,mp-585226,mp-758654,mp-1177121,mp-761017",More than one working ion per transition metal
BAT_02263,Li0-4Fe3P4O15,Fe3P4O15,Fe3P4O15,Li4Fe3P4O15,Li,3.789180579583334,191.71815298869643,588.4258679091099,726.4547020583551,2229.6518712056677,0.010084047472605,0.08493657473485601,0.04633095785256,2,3,Fe-O-P,"Fe,P,O",mp-705395,mp-705404,"mp-705395,mp-705381,mp-705404",More than one working ion per transition metal
BAT_02264,Li0-6Fe5(P2O7)4,Fe5(P2O7)4,Fe5(P2O7)4,Li6Fe5(P2O7)4,Li,3.210455832499997,158.17615610975042,481.60508367456185,507.81756294497836,1546.1718498446464,0.007965145683528001,0.049477732560978004,0.090182500815602,2,3,Fe-O-P,"Fe,P,O",mp-705433,mp-705431,"mp-705433,mp-705376,mp-705431",More than one working ion per transition metal
BAT_02265,Li0-2FeP4O13,FeP4O13,FeP4O13,Li2FeP4O13,Li,5.459704825833331,133.46877646314925,326.30141731322567,728.7001229539261,1781.5094227812738,0.06519905528245601,0.156072722129625,0.07417636858333601,2,3,Fe-O-P,"Fe,P,O",mp-1101552,mp-759091,"mp-1101552,mp-705398,mp-759091",More than one working ion per transition metal
BAT_02266,Li0-1FeP2O7,FeP2O7,FeP2O7,LiFeP2O7,Li,5.186244598333336,113.21572119795302,361.5558145344529,587.1644225092969,1875.1168901253159,0.048410090432895,0.072361598916674,0.018711985681818002,1,3,Fe-O-P,"Fe,P,O",mp-26214,mp-1101516,"mp-26214,mp-1101516,mp-697764",
BAT_02267,Li3-9Fe3P8O29,Fe3P8O29,Li3Fe3P8O29,Li9Fe3P8O29,Li,5.122848177500018,170.75054793263155,460.64888789821595,874.7291332838109,2359.8343158367857,0.056456915235829006,0.114454482790697,0.002551181836732,2,3,Fe-O-P,"Fe,P,O",mp-705437,mp-554093,"mp-705437,mp-26221,mp-1177017,mp-554093",More than one working ion per transition metal
BAT_02268,Li0-1Fe3P3O13,Fe3P3O13,Fe3P3O13,LiFe3P3O13,Li,5.070616228333312,56.37794258109421,178.53543793195925,285.87091057173996,905.2846889103872,0.005085635827754001,0.100417054210525,0.048373105124999004,1,3,Fe-O-P,"Fe,P,O",mp-1356526,mp-1013899,"mp-1356526,mp-1013899",
BAT_02269,Li0-1Fe2P3O10,Fe2P3O10,Fe2P3O10,LiFe2P3O10,Li,3.886222098333339,72.13497255995688,240.55947755554268,280.33252442517346,934.8675576398729,0.029773622974997003,0.040714580333293005,0.0,1,3,Fe-O-P,"Fe,P,O",mp-27008,mp-27007,"mp-27008,mp-27007",
BAT_02270,Li0-2FeP2O7,FeP2O7,FeP2O7,Li2FeP2O7,Li,4.685062900833334,219.98149553380892,649.320453890125,1030.627143595282,3042.1071692728865,0.028261706549256003,0.181404816166675,0.018963436805552,2,3,Fe-O-P,"Fe,P,O",mp-26626,mp-695805,"mp-26626,mp-26326,mp-695805",More than one working ion per transition metal
BAT_02271,Li0-1Fe(PO3)4,Fe(PO3)4,Fe(PO3)4,LiFe(PO3)4,Li,5.964160693333331,70.77721708778762,200.23830316944063,422.12669613850306,1194.2534170629408,0.036306995668488,0.07040533196078601,0.020458547777763,1,3,Fe-O-P,"Fe,P,O",mp-26270,mp-26269,"mp-26270,mp-26269",
BAT_02272,Li1-2FeP2O7,FeP2O7,LiFeP2O7,Li2FeP2O7,Li,3.75695153333334,109.99074776690446,318.702195056357,413.2299084753524,1197.3487003936818,0.025337950974353003,0.07954253045454601,0.019432894305552003,1,3,Fe-O-P,"Fe,P,O",mp-695816,mp-26255,"mp-695816,mp-26255",More than one working ion per transition metal
BAT_02273,Li0-1Fe2P2O9,Fe2P2O9,Fe2P2O9,LiFe2P2O9,Li,5.222903275833322,82.57455458747069,260.10357710895113,431.2789116553781,1358.495824938306,0.036861167955307,0.147552150576923,0.05895921303571001,1,3,Fe-O-P,"Fe,P,O",mp-1041062,mp-1013910,"mp-1041062,mp-1013910",
BAT_02274,Li0-1Fe(PO3)3,Fe(PO3)3,Fe(PO3)3,LiFe(PO3)3,Li,3.6850577958333353,89.42713542137633,272.6316249101591,329.54416254358625,1004.6632947658915,0.024122449456892,0.015117229102563001,0.003014160892856,1,3,Fe-O-P,"Fe,P,O",mp-25310,mp-504179,"mp-25310,mp-2226385,mp-504179",
BAT_02275,Li0-2FeP2O7,FeP2O7,FeP2O7,Li2FeP2O7,Li,4.150864134583334,219.98149553380892,637.8347978098318,913.1133000832914,2647.565586018043,0.037405513232359,0.087777896666674,0.029974131597218002,2,3,Fe-O-P,"Fe,P,O",mp-697733,mp-697811,"mp-697733,mp-1380484,mp-26546,mp-697811",More than one working ion per transition metal
BAT_02276,Li0-2FeP2O7,FeP2O7,FeP2O7,Li2FeP2O7,Li,4.021490484583336,219.98149553380892,645.7767224376597,884.6534910736242,2596.9849444484626,0.082201524694838,0.054226381416675004,0.023576810555551,2,3,Fe-O-P,"Fe,P,O",mp-26644,mp-540231,"mp-26644,mp-26643,mp-26358,mp-540231",More than one working ion per transition metal
BAT_02277,Li0-4Fe5(P3O11)2,Fe5(P3O11)2,Fe5(P3O11)2,Li4Fe5(P3O11)2,Li,3.233901318333328,126.89819271763606,408.1763545676757,410.37623272368,1320.0020511488983,0.009794939797347,0.038046796439394,0.040637108918918,1,3,Fe-O-P,"Fe,P,O",mp-31872,mp-26471,"mp-31872,mp-26471",
BAT_02278,Li0-1FePO4,FePO4,FePO4,LiFePO4,Li,3.33833296833333,169.89052558677983,482.13429141027206,567.1511425738244,1609.5248001789403,0.061233715544775004,0.006887935833333,0.008219499285714001,1,3,Fe-O-P,"Fe,P,O",mp-504276,mp-756958,"mp-504276,mp-753877,mp-757359,mp-756958,mp-26559",
BAT_02279,Li0-1FeP2O7,FeP2O7,FeP2O7,LiFeP2O7,Li,5.05266877583333,113.21572119795302,331.53287640931893,572.0415394303488,1675.1258127955762,0.014660789909829,0.053583120666674006,0.013783898409091002,1,3,Fe-O-P,"Fe,P,O",mp-26566,mp-1101512,"mp-26566,mp-1101512,mp-697758",
BAT_02280,Li2-3Fe(PO4)2,Fe(PO4)2,Li2Fe(PO4)2,Li3Fe(PO4)2,Li,4.779760743333331,100.52664327697445,316.079951377546,480.49330319435603,1510.7865433491027,0.004601904242337001,0.081518333557694,0.030641763750006,1,3,Fe-O-P,"Fe,P,O",mp-26576,mp-26575,"mp-26576,mp-26575",More than one working ion per transition metal
BAT_02281,Li0-6Fe9(PO4)8,Fe9(PO4)8,Fe9(PO4)8,Li6Fe9(PO4)8,Li,3.485911999999999,123.31762784463503,421.64843795441845,429.87439871514727,1469.8293496465624,0.014841544193299002,0.073364621530596,0.051029918999999,1,3,Fe-O-P,"Fe,P,O",mp-704206,mp-25809,"mp-704206,mp-25809",
BAT_02282,Li0-1FeP2O7,FeP2O7,FeP2O7,LiFeP2O7,Li,6.073482713333324,113.21572119795302,343.14578188844115,687.6137255733329,2084.0899744526946,0.025456426674925002,0.164114947666674,0.021466110454546,1,3,Fe-O-P,"Fe,P,O",mp-26564,mp-26563,"mp-26564,mp-26563",
BAT_02283,Li0-1FePO4,FePO4,FePO4,LiFePO4,Li,3.552719033333336,169.89052558677983,499.3776317644837,603.5733038351569,1774.1484171906075,0.026701392711024,0.093067095833333,0.051460769999999004,2,3,Fe-O-P,"Fe,P,O",mp-753636,mp-765627,"mp-753636,mp-753523,mp-765627",
BAT_02284,Li1-3Fe2(PO4)3,Fe2(PO4)3,LiFe2(PO4)3,Li3Fe2(PO4)3,Li,5.039994360833337,128.41275539730495,427.84622363266556,647.1995630614877,2156.3425544124734,0.005745626739632001,0.135416087777775,0.035317135750012,1,3,Fe-O-P,"Fe,P,O",mp-699352,mp-26677,"mp-699352,mp-26677",More than one working ion per transition metal
BAT_02285,Li0-1FePO4,FePO4,FePO4,LiFePO4,Li,3.173812358333333,169.89052558677983,494.065667906899,539.2006496710671,1568.0717226311285,0.16351444197376802,0.022946063333333003,0.045486552857142,1,3,Fe-O-P,"Fe,P,O",mp-753756,mp-757406,"mp-753756,mp-753870,mp-757406",
BAT_02286,Li0-1FePO4,FePO4,FePO4,LiFePO4,Li,3.847418561666669,169.89052558677983,579.7048113283173,653.6399615938828,2230.3670513920424,0.022463639130684002,0.147130554166666,0.055700944523809005,2,3,Fe-O-P,"Fe,P,O",mp-26612,mp-26611,"mp-26612,mp-766485,mp-26611",
BAT_02287,Li0-3Fe3(PO4)4,Fe3(PO4)4,Fe3(PO4)4,Li3Fe3(PO4)4,Li,5.193776308333331,141.49647254021954,446.01460805357794,734.90102679213,2316.50010447925,0.036606261852087006,0.168748626376811,0.050661222692307,1,3,Fe-O-P,"Fe,P,O",mp-25814,mp-25813,"mp-25814,mp-25813",
BAT_02288,Li0-1FeP2O7,FeP2O7,FeP2O7,LiFeP2O7,Li,5.228175245833346,113.21572119795302,354.4539097739886,591.9116310063075,1853.1471568692134,0.032996177726613,0.09602713016667501,0.036414227954545006,1,3,Fe-O-P,"Fe,P,O",mp-26614,mp-26613,"mp-26614,mp-26613",
BAT_02289,Li0.5-1FePO4,FePO4,LiFe2(PO4)2,LiFePO4,Li,3.817032748333336,84.94526279338992,258.56981775059336,324.2388498981506,986.9694620845972,0.0029948646819200004,0.08460165192307001,0.045523612499999005,1,3,Fe-O-P,"Fe,P,O",mp-753789,mp-774251,"mp-753789,mp-774251",
BAT_02290,Li1-2FeP2O7,FeP2O7,LiFeP2O7,Li2FeP2O7,Li,4.5530003633333305,109.99074776690446,307.34896475961887,500.7879145460206,1399.3599482206673,0.031491469327076,0.170060335909091,0.036070146805553004,1,3,Fe-O-P,"Fe,P,O",mp-1101522,mp-25845,"mp-1101522,mp-25845,mp-504122",More than one working ion per transition metal
BAT_02291,Li0-1FeP2O7,FeP2O7,FeP2O7,LiFeP2O7,Li,4.980471823333336,113.21572119795302,353.9417453266419,563.8677093847677,1762.7968897007636,0.035264312957085,0.07085205941667401,0.036046292954545006,1,3,Fe-O-P,"Fe,P,O",mp-26750,mp-26749,"mp-26750,mp-26749",
BAT_02292,Li0-1FeP2O7,FeP2O7,FeP2O7,LiFeP2O7,Li,5.343613760833326,113.21572119795302,367.4267672300905,604.981085736051,1963.3867294692147,0.052205318435475004,0.10924581641667401,0.037936805000001,1,3,Fe-O-P,"Fe,P,O",mp-690058,mp-26717,"mp-690058,mp-26717",
BAT_02293,Li0-1Fe4(PO4)3,Fe4(PO4)3,Fe4(PO4)3,LiFe4(PO4)3,Li,2.728835493333325,52.01796592199447,190.7954982295084,141.9484716989419,520.6495275368982,0.0008681441140010001,0.019568003684209002,0.049874921250005005,1,3,Fe-O-P,"Fe,P,O",mp-31780,mp-25825,"mp-31780,mp-25826,mp-25825",
BAT_02294,Li0-1Fe4P7O24,Fe4P7O24,Fe4P7O24,LiFe4P7O24,Li,4.05246368833338,32.247312700630985,98.3916676713061,130.6810637656389,398.7286604725333,0.011437193178518,0.017219491714287,0.033852193703703,1,3,Fe-O-P,"Fe,P,O",mp-26756,mp-697800,"mp-26756,mp-697800",
BAT_02295,Li0-1FePO4,FePO4,FePO4,LiFePO4,Li,3.400948843333336,169.89052558677983,489.743938559996,577.7889864876514,1665.5940813751308,0.113781402880349,0.026315635,0.015926687857142,1,3,Fe-O-P,"Fe,P,O",mp-26792,mp-757027,"mp-26792,mp-753648,mp-757027,mp-26791",
BAT_02296,Li1-3Fe2(PO4)3,Fe2(PO4)3,LiFe2(PO4)3,Li3Fe2(PO4)3,Li,4.84617474333334,128.41275539730495,413.1184456558915,622.3106519282613,2002.0441773427085,0.034227154066261,0.11609164305555301,0.037307097250012,2,3,Fe-O-P,"Fe,P,O",mp-540420,mp-26825,"mp-540420,mp-766384,mp-26825",More than one working ion per transition metal
BAT_02297,Li0-3Fe3(PO4)4,Fe3(PO4)4,Fe3(PO4)4,Li3Fe3(PO4)4,Li,4.888432900000002,141.49647254021954,409.79949046862293,691.6960115995561,2003.2773116100539,0.06769954466217201,0.11357956528985601,0.037089754230769004,1,3,Fe-O-P,"Fe,P,O",mp-1101553,mp-26807,"mp-1101553,mp-31829,mp-26807",
BAT_02298,Li2-3Fe(PO4)2,Fe(PO4)2,Li2Fe(PO4)2,Li3Fe(PO4)2,Li,4.764306250833333,100.52664327697445,315.23744346019515,478.93971493978205,1501.8877223741272,0.022610561627826,0.084076861057694,0.034121431607148,1,3,Fe-O-P,"Fe,P,O",mp-697816,mp-26805,"mp-697816,mp-26805",More than one working ion per transition metal
BAT_02299,Li0-1Fe(PO3)4,Fe(PO3)4,Fe(PO3)4,LiFe(PO3)4,Li,5.371385828333307,70.77721708778762,170.0262906600116,380.17174083421236,913.276808095266,0.012100569864138001,0.054539892254902,0.038406458333319,1,3,Fe-O-P,"Fe,P,O",mp-585418,mp-26811,"mp-585418,mp-26811",
BAT_02300,Li2-3Fe(PO4)2,Fe(PO4)2,Li2Fe(PO4)2,Li3Fe(PO4)2,Li,4.650400668333337,100.52664327697445,315.81685882778055,467.489169080549,1468.674931363646,0.029082501301479,0.076758569326925,0.03546198803572,1,3,Fe-O-P,"Fe,P,O",mp-689973,mp-26773,"mp-689973,mp-26773",More than one working ion per transition metal
BAT_02301,Li0-1Fe3(P3O10)2,Fe3(P3O10)2,Fe3(P3O10)2,LiFe3(P3O10)2,Li,4.476146758333333,39.39618144004038,105.35087121185384,176.34308984354857,471.565960662532,0.012491098894511,0.022762295862067003,0.028414009111121002,1,3,Fe-O-P,"Fe,P,O",mp-25884,mp-25883,"mp-25884,mp-25883",
BAT_02302,Li0-2Fe3(P2O7)2,Fe3(P2O7)2,Fe3(P2O7)2,Li2Fe3(P2O7)2,Li,3.974167163333338,101.2707214342263,345.17787278453716,402.4667757309798,1371.7945675295598,0.016209433441884,0.11052703011904101,0.036838418695649,1,3,Fe-O-P,"Fe,P,O",mp-26860,mp-540433,"mp-26860,mp-1101565,mp-540433",
BAT_02303,Li0-2Fe5(PO4)4,Fe5(PO4)4,Fe5(PO4)4,Li2Fe5(PO4)4,Li,2.958649803333334,79.64868320591879,272.0761080674385,235.65256090295068,804.9779236254259,0.033175345147056,0.009732526200000001,0.038336935000005005,1,3,Fe-O-P,"Fe,P,O",mp-26858,mp-540431,"mp-26858,mp-540431",
BAT_02304,Li0-3Fe3(PO4)4,Fe3(PO4)4,Fe3(PO4)4,Li3Fe3(PO4)4,Li,4.882095496666669,141.49647254021954,446.3055940482234,690.7992913828249,2178.906530839974,0.05930782921633,0.097258502463768,0.023383129807692003,1,3,Fe-O-P,"Fe,P,O",mp-31818,mp-26307,"mp-31818,mp-26307",
BAT_02305,Li3-4FeP2O9,FeP2O9,Li3FeP2O9,Li4FeP2O9,Li,4.625162528333338,92.5621727006796,255.66652313564984,428.11509271630234,1182.4992225562762,0.012176103118689,0.098446221166666,0.058178589531249006,1,3,Fe-O-P,"Fe,P,O",mp-26902,mp-26901,"mp-26902,mp-26901",More than one working ion per transition metal
BAT_02306,Li2-3Fe(PO4)2,Fe(PO4)2,Li2Fe(PO4)2,Li3Fe(PO4)2,Li,4.819381000833336,100.52664327697445,309.85186340589655,484.4761946866009,1493.2941835711838,0.036212042896267005,0.08502633971154,0.031069179642863,1,3,Fe-O-P,"Fe,P,O",mp-762856,mp-772427,"mp-762856,mp-772427",More than one working ion per transition metal
BAT_02307,Li3-3.5Fe2(PO4)3,Fe2(PO4)3,Li3Fe2(PO4)3,Li7Fe4(PO4)6,Li,3.079887863333288,31.838482848133857,95.21847069808905,98.05895691091251,293.26221226820076,0.005650417961543,0.042163821375011006,0.046594614207327,1,3,Fe-O-P,"Fe,P,O",mp-772738,mp-772517,"mp-772738,mp-758962,mp-772517",More than one working ion per transition metal
BAT_02308,Li0-1FePO4,FePO4,FePO4,LiFePO4,Li,3.313778293333333,169.89052558677983,495.9894117980262,562.9795359324622,1643.598946539467,0.097290927749932,0.009450009166666001,0.013923372857142001,1,3,Fe-O-P,"Fe,P,O",mp-766442,mp-757097,"mp-766442,mp-766456,mp-757097",
BAT_02309,Li0-1FeP2O7,FeP2O7,FeP2O7,LiFeP2O7,Li,5.292931158333336,113.21572119795302,349.84154995627813,599.2430183418255,1851.687240243213,0.099325903956339,0.11041740691667401,0.043609396590909004,1,3,Fe-O-P,"Fe,P,O",mp-1048396,mp-757908,"mp-1048396,mp-757908",
BAT_02310,Li0-2FeP2O7,FeP2O7,FeP2O7,Li2FeP2O7,Li,3.932408963333327,219.98149553380892,645.1336382152299,865.0572048046206,2536.92930146541,0.04507410092909701,0.049472965916673,0.034462551180553004,2,3,Fe-O-P,"Fe,P,O",mp-766012,mp-757481,"mp-766012,mp-766136,mp-757481",More than one working ion per transition metal
BAT_02311,Li0.75-2FeP2O7,FeP2O7,Li3Fe4(P2O7)4,Li2FeP2O7,Li,4.055408742333343,137.48843470863056,412.58360059062693,557.5718000871075,1673.1951407785966,0.033374470746635,0.08721443550387001,0.012548983055552,4,3,Fe-O-P,"Fe,P,O",mp-849425,mp-849623,"mp-849425,mp-849584,mp-1177688,mp-849452,mp-849490,mp-849415,mp-782726,mp-849555,mp-849557,mp-1176772,mp-831266,mp-849492,mp-1177390,mp-849563,mp-1177154,mp-849560,mp-1177159,mp-849564,mp-1177735,mp-849506,mp-1177912,mp-1177031,mp-1176933,mp-849623",More than one working ion per transition metal
BAT_02312,Li0-1Fe5P3O13,Fe5P3O13,Fe5P3O13,LiFe5P3O13,Li,2.881223538333334,45.652218795742236,168.06418599431137,131.534247371436,484.2304886376415,0.0012365219315730001,0.056366373253954,0.052839125909098006,1,3,Fe-O-P,"Fe,P,O",mp-763767,mp-758965,"mp-763767,mp-759643,mp-758965",
BAT_02313,Li0-1FePO4,FePO4,FePO4,LiFePO4,Li,3.321968453333338,169.89052558677983,603.2624458626904,564.3709665195029,2004.018814236568,0.069763680911937,0.029870462083334003,0.030256595357142,1,3,Fe-O-P,"Fe,P,O",mp-776288,mp-831160,"mp-776288,mp-831160",
BAT_02314,Li2-3FePO5,FePO5,Li2FePO5,Li3FePO5,Li,2.679945040833336,142.83552534504514,406.8335135325081,382.791357803278,1090.291457036247,0.006739265591828,0.0564479588889,0.060272362499998004,1,3,Fe-O-P,"Fe,P,O",mp-766462,mp-765579,"mp-766462,mp-1176795,mp-765579",More than one working ion per transition metal
BAT_02315,Li0-1FePO4,FePO4,FePO4,LiFePO4,Li,3.188486138333329,169.89052558677983,497.1980202214779,541.6935858676112,1585.3089954829566,0.17576679950832402,0.0,0.023722244285714,1,3,Fe-O-P,"Fe,P,O",mp-760343,mp-761486,"mp-760343,mp-761486",
BAT_02316,Li0-0.67FePO4,FePO4,FePO4,Li2Fe3(PO4)3,Li,3.144997068333343,114.94614856262825,381.9882807638691,361.5053002456748,1201.3520231400626,0.05721316834534201,0.044608444999999004,0.061102078499998005,1,3,Fe-O-P,"Fe,P,O",mp-772512,mp-771770,"mp-772512,mp-771770",
BAT_02317,Li2-3Fe(PO4)2,Fe(PO4)2,Li2Fe(PO4)2,Li3Fe(PO4)2,Li,5.011994878333344,100.52664327697445,309.2322612038725,503.8390212402391,1549.8705093692479,0.013561213646674002,0.083219493173078,0.015633259464292,1,3,Fe-O-P,"Fe,P,O",mp-758232,mp-773399,"mp-758232,mp-773399,mp-760008",More than one working ion per transition metal
BAT_02318,Li0-1FePO4,FePO4,FePO4,LiFePO4,Li,3.33574072583333,169.89052558677983,498.01662306947463,566.7107451330509,1661.2543317148331,0.09330046560053401,0.010196528125000002,0.011425755892857001,1,3,Fe-O-P,"Fe,P,O",mp-766460,mp-765594,"mp-766460,mp-766464,mp-765594",
BAT_02319,Li0-1Fe(PO3)3,Fe(PO3)3,Fe(PO3)3,LiFe(PO3)3,Li,3.774391343333325,89.42713542137633,258.0514006447103,337.5330057935398,973.9869727284342,0.025989487357177002,0.072972866025641,0.050356284642857005,1,3,Fe-O-P,"Fe,P,O",mp-763780,mp-762657,"mp-763780,mp-762657",
BAT_02320,Li0-8Fe7(PO4)8,Fe7(PO4)8,Fe7(PO4)8,Li8Fe7(PO4)8,Li,4.060776314583333,177.75607616023612,592.4639906914645,721.8276638447579,2405.8637406434195,0.008453804533686,0.09030250535461201,0.028145796090934,1,3,Fe-O-P,"Fe,P,O",mp-1178257,mp-774835,"mp-1178257,mp-774835",More than one working ion per transition metal
BAT_02321,Li0-4Fe5Sb(PO4)6,Fe5Sb(PO4)6,Fe5Sb(PO4)6,Li4Fe5Sb(PO4)6,Li,2.660579385833334,107.35867751386526,373.162248829036,285.6362842837186,992.8277868057426,0.049316877760294,0.019126238124998002,0.08582081458125301,1,4,Fe-O-P-Sb,"Fe,Sb,P,O",mp-771885,mp-776398,"mp-771885,mp-776398",
BAT_02322,Li0-4Fe3Sb(PO4)4,Fe3Sb(PO4)4,Fe3Sb(PO4)4,Li4Fe3Sb(PO4)4,Li,2.90379491833333,153.82276864261001,550.494472868947,446.6697739083745,1598.5230528874338,0.055870134932014,0.06745134864582901,0.09465944273538701,1,4,Fe-O-P-Sb,"Fe,Sb,P,O",mp-1178297,mp-1177409,"mp-1178297,mp-1177409",More than one working ion per transition metal
BAT_02323,Li6-8Fe3Sn(PO4)6,Fe3Sn(PO4)6,Li6Fe3Sn(PO4)6,Li8Fe3Sn(PO4)6,Li,1.9665282433333051,58.8008922510773,174.98944023541733,115.633615344942,344.12167650803366,0.072151120637495,0.053661716499987,0.11468287482142901,1,4,Fe-O-P-Sn,"Fe,Sn,P,O",mp-778734,mp-775125,"mp-778734,mp-775125",More than one working ion per transition metal
BAT_02324,Li0-8Fe7Te(PO4)12,Fe7Te(PO4)12,Fe7Te(PO4)12,Li8Fe7Te(PO4)12,Li,5.024749633333348,125.11637465090324,384.05781834164577,628.6784576511238,1929.7943818909903,0.012181310859530002,0.08411526526960901,0.022555604749999,1,4,Fe-O-P-Te,"Fe,Te,P,O",mp-777003,mp-1176834,"mp-777003,mp-1176834",More than one working ion per transition metal
BAT_02325,Li0-2FeSn(PO4)2,FeSn(PO4)2,FeSn(PO4)2,Li2FeSn(PO4)2,Li,2.635876797083331,141.66446796902832,516.7230458586649,373.41008409071657,1362.0182870970812,0.11936675793973602,0.033455896388893,0.062991719404761,1,4,Fe-O-P-Sn,"Fe,Sn,P,O",mp-1178211,mp-772178,"mp-1178211,mp-772178",More than one working ion per transition metal
BAT_02326,Li0-6Fe3Sb(PO4)6,Fe3Sb(PO4)6,Fe3Sb(PO4)6,Li6Fe3Sb(PO4)6,Li,3.9572313316666663,178.52396803848805,551.8048842029468,706.4606397753635,2183.619576734598,0.0019219363635280002,0.06574333499999001,0.073889446256248,1,4,Fe-O-P-Sb,"Fe,Sb,P,O",mp-775128,mp-757289,"mp-775128,mp-757289",More than one working ion per transition metal
BAT_02327,Li0-7TiFe3(PO4)6,TiFe3(PO4)6,TiFe3(PO4)6,Li7TiFe3(PO4)6,Li,4.012802456190469,225.00180413356517,636.0857632822424,902.8877922744572,2552.4865132467717,0.043553175022297004,0.073530078063735,0.068120638902432,2,4,Fe-O-P-Ti,"Ti,Fe,P,O",mp-775272,mp-760106,"mp-775272,mp-758142,mp-760106",More than one working ion per transition metal
BAT_02328,Li0-6VFe3(PO4)6,VFe3(PO4)6,VFe3(PO4)6,Li6VFe3(PO4)6,Li,4.215075326666668,193.75716207888482,570.0605038162989,816.7010332436621,2402.847964343252,0.01367067541944,0.068798300171571,0.046756807624998,1,4,Fe-O-P-V,"V,Fe,P,O",mp-774165,mp-757753,"mp-774165,mp-757753",More than one working ion per transition metal
BAT_02329,Li0-6Ti3Fe(PO4)6,Ti3Fe(PO4)6,Ti3Fe(PO4)6,Li6Ti3Fe(PO4)6,Li,3.25173819166666,198.3042134413489,564.6564078165562,644.8333844156514,1836.1148064664008,0.021552192613268,0.036345302365203,0.07686674494907701,2,4,Fe-O-P-Ti,"Ti,Fe,P,O",mp-775436,mp-1176962,"mp-775436,mp-743603,mp-1176962",More than one working ion per transition metal
BAT_02330,Li0-4VFe3(PO4)4,VFe3(PO4)4,VFe3(PO4)4,Li4VFe3(PO4)4,Li,3.21590019333333,171.22102178307352,585.8978057906918,550.6297170549166,1884.18886691586,0.061323441257394,0.025083127916694002,0.006938646339282001,1,4,Fe-O-P-V,"V,Fe,P,O",mp-1216366,mp-1222547,"mp-1216366,mp-1222547",
BAT_02331,Li0-6V3Fe(PO4)6,V3Fe(PO4)6,V3Fe(PO4)6,Li6V3Fe(PO4)6,Li,3.503242440000002,196.07404453909308,567.109655424458,686.8949142118016,1986.7226130167387,0.030496756830814,0.018148604436303003,0.046796762828119,1,4,Fe-O-P-V,"V,Fe,P,O",mp-772911,mp-1176939,"mp-772911,mp-1176939",More than one working ion per transition metal
BAT_02332,Li0-8VFe7(PO4)12,VFe7(PO4)12,VFe7(PO4)12,Li8VFe7(PO4)12,Li,5.005458034583317,130.97525938266153,385.59780030337276,655.5911644085772,1930.0936076461708,0.011269886198883,0.08138519322304301,0.014779573807574001,1,4,Fe-O-P-V,"V,Fe,P,O",mp-1101268,mp-758577,"mp-1101268,mp-758577",
BAT_02333,Li0-2VFe(PO4)2,VFe(PO4)2,VFe(PO4)2,Li2VFe(PO4)2,Li,2.954241255833335,172.57252201139963,585.4733999407621,509.8208641492832,1729.6296722980096,0.041068615967482,0.026026008333333003,0.010759549464284,1,4,Fe-O-P-V,"V,Fe,P,O",mp-774620,mp-861602,"mp-774620,mp-861602",
BAT_02334,Li0-3VFe(P2O7)2,VFe(P2O7)2,VFe(P2O7)2,Li3VFe(P2O7)2,Li,3.761030858333332,169.09588810400138,476.4939383316091,635.9748531764294,1792.1084058739618,0.054003401912552006,0.010630669541582,0.000288295833343,3,4,Fe-O-P-V,"V,Fe,P,O",mp-767722,mp-1177512,"mp-767722,mp-752490,mp-759820,mp-1235847,mp-759903,mp-1235226,mp-765981,mp-759761,mp-1176547,mp-1235295,mp-1177781,mp-1177512",More than one working ion per transition metal
BAT_02335,Li0-8Fe7P12WO48,Fe7P12WO48,Fe7P12WO48,Li8Fe7P12WO48,Li,4.920630242083338,121.14078930995905,382.10221945367516,596.0890314284304,1880.1837366109185,0.015870303091575,0.06581144783701501,0.012773160148019,1,4,Fe-O-P-W,"Fe,P,W,O",mp-770783,mp-1176835,"mp-770783,mp-1176835",
BAT_02336,Li0-2ZnFe(PO4)2,ZnFe(PO4)2,ZnFe(PO4)2,Li2ZnFe(PO4)2,Li,4.203928567083335,164.89225019453374,596.3957034736627,693.1952410834531,2507.2049351186924,0.016671797524838,0.07902082942708101,0.024070144821428,1,4,Fe-O-P-Zn,"Zn,Fe,P,O",mp-1101161,mp-756192,"mp-1101161,mp-756192",
BAT_02337,Li0-4Fe5P6WO24,Fe5P6WO24,Fe5P6WO24,Li4Fe5P6WO24,Li,2.506536440833319,101.07500086885335,367.37012609780294,253.34817293504037,920.8266083376749,0.06115911646597601,0.016454591585645002,0.08835411381249901,1,4,Fe-O-P-W,"Fe,P,W,O",mp-780405,mp-774930,"mp-780405,mp-774930",
BAT_02338,Li2-8Zr7Fe(PO4)12,Zr7Fe(PO4)12,Li2Zr7Fe(PO4)12,Li8Zr7Fe(PO4)12,Li,3.041144999999995,85.1021977686392,262.0703564064857,258.80812323310784,796.9939540338006,0.0058459192578340004,0.019922483035719002,0.055700121578945,1,4,Fe-O-P-Zr,"Zr,Fe,P,O",mp-759723,mp-1176803,"mp-759723,mp-773105,mp-1176803",
BAT_02339,Li0-0.5SrPrFeRuO6,SrPrFeRuO6,SrPrFeRuO6,Sr2LiPr2Fe2(RuO6)2,Li,4.195978793333329,27.635546820395565,172.12857521562546,115.9581684005501,722.2478513314453,0.032628628646236,0.19965535257500003,0.10170518609944101,1,5,Fe-O-Pr-Ru-Sr,"Sr,Pr,Fe,Ru,O",mp-1218067,mp-1235879,"mp-1218067,mp-1235879,mp-1235305,mp-1232976",
BAT_02340,Li1-2Fe(SO4)2,Fe(SO4)2,LiFe(SO4)2,Li2Fe(SO4)2,Li,3.908987278333332,102.35346942039781,293.9634646119707,400.0984098576148,1149.0994434629843,0.047961562025282005,0.027069799375006,0.007571663173074001,1,3,Fe-O-S,"Fe,S,O",mp-780523,mp-780594,"mp-780523,mp-780594",More than one working ion per transition metal
BAT_02341,Li0-1Fe2(SO4)3,Fe2(SO4)3,Fe2(SO4)3,LiFe2(SO4)3,Li,3.149304093333332,65.88063566719111,192.06793144987577,207.4781555780869,604.8803227131596,0.013500310009562,0.0,0.029626511874997003,1,3,Fe-O-S,"Fe,S,O",mp-540767,mp-768683,"mp-540767,mp-768683",
BAT_02342,Li0-2Fe2(SO4)3,Fe2(SO4)3,Fe2(SO4)3,Li2Fe2(SO4)3,Li,3.668856170833334,129.550918892381,367.9291513138877,475.30368821544073,1349.8791372274284,0.11465853565793001,0.007453446911764001,0.008113624736836,1,3,Fe-O-S,"Fe,S,O",mp-540894,mp-777573,"mp-540894,mp-769018,mp-777573",
BAT_02343,Li0-1Fe(SO4)2,Fe(SO4)2,Fe(SO4)2,LiFe(SO4)2,Li,5.321085920000006,105.14046124832447,289.18120840465,559.4614279707656,1538.7580563705706,0.012707052755298001,0.06591522939393,0.02824912225695,1,3,Fe-O-S,"Fe,S,O",mp-772225,mp-849740,"mp-772225,mp-849740",
BAT_02344,Li0-1Fe(SO4)2,Fe(SO4)2,Fe(SO4)2,LiFe(SO4)2,Li,5.37251290666666,105.14046124832447,290.3450711195054,564.8684850695091,1559.8826419765921,0.011606126403935001,0.0622204590909,0.020576667256950003,1,3,Fe-O-S,"Fe,S,O",mp-771312,mp-771819,"mp-771312,mp-771819",
BAT_02345,Li0-3Fe(SbO3)4,Fe(SbO3)4,Fe(SbO3)4,Li3Fe(SbO3)4,Li,3.827047448333331,106.39719242865917,589.1964661654788,407.18710379393053,2254.8828324056117,0.06169560909395601,0.084832964999995,0.055221446687497004,1,3,Fe-O-Sb,"Fe,Sb,O",mp-754951,mp-756153,"mp-754951,mp-756153",More than one working ion per transition metal
BAT_02346,Li3-4Fe3SbO8,Fe3SbO8,Li3Fe3SbO8,Li4Fe3SbO8,Li,2.618652813333345,60.220712770183695,275.4581181471858,157.69713891658085,721.3291760416372,0.002839125818661,0.04317192583333301,0.015012720468749002,1,3,Fe-O-Sb,"Fe,Sb,O",mp-772131,mp-780303,"mp-772131,mp-756407,mp-780303",More than one working ion per transition metal
BAT_02347,Li4-6Fe5SbO12,Fe5SbO12,Li4Fe5SbO12,Li6Fe5SbO12,Li,2.989814803333321,84.46415386679128,351.7581142377379,252.53217758195598,1051.6916171406024,0.041823463990698,0.09996406795453901,0.026876614687503003,1,3,Fe-O-Sb,"Fe,Sb,O",mp-1177408,mp-765615,"mp-1177408,mp-765615",More than one working ion per transition metal
BAT_02348,Li0-4Ti3Fe3(SbO8)2,Ti3Fe3(SbO8)2,Ti3Fe3(SbO8)2,Li4Ti3Fe3(SbO8)2,Li,3.318056148333331,127.86807580327672,570.8955720586437,424.27345509461475,1894.2635629254567,0.06315624147349501,0.12384903635416701,0.048137964821414005,1,4,Fe-O-Sb-Ti,"Ti,Fe,Sb,O",mp-753029,mp-865132,"mp-753029,mp-865132,mp-863112",
BAT_02349,Li7-1Sc9Fe(SiO3)20,Sc9Fe(SiO3)20,Li7Sc9Fe(SiO3)20,Li10Sc9Fe(SiO3)20,Li,5.010498516666648,39.19238660867842,117.20955691614228,196.373394967409,587.2783110674859,0.005443192675007,0.041921694030925,0.003456409024996,1,4,Fe-O-Sc-Si,"Sc,Fe,Si,O",mp-849995,mp-1178101,"mp-849995,mp-760050,mp-1178101",More than one working ion per transition metal
BAT_02350,Li0-1Fe(SeO3)2,Fe(SeO3)2,Fe(SeO3)2,LiFe(SeO3)2,Li,5.054418733333333,84.62670679276157,297.84474227869714,427.7388121536413,1505.4320449982854,0.01786371086121,0.10682534861111301,0.0,1,3,Fe-O-Se,"Fe,Se,O",mp-25261,mp-558555,"mp-25261,mp-558555",
BAT_02351,Li0-1Fe(Se2O5)2,Fe(Se2O5)2,Fe(Se2O5)2,LiFe(Se2O5)2,Li,5.158822208333338,49.759535749440964,200.83604903982743,256.70059810057273,1036.077470020585,0.014143331788432,0.07993007744444301,0.0034546978124980004,1,3,Fe-O-Se,"Fe,Se,O",mp-25259,mp-887746,"mp-25259,mp-887746",
BAT_02352,Li0-0.25ScFeO3,ScFeO3,ScFeO3,LiSc4(FeO3)4,Li,0.6853425433333531,44.51057019354141,198.34636682128436,30.504987381659408,135.9352034982292,0.05728348692381301,0.08394618037499901,0.15242428880952502,1,3,Fe-O-Sc,"Sc,Fe,O",mp-769734,mp-1235319,"mp-769734,mp-756419,mp-1235319,mp-1236546",
BAT_02353,Li1-2Fe(SiO3)2,Fe(SiO3)2,LiFe(SiO3)2,Li2Fe(SiO3)2,Li,2.884041040833328,120.78484696037346,339.649867162388,348.34845574448974,979.5641564099152,0.046822230923719003,0.034437433250001,0.011557355000002,1,3,Fe-O-Si,"Fe,Si,O",mp-777840,mp-753634,"mp-777840,mp-753634",More than one working ion per transition metal
BAT_02354,Li0-2FeSiO4,FeSiO4,FeSiO4,Li2FeSiO4,Li,4.048538149583334,331.2708062767885,1036.6366798436009,1341.1624970548085,4196.863145604223,0.177338363099093,0.27670414875000104,0.0,2,3,Fe-O-Si,"Fe,Si,O",mp-1102363,mp-18968,"mp-1102363,mp-756984,mp-861039,mp-752644,mp-18968",More than one working ion per transition metal
BAT_02355,Li0-1Fe(SiO3)2,Fe(SiO3)2,Fe(SiO3)2,LiFe(SiO3)2,Li,5.06306346833333,124.68507660434258,413.351134717925,631.2884564017897,2092.823029784455,0.028697016187225,0.152752098333332,0.008175921000002001,1,3,Fe-O-Si,"Fe,Si,O",mp-25231,mp-19061,"mp-25231,mp-19061",
BAT_02356,Li1.5-2FeSiO4,FeSiO4,Li3Fe2(SiO4)2,Li2FeSiO4,Li,3.42389415833333,82.81770156919713,253.86653983163808,283.5590446093671,869.2121627258413,0.025612551482282003,0.07351706966667401,0.021603718749999,1,3,Fe-O-Si,"Fe,Si,O",mp-850922,mp-764344,"mp-850922,mp-764344,mp-752799",More than one working ion per transition metal
BAT_02357,Li1-2FeSiO4,FeSiO4,LiFeSiO4,Li2FeSiO4,Li,2.8148486308333363,165.63540313839425,489.9565910876968,466.23858774163676,1379.153639590972,0.012776925520738001,0.033588317142859,0.010883400312500001,1,3,Fe-O-Si,"Fe,Si,O",mp-753362,mp-752900,"mp-753362,mp-1177678,mp-1303127,mp-1306409,mp-752900",More than one working ion per transition metal
BAT_02358,Li1-2FeSiO4,FeSiO4,LiFeSiO4,Li2FeSiO4,Li,2.86456514833333,165.63540313839425,509.92795122794644,474.4734031603854,1460.7218372485938,0.022224319253918,0.033040580357145,0.0041895659375000005,1,3,Fe-O-Si,"Fe,Si,O",mp-754842,mp-752913,"mp-754842,mp-764355,mp-754087,mp-752913",More than one working ion per transition metal
BAT_02359,Li0-1Fe(SiO3)2,Fe(SiO3)2,Fe(SiO3)2,LiFe(SiO3)2,Li,4.9464746283333385,124.68507660434258,410.0009383751033,616.7515679551793,2028.0592392653093,0.0017212186028080002,0.14001112472222002,0.008367928750001,1,3,Fe-O-Si,"Fe,Si,O",mp-25240,mp-510708,"mp-25240,mp-510708",
BAT_02360,Li0-3Mo3(PO4)4,Mo3(PO4)4,Mo3(PO4)4,Li3Mo3(PO4)4,Li,4.034618058888881,116.77722782500292,401.0986967932369,471.15151224973795,1618.2800454787896,0.013128853110226001,0.146074884130433,0.027749243814088,1,3,Mo-O-P,"Mo,P,O",mp-26562,mp-26561,"mp-26562,mp-26561",
BAT_02361,Li0-3Mo2(PO4)3,Mo2(PO4)3,Mo2(PO4)3,Li3Mo2(PO4)3,Li,3.231729919166662,161.57894432927827,530.9841629776665,522.1795086962932,1715.9974060985921,0.06496126768254401,0.002497590882351,0.004713364375,2,3,Mo-O-P,"Mo,P,O",mp-540082,mp-26105,"mp-540082,mp-26086,mp-26105,mp-26085",More than one working ion per transition metal
BAT_02362,Li0-1MoP2O7,MoP2O7,MoP2O7,LiMoP2O7,Li,4.167374118333332,96.81765228608988,324.73385736652995,403.47537833484694,1353.2874725358247,0.0020120471882650003,0.10555685499999701,0.021605628181817,1,3,Mo-O-P,"Mo,P,O",mp-540270,mp-26443,"mp-540270,mp-26443",
BAT_02363,Li0-1Mo(PO3)4,Mo(PO3)4,Mo(PO3)4,LiMo(PO3)4,Li,4.163988285833345,64.00065638445936,183.94660083871662,266.4979834705339,765.9514911112782,0.026781742196321002,0.054315133039243006,0.041604852638898,1,3,Mo-O-P,"Mo,P,O",mp-705035,mp-705007,"mp-705035,mp-705007",
BAT_02364,Li0-1MoPO5,MoPO5,MoPO5,LiMoPO5,Li,3.778906323333335,125.32738049342746,384.63042635863917,473.60043063341595,1453.4823503130585,0.007139575778000001,0.12863500571428602,0.056371020937499,1,3,Mo-O-P,"Mo,P,O",mp-504414,mp-27115,"mp-504414,mp-27115",
BAT_02365,Li0-1Mo(PO4)2,Mo(PO4)2,Mo(PO4)2,LiMo(PO4)2,Li,4.070416788333351,91.52769720722453,268.7433752797779,372.55587530977834,1093.8975464921782,0.000126081641476,0.014981788409095002,0.031476325416651005,1,3,Mo-O-P,"Mo,P,O",mp-26600,mp-705333,"mp-26600,mp-705333",
BAT_02366,Li2-3Mo(PO3)8,Mo(PO3)8,Li2Mo(PO3)8,Li3Mo(PO3)8,Li,5.77852072333332,35.805070985086246,100.72709778397201,206.90034468774144,582.053621945904,0.0026679319815950003,0.07203408295238001,0.047846385208337006,1,3,Mo-O-P,"Mo,P,O",mp-687229,mp-26319,"mp-687229,mp-26319",More than one working ion per transition metal
BAT_02367,Li3-5Mo2P5O18,Mo2P5O18,Li3Mo2P5O18,Li5Mo2P5O18,Li,4.998774048333321,80.07098661128418,265.48499877290243,400.2567698969322,1327.0995220877883,0.003179303912201,3.063052366726221,2.746023384833329,1,3,Mo-O-P,"Mo,P,O",mp-821716,mp-729641,"mp-821716,mp-729641",More than one working ion per transition metal
BAT_02368,Li0-3Mo2(PO4)3,Mo2(PO4)3,Mo2(PO4)3,Li3Mo2(PO4)3,Li,3.2489993333333342,161.57894432927827,537.9591973721234,524.969882406529,1747.8290736225645,0.013980868189032,0.0,0.0,2,3,Mo-O-P,"Mo,P,O",mp-32077,mp-27003,"mp-32077,mp-696104,mp-32055,mp-27006,mp-26048,mp-1101595,mp-585265,mp-540268,mp-27005,mp-26013,mp-27003,mp-26439,mp-32107",More than one working ion per transition metal
BAT_02369,Li0-1MoP2O7,MoP2O7,MoP2O7,LiMoP2O7,Li,3.386779793333336,96.81765228608988,333.73846712641324,327.90006840050233,1130.2986967217785,0.011396433961574,0.021866756999999,0.016486841363636002,1,3,Mo-O-P,"Mo,P,O",mp-26240,mp-26239,"mp-26240,mp-26239",
BAT_02370,Li0-1MoP2O7,MoP2O7,MoP2O7,LiMoP2O7,Li,3.435459333333331,96.81765228608988,349.3689575820836,332.6131071776686,1200.242846102306,0.030754507909900003,0.039513601999999,0.028104015000000003,1,3,Mo-O-P,"Mo,P,O",mp-26294,mp-26293,"mp-26294,mp-26293",
BAT_02371,Li0-7Mo4P9O32,Mo4P9O32,Mo4P9O32,Li7Mo4P9O32,Li,3.656939134047617,153.3902768369198,481.3906758755174,560.9389061473298,1760.4164013748116,0.060089879935629004,0.058668488666667004,0.043330024326923004,2,3,Mo-O-P,"Mo,P,O",mp-504259,mp-27067,"mp-504259,mp-705341,mp-27067",More than one working ion per transition metal
BAT_02372,Li0-1Mo2P2O11,Mo2P2O11,Mo2P2O11,LiMo2P2O11,Li,3.7956606133333293,61.36405138045845,210.95163191725456,232.91711289936887,800.7008005867133,0.006294902544966,0.0026592731666670003,0.002650869895854,1,3,Mo-O-P,"Mo,P,O",mp-25266,mp-26009,"mp-25266,mp-26009",
BAT_02373,Li0-1Mo2P2O9,Mo2P2O9,Mo2P2O9,LiMo2P2O9,Li,3.450910178333335,66.21522455035674,232.97170688193208,228.5027923614534,803.9644345425497,0.009119772705773,0.030411525576893004,0.02099336660714,1,3,Mo-O-P,"Mo,P,O",mp-1040930,mp-1012668,"mp-1040930,mp-1012668",
BAT_02374,Li0-1MoP2O7,MoP2O7,MoP2O7,LiMoP2O7,Li,4.124307223333337,96.81765228608988,350.8078179561469,399.30574266969586,1446.8392175983429,0.013037294027965001,0.11797032774999901,0.036805775681818004,1,3,Mo-O-P,"Mo,P,O",mp-26628,mp-26627,"mp-26628,mp-26627",
BAT_02375,Li1-2Mo(PO4)2,Mo(PO4)2,LiMo(PO4)2,Li2Mo(PO4)2,Li,3.762922580833337,89.40838931189212,278.4993291265612,336.4368470576569,1047.9714143172728,0.044534450403505,0.053025909166652,0.032564435384624,1,3,Mo-O-P,"Mo,P,O",mp-25938,mp-1101539,"mp-25938,mp-1101539,mp-704197",More than one working ion per transition metal
BAT_02376,Li0-1MoP2O7,MoP2O7,MoP2O7,LiMoP2O7,Li,3.252101548333333,96.81765228608988,305.2750365858813,314.86083690559116,992.7854191484595,0.033121605828886,0.0032373219999980002,0.011794468181818,1,3,Mo-O-P,"Mo,P,O",mp-26616,mp-1101506,"mp-26616,mp-1101506,mp-697767",
BAT_02377,Li0-3Mo3(PO4)4,Mo3(PO4)4,Mo3(PO4)4,Li3Mo3(PO4)4,Li,4.134637978333335,116.77722782500292,401.46289458026183,482.83156116974135,1659.9037308231825,0.031780658447959,0.161530096956521,0.029880402916652,1,3,Mo-O-P,"Mo,P,O",mp-26638,mp-26637,"mp-26638,mp-26637",
BAT_02378,Li0-3Mo4P5O24,Mo4P5O24,Mo4P5O24,Li3Mo4P5O24,Li,3.627473006666666,85.22498957942709,273.61311000766835,309.1513491928197,992.5241708229341,0.008564185435055001,0.0070572862878800005,0.020025024138867,1,3,Mo-O-P,"Mo,P,O",mp-705562,mp-705470,"mp-705562,mp-705470",
BAT_02379,Li0-1Mo3P3O13,Mo3P3O13,Mo3P3O13,LiMo3P3O13,Li,3.560031048333319,44.99350194657136,160.76775494539407,160.17826390303966,572.3381991764454,0.007119584776514001,0.038856172631579006,0.019016679791665003,1,3,Mo-O-P,"Mo,P,O",mp-1047920,mp-1013898,"mp-1047920,mp-1013898",
BAT_02380,Li1-3Mo(PO4)2,Mo(PO4)2,LiMo(PO4)2,Li3Mo(PO4)2,Li,3.455284078333325,174.77000947894854,602.543037178136,603.8800311227752,2081.9573628722183,0.021779109308589003,0.05551255479165101,0.028524499464288002,2,3,Mo-O-P,"Mo,P,O",mp-26832,mp-26501,"mp-26832,mp-540296,mp-26501",More than one working ion per transition metal
BAT_02381,Li0-2Mo2P2O11,Mo2P2O11,Mo2P2O11,Li2Mo2P2O11,Li,3.085521598333334,120.80822413225246,400.2459325132457,372.7563848163593,1234.9674694146856,0.016694684678003002,0.26537915966666703,0.304213945588236,1,3,Mo-O-P,"Mo,P,O",mp-1221593,mp-1223051,"mp-1221593,mp-1223051",
BAT_02382,Li0-1Mo2P3O13,Mo2P3O13,Mo2P3O13,LiMo2P3O13,Li,3.826386038333344,53.631442088156966,173.01370150952258,205.2146012218071,662.0172118964098,0.003767289515018,0.009237340555555001,0.009984768421037,1,3,Mo-O-P,"Mo,P,O",mp-26194,mp-26193,"mp-26194,mp-26193",
BAT_02383,Li0-1Mo2P3O13,Mo2P3O13,Mo2P3O13,LiMo2P3O13,Li,3.491818433333326,53.631442088156966,151.40227050491708,187.27125808967526,528.669238997588,6.635381443187427e-05,0.0,0.018842424999984002,1,3,Mo-O-P,"Mo,P,O",mp-585184,mp-32080,"mp-585184,mp-32080,mp-704198",
BAT_02384,Li0-1Mo(PO3)4,Mo(PO3)4,Mo(PO3)4,LiMo(PO3)4,Li,4.459960423333347,64.00065638445936,197.2305665327958,285.44039454204545,879.6405210078838,0.0029656600053290004,0.042204606715714,0.013724236805565001,1,3,Mo-O-P,"Mo,P,O",mp-695772,mp-26131,"mp-695772,mp-26131",
BAT_02385,Li1-2Mo(PO4)2,Mo(PO4)2,LiMo(PO4)2,Li2Mo(PO4)2,Li,3.818591233333312,89.40838931189212,282.0601609386283,341.4140916128431,1077.0724578328293,0.17871083028734502,0.051978590208317,0.027315475384623002,1,3,Mo-O-P,"Mo,P,O",mp-1101509,mp-583981,"mp-1101509,mp-1101504,mp-585043,mp-583981",More than one working ion per transition metal
BAT_02386,Li0-1Mo2P3O11,Mo2P3O11,Mo2P3O11,LiMo2P3O11,Li,2.718938078333342,57.300483900567485,207.45171551528236,155.79646758417957,564.048368730077,0.047343291621143,0.0,0.028421134460799004,1,3,Mo-O-P,"Mo,P,O",mp-32108,mp-25827,"mp-32108,mp-25828,mp-25827",
BAT_02387,Li0-1MoP4O13,MoP4O13,MoP4O13,LiMoP4O13,Li,5.623618168333341,61.64544275865309,173.9259581998481,346.67043189251456,978.0931784774511,0.0077965651551230005,0.09718284430554201,0.038508298640347,1,3,Mo-O-P,"Mo,P,O",mp-26402,mp-26401,"mp-26402,mp-26401",
BAT_02388,Li0-1Mo(PO4)2,Mo(PO4)2,Mo(PO4)2,LiMo(PO4)2,Li,3.979740985833335,91.52769720722453,265.2783997491135,364.25652791453473,1055.7393201378263,0.043380135177835004,0.011319209090912,0.035675277916651,1,3,Mo-O-P,"Mo,P,O",mp-25868,mp-540038,"mp-25868,mp-540038",
BAT_02389,Li0-1Mo3P3O16,Mo3P3O16,Mo3P3O16,LiMo3P3O16,Li,3.998809448333308,41.63836951342051,143.07827737523954,166.5039054234595,572.1427674193617,0.010961364062465001,0.01828594,0.008768115905819001,1,3,Mo-O-P,"Mo,P,O",mp-25359,mp-17314,"mp-25359,mp-17314",
BAT_02390,Li0-1Mo4P7O24,Mo4P7O24,Mo4P7O24,LiMo4P7O24,Li,2.8925058783333433,27.03116675332389,89.52695449831397,78.18780873219818,258.95724215565485,0.004880871317248001,0.0,0.009450138960907,1,3,Mo-O-P,"Mo,P,O",mp-26744,mp-585332,"mp-26744,mp-585332",
BAT_02391,Li3-5Mo2P5O18,Mo2P5O18,Li3Mo2P5O18,Li5Mo2P5O18,Li,3.801658305833332,80.07098661128418,265.484963869181,304.4025313070581,1009.2831179671342,0.002163915571757,0.057485881547650004,0.020635714833328003,1,3,Mo-O-P,"Mo,P,O",mp-585177,mp-585269,"mp-585177,mp-585269",More than one working ion per transition metal
BAT_02392,Li0-0.5Mo2P2O11,Mo2P2O11,Mo2P2O11,LiMo4(P2O11)2,Li,3.364947953333346,30.92777708123285,103.67668074145764,104.07036019064446,348.86663466936267,0.012026726577803001,0.0,0.013975402607548001,1,3,Mo-O-P,"Mo,P,O",mp-504196,mp-585261,"mp-504196,mp-1101589,mp-26051,mp-585261",
BAT_02393,Li0-1MoP2O7,MoP2O7,MoP2O7,LiMoP2O7,Li,3.146628045833329,96.81765228608988,331.1900935839362,304.6491400151497,1042.1320369733785,0.08669925028601501,0.007083603249999001,0.024879587727273,1,3,Mo-O-P,"Mo,P,O",mp-26324,mp-26323,"mp-26324,mp-26323",
BAT_02394,Li0-1MoP2O7,MoP2O7,MoP2O7,LiMoP2O7,Li,3.264194468333333,96.81765228608988,333.9640833741283,316.0316450292747,1090.1237135718418,0.00225080715385,0.037125001999998006,0.041502093636363,1,3,Mo-O-P,"Mo,P,O",mp-26838,mp-26837,"mp-26838,mp-26837",
BAT_02395,Li0-1Mo2P3O13,Mo2P3O13,Mo2P3O13,LiMo2P3O13,Li,3.877521798333338,53.631442088156966,166.22116818919605,207.95708577288067,644.5262029980397,0.022527316019109,0.012988344861112002,0.01084699565788,1,3,Mo-O-P,"Mo,P,O",mp-32113,mp-26237,"mp-32113,mp-26237",
BAT_02396,Li0-1Mo2(PO4)3,Mo2(PO4)3,Mo2(PO4)3,LiMo2(PO4)3,Li,2.819854748333317,55.40528673862596,172.7654985083118,156.2348608926834,487.17361131683566,0.010428513344634,0.011306454999997,0.051762814722222,1,3,Mo-O-P,"Mo,P,O",mp-25844,mp-25843,"mp-25844,mp-25843",
BAT_02397,Li0-1Mo(PO3)4,Mo(PO3)4,Mo(PO3)4,LiMo(PO3)4,Li,4.383969038333338,64.00065638445936,183.25924749449558,280.5768960224807,803.4028670041349,0.050136017031037004,0.054581138480419004,0.029634927083343,1,3,Mo-O-P,"Mo,P,O",mp-697769,mp-26521,"mp-697769,mp-26521",
BAT_02398,Li1-3Mo2(PO4)3,Mo2(PO4)3,LiMo2(PO4)3,Li3Mo2(PO4)3,Li,3.532482913333344,107.71929621951884,399.76840724863007,380.51657333174336,1412.1750678962715,0.0037432471712010003,0.07824195527777801,0.026550584499998003,1,3,Mo-O-P,"Mo,P,O",mp-32081,mp-26535,"mp-32081,mp-26535",More than one working ion per transition metal
BAT_02399,Li0-1Mo2P3O13,Mo2P3O13,Mo2P3O13,LiMo2P3O13,Li,3.061772493333341,53.631442088156966,161.86198433120524,164.20727416331903,495.5845713416364,0.066114424866104,0.009285516805556001,0.05027322723682601,1,3,Mo-O-P,"Mo,P,O",mp-540536,mp-705380,"mp-540536,mp-1101600,mp-705358,mp-705380",
BAT_02400,Li1-2Mo(PO4)2,Mo(PO4)2,LiMo(PO4)2,Li2Mo(PO4)2,Li,3.727103453333346,89.40838931189212,291.3708534580732,333.2343165613254,1085.9693141242692,0.005417181332652001,0.061902322291652004,0.04351336500000701,1,3,Mo-O-P,"Mo,P,O",mp-26864,mp-26863,"mp-26864,mp-26863",More than one working ion per transition metal
BAT_02401,Li2-3Mo(PO4)2,Mo(PO4)2,Li2Mo(PO4)2,Li3Mo(PO4)2,Li,3.486961403333315,87.38500473947427,304.76973001908385,304.7081387566456,1062.7202854808602,3.6046284105362154e-05,0.056896714615391,0.02475050339286,1,3,Mo-O-P,"Mo,P,O",mp-26348,mp-26347,"mp-26348,mp-26347",More than one working ion per transition metal
BAT_02402,Li0-1Mo(PO3)4,Mo(PO3)4,Mo(PO3)4,LiMo(PO3)4,Li,4.444580570833328,64.00065638445936,170.75026262611414,284.4560738869481,758.9132997327151,6.93063652976722e-05,0.031702755245126,0.004660257777787001,1,3,Mo-O-P,"Mo,P,O",mp-25988,mp-25987,"mp-25988,mp-25987",
BAT_02403,Li0-3Mo3(PO4)4,Mo3(PO4)4,Mo3(PO4)4,Li3Mo3(PO4)4,Li,3.34891097499999,116.77722782500292,436.7480344336777,391.07653989322654,1462.6302858246167,0.009166527980265,0.045921723260867006,0.018272265032036,1,3,Mo-O-P,"Mo,P,O",mp-32120,mp-26351,"mp-32120,mp-26351",
BAT_02404,Li0-2MoP4O13,MoP4O13,MoP4O13,Li2MoP4O13,Li,4.88869704083334,121.35349787996239,317.0331848369174,593.2604859805472,1549.8791925582075,0.06278339672692601,0.107450922222209,0.049164804666671,2,3,Mo-O-P,"Mo,P,O",mp-697734,mp-704204,"mp-697734,mp-25952,mp-704204",More than one working ion per transition metal
BAT_02405,Li0-1Mo(PO4)2,Mo(PO4)2,Mo(PO4)2,LiMo(PO4)2,Li,4.514129451666652,91.52769720722453,273.84612792433506,413.1678736063599,1236.1768712881146,0.01624337635805,0.020981493712124002,0.0,1,3,Mo-O-P,"Mo,P,O",mp-704210,mp-25983,"mp-704210,mp-25983",
BAT_02406,Li0-1MoP2O7,MoP2O7,MoP2O7,LiMoP2O7,Li,3.349467478333342,96.81765228608988,305.63854098789284,324.28757766084385,1023.7263531641994,0.023636792622439003,0.0,0.0,1,3,Mo-O-P,"Mo,P,O",mp-25250,mp-18987,"mp-25250,mp-18987",
BAT_02407,Li0-2Mo(PO3)5,Mo(PO3)5,Mo(PO3)5,Li2Mo(PO3)5,Li,3.606084213333323,106.21140137927259,281.20851076014884,383.007257789804,1014.0615713071467,0.035215641834121,0.0,0.033342100724623,1,3,Mo-O-P,"Mo,P,O",mp-504210,mp-540310,"mp-504210,mp-696012,mp-540310",More than one working ion per transition metal
BAT_02408,Li0-1Mo2PO8,Mo2PO8,Mo2PO8,LiMo2PO8,Li,3.266083978333331,74.90842111820871,284.40219147731875,244.65719405642767,928.8814409869592,0.00835237527492,0.014931303522695002,0.022168889543658,1,3,Mo-O-P,"Mo,P,O",mp-25922,mp-32123,"mp-25922,mp-32123,mp-704183",
BAT_02409,Li0-1MoPO5,MoPO5,MoPO5,LiMoPO5,Li,3.014858348333331,125.32738049342746,474.37066197408626,377.84429935535763,1430.1603504569825,0.000705552791965,0.0,0.039321387812499005,1,3,Mo-O-P,"Mo,P,O",mp-26372,mp-26371,"mp-26372,mp-26371",
BAT_02410,Li3-4MoP2O9,MoP2O9,Li3MoP2O9,Li4MoP2O9,Li,3.363105178333332,81.30379577999798,243.47056658871693,273.43321660586696,818.8171232662643,0.017327543841482003,0.052692967374998005,0.04668491421874801,1,3,Mo-O-P,"Mo,P,O",mp-25974,mp-504158,"mp-25974,mp-504158",More than one working ion per transition metal
BAT_02411,Li0-1ScMo3O8,ScMo3O8,ScMo3O8,LiScMo3O8,Li,2.395774813333337,57.30337200539269,278.77934156089606,137.28597536959043,667.8925249892463,0.073423000133663,0.14196760222222102,0.12994965,1,3,Mo-O-Sc,"Sc,Mo,O",mp-2214451,mp-19433,"mp-2214451,mp-25211,mp-25572,mp-632694,mp-1172932,mp-19433",
BAT_02412,Li0-0.5Sm2Mo2O7,Sm2Mo2O7,Sm2Mo2O7,LiSm4(Mo2O7)2,Li,1.594363883333362,22.038288543012406,147.54212251258787,35.137051303458406,235.23583140441633,0.029554524950823002,0.0,0.009479717981358,1,3,Mo-O-Sm,"Sm,Mo,O",mp-554770,mp-1235612,"mp-554770,mp-1235612,mp-1236208",
BAT_02413,Li0-1YMo3O8,YMo3O8,YMo3O8,LiYMo3O8,Li,2.841571263333326,52.3812175348238,262.4391505065472,148.844962485367,745.7395484530142,0.05063039327136001,0.11420970913195501,0.06021121461539101,1,3,Mo-O-Y,"Y,Mo,O",mp-25579,mp-19431,"mp-25579,mp-25213,mp-19431",
BAT_02414,Li0-1Y5(MoO6)2,Y5(MoO6)2,Y5(MoO6)2,LiY5(MoO6)2,Li,1.588657053333354,32.08440070862371,169.2693420333061,50.97110948772873,268.91093413430775,0.014829332564910001,0.016392166036194002,0.043142063203127,1,3,Mo-O-Y,"Y,Mo,O",mp-18821,mp-1235516,"mp-18821,mp-1235516,mp-1235884,mp-1236658",
BAT_02415,Li0-5Mo15S19,Mo15S19,Mo15S19,Li5Mo15S19,Li,1.792864195333338,64.33261278075287,302.4493401625582,115.33963804685577,542.2505928796442,0.024076683597634003,0.082155104411764,0.040174059679482,1,2,Mo-S,"Mo,S",mp-31257,mp-1198026,"mp-31257,mp-1198026",
BAT_02416,Li0-2Mo3S4,Mo3S4,Mo3S4,Li2Mo3S4,Li,1.774407688333331,124.66906910547394,596.3110948314264,221.2137547181123,1058.098991307349,0.091179721769634,0.06481158214285601,0.0,3,2,Mo-S,"Mo,S",mp-2164,mp-675779,"mp-2164,mp-675711,mp-1103834,mp-675383,mp-677108,mp-675779",
BAT_02417,Li0-1.75Mo3Se4,Mo3Se4,Mo3Se4,Li7(Mo3Se4)4,Li,1.627855414761906,76.16446556389128,455.64984325457743,123.98473768062722,741.732064577378,0.11126213987642201,0.06087143500000101,0.00030805071428400004,1,2,Mo-Se,"Mo,Se",mp-21021,mp-673706,"mp-21021,mp-1104651,mp-673706",
BAT_02418,Li0-2Mo15Se19,Mo15Se19,Mo15Se19,Li2Mo15Se19,Li,1.208739840833321,18.150671466868317,111.02235895094675,21.939439739880328,134.19714848730732,0.0024924643213200003,0.065439831029411,0.07164706749999801,1,2,Mo-Se,"Mo,Se",mp-568488,mp-1197196,"mp-568488,mp-1197196",
BAT_02419,Li0-3Mo15Se19,Mo15Se19,Mo15Se19,Li3Mo15Se19,Li,1.567536918333345,27.16216756850609,166.04639055921768,42.577700445589976,260.28384735757123,0.008797123648139001,0.063813381470589,0.04391281081080901,1,2,Mo-Se,"Mo,Se",mp-570170,mp-1223482,"mp-570170,mp-1223482",
BAT_02420,Li1-2NiN,NiN,LiNiN,Li2NiN,Li,1.209197143333335,309.5499086458274,1005.0184731321239,374.3068652536294,1215.2654667085944,0.13819256259822202,0.173219183777777,0.0,1,2,N-Ni,"Ni,N",mp-29719,mp-1210761,"mp-29719,mp-1210761",More than one working ion per transition metal
BAT_02421,Li0-1Sr2Ti6N2O11,Sr2Ti6N2O11,Sr2Ti6N2O11,Sr2LiTi6N2O11,Li,0.933241293333343,39.80084216506381,162.9483721642759,37.14378941788042,152.0701495851518,0.017284891946916,0.028550854880949002,0.083876813316775,1,4,N-O-Sr-Ti,"Sr,Ti,N,O",mp-755078,mp-1235147,"mp-755078,mp-1235147,mp-1235862,mp-1236627,mp-1235213",
BAT_02422,Li5-6ReN4,ReN4,Li5ReN4,Li6ReN4,Li,-0.100668261666671,94.41137109919019,401.6922678145651,-9.50422861012254,-40.437662325835475,0.001480699362095,0.0,0.009151660151514,1,2,N-Re,"Re,N",mp-3838,mp-1246483,"mp-3838,mp-1246483",More than one working ion per transition metal
BAT_02423,Li0-1Na3SbP2O9,Na3SbP2O9,Na3SbP2O9,Na3LiSbP2O9,Li,1.643641445833343,66.40400302632038,201.02059458126234,109.14437154330295,330.4057807198244,0.056425644459611006,0.0,0.08266530691405101,1,4,Na-O-P-Sb,"Na,Sb,P,O",mp-560642,mp-761144,"mp-560642,mp-761144",Transition metal not found
BAT_02424,Li0-1Na2SrVP2O9,Na2SrVP2O9,Na2SrVP2O9,Na2SrLiVP2O9,Li,1.4360193458333341,67.43797602219924,221.38064195423772,96.84223821172264,317.90688463928814,0.066727733374164,0.0,0.078939639322921,1,5,Na-O-P-Sr-V,"Na,Sr,V,P,O",mp-555920,mp-759637,"mp-555920,mp-759637",
BAT_02425,Li0-2Na2V3P2O13,Na2V3P2O13,Na2V3P2O13,Na2Li2V3P2O13,Li,2.682646933333321,111.06527344582825,317.5447936289167,297.9489152092779,851.8605668245756,0.037161785560514006,0.0,0.062945641401512,1,4,Na-O-P-V,"Na,V,P,O",mp-558049,mp-849320,"mp-558049,mp-849320",
BAT_02426,Li0-1Na2VPO6,Na2VPO6,Na2VPO6,Na2LiVPO6,Li,2.123021795833343,116.10806932630445,317.8449993125042,246.49996185187314,674.7918612370803,0.023515978115780004,0.0,0.09661647871211301,1,4,Na-O-P-V,"Na,V,P,O",mp-559869,mp-760057,"mp-559869,mp-760057",
BAT_02427,Li3-4Na5Ti5O14,Na5Ti5O14,Na5Li3Ti5O14,Na5Li4Ti5O14,Li,0.9823478333333401,44.223987901398566,152.92322384704337,43.44333869629873,150.22379761249243,0.017262504909838,0.019835025222229002,0.016759601755945,1,3,Na-O-Ti,"Na,Ti,O",mp-774609,mp-775424,"mp-774609,mp-761849,mp-775424",
BAT_02428,Li0-3Nb,Nb,Nb,Li3Nb,Li,-0.825405963333333,706.9804076667937,2085.178414829654,-583.5458444480029,-1721.118698214344,2.381495673405851,0.32016415999999903,0.6990955125,1,1,Nb,Nb,mp-8636,mp-1185184,"mp-8636,mp-1185184",More than one working ion per transition metal
BAT_02429,Li3-4NbNi3O8,NbNi3O8,Li3NbNi3O8,Li4NbNi3O8,Li,3.835749133333341,63.10005280185218,298.71742780742284,242.03597284799258,1145.8051148238872,0.000185989895293,0.070027754800003,0.046286955052083,1,3,Nb-Ni-O,"Nb,Ni,O",mp-757382,mp-754424,"mp-757382,mp-754424",
BAT_02430,Li2-5Nb6NiO18,Nb6NiO18,Li2Nb6NiO18,Li5Nb6NiO18,Li,3.536261751666666,85.64361629665736,397.36470925052913,302.85824458428533,1405.1856227847916,0.015943920131109002,0.07311990037037201,0.054046345333334,1,3,Nb-Ni-O,"Nb,Ni,O",mp-759780,mp-775480,"mp-759780,mp-769462,mp-775480",
BAT_02431,Li6-8NbNi3(PO4)6,NbNi3(PO4)6,Li6NbNi3(PO4)6,Li8NbNi3(PO4)6,Li,3.00355375333334,59.93559199854485,182.5556828878136,180.01977230548508,548.3158065300235,0.01086447975641,0.077645458104171,0.097102591815468,1,4,Nb-Ni-O-P,"Nb,Ni,P,O",mp-1176954,mp-759457,"mp-1176954,mp-759457",More than one working ion per transition metal
BAT_02432,Li7-8NbO6,NbO6,Li7NbO6,Li8NbO6,Li,0.166616133333325,109.64855222146691,327.0639278902483,18.269217796738022,54.494127017882725,0.013636989921914,0.035748407232142,0.06369841470833701,1,2,Nb-O,"Nb,O",mp-37399,mp-774697,"mp-37399,mp-774697",More than one working ion per transition metal
BAT_02433,Li0.83-1NbO3,NbO3,Li5Nb6O18,LiNbO3,Li,4.955458718333296,30.213372115874648,133.3275848547114,149.72111826185912,660.699342762602,0.010011900929534,0.037686915689652004,0.0,1,2,Nb-O,"Nb,O",mp-531722,mp-3731,"mp-531722,mp-686041,mp-676591,mp-530846,mp-3731,mp-676694,mp-552588",
BAT_02434,Li0-1NbO2,NbO2,NbO2,LiNbO2,Li,2.902760528333332,203.27840476958747,1123.5242986552373,590.0685296277246,3261.3219867598127,0.039596134440587,0.283371129166665,0.0,3,2,Nb-O,"Nb,O",mp-25214,mp-3924,"mp-25214,mp-758673,mp-766084,mp-3924",
BAT_02435,Li1-2Nb(PO4)2,Nb(PO4)2,LiNb(PO4)2,Li2Nb(PO4)2,Li,2.589915228333329,90.32245283380838,274.35474839048317,233.92749605469922,710.5555408220714,0.022750900655384,0.076203570972233,0.060832951249998005,1,3,Nb-O-P,"Nb,P,O",mp-673070,mp-26721,"mp-673070,mp-26721",More than one working ion per transition metal
BAT_02436,Li0-1Nb(PO3)4,Nb(PO3)4,Nb(PO3)4,LiNb(PO3)4,Li,2.538882638333324,64.46766918045225,194.00067222674173,163.67584601606652,492.54493854146847,0.018113106427108002,0.03232513280392,0.07129113039814701,1,3,Nb-O-P,"Nb,P,O",mp-32303,mp-26767,"mp-32303,mp-26767",
BAT_02437,Li1-2NbP4O13,NbP4O13,LiNbP4O13,Li2NbP4O13,Li,2.492848928333334,61.09635328398936,163.76676580527248,152.30397880906767,408.2458066342897,0.037204541423443004,0.014265228429819001,0.06180496904999701,1,3,Nb-O-P,"Nb,P,O",mp-684534,mp-673156,"mp-684534,mp-673156",More than one working ion per transition metal
BAT_02438,Li0-2Nb2(PO4)3,Nb2(PO4)3,Nb2(PO4)3,Li2Nb2(PO4)3,Li,1.370884925833342,110.61077966935788,349.74527152561194,151.6346504833958,479.4605206159506,0.012871475696082001,0.0,0.11190486611842401,2,3,Nb-O-P,"Nb,P,O",mp-17242,mp-776371,"mp-17242,mp-540332,mp-26533,mp-26591,mp-776371",
BAT_02439,Li0-0.5NbPO5,NbPO5,NbPO5,LiNb2(PO5)2,Li,1.113788783333324,64.62933671887113,243.0067910437767,71.9834303117512,270.6582381383834,0.024625360632869003,0.022568086071427,0.094641845902781,1,3,Nb-O-P,"Nb,P,O",mp-4888,mp-1236143,"mp-4888,mp-1104131,mp-1236143,mp-1235682,mp-1235425",
BAT_02440,Li0-1Nb2(PO4)3,Nb2(PO4)3,Nb2(PO4)3,LiNb2(PO4)3,Li,1.638961890833319,56.10903344196186,180.46061558112459,91.96056754286776,295.7680717337847,0.0029252453553250003,0.0034781995588220004,0.047762359042648,1,3,Nb-O-P,"Nb,P,O",mp-26390,mp-26389,"mp-26390,mp-26389",
BAT_02441,Li0-1Nb(PO3)4,Nb(PO3)4,Nb(PO3)4,LiNb(PO3)4,Li,2.737482648333331,64.46766918045225,187.8724351021913,176.47912575998149,514.2975311923785,0.005055731443982,0.04330715662745,0.070629707898147,1,3,Nb-O-P,"Nb,P,O",mp-757155,mp-1176609,"mp-757155,mp-1176609,mp-757464",
BAT_02442,Li3-9Nb3P8O29,Nb3P8O29,Li3Nb3P8O29,Li9Nb3P8O29,Li,1.987120456666668,152.72067238803112,434.58667478365743,303.4743722581451,863.5760716573504,0.010139170074833,0.032039379662788005,0.10843710461187601,2,3,Nb-O-P,"Nb,P,O",mp-777751,mp-778150,"mp-777751,mp-778109,mp-778150",More than one working ion per transition metal
BAT_02443,Li0-1Nb(PO3)4,Nb(PO3)4,Nb(PO3)4,LiNb(PO3)4,Li,2.546903535833341,64.46766918045225,165.6986643995014,164.19293458262794,422.0185142419523,0.0013533759734350001,0.022885269274509002,0.061930098314814004,1,3,Nb-O-P,"Nb,P,O",mp-26550,mp-26549,"mp-26550,mp-26549",
BAT_02444,Li0-1NbPO5,NbPO5,NbPO5,LiNbPO5,Li,1.732906935833331,127.1308099535565,465.65144291933973,220.30586232662722,806.9306151157226,0.010793791538033,0.021480446428570003,0.07936493200521201,1,3,Nb-O-P,"Nb,P,O",mp-772125,mp-774859,"mp-772125,mp-774859",
BAT_02445,Li0-6NbV3(PO4)6,NbV3(PO4)6,NbV3(PO4)6,Li6NbV3(PO4)6,Li,2.745027495000002,187.59675587187667,550.4007687379005,514.9582528411046,1510.8652434546746,0.037953554849575,0.0035972138235120005,0.06813632920312701,1,4,Nb-O-P-V,"Nb,V,P,O",mp-775224,mp-1176951,"mp-775224,mp-1176951",More than one working ion per transition metal
BAT_02446,Li0-0.5RbNbTeO6,RbNbTeO6,RbNbTeO6,Rb2LiNb2(TeO6)2,Li,1.174597743333327,33.05225156928338,148.50980085501777,38.82310010536567,174.43927694718568,0.053252182434829,0.0,0.08897190611842101,1,4,Nb-O-Rb-Te,"Rb,Nb,Te,O",mp-1219576,mp-1235064,"mp-1219576,mp-1235064,mp-1235808",
BAT_02447,Li0-2Sr3Nb4O13,Sr3Nb4O13,Sr3Nb4O13,Sr3Li2Nb4O13,Li,2.372356998333335,62.59397895399351,311.5608007900448,148.495264025036,739.1334461606009,0.022651617113742,0.098607573499998,0.016636630795439002,1,3,Nb-O-Sr,"Sr,Nb,O",mp-756435,mp-756781,"mp-756435,mp-756781",
BAT_02448,Li1-4Nb(TeO4)3,Nb(TeO4)3,LiNb(TeO4)3,Li4Nb(TeO4)3,Li,3.126698679999998,115.6127969795492,552.3856286360201,361.4863797070643,1727.1434159072135,0.069696609834342,0.012977165304625001,0.08382750340625501,1,3,Nb-O-Te,"Nb,Te,O",mp-758389,mp-756515,"mp-758389,mp-849223,mp-756515",More than one working ion per transition metal
BAT_02449,Li3-4ZrNb(TeO6)2,ZrNb(TeO6)2,Li3ZrNb(TeO6)2,Li4ZrNb(TeO6)2,Li,2.706314253333322,40.66454629775061,198.86083132585557,110.05104125093526,538.1799022468765,0.02128248469057,0.021247231193606,0.057879201375,1,4,Nb-O-Te-Zr,"Zr,Nb,Te,O",mp-754249,mp-756177,"mp-754249,mp-756177",More than one working ion per transition metal
BAT_02450,Li1-2Sr2Nb3O10,Sr2Nb3O10,Sr2LiNb3O10,Sr2Li2Nb3O10,Li,2.2374575433333392,42.68872421725851,205.2339873278176,95.51420801518165,459.20233309500446,0.005432232723932001,0.042790213906254,0.006927576397053,1,3,Nb-O-Sr,"Sr,Nb,O",mp-756854,mp-756684,"mp-756854,mp-756684",
BAT_02451,Li3-4Nb3TeO12,Nb3TeO12,Li3Nb3TeO12,Li4Nb3TeO12,Li,2.703044483333319,42.80867452814732,198.9610121214548,115.7137515221202,537.800466213312,0.024036562763532002,0.018303648552633,0.039372406468751,1,3,Nb-O-Te,"Nb,Te,O",mp-754751,mp-755915,"mp-754751,mp-756755,mp-755915",More than one working ion per transition metal
BAT_02452,Li1-4NbTe2WO12,NbTe2WO12,LiNbTe2WO12,Li4NbTe2WO12,Li,3.06065849333333,106.96302154274734,569.4131819060975,327.3772803574056,1742.7792914168538,0.119775924268554,0.023753456848741,0.07394638003124701,1,4,Nb-O-Te-W,"Nb,Te,W,O",mp-752611,mp-753044,"mp-752611,mp-756613,mp-753044",More than one working ion per transition metal
BAT_02453,Li1-4Nb(TeO4)3,Nb(TeO4)3,LiNb(TeO4)3,Li4Nb(TeO4)3,Li,3.147598126666669,115.6127969795492,584.7693546386766,363.90262319152305,1840.6189251927758,0.10563107665155701,0.019976008245801,0.086641602906254,1,3,Nb-O-Te,"Nb,Te,O",mp-754519,mp-759998,"mp-754519,mp-761922,mp-759998",More than one working ion per transition metal
BAT_02454,Li7-9Ti12NbO30,Ti12NbO30,Li7Ti12NbO30,Li9Ti12NbO30,Li,2.009731478333354,44.30870680524434,164.84163181920934,89.04860283074288,331.28741640690214,0.001069012076093,0.026484984899997004,0.018068115576925,1,3,Nb-O-Ti,"Ti,Nb,O",mp-767146,mp-767490,"mp-767146,mp-767490",
BAT_02455,Li0-2Ti3NbO8,Ti3NbO8,Ti3NbO8,Li2Ti3NbO8,Li,1.858578728333339,141.66264991751984,585.9878491923924,263.29118773603506,1089.1045515707854,0.045345899919689,0.09852964333333901,0.08277043428571601,1,3,Nb-O-Ti,"Ti,Nb,O",mp-776082,mp-775796,"mp-776082,mp-775796",
BAT_02456,Li2-8Ti7Nb6O30,Ti7Nb6O30,Li2Ti7Nb6O30,Li8Ti7Nb6O30,Li,1.634336758333333,112.60990264220287,469.196961784075,184.04250324049008,766.8258415420338,0.02591317307766,0.054554097999998004,0.082935473823528,1,3,Nb-O-Ti,"Ti,Nb,O",mp-759382,mp-772997,"mp-759382,mp-772993,mp-772997",
BAT_02457,Li7-9Ti7Nb5O30,Ti7Nb5O30,Li7Ti7Nb5O30,Li9Ti7Nb5O30,Li,1.660490643333337,39.94105018645537,158.96563630387553,66.32174011951639,263.9609516941156,0.016641145871298002,0.049842662551023,0.054040488235294004,1,3,Nb-O-Ti,"Ti,Nb,O",mp-767392,mp-767497,"mp-767392,mp-767497",
BAT_02458,Li0-4Ti3Nb2V3O16,Ti3Nb2V3O16,Ti3Nb2V3O16,Li4Ti3Nb2V3O16,Li,2.4703194908333312,139.95685622033972,575.3694078763418,345.7381497968633,1421.3462627061597,0.046599769116147,0.092241797410702,0.031096054241075,1,4,Nb-O-Ti-V,"Ti,Nb,V,O",mp-770898,mp-774881,"mp-770898,mp-774881",
BAT_02459,Li0-3Nb4VO12,Nb4VO12,Nb4VO12,Li3Nb4VO12,Li,2.386320643333329,126.5448811412491,592.4214917575971,301.97666217552523,1413.7076353354798,0.008220252077549001,0.051076014159564004,0.028146736468757,1,3,Nb-O-V,"Nb,V,O",mp-753925,mp-753504,"mp-753925,mp-753504",
BAT_02460,Li0-2NbV3O8,NbV3O8,NbV3O8,Li2NbV3O8,Li,2.091732388333338,138.2916534937243,549.0841549480408,289.2691306489944,1148.5371108254583,0.056699325401431,0.0196423872024,0.094810911160703,1,3,Nb-O-V,"Nb,V,O",mp-755814,mp-776672,"mp-755814,mp-776672",
BAT_02461,Li1-9Nb7V12O48,Nb7V12O48,LiNb7V12O48,Li9Nb7V12O48,Li,3.043945247083333,102.48726437293747,367.312469134856,311.9656212745761,1118.0790446174885,0.019990567737323002,0.07232418878676701,0.075000854565791,1,3,Nb-O-V,"Nb,V,O",mp-774457,mp-850928,"mp-774457,mp-850928",
BAT_02462,Li3-4NbV3O8,NbV3O8,Li3NbV3O8,Li4NbV3O8,Li,1.417898163333338,66.75502703669264,284.822662656607,94.65183022859384,403.8495302565141,0.027578999071122,0.07476533204166601,0.09164428031249901,1,3,Nb-O-V,"Nb,V,O",mp-769967,mp-769928,"mp-769967,mp-755454,mp-769928,mp-754328",
BAT_02463,Li1-2NbVO4,NbVO4,LiNbVO4,Li2NbVO4,Li,1.24519863583333,120.87577572867328,557.4915272449227,150.51435104263956,694.1876892140177,0.033568478026076,0.051164929732147,0.10946031750000002,1,3,Nb-O-V,"Nb,V,O",mp-1306573,mp-755466,"mp-1306573,mp-850203,mp-755466",
BAT_02464,Li0-2NbV3O8,NbV3O8,NbV3O8,Li2NbV3O8,Li,3.13650689333333,138.2916534937243,582.3950023515478,433.7527244735307,1826.6859395185108,0.042690979313021,0.0865340947024,0.002893159732131,1,3,Nb-O-V,"Nb,V,O",mp-1101449,mp-777682,"mp-1101449,mp-770930,mp-1576362,mp-777682",
BAT_02465,Li2-3Nb4ZnO12,Nb4ZnO12,Li2Nb4ZnO12,Li3Nb4ZnO12,Li,1.778082363333316,41.24254512233508,197.92741598692663,73.33264210100249,351.9312475864909,0.0028422964839670004,0.023999023815811003,0.0382673805625,1,3,Nb-O-Zn,"Nb,Zn,O",mp-756793,mp-756376,"mp-756793,mp-756376",
BAT_02466,Li12-13Nb14ZnO42,Nb14ZnO42,Li12Nb14ZnO42,Li13Nb14ZnO42,Li,1.7164657033333741,12.592869462483097,56.95230992350579,21.615228538906422,97.75668670931067,0.000550138039789,0.006906106702919,0.012107202589282001,1,3,Nb-O-Zn,"Nb,Zn,O",mp-767604,mp-768142,"mp-767604,mp-759244,mp-768142",
BAT_02467,Li0-1NbS2,NbS2,NbS2,LiNbS2,Li,2.172169343333334,163.44620913789387,693.4109337959812,355.0328447733817,1506.2059727237704,0.015392199714361001,0.0,0.0,3,2,Nb-S,"Nb,S",mp-10033,mp-7936,"mp-10033,mp-767218,mp-767171,mp-7936",
BAT_02468,Li0-1NbSe2,NbSe2,NbSe2,LiNbSe2,Li,1.774858533333334,103.97545703945895,602.6167369565782,184.5417271837172,1069.559457916872,0.018216019748320003,0.0010431641666670001,0.0,1,2,Nb-Se,"Nb,Se",mp-2207,mp-1025496,"mp-2207,mp-1025496",
BAT_02469,Li0-0.5RbNd(WO4)2,RbNd(WO4)2,RbNd(WO4)2,Rb2LiNd2(WO4)4,Li,1.177542803333328,18.386004595810753,124.45433343916018,21.65030739385046,146.55030468492953,0.021830473853371002,0.0,0.035978757976190004,1,4,Nd-O-Rb-W,"Rb,Nd,W,O",mp-558850,mp-1235477,"mp-558850,mp-1235477,mp-1235330,mp-1233010,mp-1235457,mp-1235392",
BAT_02470,Li0-2NiO2,NiO2,NiO2,Li2NiO2,Li,3.076690683333331,512.583049076424,1700.3322962672999,1577.0594915280255,5231.396534496372,0.10214137040807,0.126580159444444,0.080981325000002,1,2,Ni-O,"Ni,O",mp-35925,mp-754756,"mp-35925,mp-754756",More than one working ion per transition metal
BAT_02471,Li0.6-1NiO2,NiO2,Li3(NiO2)5,LiNiO2,Li,3.7902155583333332,109.80478421423818,516.6601771869653,416.18380150824,1958.2534419452927,0.027857544867174,0.069538141157407,0.030480618333333,1,2,Ni-O,"Ni,O",mp-762930,mp-756446,"mp-762930,mp-757913,mp-756446",
BAT_02472,Li0-2NiO2,NiO2,NiO2,Li2NiO2,Li,3.283090283333332,512.583049076424,2065.677478924464,1682.8564278241804,6781.805659557403,0.37539376759112303,0.133447169444444,0.002541691000002,2,2,Ni-O,"Ni,O",mp-510753,mp-19308,"mp-510753,mp-25587,mp-19308",More than one working ion per transition metal
BAT_02473,Li0-1Ni6O7,Ni6O7,Ni6O7,LiNi6O7,Li,4.042082598333342,56.891616306282216,348.5996757609148,229.96061226268074,1409.068683177839,0.018504891249006002,0.05691689423077,0.016778067023808,1,2,Ni-O,"Ni,O",mp-766450,mp-753344,"mp-766450,mp-753344",
BAT_02474,Li12-17Ni11O28,Ni11O28,Li12Ni11O28,Li17Ni11O28,Li,3.548907773333342,110.60297552344461,473.2759848919108,392.51975958894997,1679.6128217148955,0.020507473462914,0.06643453299131101,0.053459303511904005,1,2,Ni-O,"Ni,O",mp-759703,mp-766611,"mp-759703,mp-766611",More than one working ion per transition metal
BAT_02475,Li0.75-1NiO2,NiO2,Li3(NiO2)4,LiNiO2,Li,3.70597174333334,68.62799013389885,326.94566976952785,254.33339223798842,1211.6514137710637,0.011840580751956,0.052766551694451005,0.034669062708333004,1,2,Ni-O,"Ni,O",mp-758978,mp-1287495,"mp-758978,mp-764850,mp-1287495,mp-755200",
BAT_02476,Li7-11Ni13O24,Ni13O24,Li7Ni13O24,Li11Ni13O24,Li,3.772234513333335,87.6330195569869,432.45082465293245,330.5723008804811,1631.3059260752543,0.015848739922757,0.046018685568184,0.016929124930557,1,2,Ni-O,"Ni,O",mp-758593,mp-758517,"mp-758593,mp-758517",
BAT_02477,Li0-1.25NiO2,NiO2,NiO2,Li5(NiO2)4,Li,3.461818140333334,337.147771065211,1511.3306141798644,1167.1442698464973,5231.951736208974,0.175729628396623,0.140188005277778,0.070609292941175,3,2,Ni-O,"Ni,O",mp-25428,mp-780142,"mp-25428,mp-1314210,mp-25388,mp-752531,mp-504102,mp-1172967,mp-754896,mp-752850,mp-780142",More than one working ion per transition metal
BAT_02478,Li0.36-0.55NiO2,NiO2,Li4(NiO2)11,Li6(NiO2)11,Li,3.93364748833334,51.577999706644945,237.7845353072203,202.88966899930165,935.3605400757575,0.00038255803484800005,0.06085747407094601,0.038000803771368004,1,2,Ni-O,"Ni,O",mp-758676,mp-758747,"mp-758676,mp-758747",
BAT_02479,Li0.2-1NiO2,NiO2,Li(NiO2)5,LiNiO2,Li,3.876486978333333,219.60956842847634,1027.5757521099792,851.3136323303917,3983.384022305416,0.042751941109410004,0.10326846339844001,0.009115211333333,3,2,Ni-O,"Ni,O",mp-1222991,mp-850062,"mp-1222991,mp-1311345,mp-762165,mp-763578,mp-850062,mp-849241",
BAT_02480,Li5-6NiO4,NiO4,Li5NiO4,Li6NiO4,Li,2.716354020833333,163.08853846281662,437.66137952694396,443.0062072053036,1188.8432480414776,0.038733402616264005,0.031675914583333,0.020854933636363003,1,2,Ni-O,"Ni,O",mp-774500,mp-756411,"mp-774500,mp-769472,mp-756411,mp-1570562,mp-1641670,mp-1643730,mp-1568601",More than one working ion per transition metal
BAT_02481,Li2-4Ni5O9,Ni5O9,Li2Ni5O9,Li4Ni5O9,Li,3.654861770833332,115.21928778366406,575.9223173582967,421.1105701831578,2104.9164606825807,0.002844014948514,0.04065556328125,0.015506800740744002,1,2,Ni-O,"Ni,O",mp-1177872,mp-766892,"mp-1177872,mp-766892",
BAT_02482,Li0.58-0.92NiO2,NiO2,Li7(NiO2)12,Li11(NiO2)12,Li,3.711697078333336,92.04932247153158,428.89028353929183,341.6592012801469,1591.9108123383455,0.025063443818555003,0.039054019777127004,0.015090391959224,1,2,Ni-O,"Ni,O",mp-758820,mp-38676,"mp-758820,mp-38676",
BAT_02483,Li4.5-5.88NiO4,NiO4,Li9(NiO4)2,Li47(NiO4)8,Li,2.976023002424239,225.43694545155847,603.1920906766705,670.9055352600965,1795.113536734139,0.06433126126756,0.091094277412278,0.03742404113027,2,2,Ni-O,"Ni,O",mp-775731,mp-850945,"mp-775731,mp-771876,mp-850945",More than one working ion per transition metal
BAT_02484,Li0.67-1NiO2,NiO2,Li2(NiO2)3,LiNiO2,Li,4.099164658333326,91.50398684519847,423.0997315316656,375.0899089724351,1734.3554664449218,0.026948623162222,0.077220331098486,0.018286454583334,1,2,Ni-O,"Ni,O",mp-755410,mp-1176588,"mp-755410,mp-1176588",
BAT_02485,Li9-13Ni15O28,Ni15O28,Li9Ni15O28,Li13Ni15O28,Li,3.769117580833328,75.57072096789433,367.48973986962676,284.8349329963404,1385.112039318477,0.03751489559652,0.035243458878206,0.011301846845238,1,2,Ni-O,"Ni,O",mp-759153,mp-766878,"mp-759153,mp-766878",
BAT_02486,Li0.5-1.25NiO2,NiO2,Li(NiO2)2,Li5(NiO2)4,Li,3.101379809999997,202.2886626391266,920.6920186667446,627.3739741008881,2855.4156379211827,0.104783562232827,0.05608083410714101,0.061667549117646006,1,2,Ni-O,"Ni,O",mp-754917,mp-780518,"mp-754917,mp-780518,mp-891926",More than one working ion per transition metal
BAT_02487,Li0-1Ni9O10,Ni9O10,Ni9O10,LiNi9O10,Li,3.947005963333314,38.55354121370757,241.66294909120293,152.1710570781205,953.8451011796932,0.013019223581179,0.046652373421052,0.023822252166668,1,2,Ni-O,"Ni,O",mp-656884,mp-775737,"mp-656884,mp-775737",
BAT_02488,Li1-2NiO2,NiO2,LiNiO2,Li2NiO2,Li,3.259315803333334,256.291524538212,918.0764952080575,835.3350161877873,2992.301229500502,0.077110788854318,0.27399797083333405,0.09313504500000201,1,2,Ni-O,"Ni,O",mp-25316,mp-19183,"mp-25316,mp-19183",More than one working ion per transition metal
BAT_02489,Li0-1Ni9O13,Ni9O13,Ni9O13,LiNi9O13,Li,4.717965313333342,36.06354414722894,198.10500925600073,170.14655036249178,934.6525620673921,0.004479075718492,0.19960782409090802,0.144637906123177,1,2,Ni-O,"Ni,O",mp-1045896,mp-1235587,"mp-1045896,mp-1235587,mp-1235080",
BAT_02490,Li0.33-1NiO2,NiO2,Li(NiO2)3,LiNiO2,Li,3.7760492383333353,183.00797369039697,848.3244868228225,691.0471196625506,3203.3150323268364,0.01982684424182,0.056066058729169005,0.0,1,2,Ni-O,"Ni,O",mp-1222821,mp-2348641,"mp-1222821,mp-2348641,mp-866271",
BAT_02491,Li0.4-1.6NiO2,NiO2,Li2(NiO2)5,Li8(NiO2)5,Li,3.065886653333331,315.93784319932917,1296.5633863176429,968.629616747742,3975.116381311929,0.140411337606402,0.06288675976715401,0.044407338768113,3,2,Ni-O,"Ni,O",mp-762387,mp-755081,"mp-762387,mp-758441,mp-752908,mp-755081",More than one working ion per transition metal
BAT_02492,Li0-1NiO2,NiO2,NiO2,LiNiO2,Li,3.9385746633333323,274.5119605355954,1285.5715001484302,1081.1858525474554,5063.31933838803,0.06365344876463601,0.12982718611111102,0.00011381583333400001,3,2,Ni-O,"Ni,O",mp-25210,mp-865631,"mp-25210,mp-1045572,mp-694965,mp-1045516,mp-762391,mp-755972,mp-865631,mp-25411",
BAT_02493,Li0-1Ni3O4,Ni3O4,Ni3O4,LiNi3O4,Li,3.51241752333333,108.49976254991074,613.5351508297151,381.0964672578119,2154.9916149552496,0.01907879145217,0.0,0.0030797985416670002,1,2,Ni-O,"Ni,O",mp-656887,mp-1273274,"mp-656887,mp-1273274,mp-1275948,mp-755956",
BAT_02494,Li0-1Ni2P2O9,Ni2P2O9,Ni2P2O9,LiNi2P2O9,Li,5.268835358333338,81.15023257571552,276.1185210210051,427.56721473190385,1454.8230266461787,0.069198922233658,0.22569604403846502,0.143404990714286,1,3,Ni-O-P,"Ni,P,O",mp-1044234,mp-1013987,"mp-1044234,mp-1013987",
BAT_02495,Li0-1NiPO4,NiPO4,NiPO4,LiNiPO4,Li,4.971688053333335,166.87745702027735,642.9255176793889,829.66265943836,3196.425115429768,0.122488752764701,0.120949799166675,0.009307963214272,1,3,Ni-O-P,"Ni,P,O",mp-25304,mp-26093,"mp-25304,mp-26093,mp-861615",
BAT_02496,Li0-3Ni3(PO4)4,Ni3(PO4)4,Ni3(PO4)4,Li3Ni3(PO4)4,Li,5.121817229999999,139.40018361126218,430.5170631082474,713.9822622853262,2205.029711636819,0.024048569201587003,0.203270946485508,0.092603852788462,1,3,Ni-O-P,"Ni,P,O",mp-1101533,mp-504236,"mp-1101533,mp-504236",
BAT_02497,Li0-1NiPO4,NiPO4,NiPO4,LiNiPO4,Li,4.954485295833335,166.87745702027735,625.7455222288278,826.7919070130234,3100.246988816278,0.035713322692224006,0.10722338250000801,0.0,2,3,Ni-O-P,"Ni,P,O",mp-504165,mp-22417,"mp-504165,mp-753843,mp-22417,mp-763217,mp-1665344,mp-757970",
BAT_02498,Li1-5Ni2(PO4)3,Ni2(PO4)3,LiNi2(PO4)3,Li5Ni2(PO4)3,Li,4.685555025833335,245.31917764937282,751.8214426532217,1149.4565057683196,3522.7007391530715,0.040658558441386,0.163844963333342,0.055630615454541,3,3,Ni-O-P,"Ni,P,O",mp-540199,mp-761038,"mp-540199,mp-26275,mp-772620,mp-761038",More than one working ion per transition metal
BAT_02499,Li0-4Ni7(PO4)6,Ni7(PO4)6,Ni7(PO4)6,Li4Ni7(PO4)6,Li,4.347283045833326,106.30804976972586,395.9535068865743,462.15118239953466,1721.3219674262537,0.08115497919685401,0.05594163297297,0.046958249756101,1,3,Ni-O-P,"Ni,P,O",mp-771985,mp-32384,"mp-771985,mp-1360010,mp-32384",
BAT_02500,Li0-1Ni4(PO4)3,Ni4(PO4)3,Ni4(PO4)3,LiNi4(PO4)3,Li,4.545262138333361,50.892558377201446,221.55242886452453,231.32001871481404,1007.0138665737186,0.001722128433366,0.041007583421047,0.027251347375000002,1,3,Ni-O-P,"Ni,P,O",mp-26512,mp-26511,"mp-26512,mp-26511",
BAT_02501,Li1-3Ni2(PO4)3,Ni2(PO4)3,LiNi2(PO4)3,Li3Ni2(PO4)3,Li,4.9475653683333345,126.68384854720252,424.384855742847,626.7766217993243,2099.6718151184473,0.08194151739406001,0.158281959444453,0.07667772370833001,1,3,Ni-O-P,"Ni,P,O",mp-25848,mp-25847,"mp-25848,mp-25847",More than one working ion per transition metal
BAT_02502,Li0-1Ni(PO3)4,Ni(PO3)4,Ni(PO3)4,LiNi(PO3)4,Li,5.927386015833339,70.24880275229425,186.90592850758978,416.39177106298354,1107.8635869122336,0.040852316544443004,0.10950271647059001,0.042707553171293,1,3,Ni-O-P,"Ni,P,O",mp-540079,mp-25979,"mp-540079,mp-25979",
BAT_02503,Li0-2Ni(PO3)4,Ni(PO3)4,Ni(PO3)4,Li2Ni(PO3)4,Li,5.626220163333333,137.9872164656559,400.2430375400109,776.3464595613145,2251.8554480413895,0.053504692273900006,0.10824840411764901,0.013522848903501,2,3,Ni-O-P,"Ni,P,O",mp-504269,mp-26195,"mp-504269,mp-695783,mp-26195",More than one working ion per transition metal
BAT_02504,Li0-1NiP2O7,NiP2O7,NiP2O7,LiNiP2O7,Li,5.014135900833328,111.86967092718474,378.7308587037269,560.9297332104074,1899.0079953797915,0.142703206195351,0.15270210874999002,0.08232934700760601,1,3,Ni-O-P,"Ni,P,O",mp-26786,mp-26785,"mp-26786,mp-26785",
BAT_02505,Li0-4Ni7(PO4)6,Ni7(PO4)6,Ni7(PO4)6,Li4Ni7(PO4)6,Li,4.210608743333329,106.30804976972586,386.2988963975939,447.62160384712234,1626.5535107117248,0.032915745710856,0.059097808108106005,0.063140583658539,1,3,Ni-O-P,"Ni,P,O",mp-32385,mp-860872,"mp-32385,mp-704235,mp-860872",
BAT_02506,Li0-1NiP2O7,NiP2O7,NiP2O7,LiNiP2O7,Li,7.475387763333335,111.86967092718474,348.03724049386204,836.2691691372038,2601.713328772117,0.051601581229854004,0.362279054749989,0.04910367405306,1,3,Ni-O-P,"Ni,P,O",mp-26450,mp-26449,"mp-26450,mp-26449,mp-1101598",
BAT_02507,Li0-1Ni6P7O24,Ni6P7O24,Ni6P7O24,LiNi6P7O24,Li,4.829746068333354,27.92102099872891,105.12718159613077,134.85144139246398,507.7375919888791,0.0010957476969920001,0.023586495878388,0.013012664605255,1,3,Ni-O-P,"Ni,P,O",mp-504372,mp-504371,"mp-504372,mp-504371",
BAT_02508,Li0-2Ni4P4O15,Ni4P4O15,Ni4P4O15,Li2Ni4P4O15,Li,4.44047234333333,87.50909014227189,287.671256863163,388.5816945670217,1277.396260072814,0.021159734051582002,0.059779155652178007,0.047155568200010003,1,3,Ni-O-P,"Ni,P,O",mp-585202,mp-705401,"mp-585202,mp-705401",
BAT_02509,Li0-1Ni3P3O13,Ni3P3O13,Ni3P3O13,LiNi3P3O13,Li,5.233454993333344,55.38243469773499,188.88732243463414,289.841479411819,988.5333007729014,0.051015330661360006,0.19351760236842003,0.140857388125004,1,3,Ni-O-P,"Ni,P,O",mp-1048029,mp-1094143,"mp-1048029,mp-1094143",
BAT_02510,Li0-2Ni5(PO4)4,Ni5(PO4)4,Ni5(PO4)4,Li2Ni5(PO4)4,Li,8.234363788333331,77.99807248708781,301.05859059973926,642.2645036474742,2479.0259566011623,0.017159570867966,2.492550829600007,2.017308635740741,1,3,Ni-O-P,"Ni,P,O",mp-935922,mp-729639,"mp-935922,mp-729639",
BAT_02511,Li0-2Ni3(P2O7)2,Ni3(P2O7)2,Ni3(P2O7)2,Li2Ni3(P2O7)2,Li,4.930101610833336,99.6617590426219,355.3876694888308,491.34259879451406,1752.09732181719,0.013343425260645001,0.078364111309525,0.027782668913044,1,3,Ni-O-P,"Ni,P,O",mp-1101547,mp-32395,"mp-1101547,mp-32395",
BAT_02512,Li1-5Ni2(PO4)3,Ni2(PO4)3,LiNi2(PO4)3,Li5Ni2(PO4)3,Li,4.61391850645833,245.31917764937282,768.7030664033692,1131.8826937455801,3546.733304049772,0.057282149110576004,0.139700267916674,0.048900686363632005,3,3,Ni-O-P,"Ni,P,O",mp-26438,mp-777338,"mp-26438,mp-26437,mp-1177557,mp-504271,mp-1178182,mp-849437,mp-777338",More than one working ion per transition metal
BAT_02513,Li2-3Ni(PO4)2,Ni(PO4)2,Li2Ni(PO4)2,Li3Ni(PO4)2,Li,4.9806822308333425,99.46399567959661,316.8892415914352,495.3985558890512,1578.3246147367156,0.011522475719685002,0.125485596282047,0.063928024642854,1,3,Ni-O-P,"Ni,P,O",mp-540059,mp-32398,"mp-540059,mp-32398",More than one working ion per transition metal
BAT_02514,Li0-1Ni(PO3)4,Ni(PO3)4,Ni(PO3)4,LiNi(PO3)4,Li,6.052737923333344,70.24880275229425,200.583664939317,425.19759248757526,1214.080355579393,0.00609922682847,0.10911394382353201,0.035376384143516,1,3,Ni-O-P,"Ni,P,O",mp-695808,mp-26141,"mp-695808,mp-26141",
BAT_02515,Li0-1NiPO4,NiPO4,NiPO4,LiNiPO4,Li,4.954802378333331,166.87745702027735,533.1069770401236,826.8448209342884,2641.439717744497,0.037727094058203,0.156979355277786,0.042602679166654,1,3,Ni-O-P,"Ni,P,O",mp-504281,mp-26577,"mp-504281,mp-26577",
BAT_02516,Li0-1Ni(PO3)3,Ni(PO3)3,Ni(PO3)3,LiNi(PO3)3,Li,5.066259283333328,88.58521173357572,219.26584389941945,448.79565131127646,1110.8576171733503,0.010084422283953001,0.047593460480782,0.028720952500012,1,3,Ni-O-P,"Ni,P,O",mp-26842,mp-26841,"mp-26842,mp-26841",
BAT_02517,Li0-1Ni(PO3)3,Ni(PO3)3,Ni(PO3)3,LiNi(PO3)3,Li,5.18405965333334,88.58521173357572,262.95559102138134,459.23102203002105,1363.1774700323656,0.025340407095836,0.07880073894232101,0.04928482750001201,1,3,Ni-O-P,"Ni,P,O",mp-753788,mp-759771,"mp-753788,mp-759771",
BAT_02518,Li0-1Ni2(PO3)5,Ni2(PO3)5,Ni2(PO3)5,LiNi2(PO3)5,Li,5.435916183333323,51.621958284720804,149.9564012514517,280.61263845527156,815.1504283571917,0.008060611080533001,0.074298407215904,0.045577669891311005,1,3,Ni-O-P,"Ni,P,O",mp-704988,mp-25823,"mp-704988,mp-25823",
BAT_02519,Li0-1NiP2O7,NiP2O7,NiP2O7,LiNiP2O7,Li,5.36230047833333,111.86967092718474,361.8744622010902,599.8787899238349,1940.4796017575222,0.052031614592755,0.16740863349998902,0.064047589734879,1,3,Ni-O-P,"Ni,P,O",mp-32334,mp-26345,"mp-32334,mp-26345",
BAT_02520,Li0-4Ni3P4O15,Ni3P4O15,Ni3P4O15,Li4Ni3P4O15,Li,5.449055136458332,188.83250444928834,612.3814601234664,1028.9587282996854,3336.900340757628,0.052109625629715,0.24401676715908402,0.035170394198714004,2,3,Ni-O-P,"Ni,P,O",mp-1101501,mp-540518,"mp-1101501,mp-27080,mp-540518",More than one working ion per transition metal
BAT_02521,Li0-1Ni3P3O11,Ni3P3O11,Ni3P3O11,LiNi3P3O11,Li,4.690572925833327,59.303724213137365,218.3530629269492,278.16844319522846,1024.2009652379286,0.00040675321431300006,0.047426874264706,0.027191791527782002,1,3,Ni-O-P,"Ni,P,O",mp-585392,mp-25879,"mp-585392,mp-25879",
BAT_02522,Li1-3Ni2(PO4)3,Ni2(PO4)3,LiNi2(PO4)3,Li3Ni2(PO4)3,Li,4.834790620833336,126.68384854720252,432.45641668526906,612.4898827670855,2090.8362273091316,0.0019014685670810001,0.14355132861112002,0.07469763070833,1,3,Ni-O-P,"Ni,P,O",mp-26680,mp-26679,"mp-26680,mp-26679",More than one working ion per transition metal
BAT_02523,Li0-1Ni(PO3)4,Ni(PO3)4,Ni(PO3)4,LiNi(PO3)4,Li,5.13654329333335,70.24880275229425,175.72643862402268,360.83601664199443,902.6264597755783,0.081371453663136,0.09721228058823801,0.07503562608795901,1,3,Ni-O-P,"Ni,P,O",mp-26686,mp-26685,"mp-26686,mp-26685",
BAT_02524,Li0-4Ni5(P3O11)2,Ni5(P3O11)2,Ni5(P3O11)2,Li4Ni5(P3O11)2,Li,4.835588507083334,124.79440104060062,424.80777175762756,603.4543714202769,2054.195578830864,0.033419569959729,0.08243015977272701,0.023072689594591002,1,3,Ni-O-P,"Ni,P,O",mp-26314,mp-26313,"mp-26314,mp-26313",
BAT_02525,Li1-2NiP2O7,NiP2O7,LiNiP2O7,Li2NiP2O7,Li,6.065936645833337,108.71985993795705,287.55207434934914,659.4877825275214,1744.2726653811092,0.003279862497412,0.181305215416696,0.021306250763891,1,3,Ni-O-P,"Ni,P,O",mp-26162,mp-584012,"mp-26162,mp-584012",More than one working ion per transition metal
BAT_02526,Li0-2Ni(PO3)4,Ni(PO3)4,Ni(PO3)4,Li2Ni(PO3)4,Li,6.023974763333332,137.9872164656559,362.9337666001373,831.2315096517248,2186.3038507607366,0.087170443476848,0.15356572117647302,0.012201016798239001,2,3,Ni-O-P,"Ni,P,O",mp-26364,mp-26165,"mp-26364,mp-32352,mp-26165",More than one working ion per transition metal
BAT_02527,Li0-3Ni3(PO4)4,Ni3(PO4)4,Ni3(PO4)4,Li3Ni3(PO4)4,Li,5.147823918333334,139.4001836112622,447.4787670843978,717.6075994141141,2303.5419001433743,0.039736402241094,0.20159732815217601,0.08812257253205301,1,3,Ni-O-P,"Ni,P,O",mp-26264,mp-26263,"mp-26264,mp-26263",
BAT_02528,Li0-1Ni2P3O10,Ni2P3O10,Ni2P3O10,LiNi2P3O10,Li,5.268361598333333,71.0456523658167,254.4933688126999,374.29418665260835,1340.7630912833101,0.019234595388082,0.054455641500001005,0.0,1,3,Ni-O-P,"Ni,P,O",mp-25269,mp-17664,"mp-25269,mp-17664",
BAT_02529,Li2-3Ni(PO4)2,Ni(PO4)2,Li2Ni(PO4)2,Li3Ni(PO4)2,Li,4.940689533333331,99.46399567959661,317.77026756973,491.42072239769465,1570.004234986297,0.004281640396004,0.11906012705127801,0.060818138749997,1,3,Ni-O-P,"Ni,P,O",mp-26692,mp-26691,"mp-26692,mp-26691",More than one working ion per transition metal
BAT_02530,Li0-1Ni2P3O11,Ni2P3O11,Ni2P3O11,LiNi2P3O11,Li,5.959006788333346,68.15510047753052,222.98338934303317,406.1367064051457,1328.759530780712,0.069211696671475,0.19387951953125002,0.093799558823523,1,3,Ni-O-P,"Ni,P,O",mp-26892,mp-32389,"mp-26892,mp-32389",
BAT_02531,Li0-2NiP2O7,NiP2O7,NiP2O7,Li2NiP2O7,Li,5.694637030833332,217.4397198759141,640.3503483756989,1238.240280779407,3646.5628065672795,0.023280925011119002,0.272007238249989,0.004232519722225,2,3,Ni-O-P,"Ni,P,O",mp-26008,mp-779070,"mp-26008,mp-26007,mp-779070",More than one working ion per transition metal
BAT_02532,Li0-3Ni3(PO4)4,Ni3(PO4)4,Ni3(PO4)4,Li3Ni3(PO4)4,Li,6.098538643333327,139.4001836112622,427.6114100047258,850.1374066410436,2607.8047082440717,0.022894362891374,0.31543895423913104,0.079130773493591,1,3,Ni-O-P,"Ni,P,O",mp-697806,mp-26525,"mp-697806,mp-26525",
BAT_02533,Li1-3Ni2(PO4)3,Ni2(PO4)3,LiNi2(PO4)3,Li3Ni2(PO4)3,Li,4.916421169583335,126.68384854720252,389.32174899581685,622.8311548417554,1914.0696885422433,0.05459281837851301,0.161397765833341,0.082596369333328,1,3,Ni-O-P,"Ni,P,O",mp-25898,mp-504139,"mp-25898,mp-504139,mp-705397",More than one working ion per transition metal
BAT_02534,Li0-2Ni3(P2O7)2,Ni3(P2O7)2,Ni3(P2O7)2,Li2Ni3(P2O7)2,Li,5.060933100833329,99.6617590426219,350.00625011068144,504.38149522608046,1771.3582166836966,0.002121583111222,0.06039561583333201,0.0,1,3,Ni-O-P,"Ni,P,O",mp-25992,mp-25991,"mp-25992,mp-25991",
BAT_02535,Li2-4Ni(PO4)2,Ni(PO4)2,Li2Ni(PO4)2,Li4Ni(PO4)2,Li,4.973678315833331,193.9324827897971,525.6963430219439,964.5577843873344,2614.644502001123,0.014144206281349,0.13839768493589202,0.019272508999996,2,3,Ni-O-P,"Ni,P,O",mp-705031,mp-26369,"mp-705031,mp-25891,mp-26369",More than one working ion per transition metal
BAT_02536,Li0-1NiP2O7,NiP2O7,NiP2O7,LiNiP2O7,Li,5.193559003333324,111.86967092718474,354.19902857763134,581.0017366438166,1839.5535538412746,0.0494240910996,0.14478686799998902,0.058822482462152006,1,3,Ni-O-P,"Ni,P,O",mp-26212,mp-26211,"mp-26212,mp-26211",
BAT_02537,Li0-2Ni5(PO4)4,Ni5(PO4)4,Ni5(PO4)4,Li2Ni5(PO4)4,Li,4.157002860833335,77.99807248708781,301.05857424901313,324.23821046830983,1251.5013544315525,0.016112613743032002,0.046997217000006,0.054933877962962,1,3,Ni-O-P,"Ni,P,O",mp-26922,mp-26921,"mp-26922,mp-26921",
BAT_02538,Li5-14Ni9(P2O7)8,Ni9(P2O7)8,Li5Ni9(P2O7)8,Li14Ni9(P2O7)8,Li,5.066215665555551,119.59244990186951,373.02641483625644,605.8811431750187,1889.8322665094659,0.017202280475246003,0.10205311036337501,0.023449304263151,1,3,Ni-O-P,"O,P,Ni",mp-27049,mp-540237,"mp-27049,mp-540237",More than one working ion per transition metal
BAT_02539,Li0-1NiPO4,NiPO4,NiPO4,LiNiPO4,Li,5.069874553333325,166.87745702027735,596.2072178940645,846.0477728720798,3022.6958025147746,0.022122932198708003,0.18648308500000801,0.051452708214274,1,3,Ni-O-P,"Ni,P,O",mp-25968,mp-25967,"mp-25968,mp-25967",
BAT_02540,Li0-1NiPO4,NiPO4,NiPO4,LiNiPO4,Li,7.05553710895833,166.87745702027735,510.6190659091476,1177.4100906551657,3602.6917680636307,0.011351891626985001,0.538852590729175,0.06981763374998701,1,3,Ni-O-P,"Ni,P,O",mp-705637,mp-705448,"mp-705637,mp-705448",
BAT_02541,Li0-6Ni5(P2O7)4,Ni5(P2O7)4,Ni5(P2O7)4,Li6Ni5(P2O7)4,Li,5.472516511666664,155.9909055888578,508.82215344092225,853.6628065048601,2784.537636207236,0.044147686487689006,0.203491798597555,0.038332059007091,2,3,Ni-O-P,"Ni,P,O",mp-705436,mp-705432,"mp-705436,mp-27060,mp-705432",More than one working ion per transition metal
BAT_02542,Li1-2NiP2O7,NiP2O7,LiNiP2O7,Li2NiP2O7,Li,5.141733410833329,108.71985993795705,327.35854408136953,559.0085362641138,1683.190363424933,0.033194146034088004,0.10186152609851401,0.025499805138891003,1,3,Ni-O-P,"Ni,P,O",mp-705295,mp-26365,"mp-705295,mp-26365",More than one working ion per transition metal
BAT_02543,Li0-2NiP2O7,NiP2O7,NiP2O7,Li2NiP2O7,Li,5.027659912083327,217.4397198759141,662.5310030252973,1093.2129629147616,3330.980564422645,0.068240724427478,0.16274772499998902,0.024345778472224,2,3,Ni-O-P,"Ni,P,O",mp-689834,mp-32383,"mp-689834,mp-585376,mp-32314,mp-32383",More than one working ion per transition metal
BAT_02544,Li1-2Ni(PO3)5,Ni(PO3)5,LiNi(PO3)5,Li2Ni(PO3)5,Li,5.82735563333333,57.33731771161161,149.96361925656618,334.12494136698285,873.8913414698056,0.06445704718442001,0.095044124962117,0.04774743081521501,1,3,Ni-O-P,"Ni,P,O",mp-705004,mp-540011,"mp-705004,mp-540011",More than one working ion per transition metal
BAT_02545,Li0-2NiP2O7,NiP2O7,NiP2O7,Li2NiP2O7,Li,5.720078012083324,217.4397198759141,677.8833435389316,1243.7721606157736,3877.5456081345687,0.027245272651653003,0.303317150249989,0.026083949513892,2,3,Ni-O-P,"Ni,P,O",mp-690014,mp-584129,"mp-690014,mp-26480,mp-584129",More than one working ion per transition metal
BAT_02546,Li1-2NiP2O7,NiP2O7,LiNiP2O7,Li2NiP2O7,Li,4.725953423333327,108.71985993795705,340.4480288513798,513.804994258108,1608.9415274172616,0.01616950554934,0.07644502996215101,0.036849682638891004,1,3,Ni-O-P,"Ni,P,O",mp-753784,mp-753547,"mp-753784,mp-753547",More than one working ion per transition metal
BAT_02547,Li0-1NiP2O7,NiP2O7,NiP2O7,LiNiP2O7,Li,4.824455048333324,111.86967092718474,327.50226940550635,539.7101986600442,1580.0199769740157,0.033994172263831,0.15699054374998903,0.10347163814396901,1,3,Ni-O-P,"Ni,P,O",mp-32363,mp-32396,"mp-32363,mp-32396,mp-705331",
BAT_02548,Li0-1NiP2O7,NiP2O7,NiP2O7,LiNiP2O7,Li,5.481116533333325,111.86967092718474,364.04436598445744,613.1707028975507,1995.3695932642577,0.014381563381600002,0.179771878749989,0.064485444053061,1,3,Ni-O-P,"Ni,P,O",mp-26232,mp-26231,"mp-26232,mp-26231",
BAT_02549,Li0-1Ni(PO3)3,Ni(PO3)3,Ni(PO3)3,LiNi(PO3)3,Li,5.069943593333339,88.58521173357572,224.22346135218015,449.12202669271954,1136.8003013575114,0.023817935433424003,0.047539342019244,0.028407534642870002,1,3,Ni-O-P,"Ni,P,O",mp-504150,mp-25927,"mp-504150,mp-25927",
BAT_02550,Li0-1Ni4P7O24,Ni4P7O24,Ni4P7O24,LiNi4P7O24,Li,4.6771242433333144,31.81122276392488,96.95560165561089,148.78504119922968,453.47339503042537,0.014345083257000001,0.09356591735714401,0.084700273333334,1,3,Ni-O-P,"Ni,P,O",mp-26384,mp-705375,"mp-26384,mp-705375",
BAT_02551,Li0-1Ni(PO3)3,Ni(PO3)3,Ni(PO3)3,LiNi(PO3)3,Li,5.831597953333334,88.58521173357572,284.21747358050516,516.5933394411203,1657.442037233645,0.00850796533594,0.075535409326936,0.0,1,3,Ni-O-P,"Ni,P,O",mp-26002,mp-26001,"mp-26002,mp-26001",
BAT_02552,Li0-1NiPO4,NiPO4,NiPO4,LiNiPO4,Li,4.925171425833331,166.87745702027735,518.4020063607243,821.9000829319998,2553.2187488225077,9.827000834694569e-05,0.140307311250007,0.032545348928558,1,3,Ni-O-P,"Ni,P,O",mp-26388,mp-26387,"mp-26388,mp-26387",
BAT_02553,Li0-3Ni2P5O16,Ni2P5O16,Ni2P5O16,Li3Ni2P5O16,Li,5.065938405000002,146.43777370733721,428.4469532628063,741.844741766699,2170.485875039291,0.027142952387068,0.08553522233695601,0.014403235128236,1,3,Ni-O-P,"Ni,P,O",mp-32393,mp-26191,"mp-32393,mp-26192,mp-26191",More than one working ion per transition metal
BAT_02554,Li0-1NiPO4,NiPO4,NiPO4,LiNiPO4,Li,5.007095733333334,166.87745702027735,519.5923889272659,835.5714030357476,2601.6488336701873,0.058039694773562,0.15258001250000802,0.031361334642843006,1,3,Ni-O-P,"Ni,P,O",mp-540256,mp-26403,"mp-540256,mp-26403",
BAT_02555,Li0-1Ni(PO3)3,Ni(PO3)3,Ni(PO3)3,LiNi(PO3)3,Li,5.751060565833332,88.58521173357572,279.16067894589526,509.4589179169635,1605.4699722169976,0.0038175702474570004,0.07022690605770601,0.0008233460714420001,1,3,Ni-O-P,"Ni,P,O",mp-766524,mp-1176610,"mp-766524,mp-1176610",
BAT_02556,Li0-1Ni(PO3)3,Ni(PO3)3,Ni(PO3)3,LiNi(PO3)3,Li,5.815260435833342,88.58521173357572,258.4561672603668,515.1460769941824,1502.9899238663356,0.032603950915085,0.075447044519244,0.001084912500012,1,3,Ni-O-P,"Ni,P,O",mp-1101496,mp-26027,"mp-1101496,mp-26027",
BAT_02557,Li0-2.5Ni3(P2O7)2,Ni3(P2O7)2,Ni3(P2O7)2,Li5Ni6(P2O7)4,Li,4.494455401333339,123.77851098610597,437.1111642123313,556.316997270502,1964.5766329772166,0.001163443635316,0.09006830750000101,0.037844027748237,1,3,Ni-O-P,"Ni,P,O",mp-851093,mp-886210,"mp-851093,mp-886210",
BAT_02558,Li1-2NiP2O7,NiP2O7,LiNiP2O7,Li2NiP2O7,Li,4.709062583333339,108.71985993795705,338.2531924307519,511.96862449907485,1592.8554521687056,0.032642106531906,0.08182496791669801,0.043188862430557,1,3,Ni-O-P,"Ni,P,O",mp-766087,mp-758298,"mp-766087,mp-758298",More than one working ion per transition metal
BAT_02559,Li0.5-1NiPO4,NiPO4,LiNi2(PO4)2,LiNiPO4,Li,4.924767253333333,83.43872851013867,261.07616982712915,410.9163178265013,1285.7393717903376,0.026178421110218,0.090102995192315,0.037600359285701004,1,3,Ni-O-P,"Ni,P,O",mp-766097,mp-758148,"mp-766097,mp-758148",
BAT_02560,Li0-1Ni4(PO4)3,Ni4(PO4)3,Ni4(PO4)3,LiNi4(PO4)3,Li,4.307069493333306,50.892558377201446,188.31955998871226,219.19778562412873,811.105431825334,0.012874935879939,0.051322082105257,0.048959753375002,1,3,Ni-O-P,"Ni,P,O",mp-777879,mp-861635,"mp-777879,mp-861635",
BAT_02561,Li0-4Ni3Sb(PO4)4,Ni3Sb(PO4)4,Ni3Sb(PO4)4,Li4Ni3Sb(PO4)4,Li,3.320146145833331,151.95959981181122,576.6696403392997,504.52807963756044,1914.6274837916194,0.08584631071677801,0.08489316750001301,0.101459717607149,1,4,Ni-O-P-Sb,"Ni,Sb,P,O",mp-775544,mp-756181,"mp-775544,mp-756181",More than one working ion per transition metal
BAT_02562,Li0-2NiSn(PO4)2,NiSn(PO4)2,NiSn(PO4)2,Li2NiSn(PO4)2,Li,2.506699007083338,140.60600180360194,532.8539914303361,352.4569251110471,1335.7045712388174,0.134775005674121,0.030662662013888002,0.07876822011904601,1,4,Ni-O-P-Sn,"Ni,Sn,P,O",mp-757910,mp-770823,"mp-757910,mp-770823",More than one working ion per transition metal
BAT_02563,Li0-4Ni3Sn(PO4)4,Ni3Sn(PO4)4,Ni3Sn(PO4)4,Li4Ni3Sn(PO4)4,Li,3.720390370833333,152.61940991897933,576.2324530891757,567.803783064836,2143.8096698346394,0.08810313921382901,0.083484090000008,0.048882062023809,1,4,Ni-O-P-Sn,"Ni,Sn,P,O",mp-774257,mp-753100,"mp-774257,mp-753100",More than one working ion per transition metal
BAT_02564,Li0-4Ni5Te(PO4)6,Ni5Te(PO4)6,Ni5Te(PO4)6,Li4Ni5Te(PO4)6,Li,3.9228222908333272,105.2421924115906,391.0381520452705,412.8464183283577,1533.9731794094591,0.020618602973294,0.082421237361102,0.095776839031283,1,4,Ni-O-P-Te,"Ni,Te,P,O",mp-850365,mp-774836,"mp-850365,mp-774836",
BAT_02565,Li0-4TiNi5(PO4)6,TiNi5(PO4)6,TiNi5(PO4)6,Li4TiNi5(PO4)6,Li,4.277841093333326,114.17929095862456,395.5688465839032,488.4408628704665,1692.1806671590875,0.013556030189468,0.084824422847212,0.08066587990625,1,4,Ni-O-P-Ti,"Ti,Ni,P,O",mp-772277,mp-770943,"mp-772277,mp-770943",
BAT_02566,Li0-1Ti2Ni(PO5)2,Ti2Ni(PO5)2,Ti2Ni(PO5)2,LiTi2Ni(PO5)2,Li,1.786805593333331,69.92117727002521,248.59323777179455,124.93555063853243,444.1877877154853,0.016229848772552,0.004657812333348,0.064661725781265,1,4,Ni-O-P-Ti,"Ti,Ni,P,O",mp-771595,mp-771939,"mp-771595,mp-771939",
BAT_02567,Li0-2Ti4Ni(PO5)4,Ti4Ni(PO5)4,Ti4Ni(PO5)4,Li2Ti4Ni(PO5)4,Li,5.059151570833341,75.71826485952646,252.62774587448632,383.07017860484825,1278.0820573769936,0.0023370250131,0.06369376071839701,0.010165957903232001,1,4,Ni-O-P-Ti,"Ti,Ni,P,O",mp-766392,mp-532743,"mp-766392,mp-532743",
BAT_02568,Li0-4VNi3(PO4)4,VNi3(PO4)4,VNi3(PO4)4,Li4VNi3(PO4)4,Li,3.965149778333331,168.9157052739627,613.91886243225,669.7760713240715,2434.280241287887,0.046356475505666,0.086054935729167,0.022796248437498,1,4,Ni-O-P-V,"V,Ni,P,O",mp-775192,mp-757423,"mp-775192,mp-757423",
BAT_02569,Li0-7V3Ni(PO4)6,V3Ni(PO4)6,V3Ni(PO4)6,Li7V3Ni(PO4)6,Li,3.478982757619044,226.05481616178713,634.2507919024039,786.4408077036004,2206.547569034688,0.070296078337307,0.042102565220583005,0.092351550365852,2,4,Ni-O-P-V,"V,Ni,P,O",mp-774649,mp-760800,"mp-774649,mp-769109,mp-760800",More than one working ion per transition metal
BAT_02570,Li6-8VNi3(PO4)6,VNi3(PO4)6,Li6VNi3(PO4)6,Li8VNi3(PO4)6,Li,4.188687993333336,62.88638413964808,193.46610917958307,263.4114421898919,810.369168637436,0.013105880702704001,0.081238997229164,0.07020597226191101,1,4,Ni-O-P-V,"V,Ni,P,O",mp-759133,mp-760785,"mp-759133,mp-760785",More than one working ion per transition metal
BAT_02571,Li0-4V3Ni(PO4)4,V3Ni(PO4)4,V3Ni(PO4)4,Li4V3Ni(PO4)4,Li,2.774079743333335,173.14531350489682,590.7423805138384,480.3189068470341,1638.7664713119525,0.055849745520901,0.038012532222216004,0.04872532325594801,1,4,Ni-O-P-V,"V,Ni,P,O",mp-1101186,mp-1177236,"mp-1101186,mp-1177236",
BAT_02572,Li0-2VNi(PO4)2,VNi(PO4)2,VNi(PO4)2,Li2VNi(PO4)2,Li,3.119846650833336,171.0043596898074,602.1086079321705,533.5073788561447,1878.4865238951043,0.06439202096049601,0.043577846111111006,0.041329184732142005,1,4,Ni-O-P-V,"V,Ni,P,O",mp-1101213,mp-752716,"mp-1101213,mp-1650144,mp-752716",
BAT_02573,Li0-1Rb5Si2NiO8,Rb5Si2NiO8,Rb5Si2NiO8,Rb5LiSi2NiO8,Li,3.378373523333327,39.58043680411527,142.63206234827874,133.71749974099103,481.8643830158533,0.0063312786861480005,0.032490041631944,0.017993052598031002,1,4,Ni-O-Rb-Si,"Rb,Si,Ni,O",mp-543079,mp-559477,"mp-543079,mp-559477",
BAT_02574,Li0-2Ni(SO4)2,Ni(SO4)2,Ni(SO4)2,Li2Ni(SO4)2,Li,5.483738657708334,202.5041208472054,612.3946958652821,1110.4796758350603,3358.212467491985,0.13974161275921101,0.101900462196971,0.0018033458653840002,2,3,Ni-O-S,"Ni,S,O",mp-849993,mp-560212,"mp-849993,mp-782632,mp-560212",More than one working ion per transition metal
BAT_02575,Li0-1Ni(SO4)2,Ni(SO4)2,Ni(SO4)2,LiNi(SO4)2,Li,5.297736993333335,103.97859534761807,285.21329245395543,550.8512510879136,1510.9850104237191,0.007119082821845001,0.057145319242425004,0.045802751979165,1,3,Ni-O-S,"Ni,S,O",mp-772505,mp-776292,"mp-772505,mp-776292",
BAT_02576,Li0-2Ni2(SO4)3,Ni2(SO4)3,Ni2(SO4)3,Li2Ni2(SO4)3,Li,5.207700085833329,127.79143847236587,410.2315479604638,665.4994851013043,2136.3628675252467,0.0032075567625670003,0.049686371274510005,0.015751782500000002,1,3,Ni-O-S,"Ni,S,O",mp-768526,mp-768590,"mp-768526,mp-768590",
BAT_02577,Li0-2Ni2(SO4)3,Ni2(SO4)3,Ni2(SO4)3,Li2Ni2(SO4)3,Li,5.203199792708337,127.79143847236587,403.51078824722566,664.9243861693143,2099.5472497635424,0.004580922526866001,0.074547524803922,0.038469687565789,1,3,Ni-O-S,"Ni,S,O",mp-778234,mp-764857,"mp-778234,mp-764857",
BAT_02578,Li0-1Ni2(SO4)3,Ni2(SO4)3,Ni2(SO4)3,LiNi2(SO4)3,Li,5.026555798333338,64.9708305464421,198.53214565265844,326.5795050057513,997.9329078859291,0.026800873779805,0.022059012450982,0.031512162152776,1,3,Ni-O-S,"Ni,S,O",mp-779766,mp-778860,"mp-779766,mp-778860",
BAT_02579,Li3-4Ni3SbO8,Ni3SbO8,Li3Ni3SbO8,Li4Ni3SbO8,Li,4.149162853333341,59.08623588427121,294.6292683655063,245.1584150743096,1222.4648158069388,0.00033644898115300003,0.06578766655555701,0.023231194583333,1,3,Ni-O-Sb,"Ni,Sb,O",mp-772016,mp-1306001,"mp-772016,mp-1306001,mp-1302740,mp-754228",More than one working ion per transition metal
BAT_02580,Li1.5-2SiNiO4,SiNiO4,Li3Si2(NiO4)2,Li2SiNiO4,Li,4.501480338333327,81.38505192675717,259.30077694339025,366.3532110825343,1167.237349125227,0.00398566902514,0.084650487955557,0.027700101562501002,1,3,Ni-O-Si,"Si,Ni,O",mp-777771,mp-766496,"mp-777771,mp-766496",More than one working ion per transition metal
BAT_02581,Li0-1Ni(SO4)2,Ni(SO4)2,Ni(SO4)2,LiNi(SO4)2,Li,5.3185460566666665,103.97859534761807,289.05317574478727,553.0149482638129,1537.342628024415,0.026127937543112004,0.05921060863636401,0.045961845312498,1,3,Ni-O-S,"Ni,S,O",mp-772423,mp-774590,"mp-772423,mp-774590",
BAT_02582,Li1.5-2SiNiO4,SiNiO4,Li3Si2(NiO4)2,Li2SiNiO4,Li,4.612755223333328,81.38505192675717,262.486023116567,375.4093233764033,1210.7837741829371,0.0038845573884950003,0.08485779528889001,0.020939771875001,1,3,Ni-O-Si,"Si,Ni,O",mp-756019,mp-766710,"mp-756019,mp-766710",More than one working ion per transition metal
BAT_02583,Li1.5-2SiNiO4,SiNiO4,Li3Si2(NiO4)2,Li2SiNiO4,Li,4.628999493333343,81.38505192675717,262.2289026013495,376.7313641338668,1213.8574572790055,0.018630546998727,0.088419424288891,0.023263532187501,1,3,Ni-O-Si,"Si,Ni,O",mp-780288,mp-1177860,"mp-780288,mp-1177860",More than one working ion per transition metal
BAT_02584,Li1-2NiSnO4,NiSnO4,LiNiSnO4,Li2NiSnO4,Li,3.852479748333334,104.9873322758033,550.7627093565962,404.46157142407486,2121.8021839334856,0.005699834429628001,0.068773148869049,0.012322317812501002,1,3,Ni-O-Sn,"Ni,Sn,O",mp-758463,mp-755249,"mp-758463,mp-755249",More than one working ion per transition metal
BAT_02585,Li1-2NiSnO4,NiSnO4,LiNiSnO4,Li2NiSnO4,Li,3.418978985833331,104.9873322758033,548.3032348048123,358.94948282967295,1874.637237662092,0.018625584263851,0.006895322440477001,0.012366815000001,1,3,Ni-O-Sn,"Ni,Sn,O",mp-756797,mp-758684,"mp-756797,mp-753935,mp-758684",More than one working ion per transition metal
BAT_02586,Li2-4Ni3TeO8,Ni3TeO8,Li2Ni3TeO8,Li4Ni3TeO8,Li,3.680825623333331,116.67036455891196,581.0055838730192,429.4432673520841,2138.580240419552,0.030350762414901002,0.080161317142856,0.043624319062499,2,3,Ni-O-Te,"Ni,Te,O",mp-757998,mp-756871,"mp-757998,mp-1177536,mp-756871",More than one working ion per transition metal
BAT_02587,Li3-4TiNi3O8,TiNi3O8,Li3TiNi3O8,Li4TiNi3O8,Li,3.652731923333338,70.58474954692333,308.80041046161443,257.82716797053524,1127.9651172315773,0.013095583166101,0.034954444583335,0.021297701041667002,1,3,Ni-O-Ti,"Ti,Ni,O",mp-1303223,mp-1306771,"mp-1303223,mp-1305541,mp-1306771,mp-1303744",
BAT_02588,Li0-4Ti3Ni3(TeO8)2,Ti3Ni3(TeO8)2,Ti3Ni3(TeO8)2,Li4Ti3Ni3(TeO8)2,Li,3.8811237945833352,124.85613755294513,573.066608362739,484.5821263565053,2224.142449597796,0.09621816601758601,0.10902226739583201,0.029266044709823004,1,4,Ni-O-Te-Ti,"Ti,Ni,Te,O",mp-771243,mp-763178,"mp-771243,mp-763178",
BAT_02589,Li1-2TiNiO4,TiNiO4,LiTiNiO4,Li2TiNiO4,Li,3.65246461833333,145.31273663719307,605.7649024964363,530.7496291605371,2212.5348733963733,0.009159193597390002,0.045677943803706,0.035012286874997,1,3,Ni-O-Ti,"Ti,Ni,O",mp-1290806,mp-764019,"mp-1290806,mp-773607,mp-1290956,mp-753424,mp-752816,mp-764019",
BAT_02590,Li3-4TiNi3O8,TiNi3O8,Li3TiNi3O8,Li4TiNi3O8,Li,3.674954188333335,70.58474954692333,308.76481337289334,259.3957209799254,1134.696544114675,0.011231626699250001,0.036163635916668005,0.021042426354167,1,3,Ni-O-Ti,"Ti,Ni,O",mp-1306670,mp-1277563,"mp-1306670,mp-758244,mp-1277563,mp-756601",
BAT_02591,Li2-2.75Ti3NiO8,Ti3NiO8,Li2Ti3NiO8,Li11Ti12(NiO8)4,Li,0.9278179566666571,57.53409847267695,223.25129321097577,53.38116968357741,207.13655869019647,0.0012699443787660002,0.0,0.076657520105932,1,3,Ni-O-Ti,"Ti,Ni,O",mp-775326,mp-760001,"mp-775326,mp-760001",
BAT_02592,Li6-8TiNi7O16,TiNi7O16,Li6TiNi7O16,Li8TiNi7O16,Li,3.810261408333336,69.59261783966303,319.8561066509771,265.1660660593582,1218.73537939197,0.005781017259171,0.042649948805556004,0.0186666434375,1,3,Ni-O-Ti,"Ti,Ni,O",mp-758326,mp-760950,"mp-758326,mp-760950",
BAT_02593,Li0-1V2NiO6,V2NiO6,V2NiO6,LiV2NiO6,Li,2.319858578333328,101.7080742843976,357.9545541492315,235.9483486144232,830.4039430965768,0.00542383695366,0.0,0.09825235650000501,1,3,Ni-O-V,"V,Ni,O",mp-756506,mp-755467,"mp-756506,mp-1235775,mp-1235087,mp-755467",
BAT_02594,Li0-0.25TlNiO3,TlNiO3,TlNiO3,LiTl4(NiO3)4,Li,1.503900673333338,21.419926068067074,186.80994846010776,32.2134412365164,280.9436072745223,0.057928056075155006,0.07410190116666801,0.17121729327381302,1,3,Ni-O-Tl,"Tl,Ni,O",mp-18001,mp-1232975,"mp-18001,mp-1178989,mp-1232975,mp-1235257",
BAT_02595,Li1.5-2VNiO4,VNiO4,Li3V2(NiO4)2,Li2VNiO4,Li,3.298424103333308,71.46508975402939,304.3353775272402,235.72217459156877,1003.827144732891,0.000865029924903,0.087502775000001,0.041216689921874,1,3,Ni-O-V,"V,Ni,O",mp-1177514,mp-753337,"mp-1177514,mp-753337,mp-1305888",
BAT_02596,Li0-2V3NiO8,V3NiO8,V3NiO8,Li2V3NiO8,Li,2.856987448333332,151.67998167130156,589.8036889492136,433.3478037983385,1685.0617363086,0.06590976294560501,0.051716695000001006,0.06955267511905,1,3,Ni-O-V,"V,Ni,O",mp-755704,mp-754650,"mp-755704,mp-754650",
BAT_02597,Li0-2Ni(WO4)2,Ni(WO4)2,Ni(WO4)2,Li2Ni(WO4)2,Li,4.936968248333334,94.32979444408468,630.2875628533611,465.7032000422562,3111.709685126444,0.030357365866969,0.199262208295463,0.0016228657692260002,2,3,Ni-O-W,"Ni,W,O",mp-25292,mp-558765,"mp-25292,mp-25291,mp-558765",
BAT_02598,Li0-1Ni9S10,Ni9S10,Ni9S10,LiNi9S10,Li,1.480381053333322,31.31630234892459,165.8416644169089,46.36006065780579,245.50885785605502,0.031704584952016,0.089023022631577,0.101797557374998,1,2,Ni-S,"Ni,S",mp-767469,mp-774863,"mp-767469,mp-774863",
BAT_02599,Li0-2Ni(PS3)2,Ni(PS3)2,Ni(PS3)2,Li2Ni(PS3)2,Li,2.502047823333332,163.96709446313534,407.91756804758285,410.25351179977866,1020.6292632328812,0.10622300065341601,0.093307389537037,0.027453985206060003,2,3,Ni-P-S,"Ni,P,S",mp-769218,mp-775433,"mp-769218,mp-557500,mp-775433",More than one working ion per transition metal
BAT_02600,Li0-0.5NiS2,NiS2,NiS2,Li(NiS2)2,Li,1.895683458333335,106.10758376043455,393.2769435409136,201.1463913383746,745.5285964144028,0.06673236278446801,0.043764471666666006,0.06336585785714301,1,2,Ni-S,"Ni,S",mp-1444811,mp-1045397,"mp-1444811,mp-1045397",
BAT_02601,Li0-1RbV(PO4)2,RbV(PO4)2,RbV(PO4)2,RbLiV(PO4)2,Li,3.002796268333331,80.41416776057062,244.99297193007072,241.46736287257195,735.663981879509,0.007107763688927001,0.0,0.056342644967955005,1,4,O-P-Rb-V,"Rb,V,P,O",mp-559279,mp-761134,"mp-559279,mp-761134",
BAT_02602,Li0-1SbP2O7,SbP2O7,SbP2O7,LiSbP2O7,Li,3.939632253333333,88.55768643248665,274.7250268575078,348.88471775000414,1082.315576605704,0.09925409495043201,0.0345024975,0.016075594015151,1,3,O-P-Sb,"Sb,P,O",mp-26342,mp-26341,"mp-26342,mp-26341",Transition metal not found
BAT_02603,Li3-5Sb2P5O18,Sb2P5O18,Li3Sb2P5O18,Li5Sb2P5O18,Li,3.589833520833328,74.33674285395766,248.35075831880937,266.85653132670456,891.5378771372384,0.015140595063484,0.035785464732154,0.026385133972218002,1,3,O-P-Sb,"Sb,P,O",mp-26586,mp-26585,"mp-26586,mp-26585",Transition metal not found
BAT_02604,Li0-1Rb2V(PO4)2,Rb2V(PO4)2,Rb2V(PO4)2,Rb2LiV(PO4)2,Li,1.2694732783333411,64.00188271996497,197.65634963777302,81.24867987601995,250.9194541580648,0.024372225337597003,0.0,0.091651804279754,1,4,O-P-Rb-V,"Rb,V,P,O",mp-19481,mp-759578,"mp-19481,mp-759578",
BAT_02605,Li0-1RbVPO5,RbVPO5,RbVPO5,RbLiVPO5,Li,1.423565363333343,105.38443389074827,325.27547290732514,150.02162992136175,463.05089677274134,0.033048055900515,0.0,0.128191443407406,1,4,O-P-Rb-V,"Rb,V,P,O",mp-561349,mp-758914,"mp-561349,mp-758914",
BAT_02606,Li0-1Sb(PO3)4,Sb(PO3)4,Sb(PO3)4,LiSb(PO3)4,Li,4.7075938208333294,60.28374590575401,159.52532449281884,283.79138972261404,750.9804318488256,0.050614060272281006,0.038227338823503,0.01917046597221,1,3,O-P-Sb,"Sb,P,O",mp-672963,mp-672958,"mp-672963,mp-672958",Transition metal not found
BAT_02607,Li0-1SbP2O7,SbP2O7,SbP2O7,LiSbP2O7,Li,3.876963588333329,88.55768643248665,299.16259759546244,343.33492576579124,1159.842497868824,0.008630985741149,0.051202676499999,0.036954726287879006,1,3,O-P-Sb,"Sb,P,O",mp-540379,mp-673073,"mp-540379,mp-673073",Transition metal not found
BAT_02608,Li0-1Sb(PO3)4,Sb(PO3)4,Sb(PO3)4,LiSb(PO3)4,Li,5.080469228333347,60.28374590575401,182.88499733712604,306.2697160428496,929.1416012950949,0.06304210276328001,0.054822379411738,0.014128259444431001,1,3,O-P-Sb,"Sb,P,O",mp-672950,mp-504207,"mp-672950,mp-504207",Transition metal not found
BAT_02609,Li0-1Sb(PO3)4,Sb(PO3)4,Sb(PO3)4,LiSb(PO3)4,Li,4.691081915833327,60.28374590575401,171.1007512935725,282.795990237174,802.6476401787737,0.07116565292587901,0.050336536029385,0.031524258055543,1,3,O-P-Sb,"Sb,P,O",mp-673069,mp-26675,"mp-673069,mp-26675",Transition metal not found
BAT_02610,Li0-1Sb(PO3)4,Sb(PO3)4,Sb(PO3)4,LiSb(PO3)4,Li,5.051050643333331,60.28374590575401,188.23985135625733,304.49625353980184,950.8090222939942,0.07341377112578601,0.056134764705856,0.017002100277765,1,3,O-P-Sb,"Sb,P,O",mp-26150,mp-684427,"mp-26150,mp-684427",Transition metal not found
BAT_02611,Li0-1SbP2O7,SbP2O7,SbP2O7,LiSbP2O7,Li,4.8156848183333425,88.55768643248665,327.57123286584005,426.46590609965057,1577.479813034762,0.006100122003908,0.14326829200000002,0.035312446742423,1,3,O-P-Sb,"Sb,P,O",mp-684496,mp-673059,"mp-684496,mp-673059",Transition metal not found
BAT_02612,Li0-1Sb(PO3)4,Sb(PO3)4,Sb(PO3)4,LiSb(PO3)4,Li,5.055100173333334,60.28374590575401,178.1005600249216,304.74037437735973,900.316171852745,0.08836555040587,0.051225143823502,0.012140262222209,1,3,O-P-Sb,"Sb,P,O",mp-684426,mp-26157,"mp-684426,mp-26157",Transition metal not found
BAT_02613,Li0-1Sb(PO3)4,Sb(PO3)4,Sb(PO3)4,LiSb(PO3)4,Li,4.472202453333357,60.28374590575401,150.7142469781136,269.6011163358378,674.0246250878091,0.06980710268730901,0.049594224411738004,0.042983156111097,1,3,O-P-Sb,"Sb,P,O",mp-504341,mp-504340,"mp-504341,mp-504340",Transition metal not found
BAT_02614,Li0-1Sb(PO3)4,Sb(PO3)4,Sb(PO3)4,LiSb(PO3)4,Li,4.727010368333329,60.28374590575401,154.6795240696705,284.96189193847107,731.1717140461972,0.018614303637061,0.06905980647056101,0.047211321666654,1,3,O-P-Sb,"Sb,P,O",mp-684083,mp-684082,"mp-684083,mp-684082",Transition metal not found
BAT_02615,Li0-2Sb(PO3)5,Sb(PO3)5,Sb(PO3)5,Li2Sb(PO3)5,Li,4.81502730083334,101.04199699286188,260.58295988634814,486.51997405135023,1254.7140659847255,0.09814349725365501,0.074223931190475,0.036969961050665,1,3,O-P-Sb,"Sb,P,O",mp-1101485,mp-684477,"mp-1101485,mp-684537,mp-684477",Transition metal not found
BAT_02616,Li0-1Sb2P5O16,Sb2P5O16,Sb2P5O16,LiSb2P5O16,Li,3.393597388333323,40.52723739588102,117.84788374619676,137.53312698302645,399.92827050170246,0.046728939142134,0.005610559782568,0.047426788958327006,1,3,O-P-Sb,"Sb,P,O",mp-25946,mp-684104,"mp-25946,mp-684104",Transition metal not found
BAT_02617,Li0-1Sb(PO3)4,Sb(PO3)4,Sb(PO3)4,LiSb(PO3)4,Li,4.24669951333333,60.28374590575401,186.18688869804194,256.00695439987567,790.6797696230216,0.046627529517372,0.042690526764679,0.048990938333321,1,3,O-P-Sb,"Sb,P,O",mp-504350,mp-673126,"mp-504350,mp-673126",Transition metal not found
BAT_02618,Li0-3Sb2(PO4)3,Sb2(PO4)3,Sb2(PO4)3,Li3Sb2(PO4)3,Li,3.2546265016666682,146.3876306478669,508.7471258672287,476.43706222273937,1655.7818784942308,0.144135475799024,0.024317047941148,0.063191462749998,1,3,O-P-Sb,"Sb,P,O",mp-554631,mp-762044,"mp-554631,mp-762044",Transition metal not found
BAT_02619,Li1-3Sb2(PO4)3,Sb2(PO4)3,LiSb2(PO4)3,Li3Sb2(PO4)3,Li,3.225564713333345,97.59175376524459,319.55723430220985,314.7885172574896,1030.7525388556044,0.09869348893078501,0.033993194398155,0.050181410249998004,1,3,O-P-Sb,"Sb,P,O",mp-684508,mp-684539,"mp-684508,mp-684539,mp-775486",Transition metal not found
BAT_02620,Li0-1SbP2O7,SbP2O7,SbP2O7,LiSbP2O7,Li,4.577101773333344,88.55768643248665,317.38791756524927,405.33754361243285,1452.7168003224797,0.059125579106728006,0.128119811,0.04323046810606,1,3,O-P-Sb,"Sb,P,O",mp-25896,mp-684090,"mp-25896,mp-684090",Transition metal not found
BAT_02621,Li0-1Sb(PO3)4,Sb(PO3)4,Sb(PO3)4,LiSb(PO3)4,Li,4.444165668333331,60.28374590575401,164.01728913078745,267.91095391288195,728.9200053681471,0.07933540550128701,0.036874611029385,0.032527787083321005,1,3,O-P-Sb,"Sb,P,O",mp-26542,mp-26541,"mp-26542,mp-26541",Transition metal not found
BAT_02622,Li0-1SbP2O7,SbP2O7,SbP2O7,LiSbP2O7,Li,3.013042998333337,88.55768643248665,297.1010649370941,266.8281170540031,895.1782835060897,0.08876408088861101,6.994324999975987e-05,0.069008658787878,1,3,O-P-Sb,"Sb,P,O",mp-561057,mp-780724,"mp-561057,mp-780724",Transition metal not found
BAT_02623,Li1-3Sb2P5O18,Sb2P5O18,LiSb2P5O18,Li3Sb2P5O18,Li,-1.860015116666668,75.79593571384716,252.11096056897426,-140.98158620965074,-468.9301977356466,0.08458140062646301,3.4494945076602512,3.632042498125013,1,3,O-P-Sb,"Sb,P,O",mp-935791,mp-723939,"mp-935791,mp-723939",Transition metal not found
BAT_02624,Li0-1SbP2O7,SbP2O7,SbP2O7,LiSbP2O7,Li,2.95361584583333,88.55768643248665,293.4805000618624,261.5653859173319,866.8286554258066,0.08650438572442101,0.0,0.074347542424242,1,3,O-P-Sb,"Sb,P,O",mp-541668,mp-849265,"mp-541668,mp-849265",Transition metal not found
BAT_02625,Li0-1Sb(PO3)4,Sb(PO3)4,Sb(PO3)4,LiSb(PO3)4,Li,4.489101543333324,60.28374590575401,175.0925963242271,270.6198567834343,786.0084443853265,0.019727437771041002,0.031711891764679,0.025155448055543,1,3,O-P-Sb,"Sb,P,O",mp-1045606,mp-759185,"mp-1045606,mp-757808,mp-759185",Transition metal not found
BAT_02626,Li0-1Sb(PO3)4,Sb(PO3)4,Sb(PO3)4,LiSb(PO3)4,Li,4.992434318333342,60.28374590575401,190.36329620046746,300.9626418975734,950.3762529022689,0.07346681265089,0.034684521764679004,0.0,1,3,O-P-Sb,"Sb,P,O",mp-26952,mp-504353,"mp-26952,mp-504353,mp-759071",Transition metal not found
BAT_02627,Li0-1SbP2O7,SbP2O7,SbP2O7,LiSbP2O7,Li,3.654302953333332,88.55768643248665,305.0249063492258,323.6166150706032,1114.653416112199,0.000259353070203,0.040036635749999,0.047045656060606005,1,3,O-P-Sb,"Sb,P,O",mp-25950,mp-684106,"mp-25950,mp-684106",Transition metal not found
BAT_02628,Li1-3Sb(PO4)2,Sb(PO4)2,LiSb(PO4)2,Li3Sb(PO4)2,Li,3.412130130833337,161.19944540208797,545.1306359195373,550.0334847300878,1860.0566680613913,0.12574741731768901,0.06912258576388801,0.060577921428569007,1,3,O-P-Sb,"Sb,P,O",mp-774064,mp-774714,"mp-774064,mp-774714",Transition metal not found
BAT_02629,Li0-1SbPO5,SbPO5,SbPO5,LiSbPO5,Li,2.641311488333333,111.82577756224737,431.8199448053262,295.36671096697194,1140.570981105774,0.13976230052590402,0.0,0.094464382321436,1,3,O-P-Sb,"Sb,P,O",mp-9750,mp-761687,"mp-9750,mp-761687",Transition metal not found
BAT_02630,Li3-9Sb3P8O29,Sb3P8O29,Li3Sb3P8O29,Li9Sb3P8O29,Li,3.300687963333336,141.11963592853203,418.7454433747766,465.7918836992883,1382.1480446478063,0.060547192698928005,0.0070441971511590006,0.05566390426870001,1,3,O-P-Sb,"Sb,P,O",mp-776510,mp-776589,"mp-776510,mp-779525,mp-776589",Transition metal not found
BAT_02631,Li0-3Sb2(PO4)3,Sb2(PO4)3,Sb2(PO4)3,Li3Sb2(PO4)3,Li,3.273391006666666,146.3876306478669,477.0204478594347,479.1839536499691,1561.4744440191787,0.166387333075142,0.020002464117618003,0.05670939074999801,1,3,O-P-Sb,"Sb,P,O",mp-772303,mp-761135,"mp-772303,mp-761135",Transition metal not found
BAT_02632,Li0-1Sb(PO3)4,Sb(PO3)4,Sb(PO3)4,LiSb(PO3)4,Li,5.090863035833341,60.28374590575401,179.81163501806387,306.8962936931726,915.3964061262174,0.037205181264914004,0.091223160882327,0.047929341527765006,1,3,O-P-Sb,"Sb,P,O",mp-765584,mp-759251,"mp-765584,mp-759251",Transition metal not found
BAT_02633,Li1-3Sn2P5O16,Sn2P5O16,LiSn2P5O16,Li3Sn2P5O16,Li,3.476176095833342,80.11176990541965,241.5949528296012,278.48261954012077,839.8265999002437,0.035466445814508,0.086967275711783,0.036610731250005,1,3,O-P-Sn,"Sn,P,O",mp-673029,mp-684470,"mp-673029,mp-684470",Transition metal not found
BAT_02634,Li0-1SnP2O7,SnP2O7,SnP2O7,LiSnP2O7,Li,1.712555533333334,89.45924204279613,296.4159008010972,153.20391996819657,507.6286910849037,0.06912015881024701,0.002058768499999,0.10062328988635301,1,3,O-P-Sn,"Sn,P,O",mp-757076,mp-684446,"mp-757076,mp-684446",Transition metal not found
BAT_02635,Li0-1Sn4(PO4)3,Sn4(PO4)3,Sn4(PO4)3,LiSn4(PO4)3,Li,3.790424333333339,34.95715785162068,153.8939103518947,132.5024617449576,583.3232225496411,0.017718124423258,0.09132771085525401,0.039334009333339005,1,3,O-P-Sn,"Sn,P,O",mp-540395,mp-673101,"mp-540395,mp-673101",Transition metal not found
BAT_02636,Li1-3Sn2(PO4)3,Sn2(PO4)3,LiSn2(PO4)3,Li3Sn2(PO4)3,Li,2.332615709583327,98.6877713139653,338.4090590094265,230.20064571072226,789.3782873106994,0.128829863795956,0.002650242916653,0.04636589358333,1,3,O-P-Sn,"Sn,P,O",mp-27094,mp-27093,"mp-27094,mp-850532,mp-773129,mp-26702,mp-27093",Transition metal not found
BAT_02637,Li1-2Sn(PO3)4,Sn(PO3)4,LiSn(PO3)4,Li2Sn(PO3)4,Li,3.868773603333328,59.76072562654787,193.99594404432062,231.20071782003396,750.526387472397,0.05542641331209101,0.08095992238425201,0.043686856381578,1,3,O-P-Sn,"Sn,P,O",mp-26856,mp-26855,"mp-26856,mp-26855",Transition metal not found
BAT_02638,Li0-1SnP2O7,SnP2O7,SnP2O7,LiSnP2O7,Li,1.697240438333343,89.45924204279613,297.0947089853005,151.83384317768395,504.24115410472837,0.07117498200772701,0.0,0.10014396352271701,1,3,O-P-Sn,"Sn,P,O",mp-757192,mp-26650,"mp-757192,mp-26650",Transition metal not found
BAT_02639,Li0-1Sn(PO3)3,Sn(PO3)3,Sn(PO3)3,LiSn(PO3)3,Li,4.358611948333338,73.92148091914795,245.34001245558915,322.19504997269314,1069.3419096931807,0.031153298868217,0.12509793144232,0.036371888005942,1,3,O-P-Sn,"Sn,P,O",mp-684482,mp-684503,"mp-684482,mp-684503",Transition metal not found
BAT_02640,Li0-1Sn2P3O10,Sn2P3O10,Sn2P3O10,LiSn2P3O10,Li,4.572717048333321,53.896559920341524,167.38991036610054,246.4537183942641,765.4266968500544,0.033782169378838,0.162275563666667,0.05198020463541601,1,3,O-P-Sn,"Sn,P,O",mp-673117,mp-673119,"mp-673117,mp-673119",Transition metal not found
BAT_02641,Li0-1Sn(PO3)3,Sn(PO3)3,Sn(PO3)3,LiSn(PO3)3,Li,4.156778673333325,73.92148091914795,242.34976063687984,307.27523538593056,1007.3943165028182,0.022192564090726,0.08805589375001201,0.016392372648799003,1,3,O-P-Sn,"Sn,P,O",mp-26172,mp-504211,"mp-26172,mp-504211",Transition metal not found
BAT_02642,Li0-1Sn(PO3)3,Sn(PO3)3,Sn(PO3)3,LiSn(PO3)3,Li,2.786469153333333,73.92148091914795,233.91324697800482,205.97992634992434,651.7920472602519,0.11362243156012301,0.009647673365397002,0.041463990863085005,1,3,O-P-Sn,"Sn,P,O",mp-1101518,mp-26897,"mp-1101518,mp-673129,mp-26897",Transition metal not found
BAT_02643,Li0-1Sn2P3O10,Sn2P3O10,Sn2P3O10,LiSn2P3O10,Li,4.131818248333336,53.896559920341524,182.42633990534296,222.6907898012582,753.7524801975559,0.011290251326778002,0.127514462166668,0.04694784697916601,1,3,O-P-Sn,"Sn,P,O",mp-684502,mp-684493,"mp-684502,mp-684493",Transition metal not found
BAT_02644,Li1-2Sn(PO3)4,Sn(PO3)4,LiSn(PO3)4,Li2Sn(PO3)4,Li,4.099924683333346,59.76072562654787,180.7798315298167,245.01447409019525,741.1836935379393,0.025089403551385003,0.068837116689809,0.020036246776315002,1,3,O-P-Sn,"Sn,P,O",mp-1101525,mp-26271,"mp-1101525,mp-26271",Transition metal not found
BAT_02645,Li2-3Sn(PO3)6,Sn(PO3)6,Li2Sn(PO3)6,Li3Sn(PO3)6,Li,3.364304023333351,43.69582729371991,129.36574010308075,147.00604756714114,435.2256799102912,0.053314425227785005,0.08278481845678501,0.083167672544632,1,3,O-P-Sn,"Sn,P,O",mp-757479,mp-673096,"mp-757479,mp-673096",Transition metal not found
BAT_02646,Li0-1Sn(PO3)4,Sn(PO3)4,Sn(PO3)4,LiSn(PO3)4,Li,2.7716161508333292,60.700165493397066,162.0934579388311,168.2375590397552,449.26084596768715,0.06805276903580401,0.0045062235294500005,0.042377689189808006,1,3,O-P-Sn,"Sn,P,O",mp-25908,mp-25907,"mp-25908,mp-25907",Transition metal not found
BAT_02647,Li0-1Sn(PO3)3,Sn(PO3)3,Sn(PO3)3,LiSn(PO3)3,Li,3.470468128333341,73.92148091914795,233.51803558458337,256.54214352910424,810.4168998873077,0.057917145398285005,0.060581295865397004,0.03990242782737,1,3,O-P-Sn,"Sn,P,O",mp-26762,mp-684509,"mp-26762,mp-684509",Transition metal not found
BAT_02648,Li1-2SnP2O7,SnP2O7,LiSnP2O7,Li2SnP2O7,Li,4.529398400833334,87.43358121220605,290.5642614596309,396.0215229216975,1316.081301194571,0.067077158737228,0.175875176477263,0.017004381458336,1,3,O-P-Sn,"Sn,P,O",mp-673144,mp-27033,"mp-673144,mp-27033",Transition metal not found
BAT_02649,Li0-1Sn2(PO3)5,Sn2(PO3)5,Sn2(PO3)5,LiSn2(PO3)5,Li,4.166575103333348,41.92836141452261,131.10665813354748,174.69766679331252,546.2657376604756,0.047149353964106,0.036432394715922,0.0,1,3,O-P-Sn,"Sn,P,O",mp-26950,mp-26949,"mp-26950,mp-26949",Transition metal not found
BAT_02650,Li0-1Sn6P7O24,Sn6P7O24,Sn6P7O24,LiSn6P7O24,Li,3.871429943333287,20.30410725235849,75.85285863923316,78.60592878943122,293.65902822335426,0.031441200408882,0.08565294594594,0.05968410326753901,1,3,O-P-Sn,"Sn,P,O",mp-684053,mp-684052,"mp-684053,mp-684052",Transition metal not found
BAT_02651,Li0-1Sn4(PO4)3,Sn4(PO4)3,Sn4(PO4)3,LiSn4(PO4)3,Li,3.93069426833333,34.95715785162068,129.98067589459413,137.4059000045889,510.91429773297347,0.035320825260965,0.088842810855254,0.02995985758334,1,3,O-P-Sn,"Sn,P,O",mp-26446,mp-673024,"mp-26446,mp-673024",Transition metal not found
BAT_02652,Li1-3Sn2(PO4)3,Sn2(PO4)3,LiSn2(PO4)3,Li3Sn2(PO4)3,Li,2.438786678333334,98.6877713139653,332.22039930586067,240.6784219949051,810.2146840977138,0.12692610613277902,0.012154829999986001,0.04430292508333,1,3,O-P-Sn,"Sn,P,O",mp-760231,mp-757899,"mp-760231,mp-757899",Transition metal not found
BAT_02653,Li0-1Sn(PO3)3,Sn(PO3)3,Sn(PO3)3,LiSn(PO3)3,Li,3.522574895833334,73.92148091914795,234.9349789749775,260.3939529486134,827.576059090388,0.04993165843590101,0.07180159894232001,0.046599368720228004,1,3,O-P-Sn,"Sn,P,O",mp-765595,mp-758086,"mp-765595,mp-758086",Transition metal not found
BAT_02654,Li0-1SnPO4,SnPO4,SnPO4,LiSnPO4,Li,4.429509535833337,121.48125376956979,403.760790014373,538.102371997299,1788.462269564267,0.07554451485656301,0.283736069374988,0.016397842023812,1,3,O-P-Sn,"Sn,P,O",mp-672986,mp-26299,"mp-672986,mp-26299",Transition metal not found
BAT_02655,Li0-1Sn(PO3)4,Sn(PO3)4,Sn(PO3)4,LiSn(PO3)4,Li,3.09975277833333,60.700165493397066,176.96994405317568,188.15550663345047,548.5630757603252,0.060658077520795,0.031378850588274006,0.049527579884253006,1,3,O-P-Sn,"Sn,P,O",mp-757156,mp-1176593,"mp-757156,mp-1176593,mp-757663",Transition metal not found
BAT_02656,Li0-1Sn(PO3)4,Sn(PO3)4,Sn(PO3)4,LiSn(PO3)4,Li,3.256758358333319,60.700165493397066,194.37666448137898,197.68577132283662,633.0378267146822,0.090971873350601,0.043459254705921005,0.05221431821758601,1,3,O-P-Sn,"Sn,P,O",mp-757495,mp-765286,"mp-757495,mp-765286",Transition metal not found
BAT_02657,Li0-1Sn(PO3)4,Sn(PO3)4,Sn(PO3)4,LiSn(PO3)4,Li,2.955058313333315,60.700165493397066,187.8233999531679,179.37252866197102,555.029099470137,0.064759379226054,0.025074776470627003,0.051612313495365006,1,3,O-P-Sn,"Sn,P,O",mp-757131,mp-1176668,"mp-757131,mp-1176668,mp-757806",Transition metal not found
BAT_02658,Li6-9Sn3P8O29,Sn3P8O29,Li6Sn3P8O29,Li9Sn3P8O29,Li,1.880977653333336,71.1309772888118,213.00355405312516,133.7957787400161,400.6549252545079,0.049612295608295005,0.024979604275361,0.080114135195577,1,3,O-P-Sn,"Sn,P,O",mp-776484,mp-779010,"mp-776484,mp-779010",Transition metal not found
BAT_02659,Li0-2VSn(PO4)2,VSn(PO4)2,VSn(PO4)2,Li2VSn(PO4)2,Li,2.615450627083338,143.5244303282015,510.3092930538496,375.3810613036735,1334.688760524146,0.133467241350698,0.08085239781249401,0.07190341068452201,1,4,O-P-Sn-V,"V,Sn,P,O",mp-753543,mp-756985,"mp-753543,mp-756985",More than one working ion per transition metal
BAT_02660,Li0-1SrVPO6,SrVPO6,SrVPO6,SrLiVPO6,Li,2.557258880833335,98.3639274070141,362.07543734839857,251.5420269152323,925.9206276908061,0.030722144976788,0.0,0.073873494083358,1,4,O-P-Sr-V,"Sr,V,P,O",mp-17502,mp-759976,"mp-17502,mp-759976",
BAT_02661,Li0-2V2Sn(PO4)3,V2Sn(PO4)3,V2Sn(PO4)3,Li2V2Sn(PO4)3,Li,2.522546725833327,103.20386726556626,339.2479631835954,260.3365774640915,855.7688387744038,0.08486965415061101,0.05719606576388601,0.063571024395838,1,4,O-P-Sn-V,"V,Sn,P,O",mp-850780,mp-768559,"mp-850780,mp-768559",
BAT_02662,Li1-2Ti(PO3)5,Ti(PO3)5,LiTi(PO3)5,Li2Ti(PO3)5,Li,3.800237403333317,58.69681127125842,137.68374736039354,223.06181764943287,523.2309265500623,0.025388984037355,0.07877945053030201,0.05241331461594,1,3,O-P-Ti,"Ti,P,O",mp-684059,mp-684066,"mp-684059,mp-684066",More than one working ion per transition metal
BAT_02663,Li0-1Ti(PO3)4,Ti(PO3)4,Ti(PO3)4,LiTi(PO3)4,Li,2.928506388333351,72.30046219822752,202.4836035385352,211.73236542696324,592.9745264953578,0.015480941104607002,0.024403313970589,0.042163648722223,1,3,O-P-Ti,"Ti,P,O",mp-752705,mp-1176592,"mp-752705,mp-1176592",
BAT_02664,Li0-1Ti2P2O9,Ti2P2O9,Ti2P2O9,LiTi2P2O9,Li,2.6458167883333252,86.84379142021909,258.4308305156363,229.77276130213323,683.7606300011945,0.011850432922547002,0.063909959102563,0.049104004988084,1,3,O-P-Ti,"Ti,P,O",mp-1044823,mp-1013762,"mp-1044823,mp-1013762",
BAT_02665,Li0-1Ti(PO3)4,Ti(PO3)4,Ti(PO3)4,LiTi(PO3)4,Li,3.235353588333343,72.30046219822752,198.2349150094063,233.91755981119468,641.3600436086381,0.011663276301082002,0.038629186029412,0.03855212788889,1,3,O-P-Ti,"Ti,P,O",mp-540258,mp-26409,"mp-540258,mp-26409",
BAT_02666,Li0-1Ti3P3O13,Ti3P3O13,Ti3P3O13,LiTi3P3O13,Li,2.032772578333355,59.366830122790645,175.4902769213352,120.67926433618342,356.731822689817,1.816036067303628e-05,0.031923137114041,0.059645128733336,1,3,O-P-Ti,"Ti,P,O",mp-1041196,mp-1012865,"mp-1041196,mp-1012865",
BAT_02667,Li1-3Ti2(PO4)3,Ti2(PO4)3,LiTi2(PO4)3,Li3Ti2(PO4)3,Li,1.6251199570833321,133.51637056803582,375.27394397401355,216.98011840744869,609.8651757255418,0.050762329967418,0.000934168194431,0.055266460233328006,2,3,O-P-Ti,"Ti,P,O",mp-25840,mp-25839,"mp-25840,mp-759377,mp-773017,mp-774539,mp-773843,mp-759793,mp-1197890,mp-25839,mp-1177524,mp-25935",More than one working ion per transition metal
BAT_02668,Li0-1Ti(PO3)4,Ti(PO3)4,Ti(PO3)4,LiTi(PO3)4,Li,2.944444275833324,72.30046219822752,173.51454856268046,212.88468205967467,510.90391928918785,0.018464897940198,0.001910455441175,0.020034955250001003,1,3,O-P-Ti,"Ti,P,O",mp-26114,mp-26113,"mp-26114,mp-26113",
BAT_02669,Li0-1Ti(PO3)4,Ti(PO3)4,Ti(PO3)4,LiTi(PO3)4,Li,2.703610688333331,72.30046219822752,193.0410202642549,195.47230237056792,521.9077656732109,0.034561207703193,0.038918963088234004,0.068367078444445,1,3,O-P-Ti,"Ti,P,O",mp-766396,mp-765102,"mp-766396,mp-765102",
BAT_02670,Li0-1TiP2O7,TiP2O7,TiP2O7,LiTiP2O7,Li,1.9430905483333352,117.16426675355063,325.38567858572475,227.66077933122986,632.2538366229503,0.010637534829293001,0.006500262249986,0.053867677287886,1,3,O-P-Ti,"Ti,P,O",mp-26630,mp-26629,"mp-26630,mp-26629",
BAT_02671,Li0-1TiPO4,TiPO4,TiPO4,LiTiPO4,Li,0.8504367008333321,178.9397470217819,575.8480493357889,152.1769281051553,489.7223152584383,0.031386487690185004,0.086521695722215,0.27925181102380503,1,3,O-P-Ti,"Ti,P,O",mp-25435,mp-504106,"mp-25435,mp-504106",
BAT_02672,Li1-3Ti2(PO4)3,Ti2(PO4)3,LiTi2(PO4)3,Li3Ti2(PO4)3,Li,33.06577115833334,133.51637056803582,421.34859508140227,4414.821755093905,13932.216222846904,0.086320873258488,3.516171598888875,0.074915027733327,1,3,O-P-Ti,"Ti,P,O",mp-787252,mp-757276,"mp-787252,mp-757276",More than one working ion per transition metal
BAT_02673,Li0-3Ti2(PO4)3,Ti2(PO4)3,Ti2(PO4)3,Li3Ti2(PO4)3,Li,2.642043108333339,200.27455585205377,555.9565618544746,529.1340100634391,1468.8612027803124,0.061486476899191005,0.013037193112749002,0.063703383483328,2,3,O-P-Ti,"Ti,P,O",mp-774537,mp-776625,"mp-774537,mp-18640,mp-776502,mp-772524,mp-26884,mp-762322,mp-776625,mp-757671,mp-758393,mp-759187,mp-781803,mp-26883",More than one working ion per transition metal
BAT_02674,Li0-1TiP2O7,TiP2O7,TiP2O7,LiTiP2O7,Li,1.598925693333332,117.16426675355063,336.020024719422,187.33695645281247,537.2710509983854,0.0007597013765010001,0.012465106999984,0.090577977515159,1,3,O-P-Ti,"Ti,P,O",mp-761041,mp-762355,"mp-761041,mp-762355",
BAT_02675,Li0-1TiP2O7,TiP2O7,TiP2O7,LiTiP2O7,Li,1.485666168333329,117.16426675355063,330.0769431879337,174.06698725333163,490.38414744119535,0.009379428624388,0.0,0.089542382515159,1,3,O-P-Ti,"Ti,P,O",mp-761010,mp-758218,"mp-761010,mp-758218",
BAT_02676,Li1-3Ti2(PO4)3,Ti2(PO4)3,LiTi2(PO4)3,Li3Ti2(PO4)3,Li,1.285129602083335,133.51637056803582,420.1450182719826,171.58584017971097,539.9408001491685,0.08321775411264301,0.012224218749986,0.099426541233328,1,3,O-P-Ti,"Ti,P,O",mp-774579,mp-757914,"mp-774579,mp-757914",More than one working ion per transition metal
BAT_02677,Li1-6Ti3V(PO4)6,Ti3V(PO4)6,LiTi3V(PO4)6,Li6Ti3V(PO4)6,Li,2.343681571333336,166.25885094200564,470.4958745873876,389.6578050238347,1102.692510658821,0.020459302367607003,0.014259826571404,0.073767730117184,1,4,O-P-Ti-V,"Ti,V,P,O",mp-757374,mp-758994,"mp-757374,mp-758994",More than one working ion per transition metal
BAT_02678,Li0-1V6P7O24,V6P7O24,V6P7O24,LiV6P7O24,Li,2.455224193333326,29.342804712531972,96.88532618987757,72.04316403046364,237.87519684037838,0.043221336842114,0.030653912896751002,0.035482196184213,1,3,O-P-V,"V,P,O",mp-26766,mp-26765,"mp-26766,mp-26765",
BAT_02679,Li0-2V(PO3)5,V(PO3)5,V(PO3)5,Li2V(PO3)5,Li,5.370006610833333,116.60845874680066,276.3403639837732,626.1881943494056,1483.9495814329516,0.021180460562506002,0.08876353190476301,0.037536389963767,1,3,O-P-V,"V,P,O",mp-883522,mp-705334,"mp-883522,mp-705334",More than one working ion per transition metal
BAT_02680,Li0-1VPO5,VPO5,VPO5,LiVPO5,Li,4.012412478333329,158.72646360461718,509.8883936402671,636.8760432088869,2045.8825531995442,0.038215073375587,0.056569030714285005,0.026959480625027003,1,3,O-P-V,"V,P,O",mp-26430,mp-26429,"mp-26430,mp-26429",
BAT_02681,Li0-4.5V2(PO4)3,V2(PO4)3,V2(PO4)3,Li9V4(PO4)6,Li,2.973455428888887,288.5108905482025,809.3923758932136,857.8742737941202,2406.692154200951,0.11719548505540801,0.014576926617646,0.046659088488373,6,3,O-P-V,"V,P,O",mp-26104,mp-760985,"mp-26104,mp-26962,mp-1101601,mp-26103,mp-1101492,mp-1101493,mp-697749,mp-849376,mp-26712,mp-766372,mp-766125,mp-758511,mp-1177831,mp-705293,mp-26711,mp-831152,mp-775921,mp-774346,mp-760371,mp-1176893,mp-777185,mp-761150,mp-770403,mp-760985",More than one working ion per transition metal
BAT_02682,Li0-1VPO5,VPO5,VPO5,LiVPO5,Li,3.832105108333334,158.72646360461718,507.34456688317783,608.2564920069386,1944.197706438189,0.005146724943774,0.0,0.0,1,3,O-P-V,"V,P,O",mp-25265,mp-26963,"mp-25265,mp-26963",
BAT_02683,Li0-2V3(P2O7)2,V3(P2O7)2,V3(P2O7)2,Li2V3(P2O7)2,Li,2.655799505833333,104.16571324173128,334.3477383045789,276.64324975216664,887.9605581657934,0.019953416234159003,0.032227547417576004,0.021240333152176,1,3,O-P-V,"V,P,O",mp-26242,mp-26241,"mp-26242,mp-26241",
BAT_02684,Li0-4V2(PO4)3,V2(PO4)3,V2(PO4)3,Li4V2(PO4)3,Li,3.163282101458333,258.60103179451716,728.3421648312648,818.0280152942536,2303.951733748155,0.125278657756902,0.016242477352941,0.030578416904768,5,3,O-P-V,"V,P,O",mp-26124,mp-760234,"mp-26124,mp-850007,mp-26123,mp-776244,mp-849421,mp-758869,mp-766682,mp-729675,mp-849317,mp-26957,mp-1199961,mp-759481,mp-849426,mp-771281,mp-849384,mp-6396,mp-643154,mp-759065,mp-757321,mp-1202865,mp-760234",More than one working ion per transition metal
BAT_02685,Li0-1V(PO3)4,V(PO3)4,V(PO3)4,LiV(PO3)4,Li,4.784154748333326,71.70574468728024,173.41893709490756,343.05137892842896,829.6630313535204,0.020898337183887002,0.02268152,0.020052745833333,1,3,O-P-V,"V,P,O",mp-26322,mp-32523,"mp-26322,mp-32523",
BAT_02686,Li0-1VP2O7,VP2O7,VP2O7,LiVP2O7,Li,4.387062008333335,115.61042114688607,367.2204340557465,507.19008638092066,1611.0188149296423,0.025674619467231003,0.10561861200000001,0.027524946590922004,1,3,O-P-V,"V,P,O",mp-25850,mp-25849,"mp-25850,mp-25849",
BAT_02687,Li3-9V3P8O29,V3P8O29,Li3V3P8O29,Li9V3P8O29,Li,4.142220825833329,173.45998329571643,457.1765310072272,718.5095552562179,1893.7261478203732,0.038529336063413,0.039024006976749,0.00016376824829500002,4,3,O-P-V,"V,P,O",mp-1177582,mp-27013,"mp-1177582,mp-760123,mp-765008,mp-863375,mp-849573,mp-759003,mp-759733,mp-863371,mp-760964,mp-761040,mp-760101,mp-757491,mp-757622,mp-780579,mp-765488,mp-863396,mp-764991,mp-1177499,mp-780765,mp-761023,mp-759935,mp-849499,mp-765010,mp-863397,mp-761008,mp-761007,mp-758165,mp-761011,mp-705314,mp-863385,mp-759404,mp-760969,mp-831255,mp-761029,mp-759418,mp-1177634,mp-760981,mp-861112,mp-863388,mp-765337,mp-757550,mp-760973,mp-757522,mp-1177598,mp-863394,mp-863360,mp-760955,mp-1177526,mp-759039,mp-1177489,mp-760301,mp-863361,mp-765009,mp-765352,mp-863393,mp-764068,mp-759453,mp-760079,mp-849998,mp-760974,mp-863398,mp-1177676,mp-761002,mp-831250,mp-765407,mp-764993,mp-765483,mp-757329,mp-757633,mp-1177532,mp-765415,mp-759567,mp-758776,mp-760081,mp-863379,mp-765405,mp-760968,mp-1177540,mp-761000,mp-757904,mp-759644,mp-863366,mp-758030,mp-757589,mp-761001,mp-764994,mp-1177508,mp-831254,mp-1177550,mp-760770,mp-765426,mp-1177189,mp-1177211,mp-1177400,mp-764988,mp-1177226,mp-851253,mp-1177208,mp-759078,mp-764989,mp-780652,mp-765395,mp-765396,mp-849411,mp-851256,mp-765428,mp-851334,mp-765015,mp-851247,mp-764990,mp-758406,mp-1177383,mp-1177183,mp-1177201,mp-765430,mp-1177184,mp-765762,mp-1177229,mp-1177292,mp-851255,mp-758149,mp-760278,mp-1177214,mp-760113,mp-765371,mp-1177352,mp-1177215,mp-765018,mp-759620,mp-851114,mp-765427,mp-1177210,mp-1177335,mp-851254,mp-775383,mp-1177191,mp-759494,mp-759906,mp-1177309,mp-1177197,mp-1177222,mp-1177393,mp-765417,mp-765408,mp-775173,mp-765412,mp-1177194,mp-1177198,mp-760322,mp-1177192,mp-1177202,mp-760111,mp-1177216,mp-760176,mp-759745,mp-1177212,mp-760224,mp-1177320,mp-1177387,mp-863380,mp-1177204,mp-765479,mp-849997,mp-765043,mp-851113,mp-773489,mp-765017,mp-1177190,mp-1177218,mp-850022,mp-1177200,mp-765025,mp-1177203,mp-1177205,mp-779534,mp-1176978,mp-850768,mp-779467,mp-773232,mp-1177186,mp-765045,mp-1177059,mp-1177126,mp-773422,mp-773580,mp-1177077,mp-765130,mp-850001,mp-759626,mp-1177053,mp-765231,mp-1177067,mp-1177169,mp-1177180,mp-759789,mp-1177091,mp-760183,mp-773042,mp-1177130,mp-759335,mp-760779,mp-765219,mp-1177051,mp-1177062,mp-759762,mp-765083,mp-1177064,mp-1177217,mp-1177181,mp-765148,mp-765086,mp-1177092,mp-765080,mp-1177046,mp-773083,mp-1177056,mp-759175,mp-759905,mp-773108,mp-758864,mp-1177165,mp-765196,mp-765197,mp-759994,mp-849999,mp-773559,mp-759995,mp-773095,mp-765155,mp-1177170,mp-760071,mp-773571,mp-851088,mp-765199,mp-1177093,mp-1177088,mp-759944,mp-1177250,mp-772729,mp-773479,mp-758589,mp-1177086,mp-760076,mp-765088,mp-1177248,mp-765137,mp-765158,mp-765084,mp-759548,mp-1177080,mp-759834,mp-1177058,mp-1177065,mp-1177238,mp-775382,mp-773480,mp-759298,mp-1177055,mp-1177073,mp-760182,mp-1177041,mp-772139,mp-1176998,mp-772078,mp-760124,mp-1176908,mp-1177035,mp-1177071,mp-772092,mp-1176938,mp-757217,mp-757517,mp-759755,mp-757213,mp-774273,mp-772963,mp-1176915,mp-772361,mp-772709,mp-772104,mp-771835,mp-1176906,mp-1176925,mp-773684,mp-772112,mp-1176932,mp-1176930,mp-1176904,mp-757632,mp-757631,mp-1176944,mp-1176896,mp-1176916,mp-1176900,mp-772081,mp-760201,mp-757882,mp-772196,mp-1176947,mp-760114,mp-1176921,mp-757536,mp-1176905,mp-771874,mp-1176948,mp-772227,mp-772646,mp-1176922,mp-1176913,mp-772719,mp-1176935,mp-1177100,mp-772026,mp-1177111,mp-1177068,mp-1176927,mp-504367,mp-760070,mp-1176929,mp-1176912,mp-760160,mp-772239,mp-1176928,mp-772642,mp-1176942,mp-1176917,mp-1176920,mp-772675,mp-757400,mp-772961,mp-1177009,mp-1176903,mp-772557,mp-1176914,mp-757184,mp-760259,mp-772075,mp-1176909,mp-1176926,mp-1177106,mp-1176919,mp-757591,mp-773693,mp-1176918,mp-1176943,mp-772985,mp-772407,mp-1176902,mp-757509,mp-1176923,mp-757432,mp-757537,mp-757708,mp-1176845,mp-760223,mp-1176972,mp-760789,mp-1176850,mp-757637,mp-757689,mp-1176878,mp-1176881,mp-757654,mp-1176897,mp-1176861,mp-1176869,mp-757380,mp-1176870,mp-1176849,mp-761127,mp-850667,mp-757373,mp-1176872,mp-757679,mp-1176852,mp-1176941,mp-1176863,mp-1176873,mp-1177038,mp-1176857,mp-850710,mp-757710,mp-1176866,mp-1176871,mp-1176864,mp-1176865,mp-757263,mp-757556,mp-1178192,mp-849522,mp-757784,mp-757498,mp-882371,mp-757283,mp-1176826,mp-757891,mp-27013",More than one working ion per transition metal
BAT_02688,Li0-1VP2O7,VP2O7,VP2O7,LiVP2O7,Li,3.883292353333336,115.61042114688607,367.12514862748367,448.9490644053493,1425.6542823814718,0.045692611887022005,0.032697511000000005,0.007030277954559,1,3,O-P-V,"V,P,O",mp-26252,mp-26251,"mp-26252,mp-26251",
BAT_02689,Li0-2V(PO3)4,V(PO3)4,V(PO3)4,Li2V(PO3)4,Li,4.091716760833326,140.79685980552327,394.66473054409676,576.1008711389596,1614.856292877049,0.051486698992967005,0.07737487852941201,0.025719927543859003,2,3,O-P-V,"V,P,O",mp-26802,mp-697754,"mp-26802,mp-1101503,mp-697754",More than one working ion per transition metal
BAT_02690,Li0-1VP2O7,VP2O7,VP2O7,LiVP2O7,Li,3.487044063333333,115.61042114688607,339.8551240479744,403.13863271971553,1185.0897927049027,0.007456703458337001,0.004769900000001001,0.017664112500014,1,3,O-P-V,"V,P,O",mp-26524,mp-705340,"mp-26524,mp-705340",
BAT_02691,Li0-1V3(P3O10)2,V3(P3O10)2,V3(P3O10)2,LiV3(P3O10)2,Li,1.973715813333347,40.266885988119064,105.68731450770689,79.47538962844158,208.59672391259593,0.007451111367529001,0.023499047011467003,0.078963710666673,1,3,O-P-V,"V,P,O",mp-26708,mp-26707,"mp-26708,mp-26707",
BAT_02692,Li0-2VPO5,VPO5,VPO5,Li2VPO5,Li,3.106591852083338,304.91872533773477,976.0249030892222,947.258027681844,3032.111011367407,0.104498227348343,0.009875720357143,0.076318011898151,2,3,O-P-V,"V,P,O",mp-763482,mp-780725,"mp-763482,mp-559299,mp-19000,mp-26465,mp-27055,mp-780725",More than one working ion per transition metal
BAT_02693,Li0-3V2P5O16,V2P5O16,V2P5O16,Li3V2P5O16,Li,2.701183733333336,150.69281491589695,411.6617331374914,407.04898038103204,1111.9739771868008,0.029281678833604004,0.004774376231857,0.035266063094183,2,3,O-P-V,"V,P,O",mp-27022,mp-25811,"mp-27022,mp-25812,mp-25811",More than one working ion per transition metal
BAT_02694,Li0-1V2P3O10,V2P3O10,V2P3O10,LiV2P3O10,Li,2.647418473333336,74.09060111144215,243.11079670784284,196.1488260828034,643.6160142711284,0.0063875092077210005,0.02584313071795,0.028912816249992004,1,3,O-P-V,"V,P,O",mp-26636,mp-26635,"mp-26636,mp-26635",
BAT_02695,Li0-1VP2O7,VP2O7,VP2O7,LiVP2O7,Li,4.476897383333328,115.61042114688607,346.00187754875907,517.5759919185583,1549.014900226458,0.021390580357243002,0.09646886849999901,0.011040145681832,1,3,O-P-V,"V,P,O",mp-540363,mp-26681,"mp-540363,mp-26681",
BAT_02696,Li1-3V2(PO4)3,V2(PO4)3,LiV2(PO4)3,Li3V2(PO4)3,Li,3.707869343333333,131.50225941203442,412.24945613465485,487.59319625294967,1528.5671202075264,0.007428258579270001,0.08342906500003,0.042418174999999,2,3,O-P-V,"V,P,O",mp-26904,mp-26903,"mp-26904,mp-766085,mp-26903",More than one working ion per transition metal
BAT_02697,Li0-1VPO5,VPO5,VPO5,LiVPO5,Li,4.032565223333333,158.72646360461718,503.0148533598126,640.0748171546633,2028.4402044788965,0.006517343096773,0.060073951071428,0.027507192812527004,1,3,O-P-V,"V,P,O",mp-26462,mp-26461,"mp-26462,mp-26461",
BAT_02698,Li1-2VP4O13,VP4O13,LiVP4O13,Li2VP4O13,Li,4.420369633333341,67.55925137012898,165.65487324820594,298.6368632072521,732.2557713200532,0.046323766336372,0.018805585745609,0.04583670916666201,1,3,O-P-V,"V,P,O",mp-25948,mp-704203,"mp-25948,mp-704203",More than one working ion per transition metal
BAT_02699,Li0-1V(PO3)4,V(PO3)4,V(PO3)4,LiV(PO3)4,Li,4.467424198333338,71.70574468728024,168.01197285586565,320.33997897546794,750.5807531460181,0.029622610606567002,0.018019397352942,0.033245771666665,1,3,O-P-V,"V,P,O",mp-26834,mp-32502,"mp-26834,mp-32502",
BAT_02700,Li0-3V3(PO4)4,V3(PO4)4,V3(PO4)4,Li3V3(PO4)4,Li,4.332005802222222,145.256833810174,427.3134973811511,629.2534468781026,1851.1245500230166,0.027994282113986003,0.111150102246377,0.013054908076924,1,3,O-P-V,"V,P,O",mp-694629,mp-26101,"mp-694629,mp-26101",
BAT_02701,Li0-1VPO5,VPO5,VPO5,LiVPO5,Li,3.161477798333334,158.72646360461718,459.248259273027,501.8101906939612,1451.9031756149056,0.06731146591819101,0.007286513214285001,0.09020411281252701,1,3,O-P-V,"V,P,O",mp-1100906,mp-753248,"mp-1100906,mp-1104567,mp-753248",
BAT_02702,Li3-5V2P5O18,V2P5O18,Li3V2P5O18,Li5V2P5O18,Li,4.26271734833333,92.50725928844999,275.04973511951846,394.3322990156453,1172.4592775484584,0.025724195615864,0.075814928511876,0.020359484777770002,1,3,O-P-V,"V,P,O",mp-697772,mp-26595,"mp-697772,mp-26595",More than one working ion per transition metal
BAT_02703,Li0-2V(PO3)5,V(PO3)5,V(PO3)5,Li2V(PO3)5,Li,5.093885785833341,116.60845874680066,295.0057007859999,593.9901705182614,1502.7253459736087,0.028089283615320003,0.056622180714287006,0.032200445398549,1,3,O-P-V,"V,P,O",mp-26152,mp-540330,"mp-26152,mp-540330",More than one working ion per transition metal
BAT_02704,Li1-2V(PO4)2,V(PO4)2,LiV(PO4)2,Li2V(PO4)2,Li,3.778100145833325,105.20029195614208,300.44431939234465,397.4572383812088,1135.1087269110114,0.06870596975446,0.032823056388893004,0.040963035256425,1,3,O-P-V,"V,P,O",mp-32465,mp-32525,"mp-32465,mp-32525",More than one working ion per transition metal
BAT_02705,Li0-1V4P7O24,V4P7O24,V4P7O24,LiV4P7O24,Li,3.303525773333381,33.026723456089385,96.96853300326082,109.1046321459454,320.3380479786007,0.001940600036981,0.005440566666665,0.015223578611120002,1,3,O-P-V,"V,P,O",mp-504284,mp-1101513,"mp-504284,mp-1101513,mp-705367",
BAT_02706,Li1-3V(PO4)2,V(PO4)2,LiV(PO4)2,Li3V(PO4)2,Li,3.8496719158333312,204.82033881773086,614.2022427773612,788.4911061380859,2364.477124661853,0.006692245260888001,0.06835836763889201,0.028430997678575,2,3,O-P-V,"V,P,O",mp-26896,mp-757334,"mp-26896,mp-583836,mp-757334",More than one working ion per transition metal
BAT_02707,Li1-3V(PO4)2,V(PO4)2,LiV(PO4)2,Li3V(PO4)2,Li,3.697573206666672,204.82033881773086,599.9572304364788,757.3381969928313,2218.385780407866,0.044963631426429,0.06146440597222601,0.044250274702384004,2,3,O-P-V,"V,P,O",mp-32471,mp-757278,"mp-32471,mp-689929,mp-26415,mp-26673,mp-762897,mp-757278",More than one working ion per transition metal
BAT_02708,Li0-1V(PO3)4,V(PO3)4,V(PO3)4,LiV(PO3)4,Li,4.284778378333304,71.70574468728024,170.70733268430925,307.2432244383466,731.4430881086785,0.042536572425982,0.012485954411764,0.038166732222222,1,3,O-P-V,"V,P,O",mp-32509,mp-26719,"mp-32509,mp-26719",
BAT_02709,Li0-1V3(P3O10)2,V3(P3O10)2,V3(P3O10)2,LiV3(P3O10)2,Li,3.205888788333316,40.266885988119064,99.62825557867104,129.09115833040678,319.39710756086765,0.010460252722102001,0.028482359770086,0.042708480500007,1,3,O-P-V,"V,P,O",mp-25912,mp-25911,"mp-25912,mp-25911",
BAT_02710,Li1-3V(PO4)2,V(PO4)2,LiV(PO4)2,Li3V(PO4)2,Li,3.9467562133333343,204.82033881773086,634.4999313958621,808.375944845918,2504.216546596193,0.015520247938767,0.08225478013889301,0.026473023035717,2,3,O-P-V,"V,P,O",mp-767644,mp-26399,"mp-767644,mp-26400,mp-26399",More than one working ion per transition metal
BAT_02711,Li0-2VP2O7,VP2O7,VP2O7,Li2VP2O7,Li,2.780152095833334,224.49920551243662,654.687651148052,624.141936718319,1820.1312454554595,0.02611482311411,0.0,0.036475685842006,2,3,O-P-V,"V,P,O",mp-26728,mp-26731,"mp-26728,mp-26727,mp-26731",More than one working ion per transition metal
BAT_02712,Li0-1V(PO3)3,V(PO3)3,V(PO3)3,LiV(PO3)3,Li,2.672491773333324,90.91461289534975,273.7405833226301,242.96855503860598,731.5694569571943,0.014305652780995002,0.015126286217961001,0.015639488333325,1,3,O-P-V,"V,P,O",mp-26226,mp-26225,"mp-26226,mp-26225",
BAT_02713,Li0-1V2P2O9,V2P2O9,V2P2O9,LiV2P2O9,Li,4.13852687583334,85.14728587935305,259.46130523692693,352.38433101596723,1073.7875849618197,0.011664759669951001,0.035604401346162,0.010699509821442,1,3,O-P-V,"V,P,O",mp-1350503,mp-1013850,"mp-1350503,mp-1013850",
BAT_02714,Li0-3V3(PO4)4,V3(PO4)4,V3(PO4)4,Li3V3(PO4)4,Li,4.404106558333329,145.256833810174,421.8662720225449,639.7265744261217,1857.9440153541223,0.037080664850646004,0.118675984782607,0.011393101538462002,1,3,O-P-V,"V,P,O",mp-32529,mp-32528,"mp-32529,mp-32528",
BAT_02715,Li0-1VP2O7,VP2O7,VP2O7,LiVP2O7,Li,3.601397705833325,115.61042114688607,352.18379590668366,416.3591054888201,1268.3539146100027,0.014455379602900002,0.0294152615,0.029673200909105003,1,3,O-P-V,"V,P,O",mp-26888,mp-26887,"mp-26888,mp-26887",
BAT_02716,Li1-2V(PO4)2,V(PO4)2,LiV(PO4)2,Li2V(PO4)2,Li,4.733139288333338,105.20029195614208,313.35353385286413,497.92763500175374,1483.145922217082,0.032871838970876005,0.12029893430556,0.048245450064117006,1,3,O-P-V,"V,P,O",mp-26948,mp-26947,"mp-26948,mp-26947",More than one working ion per transition metal
BAT_02717,Li0-1VP2O7,VP2O7,VP2O7,LiVP2O7,Li,3.480475828333344,115.61042114688607,343.7751122464492,402.3792763051751,1196.5009685563489,0.023195178775749,0.00261825225,0.016305181363649,1,3,O-P-V,"V,P,O",mp-26818,mp-26817,"mp-26818,mp-26817",
BAT_02718,Li1-3V(PO4)2,V(PO4)2,LiV(PO4)2,Li3V(PO4)2,Li,3.885769387083333,204.82033881773086,627.7432666262928,795.8846024299746,2439.2655684041392,0.020430385663228003,0.076767830138892,0.030482326785717002,2,3,O-P-V,"V,P,O",mp-766050,mp-26619,"mp-766050,mp-705365,mp-26619",More than one working ion per transition metal
BAT_02719,Li0-1VPO4,VPO4,VPO4,LiVPO4,Li,2.292511645833326,175.3405559707997,602.0933944943126,401.9702665499485,1380.306118757531,0.09080188261763801,0.0,0.0,1,3,O-P-V,"V,P,O",mp-18835,mp-26127,"mp-18835,mp-26127,mp-757319,mp-765022",
BAT_02720,Li0-2VP2O7,VP2O7,VP2O7,Li2VP2O7,Li,2.908027082083333,224.49920551243662,607.5881896179202,652.8497695363577,1766.8829101628958,0.11691986296965201,0.0018250570000010002,0.016684068967006003,2,3,O-P-V,"V,P,O",mp-25294,mp-754669,"mp-25294,mp-18911,mp-754669",More than one working ion per transition metal
BAT_02721,Li0-1VP2O7,VP2O7,VP2O7,LiVP2O7,Li,3.946934458333335,115.61042114688607,351.5479457675184,456.3067549670736,1387.536700906117,0.038319056461010005,0.031328415750000005,0.0,1,3,O-P-V,"V,P,O",mp-26228,mp-26227,"mp-26228,mp-26227",
BAT_02722,Li0-1V(PO3)4,V(PO3)4,V(PO3)4,LiV(PO3)4,Li,4.568068373333323,71.70574468728024,189.94134639841704,327.5567444922788,867.6650572709581,0.018919163497331002,0.037125691764706,0.045699262222222,1,3,O-P-V,"V,P,O",mp-697797,mp-26865,"mp-697797,mp-26865",
BAT_02723,Li0-1VPO4,VPO4,VPO4,LiVPO4,Li,2.408275798333332,175.3405559707997,580.1286881650043,422.268417410788,1397.1098796266447,0.042051367497579005,0.026620015416668003,0.006279420000014001,2,3,O-P-V,"V,P,O",mp-26110,mp-25422,"mp-26110,mp-753869,mp-25422",
BAT_02724,Li0-7V4P9O32,V4P9O32,V4P9O32,Li7V4P9O32,Li,4.1060685133333354,179.8588718694518,507.7410564972537,738.5128506268106,2084.819565009975,0.018768680855840002,0.057340526555551004,0.035870245929479,2,3,O-P-V,"V,P,O",mp-705008,mp-27087,"mp-705008,mp-705002,mp-27087",More than one working ion per transition metal
BAT_02725,Li0-1V(PO3)4,V(PO3)4,V(PO3)4,LiV(PO3)4,Li,4.761070423333312,71.70574468728024,198.3526871834746,341.39610021369975,944.3711123379254,0.03226536595336,0.03635385,0.034247964444444,1,3,O-P-V,"V,P,O",mp-26916,mp-26915,"mp-26916,mp-26915",
BAT_02726,Li0-1V3P3O13,V3P3O13,V3P3O13,LiV3P3O13,Li,4.875956493333324,58.17821511260314,178.35315107288937,283.6744457488402,869.6422050803143,0.000937144882065,0.071252842368416,0.015165515375015001,1,3,O-P-V,"V,P,O",mp-1047927,mp-1013878,"mp-1047927,mp-1013878",
BAT_02727,Li0-1V2P3O11,V2P3O11,V2P3O11,LiV2P3O11,Li,3.203968088333316,70.95243918268908,218.32473686278408,227.32935093074622,699.5054898021286,0.013822988692491002,0.013772491249971002,0.03823776897059,1,3,O-P-V,"V,P,O",mp-1244659,mp-32516,"mp-1244659,mp-26932,mp-32516",
BAT_02728,Li0-3V3(PO4)4,V3(PO4)4,V3(PO4)4,Li3V3(PO4)4,Li,4.039884624999999,145.256833810174,407.1278558048771,586.8208495859019,1644.7495650753394,0.01981492703001,0.08943458369565001,0.027551315961538002,1,3,O-P-V,"V,P,O",mp-1101510,mp-26421,"mp-1101510,mp-26421",
BAT_02729,Li1-3V(PO4)2,V(PO4)2,LiV(PO4)2,Li3V(PO4)2,Li,3.990402845833335,204.82033881773086,627.790293149873,817.3156629028211,2505.136172371797,0.056215512606812006,0.093528192638893,0.029900714821431,2,3,O-P-V,"V,P,O",mp-753696,mp-26539,"mp-753696,mp-26416,mp-540312,mp-26539",More than one working ion per transition metal
BAT_02730,Li0-1V(PO3)3,V(PO3)3,V(PO3)3,LiV(PO3)3,Li,3.398709913333339,90.91461289534975,247.91627395927432,308.9923961142882,842.5954979820496,0.018397104260252,0.072262457948731,0.016821780654754002,1,3,O-P-V,"V,P,O",mp-705305,mp-26297,"mp-705305,mp-26297",
BAT_02731,Li0-1V(PO3)4,V(PO3)4,V(PO3)4,LiV(PO3)4,Li,5.045728303333339,71.70574468728024,199.74744475511054,361.80770548020416,1007.8713355193738,0.004425714370892,0.033063489705883,0.015326075277777,1,3,O-P-V,"V,P,O",mp-32527,mp-26199,"mp-32527,mp-26199",
BAT_02732,Li0-1V(PO3)4,V(PO3)4,V(PO3)4,LiV(PO3)4,Li,4.835385495833326,71.70574468728024,175.09380694552522,346.72491782880246,846.6460545146331,0.021814771698118,0.004462774264706,0.0,1,3,O-P-V,"V,P,O",mp-26956,mp-26955,"mp-26956,mp-26955",
BAT_02733,Li0-1VP2O7,VP2O7,VP2O7,LiVP2O7,Li,4.406634853333334,115.61042114688607,347.6072781530277,509.4529112344133,1531.7783471814669,0.040362772976394005,0.13716350024999902,0.054422768181831005,1,3,O-P-V,"V,P,O",mp-1048335,mp-758422,"mp-1048335,mp-758422",
BAT_02734,Li0-1VPO4,VPO4,VPO4,LiVPO4,Li,2.176045970833333,175.3405559707997,599.948505949813,381.5491103439352,1305.5155290795685,0.07057506693787201,0.004669389166668,0.020640287142871,1,3,O-P-V,"V,P,O",mp-767632,mp-752431,"mp-767632,mp-753871,mp-752431",
BAT_02735,Li0-2VP2O7,VP2O7,VP2O7,Li2VP2O7,Li,3.075299818333331,224.49920551243662,630.2197646399156,690.4023659283736,1938.1147277072075,0.019959919660763003,0.06756979474999901,0.043592561050339006,2,3,O-P-V,"V,P,O",mp-705024,mp-752869,"mp-705024,mp-1365117,mp-705056,mp-752869",More than one working ion per transition metal
BAT_02736,Li0-1VPO5,VPO5,VPO5,LiVPO5,Li,3.815353475833331,158.72646360461718,504.6783210803555,605.5975646206089,1925.526186511664,0.011342276019174001,0.0056868725000000005,0.007069967500027001,1,3,O-P-V,"V,P,O",mp-25203,mp-26091,"mp-25203,mp-26091",
BAT_02737,Li0-2V3(P2O7)2,V3(P2O7)2,V3(P2O7)2,Li2V3(P2O7)2,Li,3.038230903333332,104.16571324173128,334.0277083075763,316.47948903878614,1014.8533059496905,0.034496364141703005,0.09751077265567201,0.04759185206522001,1,3,O-P-V,"V,P,O",mp-883548,mp-758066,"mp-883548,mp-758066",
BAT_02738,Li0-1V2(PO4)3,V2(PO4)3,V2(PO4)3,LiV2(PO4)3,Li,-7.754751246666666,68.06931332866765,197.10565628994175,-527.8605923952293,-1528.5053338394773,0.004344006020078,4.579859001911764,4.979756124444474,1,3,O-P-V,"V,P,O",mp-934429,mp-858880,"mp-934429,mp-858880",
BAT_02739,Li0-1V(PO3)4,V(PO3)4,V(PO3)4,LiV(PO3)4,Li,4.797773008333313,71.70574468728024,204.82445668148262,344.027886403073,982.7012497129532,0.0034626737894920003,0.022176050588235,0.018818788055555,1,3,O-P-V,"V,P,O",mp-765972,mp-1176577,"mp-765972,mp-1176577",
BAT_02740,Li3-5V2P5O18,V2P5O18,Li3V2P5O18,Li5V2P5O18,Li,6.5545421333333325,92.50725928844999,277.38412224484046,606.3427286453367,1818.1259163714903,0.017092113969058003,3.194527138869018,2.77836922877777,1,3,O-P-V,"V,P,O",mp-821758,mp-935669,"mp-821758,mp-935669",More than one working ion per transition metal
BAT_02741,Li0-1P(WO4)2,P(WO4)2,P(WO4)2,LiP(WO4)2,Li,2.325715218333333,50.22860820864522,269.2627856223239,116.81743850654878,626.2285582526646,0.028564390332845004,0.004032574204536001,0.039083832083329,1,3,O-P-W,"P,W,O",mp-28000,mp-757610,"mp-28000,mp-757610",
BAT_02742,Li0-1P2WO7,P2WO7,P2WO7,LiP2WO7,Li,2.437400798333333,73.48421638410902,306.0813860476296,179.1104876795267,746.0430147074655,0.025349625004935,0.0,0.015295144886364001,1,3,O-P-W,"P,W,O",mp-755995,mp-752528,"mp-755995,mp-752528",
BAT_02743,Li0-14V9(P2O7)8,V9(P2O7)8,V9(P2O7)8,Li14V9(P2O7)8,Li,2.97214028904762,192.69816890708523,549.8081749915959,572.7259914344514,1634.1070281402665,0.0027707586448790004,0.07151621676957501,0.047109551746705,1,3,O-P-V,"V,P,O",mp-1101365,mp-765044,"mp-1101365,mp-765044",More than one working ion per transition metal
BAT_02744,Li0-2P2WO8,P2WO8,P2WO8,Li2P2WO8,Li,3.99255456083333,138.27144687719323,553.4636934390737,552.0562958625615,2209.733993495834,0.062249907127631,0.071667498636363,0.006334047692308001,2,3,O-P-W,"P,W,O",mp-754254,mp-753190,"mp-754254,mp-753427,mp-753190",More than one working ion per transition metal
BAT_02745,Li0-0.67VPO4,VPO4,VPO4,Li2V3(PO4)3,Li,2.402976733333333,118.69025450210053,375.2807600269104,285.2099200419595,901.7909348123158,0.055099627347839006,0.07641808583333501,0.05956482116025601,1,3,O-P-V,"V,P,O",mp-861444,mp-772292,"mp-861444,mp-772292",
BAT_02746,Li0-4V5(P3O11)2,V5(P3O11)2,V5(P3O11)2,Li4V5(P3O11)2,Li,2.199291855833327,130.69097966466086,394.4994202923952,287.42760720736766,867.6193621800337,0.033994157797024,0.022798128356649003,0.048407794559945004,1,3,O-P-V,"V,P,O",mp-767351,mp-758308,"mp-767351,mp-758308",
BAT_02747,Li0-1P2WO7,P2WO7,P2WO7,LiP2WO7,Li,3.905709743333337,73.48421638410902,329.72694220259115,287.0080199126299,1287.8177308001684,0.021096265302019003,0.181847451499999,0.047128378522728005,1,3,O-P-W,"P,W,O",mp-1326425,mp-753180,"mp-1326425,mp-753180",
BAT_02748,Li0-1VPO5,VPO5,VPO5,LiVPO5,Li,3.273639053333331,158.72646360461718,426.15563910956826,519.6131500535664,1395.0797429873076,0.020139625325568,0.0037694719642840002,0.073106544843777,1,3,O-P-V,"V,P,O",mp-766127,mp-776381,"mp-766127,mp-776381",
BAT_02749,Li0-1V(PO3)3,V(PO3)3,V(PO3)3,LiV(PO3)3,Li,2.760444800833331,90.91461289534975,267.2590695187122,250.9647704867431,737.7539089284828,0.011614554010556001,0.025071999102577004,0.018592434047612003,1,3,O-P-V,"V,P,O",mp-767740,mp-758307,"mp-767740,mp-758307",
BAT_02750,Li0-1V4(PO4)3,V4(PO4)3,V4(PO4)3,LiV4(PO4)3,Li,1.9146943583333251,54.076555462299055,199.28690198569888,103.5400756617632,381.5735069217441,0.023338501140034003,0.033910309068827,0.052023184320521006,1,3,O-P-V,"V,P,O",mp-883520,mp-758417,"mp-883520,mp-758417",
BAT_02751,Li0-2P4WO13,P4WO13,P4WO13,Li2P4WO13,Li,4.324098218333323,101.21228527098489,324.09212320372865,437.6518624137098,1401.406172521107,0.045767476796075006,0.052786768055557,0.049664851666666,2,3,O-P-W,"P,W,O",mp-752714,mp-757625,"mp-752714,mp-757168,mp-757625",More than one working ion per transition metal
BAT_02752,Li0-1VPO5,VPO5,VPO5,LiVPO5,Li,3.648990778333339,158.72646360461718,416.27170264212396,579.1914019707106,1518.9716042222283,0.027278108704285,0.028809727500000003,0.04809780281252601,1,3,O-P-V,"V,P,O",mp-770892,mp-772256,"mp-770892,mp-772256,mp-757445",
BAT_02753,Li0-6V3P6WO24,V3P6WO24,V3P6WO24,Li6V3P6WO24,Li,2.8523138683333342,169.60481796715845,557.0791558698672,483.7661744238768,1588.9646020470498,0.02683896241967,0.0,0.059272935093755,1,4,O-P-V-W,"V,P,W,O",mp-775437,mp-758674,"mp-775437,mp-758674",More than one working ion per transition metal
BAT_02754,Li0-3P3(WO6)2,P3(WO6)2,P3(WO6)2,Li3P3(WO6)2,Li,2.441938096666674,119.39768845736069,523.5970507650947,291.56176409796797,1278.5915855655994,0.024916543063941,0.0,0.036370962875003,2,3,O-P-W,"P,W,O",mp-780572,mp-777465,"mp-780572,mp-758098,mp-758242,mp-758394,mp-777465",More than one working ion per transition metal
BAT_02755,Li0-1PWO4,PWO4,PWO4,LiPWO4,Li,-0.390016959166667,93.79268453908314,552.6074816965103,-36.580737616011746,-215.52628962402295,0.031312117951703,0.103675838472149,0.5280690246428621,1,3,O-P-W,"P,W,O",mp-25431,mp-504105,"mp-25431,mp-504105",
BAT_02756,Li0-1P4WO12,P4WO12,P4WO12,LiP4WO12,Li,3.321323933333336,52.89743241795653,160.0973731186527,175.68950830164172,531.7352370027784,0.012778062321994,0.028461647352941002,0.031483023472221004,1,3,O-P-W,"P,W,O",mp-766395,mp-757995,"mp-766395,mp-757995",
BAT_02757,Li0-1P3W2O13,P3W2O13,P3W2O13,LiP3W2O13,Li,3.300361713333306,39.67448250356813,171.02298357235608,130.9401430510884,564.4377070822351,0.012447249255678,0.009748182824058,0.055109304429800006,1,3,O-P-W,"P,W,O",mp-767771,mp-758432,"mp-767771,mp-758432",
BAT_02758,Li1-3P2WO8,P2WO8,LiP2WO8,Li3P2WO8,Li,2.74946201833333,135.83929231276883,596.3084359938769,373.48497481123655,1639.5273959769158,0.024350993483058,0.051544073055533005,0.052180609017858,1,3,O-P-W,"P,W,O",mp-757790,mp-758018,"mp-757790,mp-758018,mp-1384949",More than one working ion per transition metal
BAT_02759,Li0-2P5WO15,P5WO15,P5WO15,Li2P5WO15,Li,4.2945965358333265,90.45664478079031,278.8848870857177,388.4747933186878,1197.6980699745914,0.003838673411441,0.07374783412694001,0.030175538333332003,1,3,O-P-W,"P,W,O",mp-756760,mp-758370,"mp-756760,mp-758370",More than one working ion per transition metal
BAT_02760,Li0-1P4WO13,P4WO13,P4WO13,LiP4WO13,Li,5.209955310833327,51.27818888543596,174.7072513471361,267.1570725135916,910.2169719971046,0.015961590684719,0.048020850694446005,0.000810318991202,1,3,O-P-W,"P,W,O",mp-766131,mp-758454,"mp-766131,mp-758454",
BAT_02761,Li0-1P4WO12,P4WO12,P4WO12,LiP4WO12,Li,3.078843903333312,52.89743241795653,161.49365699882293,162.86293730201137,497.2137612778271,0.031562187642426,0.017290442941176,0.034403554305555,1,3,O-P-W,"P,W,O",mp-757191,mp-758364,"mp-757191,mp-758364",
BAT_02762,Li0-1P3W2O13,P3W2O13,P3W2O13,LiP3W2O13,Li,3.454162300833336,39.67448250356813,172.51771137863466,137.04210176889683,595.9041748701261,0.000741903704584,0.010418035046280002,0.047649133508747006,1,3,O-P-W,"P,W,O",mp-767436,mp-758410,"mp-767436,mp-758410",
BAT_02763,Li0-1P4WO12,P4WO12,P4WO12,LiP4WO12,Li,3.569931093333314,52.89743241795653,167.1956430822126,188.84018874636064,596.8769249090498,0.016079231246853003,0.009750631911764,0.0,1,3,O-P-W,"P,W,O",mp-849758,mp-757973,"mp-849758,mp-757973",
BAT_02764,Li0-1P4WO12,P4WO12,P4WO12,LiP4WO12,Li,3.507538313333332,52.89743241795653,196.16394410935067,185.53977088294317,688.0525496581258,0.007386827993629001,0.015332412352941001,0.008737947083332,1,3,O-P-W,"P,W,O",mp-767776,mp-758368,"mp-767776,mp-758368",
BAT_02765,Li0-3P3(WO6)2,P3(WO6)2,P3(WO6)2,Li3P3(WO6)2,Li,2.399222200000001,119.39768845736069,544.8959557407376,286.4615847755836,1307.3264737033955,0.020283741192377,0.004064135441177,0.046232862500004,2,3,O-P-W,"P,W,O",mp-767435,mp-758687,"mp-767435,mp-757951,mp-758687,mp-776637,mp-849315",More than one working ion per transition metal
BAT_02766,Li0-1P2WO8,P2WO8,P2WO8,LiP2WO8,Li,3.609238855833329,70.39614149541123,263.6219270589089,254.0764891859792,951.4745023906738,0.026172791893993002,0.005079861363636,0.0566738003472,1,3,O-P-W,"P,W,O",mp-766228,mp-757989,"mp-766228,mp-757989",
BAT_02767,Li0-1P4WO12,P4WO12,P4WO12,LiP4WO12,Li,3.386715633333328,52.89743241795653,184.4850084496436,179.1485613330866,624.7982622320392,0.027869773868427,0.024635133235293,0.024236221249998,1,3,O-P-W,"P,W,O",mp-766081,mp-757580,"mp-766081,mp-757580",
BAT_02768,Li0-3P5(WO6)4,P5(WO6)4,P5(WO6)4,Li3P5(WO6)4,Li,3.359644376666669,62.08657975068974,268.9059458901203,208.5888285258715,903.4283489619744,0.006526060320996001,0.00611152131313,0.042009826527767004,1,3,O-P-W,"P,W,O",mp-766541,mp-1177533,"mp-766541,mp-1177533",
BAT_02769,Li0-9P8W3O29,P8W3O29,P8W3O29,Li9P8W3O29,Li,3.609460312222221,181.943203696447,651.7101085066297,656.7167728208889,2352.3217717287175,0.061052233915587006,0.06148157837499701,0.024196120093549003,3,3,O-P-W,"P,W,O",mp-776468,mp-776590,"mp-776468,mp-776995,mp-1176966,mp-776590",More than one working ion per transition metal
BAT_02770,Li0-1P2WO8,P2WO8,P2WO8,LiP2WO8,Li,3.731651703333331,70.39614149541123,257.1057868539952,262.6938813194455,959.4292474505676,0.009954155002618,0.007099843863636,0.048324380347200005,1,3,O-P-W,"P,W,O",mp-766234,mp-758239,"mp-766234,mp-758239",
BAT_02771,Li0-1P3W2O13,P3W2O13,P3W2O13,LiP3W2O13,Li,3.293049355833322,39.67448250356813,154.2157094809317,130.65002905139545,507.839942765561,0.017562106055620003,0.001974139212947,0.048129281929799005,1,3,O-P-W,"P,W,O",mp-757302,mp-758455,"mp-757302,mp-758455,mp-757978",
BAT_02772,Li0-1P4WO12,P4WO12,P4WO12,LiP4WO12,Li,3.640418583333319,52.89743241795653,188.72347683264957,192.5687959849473,687.0324521728526,0.023643397199968,0.025778137941176,0.01122111736111,1,3,O-P-W,"P,W,O",mp-766151,mp-1176594,"mp-766151,mp-1176594,mp-757994",
BAT_02773,Li0-0.5RbPr(WO4)2,RbPr(WO4)2,RbPr(WO4)2,Rb2LiPr2(WO4)4,Li,1.190390703333325,18.470502993168356,123.18709033185836,21.98711504895798,146.64076710172682,0.024044865817904004,0.0,0.030834185833331,1,4,O-Pr-Rb-W,"Rb,Pr,W,O",mp-1209276,mp-1235138,"mp-1209276,mp-1235138,mp-1236612,mp-1235458",
BAT_02774,Li0-1Pr(WO4)2,Pr(WO4)2,Pr(WO4)2,LiPr(WO4)2,Li,4.947659528333336,41.64799975224523,270.3917374760339,206.06012281022052,1337.806256305905,0.028065123419369002,0.09195570227272301,0.0,1,3,O-Pr-W,"Pr,W,O",mp-25198,mp-18932,"mp-25198,mp-18932",
